order_id,customer_id,order_date,order_status,payment_method
55859,929,05-07-2026,Delivered,Net Banking
57239,738,06/06/2024,Pending,Net Banking
52924,268,02/07/2024,Delivered,COD
52096,18,2026-03-30,PENDING,COD
55939,300,08/09/2024,Delivered,Credit Card
53962,355,2025-03-07,Cancelled,Credit Card
55445,424,2025-06-28,Delivered,Credit Card
55703,126,2024-04-02,Delivered,UPI
55631,22,15/08/2025,Delivered,UPI
52424,104,29/12/2025,Delivered,CREDIT CARD
55328,544,2025-05-05,Delivered,cod
52289,425,2026-08-18,Cancelled,Net Banking
57227,246,07/11/2024,Pending,UPI
50052,391,2024-09-24,DELIVERED,Credit Card
54691,235,11/05/2026,Delivered,Credit Card
57145,585,14/01/2024,Delivered,Credit Card
52747,140,2025-11-17,Returned,UPI
55010,400,14/11/2025,Pending,Credit Card
51072,67,23-08-2026,Delivered,Credit Card
53302,846,2024-02-13,Delivered,COD
57153,824,15/04/2024,Delivered,Net Banking
55758,750,2025-11-07,Delivered,upi
52654,25,2025-09-25,Delivered,Credit Card
52993,147,2024-03-17,Pending,UPI
50044,89,27/12/2025,Pending,UPI
54186,199,17-05-2025,Delivered,UPI
51296,378,18/06/2025,Delivered,Credit Card
50954,956,07/04/2025,DELIVERED,Credit Card
55426,400,2025-01-16,Delivered,COD
50177,296,18-04-2025,Delivered,UPI
50490,1034,07-06-2026,cancelled,Debit Card
50533,874,2024-10-26,,Debit Card
52616,44,2024-05-18,Delivered,COD
50105,985,18/08/2024,Delivered,Credit Card
53310,237,2024-03-19,,UPI
57017,1073,14/06/2024,Pending,Credit Card
52760,44,21-09-2024,Delivered,COD
55507,421,2026-06-21,Delivered,Debit Card
51743,16,22/02/2025,Delivered,Credit Card
50208,177,13/06/2024,Delivered,
50840,1074,2024-03-25,Delivered,
53118,1079,2026-07-10,DELIVERED,UPI
50432,142,17-04-2026,Delivered,Credit Card
55217,425,2025-04-21,Returned,upi
56943,671,2024-06-17,Delivered,Credit Card
53558,656,2024-04-22,Delivered,UPI
57087,691,2024-08-31,Delivered,Credit Card
54151,459,2026-01-08,Delivered,COD
55464,656,21/12/2025,Delivered,Debit Card
50090,8,18-05-2024,Delivered,UPI
52200,304,2025-06-30,Delivered,COD
53727,102,22/12/2025,Delivered,cod
55129,464,21/04/2024,Pending,Debit Card
57586,115,01/04/2024,Cancelled,UPI
53350,977,26/06/2025,Delivered,Credit Card
54239,216,16/10/2025,Pending,UPI
52245,860,2026-03-29,Delivered,UPI
56021,147,2025-01-11,Delivered,Net Banking
55059,519,2025-10-27,Cancelled,UPI
52757,11,28/10/2024,Delivered,UPI
55329,554,04-01-2025,delivered,UPI
53330,538,28-01-2026,Delivered,UPI
51035,28,04/12/2025,Pending,Credit Card
51360,361,2025-05-19,Delivered,Credit Card
56919,1055,2026-02-08,Delivered,UPI
57342,662,2026-06-16,Pending,upi
50732,803,2024-11-16,Delivered,UPI
55391,544,2025-02-23,Delivered,UPI
50879,454,28-05-2024,Delivered,UPI
52934,77,23-09-2024,Pending,UPI
55857,1069,13/12/2025,Delivered,UPI
52274,197,02-09-2024,Pending,Debit Card
50586,294,05/11/2024,Delivered,COD
53187,670,12-06-2025,Delivered,COD
54518,442,2026-04-12,Delivered,
53073,950,04/05/2025,Returned,COD
53015,360,2025-02-23,Delivered,Debit Card
51722,447,27-06-2024,Delivered,Credit Card
54858,495,07-05-2024,Delivered,UPI
51259,329,22/02/2026,Delivered,UPI
53742,371,03/05/2026,Pending,Net Banking
55788,164,12-02-2024,Delivered,UPI
51201,43,2026-06-02,Cancelled,Credit Card
51931,271,2024-04-14,Delivered,Net Banking
55992,357,2024-07-09,Delivered,COD
50816,75,12/08/2024,Delivered,Net Banking
52114,450,24/02/2026,Delivered,Credit Card
53524,455,2025-10-05,Delivered,Debit Card
51386,303,13-02-2025,Delivered,COD
56263,1040,2025-03-16,Delivered,Credit Card
50752,93,24-05-2025,Delivered,UPI
56238,335,05-01-2024,Delivered,UPI
53809,215,13-08-2026,Cancelled,UPI
54968,6,2024-11-17,Delivered,NET BANKING
56526,2,31-10-2024,Delivered,Credit Card
53973,57,30/01/2026,Returned,UPI
54487,85,2024-05-07,Delivered,COD
56293,247,16-04-2026,Delivered,UPI
53626,859,2025-06-11,Delivered,UPI
51191,641,16/11/2024,Delivered,COD
56833,841,2025-08-02,Delivered,Debit Card
56613,116,2026-02-12,Delivered,Net Banking
56456,906,30-08-2024,Delivered,UPI
57410,422,2026-08-29,Delivered,Net Banking
55499,144,07-08-2025,Delivered,Credit Card
50913,43,26/11/2025,,Credit Card
52672,362,2025-03-27,Delivered,Credit Card
53779,907,2024-09-05,Delivered,UPI
50350,119,07-04-2024,Delivered,UPI
50988,32,2026-05-05,Delivered,UPI
50646,473,29-11-2024,Delivered,Credit Card
56106,26,27/01/2026,Returned,UPI
54740,750,14-04-2024,Delivered,Debit Card
50467,210,30/01/2026,Pending,UPI
57417,1033,13/01/2026,Delivered,UPI
53630,855,2025-06-16,Delivered,Credit Card
54861,750,2026-01-15,Returned,Credit Card
55236,633,2024-04-21,Pending,UPI
54663,736,23/04/2025,delivered,UPI
56249,361,04-04-2026,Delivered,Net Banking
56861,74,24-11-2025,Delivered,Debit Card
52580,3,2026-03-12,Delivered,Debit Card
52401,257,2026-06-16,DELIVERED,Net Banking
53754,153,07-09-2025,Delivered,Debit Card
54654,70,01-12-2024,Delivered,Credit Card
51090,216,04-12-2025,returned,UPI
57787,157,2025-08-03,Delivered,UPI
53589,293,2025-10-25,Returned,UPI
54532,795,2024-02-23,Returned,COD
50462,461,2025-09-23,Delivered,UPI
53846,961,08-10-2024,PENDING,Debit Card
52594,371,11/09/2024,Delivered,upi
54783,380,02-07-2025,Delivered,cod
51867,459,18-10-2025,Delivered,UPI
56074,599,2024-06-09,Delivered,Net Banking
56034,11,2025-03-30,Delivered,Credit Card
56391,177,2025-05-06,Cancelled,UPI
55213,283,21-01-2026,Delivered,Net Banking
50112,409,2025-06-21,Cancelled,COD
56002,696,25-06-2026,Delivered,UPI
55352,1042,2024-01-11,Pending,Net Banking
57941,453,17-07-2026,Delivered,Debit Card
51968,52,2024-12-22,Cancelled,UPI
55780,581,2025-04-14,Delivered,UPI
57992,235,28/05/2026,Cancelled,Credit Card
55313,949,2024-01-06,Delivered,Credit Card
56282,382,25-03-2025,Delivered,COD
55849,303,31-10-2025,DELIVERED,UPI
52802,376,12-08-2026,Delivered,UPI
57303,341,01-07-2026,Delivered,Credit Card
54229,177,2024-04-02,pending,UPI
51874,419,2024-01-17,Delivered,UPI
55307,61,23-04-2024,Delivered,Debit Card
54342,576,14/11/2024,Delivered,UPI
51730,264,2024-03-25,Delivered,UPI
52705,827,17/06/2025,Delivered,UPI
51470,658,31-01-2025,Delivered,Net Banking
57038,311,28-11-2024,Delivered,Credit Card
54283,691,25-07-2026,Delivered,UPI
55593,539,2025-11-18,Delivered,Credit Card
52568,452,08-02-2025,Delivered,Net Banking
52389,767,2025-03-23,Delivered,UPI
55804,66,2024-09-12,Pending,UPI
56425,630,12/12/2025,Delivered,Net Banking
50684,577,15/07/2026,DELIVERED,Net Banking
51567,124,25-04-2025,Delivered,Credit Card
54915,680,31/05/2024,Pending,Debit Card
53417,1,02/08/2026,Delivered,
51345,59,16/03/2025,Pending,Credit Card
51873,685,2024-06-19,Delivered,COD
52537,48,09-03-2024,Delivered,UPI
56631,706,2025-06-17,Delivered,Credit Card
51007,350,2025-06-24,Returned,Credit Card
56862,939,17/01/2026,Delivered,UPI
51230,144,28-11-2025,Delivered,UPI
55249,719,2026-05-08,delivered,UPI
54559,749,2025-04-15,delivered,Credit Card
51454,153,20/02/2026,Delivered,Credit Card
57579,474,26/04/2024,Delivered,
51671,601,21/08/2026,Delivered,UPI
52194,12,08/01/2025,Delivered,Credit Card
54581,732,02-09-2024,Delivered,Credit Card
52452,53,2026-04-02,Delivered,Credit Card
53084,278,2024-06-26,Delivered,UPI
57481,393,10-03-2025,DELIVERED,DEBIT CARD
55505,131,15/01/2024,Delivered,UPI
57349,648,27/07/2024,Delivered,upi
57994,125,2024-05-06,Delivered,UPI
55299,103,2025-10-11,delivered,UPI
56944,128,2024-10-11,Delivered,UPI
54985,59,27/05/2024,Delivered,Net Banking
50764,189,31-12-2024,Delivered,UPI
53035,889,2025-06-21,Pending,UPI
52206,1041,16-05-2025,Delivered,UPI
51187,866,21/02/2026,,Credit Card
50899,695,31-05-2025,Cancelled,UPI
57330,251,2024-05-28,Delivered,Credit Card
56745,489,24/04/2025,,Credit Card
54159,422,2024-12-02,Delivered,UPI
55671,622,17/02/2025,Delivered,Credit Card
51613,458,28-07-2024,Delivered,cod
57284,745,28-12-2025,Delivered,Credit Card
50138,373,2024-03-13,Delivered,Debit Card
54839,394,03/10/2025,Delivered,COD
57658,149,2024-12-18,Cancelled,UPI
51195,437,28-01-2024,Cancelled,Net Banking
51915,48,2025-11-07,Delivered,Credit Card
53106,55,2025-01-24,Delivered,Credit Card
53278,476,02/01/2025,Delivered,Debit Card
53390,157,2024-01-02,Delivered,CREDIT CARD
57468,89,31/08/2025,Pending,Credit Card
54583,856,2024-08-26,Delivered,Net Banking
53311,278,25/04/2026,Delivered,Credit Card
55035,43,28-08-2025,Delivered,Credit Card
57635,783,30/03/2024,Delivered,COD
56143,135,2026-07-22,Pending,UPI
53670,258,2025-09-13,Delivered,Debit Card
51222,476,07-07-2026,Delivered,Credit Card
56594,723,16/03/2025,Cancelled,Net Banking
55169,614,27/09/2025,Pending,Net Banking
56881,516,2024-03-09,Delivered,Credit Card
55553,34,2024-01-26,Cancelled,debit card
55781,459,2025-12-15,Delivered,Credit Card
55413,365,2025-08-10,Pending,UPI
55922,1069,07/01/2025,DELIVERED,UPI
51701,270,20/08/2025,pending,Credit Card
52008,901,20/03/2026,,Credit Card
53963,57,10/06/2025,Delivered,UPI
50224,403,20-11-2024,Delivered,Debit Card
50721,7,05-06-2024,Delivered,UPI
55687,541,19-10-2024,Pending,Debit Card
52249,766,27-12-2025,Delivered,Debit Card
51098,664,05/07/2026,Delivered,Credit Card
54412,1040,2024-09-11,Delivered,Credit Card
57522,804,2024-01-02,Delivered,Debit Card
55293,4,2024-11-03,Delivered,Credit Card
52656,84,2026-04-16,Delivered,Net Banking
57301,15,2025-06-22,Delivered,UPI
55332,508,2025-05-10,Delivered,
55577,40,2024-10-13,Delivered,COD
57453,744,30/01/2024,Delivered,UPI
52238,522,12/09/2024,Delivered,UPI
50943,125,20-02-2024,Pending,UPI
53748,695,09-02-2026,Delivered,UPI
50169,3,02/07/2024,Delivered,COD
57418,79,12-06-2024,Delivered,Credit Card
51678,53,2025-03-13,Delivered,COD
54960,429,11-11-2024,Delivered,COD
50681,49,2025-10-05,DELIVERED,Credit Card
51120,467,27/03/2025,DELIVERED,Credit Card
54013,168,15/12/2025,Delivered,Credit Card
54634,144,06/03/2026,Delivered,Debit Card
54772,274,2025-04-01,Pending,COD
56672,315,2026-01-06,pending,UPI
50421,143,13/08/2024,Delivered,COD
56328,782,18/06/2026,Delivered,UPI
56069,12,2025-05-26,Delivered,UPI
50770,269,29/10/2025,Cancelled,Debit Card
53331,122,10-11-2024,Delivered,UPI
50821,23,08-06-2024,Delivered,UPI
53941,759,13/08/2026,Delivered,Net Banking
57409,427,06/01/2024,Delivered,COD
57309,67,16-06-2026,Delivered,UPI
50113,338,2025-02-09,Pending,UPI
57192,244,2024-03-06,Delivered,COD
51658,137,2024-06-11,Pending,Net Banking
57637,391,2026-03-07,Delivered,UPI
56865,178,14-03-2025,Delivered,UPI
53255,8,2026-07-02,DELIVERED,UPI
54384,135,30/08/2026,Delivered,CREDIT CARD
51172,51,2024-11-04,Delivered,Net Banking
56970,80,23/07/2024,Delivered,Net Banking
57573,977,2024-03-11,Delivered,Net Banking
57550,752,16/12/2025,Pending,COD
55222,48,2026-01-28,Delivered,Credit Card
54267,367,17-06-2026,Delivered,Credit Card
54160,102,02/09/2024,Delivered,UPI
52647,970,2024-05-12,Delivered,UPI
56788,496,2024-02-10,Delivered,COD
51936,953,16/03/2024,,UPI
57986,982,01-04-2024,Delivered,UPI
53690,454,2025-10-30,,COD
57849,415,2024-03-02,Returned,Debit Card
57740,835,2025-01-23,Delivered,Credit Card
55363,575,26-09-2025,Delivered,UPI
57180,967,2024-01-25,delivered,Credit Card
51986,962,14-01-2025,Delivered,Upi
55824,799,30/08/2024,Delivered,Credit Card
57922,84,08-10-2025,Delivered,Credit Card
53023,667,2025-03-30,Delivered,COD
57135,1015,24-11-2025,Cancelled,UPI
55811,587,24/01/2024,Delivered,UPI
51517,209,2025-09-19,CANCELLED,Credit Card
52319,994,02-05-2024,Delivered,UPI
51791,952,24-04-2026,Delivered,Net Banking
50698,386,2026-08-28,PENDING,UPI
52822,270,2025-03-28,Delivered,Credit Card
52185,1028,26-05-2025,Cancelled,UPI
52433,143,17/03/2025,Delivered,Credit Card
53360,333,2026-01-20,Delivered,Credit Card
53333,345,2026-01-27,DELIVERED,COD
54769,1039,2024-01-30,Delivered,UPI
51048,507,2024-08-26,Delivered,UPI
52447,22,2024-08-31,Cancelled,COD
53288,632,2025-10-07,Delivered,UPI
50385,230,2024-02-04,Delivered,UPI
51985,904,2024-06-21,Delivered,Debit Card
52690,116,29/03/2026,Cancelled,Debit Card
52543,443,2026-01-15,Delivered,UPI
50039,569,21-04-2026,Delivered,Upi
50766,300,13/02/2024,Delivered,COD
53990,755,2024-01-03,Delivered,UPI
50695,256,08/01/2025,DELIVERED,UPI
56686,46,2026-05-23,delivered,COD
56600,69,2025-09-26,Delivered,Debit Card
56571,893,27/01/2026,pending,UPI
55179,496,15/05/2025,Pending,UPI
51945,83,23/11/2024,Delivered,Net Banking
54936,260,17/04/2025,Delivered,COD
53108,76,14-09-2025,Delivered,debit card
53275,386,2026-05-13,Delivered,Credit Card
55456,427,2025-12-17,Delivered,Debit Card
51803,768,21-11-2025,Pending,Debit Card
51848,709,2024-11-27,Delivered,Credit Card
57731,41,2024-01-23,delivered,Debit Card
53720,345,2024-03-26,DELIVERED,UPI
51249,58,17-10-2024,Delivered,UPI
56774,802,10-02-2025,,Credit Card
51996,25,25-10-2024,Delivered,Credit Card
53942,867,29/03/2025,Delivered,Debit Card
57027,128,21-06-2024,Delivered,upi
57472,329,2026-03-04,Delivered,UPI
57718,845,27/05/2026,Cancelled,COD
54865,96,2024-10-16,Delivered,UPI
50641,55,2024-03-26,,UPI
53887,266,19/01/2025,Delivered,UPI
55057,259,2024-07-07,Delivered,Credit Card
51413,336,2025-08-11,Delivered,UPI
56543,187,2024-06-02,Delivered,Net Banking
57061,106,2026-04-16,Returned,UPI
55789,226,2025-07-30,Delivered,UPI
54411,67,02-07-2026,Returned,Credit Card
54461,155,24-02-2026,Delivered,Credit Card
52069,433,2024-04-27,DELIVERED,Credit Card
56796,274,15/01/2025,Delivered,UPI
52626,740,21/06/2026,Delivered,UPI
56020,747,22/03/2025,Delivered,UPI
54038,336,2025-05-19,Delivered,COD
57659,189,02/02/2025,Delivered,UPI
51616,98,2024-07-13,Delivered,Credit Card
53996,33,27/05/2025,Delivered,upi
50064,392,26/10/2025,Delivered,UPI
55403,215,2025-08-23,Delivered,Debit Card
56622,902,25/01/2026,Pending,UPI
55868,287,13/07/2025,Returned,Debit Card
50687,12,2026-08-26,Delivered,UPI
51783,69,24-08-2024,Delivered,Net Banking
52528,549,14/11/2025,Cancelled,Debit Card
56722,177,2025-11-11,Delivered,COD
51309,2,2026-08-26,Delivered,Credit Card
55187,124,15-03-2025,Delivered,Credit Card
57177,929,04/07/2024,Returned,Debit Card
50960,38,2025-11-27,Delivered,UPI
57282,116,2024-02-01,Delivered,Debit Card
54768,687,2026-06-15,Delivered,Net Banking
52054,704,2026-01-28,Pending,UPI
51849,108,27/08/2025,Delivered,UPI
50216,441,2024-05-17,delivered,UPI
54661,4,2025-09-23,Delivered,UPI
50247,349,2024-05-25,Delivered,UPI
55530,408,24-04-2026,Delivered,UPI
50847,241,2025-05-13,Delivered,UPI
54671,746,22-07-2026,Returned,Net Banking
54880,6,2025-12-05,Pending,COD
53583,1019,24-05-2026,RETURNED,Net Banking
50271,838,21/07/2026,Delivered,UPI
51270,419,31-01-2024,Delivered,UPI
55420,123,2024-03-17,Delivered,COD
51599,834,03/11/2025,Delivered,UPI
54742,750,19/07/2026,Pending,UPI
54150,14,2025-01-23,Delivered,Credit Card
52106,466,2024-09-14,Delivered,UPI
57636,226,10/10/2024,Delivered,Credit Card
53138,385,2025-11-07,Returned,upi
52013,100,19-04-2026,Delivered,Debit Card
50289,341,2026-02-07,Delivered,Debit Card
54666,632,12/09/2024,Delivered,Credit Card
53616,364,01/02/2026,Delivered,Debit Card
50262,1025,29-05-2026,Delivered,Upi
57103,853,2025-04-04,Delivered,Net Banking
51026,233,2025-07-09,Delivered,UPI
57631,155,04/09/2025,Delivered,upi
51333,505,27-03-2026,Delivered,Debit Card
57093,133,2025-05-27,Cancelled,Net Banking
54423,678,2024-04-22,Delivered,Net Banking
56840,83,2024-01-30,Delivered,UPI
50655,29,08-06-2025,Delivered,
57357,634,2024-03-30,Delivered,Net Banking
51719,49,2025-05-21,Delivered,Upi
54269,596,18-03-2025,Delivered,Credit Card
56897,80,2024-12-02,Delivered,Net Banking
54398,9,2024-02-20,Delivered,Credit Card
57939,714,2024-09-15,Delivered,COD
51770,917,2024-09-30,Delivered,Credit Card
51642,728,13-03-2025,Delivered,COD
52957,381,05-04-2024,,Net Banking
56853,298,30-05-2024,Delivered,Credit Card
57913,192,2026-04-30,Cancelled,Credit Card
57220,653,08/07/2024,Pending,Credit Card
50669,230,2026-06-27,CANCELLED,UPI
57163,926,2026-02-25,Delivered,Debit Card
52786,795,01/12/2025,Delivered,Credit Card
53013,460,25-06-2026,Delivered,UPI
50492,298,27/06/2025,Delivered,Credit Card
52095,765,2026-02-06,Delivered,UPI
57197,608,2025-05-26,Delivered,Credit Card
55455,82,25/08/2026,Delivered,Debit Card
56051,328,26/07/2024,Delivered,Credit Card
57853,388,15-04-2026,Delivered,UPI
53060,466,04/07/2026,Delivered,UPI
50357,209,24-05-2026,Delivered,COD
52233,90,2025-11-25,Pending,UPI
56248,834,2024-10-17,Delivered,Cod
57754,758,22-08-2025,Delivered,UPI
51563,613,01/10/2024,Delivered,Debit Card
55317,744,2025-09-23,Delivered,UPI
55013,124,2024-10-03,Delivered,UPI
56075,36,2026-02-18,,Credit Card
54033,194,2026-08-24,Delivered,UPI
53078,19,07/08/2026,Delivered,Debit Card
50528,426,23/03/2024,Delivered,Credit Card
50545,200,2026-04-22,Returned,CREDIT CARD
56991,457,08-10-2025,Delivered,UPI
54591,695,2024-10-24,Delivered,UPI
57687,63,2024-02-29,Delivered,UPI
54570,55,2025-02-07,Pending,Credit Card
54998,141,03-08-2024,Delivered,UPI
52203,257,26-04-2025,Delivered,Credit Card
54760,981,21/08/2026,Cancelled,UPI
57511,1080,11-06-2024,Delivered,Debit Card
54319,948,2024-10-22,Delivered,Debit Card
57993,797,12/12/2024,Delivered,Credit Card
57492,36,2025-10-10,Cancelled,UPI
53907,888,28/08/2026,Pending,CREDIT CARD
57751,28,22-05-2026,Cancelled,Debit Card
56874,96,21/10/2025,Delivered,COD
54035,359,2025-09-15,Delivered,Credit Card
53601,215,2024-02-26,Returned,UPI
57643,91,06/08/2024,Returned,Credit Card
57548,125,31/05/2024,Delivered,UPI
51085,29,01-06-2026,Delivered,Debit Card
56164,875,22-07-2025,Delivered,UPI
54413,11,15/11/2025,Delivered,UPI
56113,928,2025-08-07,Delivered,Debit Card
55207,416,2024-05-04,Delivered,UPI
50140,156,09-04-2024,Delivered,UPI
55969,127,30/08/2024,Delivered,Credit Card
50437,796,2026-06-06,Pending,UPI
52936,758,24-02-2026,Delivered,Credit Card
56675,182,22/03/2026,delivered,UPI
57582,360,02/09/2024,Delivered,Credit Card
52017,962,2025-06-28,Delivered,COD
54107,364,31-05-2024,Pending,Credit Card
57437,70,21-03-2025,Delivered,UPI
53517,116,2024-12-23,Delivered,
52942,307,24-01-2024,Delivered,UPI
51149,130,27/04/2026,Delivered,UPI
51578,914,23-05-2024,Delivered,Credit Card
53354,830,19-06-2024,Cancelled,Net Banking
56583,474,2025-10-25,Pending,UPI
55761,66,06/03/2026,Returned,UPI
51860,423,17/05/2026,Delivered,Net Banking
54293,728,2025-04-29,Delivered,UPI
51924,338,2025-11-10,Delivered,COD
52207,126,2025-05-22,Delivered,Credit Card
55723,538,17/07/2025,,UPI
55820,48,2026-08-09,Delivered,UPI
52388,93,27/07/2025,Delivered,UPI
50853,224,16-03-2025,Delivered,UPI
57903,6,2024-09-24,Delivered,Debit Card
56047,1021,15/02/2024,Pending,COD
51228,2,12/09/2024,Delivered,UPI
50344,37,2026-02-20,Delivered,Net Banking
55173,294,2024-05-03,Delivered,upi
55568,29,2024-02-20,Delivered,Debit Card
56114,90,11-12-2024,Delivered,Credit Card
55090,447,24/11/2025,Delivered,UPI
57569,331,25/11/2025,Delivered,UPI
50394,419,2025-03-05,Delivered,UPI
54992,463,2024-09-06,delivered,Debit Card
55206,1049,06-02-2025,Delivered,COD
53046,513,30-08-2025,Delivered,UPI
56924,524,2024-05-20,Delivered,UPI
56843,481,2025-04-02,Delivered,DEBIT CARD
53420,25,17-10-2025,Delivered,UPI
57169,694,2024-12-02,delivered,Debit Card
54494,1050,26/03/2026,Delivered,Net Banking
53196,26,2025-05-11,Delivered,UPI
51587,515,2024-04-16,Delivered,Net Banking
56411,110,21/11/2025,Delivered,UPI
53437,29,17-05-2026,Returned,credit card
57173,979,01-10-2025,Delivered,UPI
51801,285,29/05/2026,delivered,COD
51537,13,2026-03-14,Delivered,Credit Card
54023,1,21/01/2024,Delivered,UPI
51992,414,2026-07-04,Delivered,UPI
57439,578,07/09/2024,Delivered,UPI
55308,38,2024-11-07,Cancelled,Debit Card
50680,879,2024-05-06,Pending,COD
56230,43,22/06/2026,Pending,Credit Card
51031,430,2025-03-15,Delivered,Net Banking
56635,291,2025-03-11,Delivered,debit card
56068,277,2026-02-26,Delivered,UPI
50809,674,2026-08-05,Pending,COD
50370,716,04/01/2024,Delivered,COD
57490,498,11-11-2025,Delivered,UPI
51157,179,06/04/2026,DELIVERED,UPI
52962,375,2025-03-21,Delivered,COD
54306,727,04-06-2024,Delivered,UPI
51033,46,22/03/2024,delivered,UPI
51488,27,2025-12-26,Pending,Credit Card
50692,803,29/05/2024,Pending,Credit Card
57123,10,2025-08-22,Delivered,Credit Card
52861,355,07-01-2024,Delivered,Credit Card
54273,385,2025-01-18,DELIVERED,UPI
53939,232,2025-02-01,Delivered,Debit Card
57962,29,01/04/2026,Delivered,Debit Card
55865,285,16/06/2026,Delivered,COD
53687,111,20-02-2026,delivered,Credit Card
52875,932,25-03-2026,Delivered,Upi
57505,294,23/10/2024,Delivered,Credit Card
56567,362,19-09-2024,Delivered,
51198,1,2026-03-24,Delivered,UPI
50775,855,2026-08-12,Delivered,UPI
53058,364,2026-04-12,Cancelled,upi
52070,612,2025-03-14,Delivered,DEBIT CARD
55938,477,2026-03-24,Pending,COD
53229,1006,30-05-2025,Cancelled,UPI
51866,298,11-12-2024,Delivered,COD
53553,353,15-06-2026,,UPI
54913,998,2026-07-19,Delivered,Net Banking
57136,25,24-03-2026,Delivered,debit card
52354,66,23/01/2024,,UPI
52041,161,2025-07-01,Delivered,COD
52430,90,05/06/2024,Delivered,Debit Card
55278,147,14-12-2024,,UPI
52782,2,2025-12-07,Returned,UPI
57018,91,2026-08-14,Delivered,UPI
57142,719,2025-09-30,DELIVERED,UPI
55009,640,25/01/2024,Delivered,Credit Card
55430,53,25-03-2025,Delivered,Credit Card
56683,121,16/09/2024,Pending,UPI
54367,587,2025-03-08,Delivered,Debit Card
56835,174,10/06/2025,Delivered,Credit Card
50020,260,2026-04-16,Delivered,COD
52914,281,12-10-2024,Delivered,net banking
53994,773,2024-10-24,Delivered,Credit Card
53185,381,25/03/2025,Delivered,Debit Card
52500,113,02-03-2025,Delivered,COD
51479,500,02/11/2024,Delivered,UPI
53528,566,03/05/2026,Delivered,UPI
57041,179,09-10-2025,Pending,Debit Card
57495,63,28-10-2025,Delivered,UPI
53739,480,2025-10-12,Delivered,cod
57456,503,20/07/2025,Delivered,UPI
54348,775,2026-01-06,Delivered,Net Banking
50848,556,03-03-2025,Delivered,COD
56049,667,2026-07-08,Delivered,UPI
50678,217,18/06/2025,Delivered,Credit Card
50975,361,2026-04-15,Delivered,COD
51119,374,2025-01-12,Delivered,credit card
55145,125,23-06-2025,Delivered,UPI
50824,260,2025-10-15,Pending,UPI
54520,561,01-07-2024,Delivered,Net Banking
57999,940,2024-01-01,Pending,COD
53083,133,2026-02-04,Delivered,UPI
55161,296,11/06/2024,Pending,COD
50296,20,12-04-2026,Delivered,net banking
53234,253,2026-03-22,Pending,Credit Card
52531,35,2024-05-03,Delivered,Debit Card
55628,478,25-01-2026,Delivered,Net Banking
55749,280,2024-06-23,DELIVERED,Debit Card
50295,635,2025-10-29,Delivered,UPI
54291,96,2026-01-13,Delivered,UPI
53688,989,2025-08-12,Delivered,UPI
51868,184,2024-08-21,Delivered,Credit Card
56757,128,2024-01-16,Delivered,Credit Card
54028,55,17-04-2025,Pending,UPI
55531,300,2025-10-19,Delivered,UPI
55287,56,30/03/2026,Delivered,CREDIT CARD
55523,315,25-04-2026,Delivered,Cod
53561,428,2025-07-25,Cancelled,UPI
54400,690,2025-12-15,Delivered,Credit Card
54625,1056,2026-06-17,Delivered,COD
54364,149,25/01/2024,Delivered,
55791,420,13/09/2025,delivered,Net Banking
55725,24,2025-07-16,,Credit Card
54465,156,2025-12-03,Delivered,UPI
51153,46,16-01-2026,Cancelled,
54116,14,2026-02-04,Delivered,UPI
53238,850,2024-08-03,Delivered,Credit Card
57567,373,18-06-2024,Cancelled,
52780,467,2025-02-07,Delivered,UPI
57008,727,2025-12-21,Delivered,Debit Card
56918,966,23/11/2024,Delivered,UPI
50468,958,04-10-2025,Delivered,Net Banking
52130,340,2024-08-14,Delivered,UPI
53538,246,2025-06-30,cancelled,COD
53661,381,23/06/2025,Pending,Net Banking
55515,493,25-05-2025,Delivered,UPI
54782,398,11/06/2026,Delivered,UPI
55954,37,17/02/2026,Delivered,UPI
50995,793,24/12/2024,Pending,Credit Card
57930,76,12/04/2024,Delivered,Debit Card
57448,219,10/07/2024,Delivered,Cod
55103,34,2025-08-15,Delivered,UPI
53191,489,27/07/2026,Pending,UPI
56055,403,25-04-2025,Delivered,UPI
50745,516,20-12-2025,PENDING,UPI
56019,369,13-03-2025,Returned,Credit Card
53235,88,19/02/2024,Returned,COD
57940,263,2026-06-12,Pending,UPI
55697,636,2025-05-22,Delivered,COD
54629,495,04/02/2026,Delivered,Credit Card
54106,473,2026-06-29,Delivered,UPI
57561,532,2025-11-16,Delivered,UPI
52485,432,2025-01-27,Delivered,COD
57640,617,30/04/2024,Delivered,UPI
51008,777,2026-06-29,Delivered,Credit Card
53880,11,21-02-2026,pending,UPI
53733,400,01-08-2026,Delivered,UPI
56663,109,23/07/2025,Delivered,UPI
50587,297,2024-11-15,Delivered,UPI
52668,871,14-02-2025,Delivered,
56802,29,2024-11-10,Delivered,UPI
57910,38,04/06/2025,Pending,Net Banking
52495,97,2026-06-25,Delivered,UPI
54217,133,2026-01-31,Delivered,Credit Card
52811,250,2024-11-19,Delivered,Credit Card
50484,796,21-07-2026,Delivered,Credit Card
56689,880,2025-09-17,Delivered,Net Banking
57985,117,2026-02-26,Delivered,Credit Card
51641,145,14/11/2025,Delivered,debit card
56705,125,29/05/2026,Delivered,UPI
55889,155,2026-08-01,Cancelled,Credit Card
51086,705,26/01/2025,Cancelled,UPI
52584,118,2025-02-10,Delivered,UPI
52892,125,12-01-2026,Delivered,Net Banking
56886,138,27/01/2025,pending,Net Banking
54388,68,16-05-2025,Delivered,Credit Card
57003,159,24/06/2024,Delivered,Credit Card
52593,202,2025-12-07,Delivered,Credit Card
54756,426,01-12-2025,Delivered,Net Banking
53674,197,06-07-2025,PENDING,UPI
54799,23,14-07-2024,Delivered,UPI
57991,29,23/09/2025,Delivered,COD
50238,158,12-12-2025,Delivered,COD
51256,365,18/05/2024,Delivered,upi
51053,592,2025-06-11,Delivered,COD
57911,264,07/11/2024,Delivered,UPI
52674,1044,04-02-2025,Delivered,Debit Card
52566,189,12/04/2024,Delivered,Debit Card
50097,116,14/03/2024,DELIVERED,COD
55690,282,2025-09-17,Delivered,COD
54145,202,2025-08-07,Delivered,Debit Card
52027,89,2024-03-05,DELIVERED,UPI
52264,601,2024-04-04,Delivered,Net Banking
56025,291,2026-07-30,,Credit Card
54744,82,29/01/2024,Delivered,UPI
50281,871,2025-05-02,Delivered,Credit Card
57784,598,06/05/2025,Delivered,UPI
52288,296,2025-09-29,Delivered,Credit Card
54747,932,18/07/2025,Delivered,COD
53339,74,27-10-2025,Delivered,UPI
51112,466,2026-01-18,Delivered,COD
51084,105,06-07-2024,Delivered,Credit Card
50412,447,22/08/2024,Delivered,UPI
57353,294,25-03-2026,Delivered,Credit Card
53387,123,2024-01-05,Delivered,Debit Card
54547,911,23-08-2026,delivered,Debit Card
53109,288,2026-06-09,Returned,Credit Card
57285,66,01/01/2026,Pending,UPI
53516,212,2024-11-30,Pending,Debit Card
51058,460,29/08/2025,Delivered,UPI
53309,1023,2024-06-10,delivered,COD
51487,296,2025-04-06,Cancelled,Debit Card
53588,463,13-05-2025,Returned,UPI
54830,517,10-07-2026,Pending,Credit Card
55034,657,09/02/2026,Returned,COD
53447,130,06-10-2025,Delivered,UPI
50062,1072,19/05/2026,Cancelled,Debit Card
55607,1021,2026-05-15,Delivered,UPI
54827,716,2024-03-09,Delivered,Debit Card
55504,479,21-08-2025,DELIVERED,UPI
51699,161,16-08-2024,Delivered,UPI
55993,847,2025-09-17,Returned,UPI
50844,559,2024-10-16,Pending,Credit Card
57516,10,24/08/2026,Delivered,Credit Card
55632,126,12-05-2024,Delivered,UPI
53977,313,06/07/2026,Pending,COD
51019,23,30-04-2025,Delivered,CREDIT CARD
53707,496,29-08-2025,Cancelled,UPI
57797,163,2025-05-28,Delivered,UPI
52952,1019,2024-10-10,Delivered,Debit Card
55732,443,2025-10-19,Pending,Debit Card
57083,620,2024-12-20,Delivered,UPI
52456,153,05-01-2026,Delivered,UPI
56232,930,25-04-2025,Cancelled,Credit Card
52522,453,2024-12-27,Delivered,CREDIT CARD
52316,483,2026-05-31,Delivered,UPI
50918,81,10-01-2026,Delivered,UPI
53082,449,2026-08-18,Delivered,UPI
51970,431,20-08-2024,Delivered,COD
55361,818,2025-04-15,Delivered,UPI
54727,431,01/02/2025,Delivered,UPI
53930,97,2024-05-11,Delivered,Credit Card
53414,21,20/10/2025,Delivered,Net Banking
53246,460,27/05/2026,Delivered,UPI
56928,123,2024-01-29,Delivered,upi
52196,344,14-12-2025,Delivered,COD
50719,1072,2025-04-25,Delivered,UPI
56542,142,2025-08-15,Delivered,Debit Card
55656,980,17-07-2024,Pending,UPI
56978,400,08-03-2024,Delivered,UPI
50618,285,20-03-2026,Cancelled,upi
52498,464,04-06-2026,delivered,UPI
55416,426,2025-11-28,Delivered,Credit Card
50737,194,2024-09-15,Delivered,Debit Card
54579,769,2025-02-09,Delivered,Net Banking
51471,779,2024-03-01,Delivered,UPI
57690,613,30-05-2025,Delivered,COD
50327,678,2026-08-06,Delivered,UPI
55559,605,2025-01-28,Delivered,UPI
55921,334,2025-06-22,Delivered,Credit Card
50963,57,2025-11-22,Delivered,Debit Card
51289,33,27-07-2024,Delivered,COD
50894,863,04/09/2024,Delivered,Debit Card
54313,815,2026-07-16,Delivered,COD
50147,116,2025-10-07,Pending,Net Banking
55340,315,2026-07-23,Delivered,UPI
54058,267,2026-03-04,delivered,COD
55210,396,18-01-2024,Delivered,UPI
56950,234,16/07/2024,delivered,Credit Card
55566,1055,2026-03-25,Delivered,Debit Card
50083,152,2024-03-05,Cancelled,Debit Card
55700,386,16-10-2025,delivered,Net Banking
54230,206,12/06/2024,Delivered,Credit Card
57258,26,19-11-2024,Delivered,UPI
50657,742,2025-03-18,Delivered,Credit Card
57030,533,22/02/2025,delivered,UPI
52716,832,10-07-2025,Pending,credit card
57489,912,04-04-2024,Pending,Debit Card
51566,435,20-07-2026,Pending,Credit Card
55125,346,2024-06-21,Delivered,Debit Card
52484,27,30-08-2024,Delivered,Credit Card
51827,47,10-02-2025,Delivered,UPI
50362,6,2026-02-28,DELIVERED,Net Banking
50196,204,07-01-2024,Delivered,NET BANKING
50829,366,05-02-2026,Delivered,Debit Card
51342,106,25/04/2024,Delivered,UPI
53842,234,2026-08-24,Delivered,Credit Card
50389,508,06/01/2024,Delivered,Credit Card
57193,564,2024-01-10,Cancelled,Net Banking
54436,867,29-02-2024,Delivered,UPI
52046,214,30-07-2025,Returned,net banking
55031,152,23/03/2025,DELIVERED,Upi
55406,810,24-03-2024,Returned,UPI
53468,467,22/11/2024,Delivered,Upi
54060,105,2024-04-07,Delivered,Credit Card
52560,96,2024-06-19,Delivered,Net Banking
57683,384,07-11-2024,delivered,Credit Card
53405,506,29/01/2024,Delivered,Debit Card
51274,127,2024-03-25,Delivered,COD
50977,96,20/07/2025,Delivered,CREDIT CARD
56259,276,17-03-2025,Delivered,UPI
51067,206,13/01/2026,Delivered,Debit Card
53458,122,2025-03-06,Returned,Credit Card
51802,49,16/12/2024,Delivered,Net Banking
50637,423,16-01-2026,DELIVERED,Net Banking
54794,33,2024-08-23,Delivered,Credit Card
54090,262,2026-05-10,Delivered,UPI
51357,5,06/04/2024,Delivered,UPI
54495,619,2024-12-09,Cancelled,Credit Card
56236,434,13/05/2026,DELIVERED,UPI
57161,93,2025-10-14,Delivered,COD
50524,892,2026-05-23,Delivered,UPI
51377,376,12/02/2024,Delivered,COD
54021,462,01/01/2025,delivered,Debit Card
54172,213,03/06/2026,Delivered,UPI
54828,205,2026-07-22,Delivered,upi
54542,482,2026-06-29,Delivered,COD
57115,44,08-07-2026,Delivered,Debit Card
53171,211,14-01-2026,Delivered,Debit Card
53562,967,2025-04-27,Delivered,UPI
50803,333,16/11/2024,Delivered,UPI
52724,771,2026-08-12,Pending,Credit Card
55025,113,15/08/2025,Delivered,Net Banking
54191,632,2025-05-20,Delivered,Upi
54302,56,2025-07-25,Delivered,Debit Card
55158,69,18-07-2024,Delivered,Credit Card
57734,321,2026-07-23,Delivered,Debit Card
50495,860,17/12/2025,Pending,Credit Card
51049,290,2026-01-27,Delivered,UPI
54549,660,2026-02-28,delivered,UPI
52408,148,2026-05-25,Delivered,COD
56653,31,2024-03-18,DELIVERED,UPI
56869,314,08-02-2026,Delivered,Debit Card
51669,213,13-05-2026,Delivered,UPI
55331,98,19-07-2025,delivered,Net Banking
55323,233,30-11-2025,Delivered,Debit Card
54896,316,17-06-2026,Delivered,Debit Card
53806,320,2026-02-09,Delivered,Net Banking
54019,13,2025-07-25,Delivered,UPI
53865,322,08-07-2026,Delivered,upi
53450,710,2024-02-05,Delivered,UPI
52440,395,14/07/2024,Delivered,Credit Card
51560,778,2024-01-06,Delivered,Debit Card
50576,18,06-12-2025,Delivered,
56996,222,2026-01-04,Delivered,UPI
55197,678,04-12-2024,DELIVERED,Credit Card
51440,402,2025-08-29,Delivered,UPI
57419,744,2025-05-19,Delivered,UPI
54420,398,01-05-2025,Delivered,Debit Card
52631,527,2026-01-11,Pending,Credit Card
55545,894,29-08-2024,Cancelled,UPI
54285,979,15-02-2026,Delivered,UPI
50400,38,2026-01-17,Delivered,UPI
50743,88,05/01/2026,Delivered,UPI
52416,104,2026-07-30,Delivered,COD
50589,210,02/07/2024,pending,UPI
55396,950,27-02-2024,Delivered,Credit Card
56382,110,07/09/2025,Delivered,UPI
54505,882,26-04-2026,Returned,UPI
54798,915,2025-01-20,Delivered,Debit Card
54616,424,2024-04-21,Delivered,UPI
56909,61,2026-06-29,cancelled,Debit Card
57701,565,16/03/2025,Delivered,credit card
55220,822,22-05-2024,Delivered,Debit Card
51708,140,2025-06-12,Pending,Credit Card
53356,820,20-11-2025,Delivered,CREDIT CARD
57427,163,2025-01-18,Delivered,Credit Card
56138,369,18-08-2026,Delivered,Credit Card
56741,146,25-09-2024,Delivered,Debit Card
57585,841,22-02-2024,Returned,UPI
52108,706,2025-10-19,Cancelled,Credit Card
56442,408,02-02-2025,Delivered,Debit Card
51635,911,25/01/2025,Delivered,COD
57961,94,05-10-2024,Delivered,
51762,139,30/03/2024,Delivered,
52087,129,2025-04-12,Pending,Credit Card
52088,1052,05/05/2026,Delivered,Credit Card
51181,861,2025-04-18,Pending,COD
52784,885,2026-01-09,Delivered,UPI
54878,293,08/10/2024,Delivered,Net Banking
56353,162,2024-10-04,Delivered,Credit Card
51225,84,19-08-2026,Delivered,UPI
57438,554,04-01-2024,Delivered,credit card
56946,221,2024-03-09,DELIVERED,Net Banking
52877,119,23/03/2024,Delivered,Credit Card
56792,64,2025-11-11,Delivered,Net Banking
52098,149,16-05-2024,Delivered,Credit Card
54335,193,28/12/2024,,Credit Card
50744,486,2026-06-04,Delivered,Credit Card
55296,97,08-04-2025,Delivered,upi
51809,701,15-08-2025,Pending,UPI
52195,132,2026-06-06,Delivered,COD
53112,12,2025-09-18,Delivered,UPI
52603,197,2025-02-17,Delivered,UPI
52189,56,2025-11-28,Delivered,UPI
50948,359,27/03/2024,Cancelled,UPI
52497,1066,26-07-2024,Pending,Net Banking
54026,1056,2026-07-02,Delivered,Credit Card
50082,33,07/06/2024,Delivered,UPI
57274,970,2024-12-08,Delivered,Cod
53725,130,24/04/2025,Delivered,COD
53396,820,2025-10-14,DELIVERED,Debit Card
52649,960,15/10/2024,Delivered,Upi
56948,222,2024-02-04,Delivered,Upi
56370,1007,07/06/2025,Cancelled,UPI
56303,131,11-05-2026,Delivered,Net Banking
53385,419,2024-04-19,Delivered,UPI
50757,70,25/11/2024,Delivered,Debit Card
57904,106,2026-05-31,Delivered,UPI
57279,579,16/04/2026,cancelled,Debit Card
50178,645,2024-02-04,Delivered,DEBIT CARD
56644,45,2024-04-30,Delivered,cod
55385,1007,03/09/2024,Delivered,
54233,728,07/07/2025,Delivered,Credit Card
56091,704,2026-03-02,DELIVERED,Net Banking
55645,185,26/05/2026,Delivered,UPI
57720,370,19-05-2026,Delivered,upi
52147,171,2025-03-18,Delivered,Debit Card
53305,407,2025-12-08,cancelled,UPI
54763,216,2025-01-07,Cancelled,UPI
55336,391,2024-04-29,DELIVERED,UPI
50371,1001,2026-04-12,Delivered,UPI
50897,823,10/01/2026,delivered,UPI
57237,108,2024-04-09,Delivered,Debit Card
53150,309,01-11-2025,Delivered,Debit Card
57822,75,23-04-2025,Delivered,UPI
55609,575,2024-03-22,Delivered,Debit Card
56834,197,16/04/2026,Delivered,Credit Card
50058,26,2026-03-29,Delivered,Credit Card
54147,982,2025-10-30,Delivered,Debit Card
52918,60,30-12-2024,Delivered,Credit Card
54863,602,20-07-2025,Cancelled,Debit Card
52507,1055,2025-07-26,Delivered,UPI
54320,588,2025-01-06,Pending,COD
51480,66,2025-03-18,DELIVERED,UPI
53883,31,05-04-2025,Delivered,UPI
56281,80,2025-11-27,Cancelled,Credit Card
54011,534,2024-05-18,Delivered,upi
56052,118,2026-05-01,Delivered,UPI
53470,593,20/02/2026,Delivered,UPI
51710,518,07/07/2024,Delivered,Debit Card
50741,560,2026-01-24,Delivered,Net Banking
52795,927,2024-11-25,Cancelled,Debit Card
51527,18,2024-11-18,Delivered,UPI
54726,41,2024-01-19,Delivered,Net Banking
56947,50,2024-01-30,Delivered,Net Banking
53925,958,2025-07-31,Delivered,Debit Card
54866,1037,07-09-2024,Cancelled,Credit Card
51501,270,2024-02-24,Delivered,UPI
52324,61,14/02/2024,Delivered,Credit Card
53804,111,03/12/2024,Delivered,upi
55910,27,11-12-2024,Delivered,Debit Card
56768,142,13-06-2024,Delivered,UPI
56112,627,2025-03-13,Pending,UPI
57259,534,2026-03-13,Pending,UPI
53801,9,2026-08-14,Delivered,COD
57267,271,2026-06-08,Delivered,DEBIT CARD
56256,86,2025-05-04,cancelled,cod
56904,279,31/08/2026,Delivered,Credit Card
55400,5,27-05-2026,Cancelled,UPI
51268,25,16-07-2024,Delivered,Credit Card
53724,316,2025-01-26,Delivered,UPI
55151,189,2024-04-05,Delivered,Credit Card
51209,10,06/07/2026,Delivered,Credit Card
55825,951,2024-07-04,Delivered,UPI
55225,205,28/03/2024,Delivered,Upi
53938,75,27-07-2025,Delivered,UPI
53901,173,2025-06-01,Delivered,UPI
54140,86,13/10/2025,Delivered,Debit Card
51253,176,2026-06-17,Delivered,UPI
55380,258,04-06-2024,CANCELLED,Credit Card
52481,219,19-10-2025,DELIVERED,UPI
50876,115,2025-05-15,Delivered,Credit Card
54138,352,2024-12-17,Delivered,Net Banking
51813,656,23/03/2025,Delivered,Debit Card
57320,1059,2024-06-12,Pending,UPI
56737,87,2025-12-04,Returned,COD
53455,50,04-10-2024,Delivered,debit card
55986,350,2024-05-25,Delivered,Debit Card
56657,274,2024-09-22,Returned,COD
57924,114,06/11/2024,Delivered,UPI
51025,211,2024-09-11,Pending,UPI
54934,984,05-06-2026,Delivered,Debit Card
54639,551,07-06-2025,DELIVERED,UPI
57424,103,2024-03-22,Delivered,COD
52057,363,24/06/2025,Pending,UPI
55126,427,2024-04-22,Delivered,Credit Card
51196,809,2024-03-06,Cancelled,UPI
52414,98,17-09-2024,Delivered,Net Banking
54646,296,28/03/2025,DELIVERED,
54047,423,2025-04-05,Delivered,Cod
52292,915,06/05/2024,Delivered,Credit Card
54916,89,11/03/2026,Delivered,COD
53576,440,2025-12-01,Delivered,Debit Card
56462,54,29-07-2024,Delivered,UPI
55637,694,2026-06-07,Pending,UPI
55878,456,2024-10-04,Cancelled,Credit Card
56684,910,30-12-2024,delivered,Credit Card
54361,335,24-04-2025,Cancelled,UPI
56433,620,2025-04-04,Delivered,UPI
50418,549,2026-07-21,Delivered,
50470,48,25-03-2026,Delivered,Credit Card
52775,189,06/05/2026,Delivered,UPI
53840,126,2024-12-07,Pending,Debit Card
55088,100,2025-07-06,Delivered,Net Banking
50928,432,27-05-2026,Delivered,UPI
51376,121,2025-08-06,Pending,UPI
56325,335,2024-04-02,Cancelled,UPI
56291,68,2025-04-16,,COD
53504,428,22/03/2024,Delivered,COD
50331,244,03-12-2025,Pending,Credit Card
56660,870,18/03/2026,Delivered,COD
51607,831,29/05/2024,Delivered,net banking
57632,1076,2025-11-17,Delivered,Credit Card
56350,179,18-05-2024,Delivered,Debit Card
53376,206,2024-11-09,Delivered,COD
54368,562,16/07/2025,Delivered,Upi
57789,9,01/10/2024,Delivered,COD
51169,824,2024-12-07,Delivered,Credit Card
55651,159,2024-07-27,Delivered,Net Banking
54911,17,2025-04-08,Delivered,COD
51774,511,2026-07-22,Cancelled,Net Banking
53223,975,23-12-2025,Delivered,COD
55778,202,14-07-2024,Delivered,COD
55753,51,2024-09-17,DELIVERED,credit card
50661,336,15/06/2024,Pending,UPI
57010,974,31/03/2024,Pending,
56107,422,15/07/2024,Delivered,DEBIT CARD
52908,1065,17-01-2025,Pending,Credit Card
57326,14,10/07/2024,delivered,Credit Card
55747,1013,14/02/2024,Delivered,Net Banking
50592,527,2024-06-30,Delivered,UPI
57050,439,14-10-2025,Delivered,Net Banking
53087,278,07/12/2024,Delivered,UPI
52799,255,2024-04-05,Delivered,Debit Card
53064,420,2026-04-03,Delivered,Net Banking
55144,454,28/01/2024,Delivered,UPI
53116,7,29-06-2026,Returned,debit card
57834,131,2026-04-10,Delivered,Credit Card
50034,403,2026-07-08,Delivered,Debit Card
54649,25,2025-03-25,Delivered,cod
57313,230,2026-02-11,Delivered,UPI
56512,395,2025-08-28,Delivered,COD
55469,14,29-03-2024,Cancelled,UPI
50639,699,06-07-2024,Returned,Net Banking
53511,257,02-02-2024,Returned,
50202,338,16-01-2025,Pending,Credit Card
55534,266,2025-11-14,Delivered,Credit Card
50360,953,15-06-2024,Delivered,COD
56905,450,27/03/2025,Delivered,Debit Card
52458,35,2025-09-24,Delivered,UPI
53400,500,08-08-2026,Delivered,upi
50031,193,2024-01-11,cancelled,UPI
56022,331,06/05/2025,Delivered,Credit Card
53878,787,2025-12-14,Delivered,COD
53705,385,2024-07-14,Delivered,COD
53607,6,16/04/2025,Pending,Credit Card
50622,206,29-08-2026,Delivered,UPI
52122,921,2026-02-28,Returned,Net Banking
55674,33,2024-01-04,Delivered,Credit Card
52336,369,22-02-2025,Delivered,UPI
52047,376,2025-10-01,,UPI
57526,839,06-01-2025,Pending,UPI
56829,149,27/08/2026,Delivered,Credit Card
50991,55,2026-02-28,pending,NET BANKING
52140,30,24/03/2024,Delivered,Net Banking
54631,91,2025-08-27,Delivered,UPI
52253,228,24-08-2025,,upi
53782,319,15-01-2025,Delivered,Debit Card
54662,356,23/03/2026,Delivered,Credit Card
57825,152,16-04-2026,Delivered,COD
55234,56,2024-11-10,Delivered,UPI
55381,707,19-06-2026,Pending,UPI
51135,255,2025-11-29,Delivered,Credit Card
52588,119,2024-09-20,Delivered,Debit Card
52916,100,03/03/2026,Delivered,UPI
51254,462,2025-02-23,Delivered,Credit Card
54215,623,2024-07-23,,UPI
56265,331,2025-11-16,Delivered,Credit Card
56962,897,14-07-2025,Delivered,COD
54392,44,05-11-2024,RETURNED,DEBIT CARD
57555,77,26/05/2024,Delivered,Net Banking
51649,342,02/04/2025,Delivered,CREDIT CARD
53933,4,2026-08-25,Cancelled,Credit Card
56766,393,2024-04-04,Delivered,Debit Card
55873,1023,2025-05-10,Delivered,debit card
52843,149,13/08/2024,Delivered,Net Banking
56729,857,2025-11-12,Delivered,UPI
50509,284,23/07/2026,Delivered,UPI
57356,119,09-05-2026,Pending,UPI
50536,513,27-10-2025,Pending,Credit Card
57628,112,26/03/2026,Delivered,Debit Card
57619,101,2025-03-20,Delivered,UPI
56916,246,19/03/2026,Delivered,UPI
57305,68,04-03-2025,Delivered,UPI
53761,938,2026-08-15,DELIVERED,Credit Card
55056,608,27/10/2025,Delivered,COD
57005,4,20/04/2024,delivered,Debit Card
52148,144,12-11-2025,CANCELLED,Net Banking
50833,393,15-07-2025,Pending,Credit Card
51696,139,2024-08-20,Delivered,Debit Card
54078,946,2025-03-10,Delivered,COD
57401,130,07/07/2025,Delivered,Credit Card
51598,11,2025-03-27,Delivered,COD
55932,761,24/03/2026,Delivered,Credit Card
57568,226,18-06-2026,Delivered,UPI
57297,2,2025-01-08,Delivered,Net Banking
55773,914,30/01/2026,Delivered,COD
57520,95,18-09-2025,DELIVERED,net banking
51456,248,12-07-2024,Delivered,COD
55268,4,08/07/2024,Delivered,UPI
52394,979,2026-02-08,Delivered,CREDIT CARD
56999,328,20/09/2025,Delivered,COD
56648,54,01-07-2026,delivered,UPI
52523,103,01-02-2026,Delivered,Credit Card
52068,800,2024-11-28,Delivered,cod
50994,48,18-10-2024,Delivered,DEBIT CARD
56039,180,08/06/2026,Delivered,UPI
52251,9,03-07-2024,Delivered,Debit Card
52535,381,28-10-2025,Pending,COD
56746,757,22-10-2025,Pending,Net Banking
53958,367,06-08-2025,Cancelled,UPI
53272,521,30-06-2026,Cancelled,NET BANKING
57576,171,25-12-2025,Delivered,Credit Card
56743,241,30/03/2025,Cancelled,upi
57140,730,25-06-2024,Delivered,Debit Card
50069,290,10-06-2026,Delivered,UPI
56110,52,20/05/2024,Delivered,COD
57564,924,2025-05-08,Delivered,COD
57654,1065,2025-01-10,Delivered,UPI
52271,465,2024-02-20,Delivered,UPI
50537,212,2026-04-27,Delivered,UPI
57035,432,22/06/2026,delivered,UPI
52618,104,2024-08-17,returned,UPI
55160,413,2024-03-01,Delivered,COD
54404,47,2026-08-29,Delivered,Credit Card
55794,805,2025-08-14,Pending,Debit Card
55644,657,22/07/2024,Delivered,UPI
54983,414,2024-11-29,Delivered,Credit Card
51950,19,28-04-2025,Returned,COD
50306,490,2025-04-22,Delivered,Credit Card
54894,462,03/03/2025,Delivered,Credit Card
55981,916,15/12/2025,Delivered,UPI
50482,914,2024-10-18,DELIVERED,Credit Card
51914,274,29/05/2025,Delivered,Credit Card
50549,1038,2024-08-24,Delivered,UPI
53056,471,17/07/2024,,Credit Card
53787,645,23-04-2025,delivered,Net Banking
57006,82,01-01-2025,Delivered,Debit Card
51054,741,2026-06-19,delivered,COD
56818,639,2026-05-29,Delivered,Debit Card
50226,550,15-08-2025,Delivered,Debit Card
54126,79,06/02/2025,Delivered,UPI
50355,37,2026-01-12,Delivered,UPI
54561,586,2024-08-16,Returned,UPI
56352,913,20/04/2026,Delivered,Credit Card
50600,290,2024-11-26,DELIVERED,Debit Card
54403,533,2024-05-04,Delivered,Debit Card
53436,361,2026-01-05,Delivered,UPI
54029,628,29/07/2026,Delivered,UPI
55097,276,06-09-2024,Delivered,Net Banking
56610,289,01-03-2025,Cancelled,COD
51922,347,23-04-2024,Delivered,Credit Card
55590,228,2024-04-28,Delivered,UPI
52565,640,2024-02-22,Delivered,Credit Card
55731,165,2024-05-05,Delivered,Credit Card
50489,102,2026-04-18,Delivered,UPI
55020,576,28/02/2026,Delivered,UPI
56569,360,24/06/2026,Delivered,UPI
53042,240,30/05/2026,Returned,UPI
54659,30,17-06-2026,Delivered,UPI
56972,200,24/05/2024,Delivered,UPI
55966,118,21/08/2024,Delivered,credit card
56381,321,31/08/2024,Delivered,Debit Card
57704,500,30/11/2024,Delivered,Debit Card
53986,944,04-08-2026,Delivered,CREDIT CARD
50100,592,2024-08-04,Delivered,Debit Card
54200,78,01/11/2024,Delivered,upi
51758,284,2026-02-15,Cancelled,UPI
53496,34,28/02/2024,Delivered,Credit Card
52874,796,2025-03-11,Delivered,Credit Card
50204,191,2026-04-16,Delivered,Debit Card
52919,123,27/09/2024,Returned,credit card
54611,744,2025-11-15,Delivered,UPI
53863,13,18/07/2024,Cancelled,Credit Card
57623,149,26-01-2025,Delivered,UPI
50223,912,08-03-2024,Delivered,UPI
57156,29,22/03/2025,Pending,UPI
53499,424,2025-05-17,,Credit Card
50808,86,2025-01-05,Pending,UPI
52187,277,2026-08-19,Delivered,Credit Card
56309,32,2025-06-02,Delivered,UPI
55486,15,2025-07-22,Delivered,UPI
51643,349,2026-04-09,Delivered,Credit Card
53832,44,11/11/2025,Pending,UPI
50417,95,08-01-2026,,UPI
53089,651,10-04-2025,Delivered,Net Banking
57104,718,2024-04-07,Pending,UPI
54725,436,27/02/2025,Delivered,Debit Card
55008,779,06/04/2025,Delivered,Upi
50120,931,20/02/2024,Delivered,Credit Card
56661,842,2024-12-21,Delivered,Credit Card
51614,1045,13/06/2025,Delivered,UPI
54457,242,2026-08-04,Pending,Upi
54690,123,21-07-2024,Delivered,UPI
51831,147,29/07/2026,DELIVERED,Credit Card
54253,75,26-04-2026,Delivered,UPI
53457,489,2025-04-03,Delivered,Credit Card
53411,73,09-06-2026,Delivered,Debit Card
53286,15,2025-02-17,Delivered,COD
57165,179,2025-11-29,Delivered,UPI
56182,378,24/02/2026,Pending,Credit Card
53463,305,09-08-2024,Delivered,UPI
57260,452,2026-02-09,Delivered,Credit Card
54311,208,13/09/2025,Delivered,Credit Card
56695,237,11-01-2025,Delivered,Debit Card
50175,60,2025-12-09,Delivered,UPI
55100,444,2024-09-02,Delivered,UPI
57100,734,09-03-2025,Pending,UPI
54745,48,2025-09-11,Delivered,UPI
53673,97,18-06-2024,Delivered,UPI
56271,10,25-07-2024,DELIVERED,credit card
51126,348,2025-02-19,Delivered,Credit Card
54339,789,2025-06-22,Delivered,Credit Card
51018,1048,2025-06-03,Delivered,Credit Card
56800,366,2026-08-19,Delivered,Credit Card
57118,427,31/07/2025,Delivered,Credit Card
53133,140,23/09/2024,Cancelled,CREDIT CARD
55432,752,17-03-2026,Delivered,COD
57566,419,23/01/2024,Delivered,credit card
51290,134,2026-06-30,Returned,UPI
54383,86,2024-12-31,PENDING,UPI
50575,560,2025-08-03,Pending,UPI
54079,104,2025-11-13,Delivered,UPI
56850,139,18/02/2025,Delivered,Credit Card
54346,22,2026-05-25,Delivered,Upi
56407,461,26-01-2024,Delivered,UPI
54939,615,2024-09-08,Delivered,UPI
54826,322,2026-07-16,Delivered,UPI
53158,61,2024-08-04,Delivered,UPI
57307,270,20-11-2025,Delivered,Credit Card
57936,1069,2026-02-11,Returned,Cod
52718,139,09-09-2025,Delivered,Net Banking
52396,3,19-03-2024,Returned,COD
56541,984,2025-01-03,Delivered,cod
54093,528,2024-05-29,Delivered,UPI
51227,106,2024-01-07,Delivered,UPI
57541,43,2024-07-16,Delivered,credit card
51840,168,23/08/2026,Returned,UPI
55980,505,2026-07-26,Delivered,Credit Card
57400,672,27/08/2026,Delivered,UPI
52113,397,2025-11-21,Delivered,Credit Card
52752,40,2025-02-19,Delivered,UPI
50185,978,2026-04-08,Delivered,UPI
55877,593,19-02-2024,Delivered,UPI
56419,851,2025-07-11,Delivered,UPI
53684,58,22-09-2024,Delivered,COD
50827,600,2025-07-29,Delivered,UPI
55841,163,03/12/2025,,UPI
51353,76,17-07-2026,Delivered,Credit Card
55616,741,11/11/2024,Delivered,UPI
56809,206,29/01/2025,Delivered,Credit Card
53769,454,10-05-2025,Cancelled,UPI
51490,399,2024-11-24,Delivered,
54016,688,2024-03-26,Delivered,Net Banking
50506,927,24-10-2024,Delivered,UPI
51109,353,2026-04-07,Returned,Debit Card
56858,864,2024-03-29,Delivered,Credit Card
52646,117,24-04-2025,Delivered,UPI
50452,137,2024-06-11,Delivered,Credit Card
57546,630,18-05-2024,Delivered,UPI
57615,15,23/07/2025,Delivered,
56643,343,2026-08-14,Delivered,UPI
57736,528,13/09/2025,Delivered,UPI
50839,926,17/12/2025,delivered,Net Banking
51448,116,2024-11-30,Delivered,
50243,96,26-08-2026,Delivered,UPI
54378,225,2024-09-17,Delivered,Credit Card
50430,1,2024-08-17,Delivered,UPI
53819,881,03-05-2026,Pending,UPI
51889,182,24/06/2025,Returned,Credit Card
56546,469,2025-08-16,Delivered,Credit Card
52533,477,2024-01-25,Delivered,DEBIT CARD
55467,380,2024-11-09,Returned,Net Banking
53373,787,2025-10-18,delivered,Credit Card
50665,853,22/04/2024,Delivered,UPI
55960,383,08-02-2024,Pending,Credit Card
50486,36,2024-12-03,Returned,Debit Card
50312,27,23-02-2024,delivered,Credit Card
55598,316,2025-07-08,DELIVERED,UPI
55353,54,2026-07-28,Delivered,Credit Card
53892,55,25/01/2026,Delivered,Credit Card
52899,806,02/06/2024,Delivered,Credit Card
55855,848,13-04-2025,Returned,COD
53466,568,24-07-2025,Delivered,Credit Card
56902,313,30/05/2025,Delivered,Credit Card
52257,1028,08/01/2025,Delivered,Debit Card
53853,545,23/03/2025,DELIVERED,Credit Card
55812,109,2024-05-20,Returned,Debit Card
53412,273,22-06-2026,Delivered,upi
56783,420,10-11-2025,Returned,UPI
52999,831,04-01-2025,DELIVERED,cod
54703,920,2026-02-28,Delivered,UPI
51746,476,24/04/2026,Delivered,UPI
55872,233,08/01/2024,Delivered,Credit Card
56691,160,2025-04-22,Delivered,UPI
50273,708,27/02/2025,Delivered,
57844,360,15/04/2026,Delivered,UPI
56573,356,15-01-2025,delivered,Cod
53554,288,2025-01-05,Delivered,Credit Card
51953,575,2024-12-01,Delivered,
53850,972,05-11-2025,Delivered,Credit Card
51918,106,2025-03-12,Pending,Credit Card
50354,841,2025-06-17,delivered,UPI
55991,408,2025-08-31,Delivered,Debit Card
50317,141,02/12/2024,Delivered,Upi
57090,945,09/11/2025,Pending,Debit Card
56098,1037,27-02-2026,Delivered,Credit Card
55245,69,05/07/2025,Delivered,Debit Card
57672,940,31-08-2025,Pending,UPI
56998,141,18/12/2025,Delivered,COD
56771,265,11/05/2026,Cancelled,debit card
51597,739,2024-02-25,Delivered,COD
50635,193,04/06/2025,Pending,Debit Card
50754,432,18/09/2025,Delivered,Debit Card
53063,52,17/03/2026,Delivered,Upi
57455,41,2026-03-06,Delivered,UPI
54632,895,31-10-2024,Delivered,COD
50865,414,2024-04-12,Delivered,UPI
55102,657,2025-04-09,Delivered,COD
53836,243,11/07/2024,Returned,Net Banking
53594,487,2025-03-14,Delivered,UPI
57352,972,02/02/2025,Pending,UPI
57322,792,2025-11-27,Delivered,Debit Card
57663,714,2025-07-18,Cancelled,Net Banking
54903,922,29/01/2024,Delivered,COD
56855,488,10/07/2024,Delivered,Net Banking
56056,878,18-07-2026,Delivered,Net Banking
56011,324,2026-03-30,Pending,COD
54860,432,2024-03-03,Delivered,Credit Card
56752,340,20-08-2024,Delivered,COD
52308,257,23/10/2024,Delivered,Credit Card
52954,472,17/01/2025,Delivered,Credit Card
50405,753,06/02/2024,Delivered,Net Banking
54857,84,2025-12-03,Delivered,debit card
53261,582,02-06-2024,Cancelled,upi
50286,389,02-08-2025,delivered,Credit Card
51908,285,03/11/2024,delivered,UPI
55066,473,29/03/2025,Delivered,Net Banking
55130,93,2025-09-15,delivered,COD
53382,155,2024-04-20,Delivered,Credit Card
52581,816,2025-11-27,Delivered,UPI
53071,108,27/02/2025,Delivered,Debit Card
52774,815,11-10-2024,Cancelled,UPI
51739,42,01-01-2026,Pending,UPI
57823,55,2024-04-14,Returned,UPI
55521,530,2025-02-12,Delivered,UPI
53427,430,13/06/2026,Delivered,Credit Card
54329,13,04/02/2024,Delivered,
52306,1027,18-12-2025,Delivered,Credit Card
55757,17,23-01-2024,Delivered,UPI
55734,70,29/07/2026,Cancelled,Credit Card
52369,1,2024-03-01,Delivered,UPI
54551,899,20/07/2026,DELIVERED,UPI
57827,94,2025-02-27,Delivered,UPI
50356,128,2026-03-11,delivered,UPI
54161,95,06/02/2025,Delivered,UPI
51706,54,31-07-2024,Cancelled,UPI
55118,446,2025-10-22,Delivered,UPI
50457,354,2026-03-13,Delivered,COD
53649,962,2024-10-09,Delivered,Credit Card
54688,220,2026-06-28,Delivered,UPI
54525,353,2026-06-28,Delivered,UPI
53566,822,2026-07-06,Returned,Debit Card
51237,300,2024-10-26,Delivered,Credit Card
50431,164,2025-01-04,Delivered,UPI
56475,62,02-10-2024,pending,UPI
50240,62,2025-08-31,Returned,Credit Card
50275,371,2024-11-07,Pending,COD
55569,331,2024-12-08,Delivered,UPI
54089,895,13-02-2025,Pending,Upi
55862,433,2024-10-10,Delivered,UPI
50522,721,15/07/2024,Delivered,Debit Card
50165,56,06/04/2026,Cancelled,Net Banking
50473,420,02/07/2025,Delivered,Debit Card
51010,466,2025-08-22,Delivered,Debit Card
55237,91,17-06-2026,Delivered,UPI
53217,42,15-01-2026,Delivered,Debit Card
55996,651,2024-11-19,Delivered,DEBIT CARD
57745,344,13-04-2026,DELIVERED,Credit Card
52717,322,28-04-2024,Delivered,Credit Card
57470,143,2024-02-03,Delivered,UPI
55573,307,05/09/2025,Delivered,Debit Card
57479,785,2025-07-21,Cancelled,Credit Card
56601,446,2025-01-06,Delivered,UPI
50301,727,2024-01-09,DELIVERED,Credit Card
55799,61,11-06-2025,Delivered,
55906,42,31/08/2025,Delivered,Debit Card
54622,120,29/07/2024,Delivered,UPI
50256,1030,23-11-2025,Delivered,Net Banking
50660,65,09-07-2026,Delivered,UPI
57460,738,2025-07-21,Delivered,UPI
57820,242,15/01/2026,,UPI
50854,101,08/11/2025,Delivered,UPI
50835,360,06/01/2025,Delivered,COD
56204,936,2026-05-07,Delivered,UPI
57726,781,15/07/2026,Delivered,UPI
52029,436,2025-06-06,Delivered,Debit Card
51978,1064,2025-11-24,Delivered,Credit Card
54006,866,08-07-2024,Delivered,UPI
52483,217,20/03/2025,Delivered,Credit Card
52910,146,12/08/2025,Cancelled,UPI
57709,364,2024-04-28,Delivered,COD
51964,39,31-03-2025,Delivered,Debit Card
51174,89,08-02-2024,Delivered,Upi
57243,489,2026-04-13,Pending,Debit Card
51673,138,2024-06-04,Delivered,
55490,77,2024-02-26,Delivered,UPI
51316,547,10/01/2025,Delivered,Credit Card
54537,484,12-07-2026,Delivered,Debit Card
51805,119,06-04-2026,Delivered,Credit Card
53783,13,2024-09-04,Delivered,COD
54706,22,15/10/2024,Delivered,UPI
57273,470,2025-03-19,Delivered,Credit Card
55701,439,19/07/2025,DELIVERED,UPI
56093,301,2025-11-27,Delivered,Credit Card
55492,795,2024-03-29,Delivered,Debit Card
53321,55,2024-08-03,Delivered,UPI
51475,68,2026-05-18,Delivered,UPI
50191,70,01/08/2025,Pending,Credit Card
51029,885,12/01/2026,Delivered,Credit Card
50791,380,24-03-2025,DELIVERED,Credit Card
52024,53,10-05-2026,Delivered,DEBIT CARD
55167,726,17/06/2025,DELIVERED,Credit Card
51881,141,2024-12-15,Delivered,UPI
51884,317,04/05/2024,Delivered,Credit Card
54017,90,2025-07-07,Delivered,Credit Card
55027,79,2025-02-17,Delivered,UPI
50233,959,11-08-2024,Delivered,UPI
52227,95,15/04/2024,DELIVERED,Net Banking
57345,368,24-09-2025,Delivered,UPI
53419,662,05-02-2026,Cancelled,Debit Card
50605,367,07-02-2025,Returned,
52049,29,2024-07-28,Delivered,Net Banking
51545,54,05/03/2026,Pending,upi
52573,210,2026-03-03,Delivered,COD
53017,481,2024-08-18,Delivered,Upi
56857,946,02-08-2024,Delivered,UPI
53869,84,23-06-2024,Delivered,UPI
57126,322,2025-09-16,Delivered,UPI
50029,124,2026-06-26,Cancelled,UPI
57794,458,06/07/2025,Pending,Credit Card
51275,861,2025-01-19,Cancelled,upi
55117,24,01/04/2026,Returned,Credit Card
50027,719,14-03-2025,Delivered,UPI
55919,1068,2024-06-30,Delivered,Debit Card
56871,191,2024-07-05,Returned,Credit Card
50232,53,22/01/2026,Delivered,UPI
55965,813,2026-04-09,Cancelled,UPI
53362,12,09/07/2024,Delivered,Credit Card
51798,143,19-09-2025,Delivered,Net Banking
52885,424,31-12-2025,Cancelled,UPI
57641,12,2025-05-08,Cancelled,Credit Card
51581,22,2025-06-28,Pending,Credit Card
57708,1,2026-08-10,Delivered,UPI
54352,1078,2025-03-28,PENDING,UPI
54281,1056,11/07/2024,Delivered,UPI
51311,606,26/08/2025,Delivered,COD
57092,782,04/11/2025,delivered,Net Banking
56103,179,02-06-2025,Delivered,Debit Card
56431,698,08-07-2025,Delivered,COD
56190,136,30-05-2026,Delivered,UPI
51160,382,01-01-2025,Delivered,Debit Card
55576,657,26-05-2025,Delivered,UPI
55721,470,12/04/2025,Cancelled,UPI
51557,134,07/01/2026,Delivered,COD
52021,124,2024-03-21,Delivered,UPI
51541,900,2024-01-20,Delivered,UPI
54650,577,2025-09-26,Delivered,UPI
55838,190,2026-06-09,Delivered,UPI
57023,127,23-10-2024,Delivered,Credit Card
56971,359,25-02-2026,Delivered,UPI
53776,65,11/03/2026,delivered,UPI
53571,584,28/07/2024,Delivered,COD
51006,142,31-03-2026,Delivered,UPI
54298,171,2026-06-26,Delivered,Net Banking
51724,444,01/06/2024,Delivered,UPI
51434,537,2024-10-30,Delivered,COD
55978,88,08-12-2025,Delivered,COD
51983,54,2024-09-14,Delivered,UPI
54235,694,23-01-2024,,credit card
57700,105,2025-03-29,Delivered,upi
57634,92,27/10/2024,Returned,Net Banking
56417,429,2025-03-23,Returned,Debit Card
50493,24,2025-01-26,Pending,Credit Card
52159,895,2025-06-13,Delivered,Debit Card
57530,687,04-07-2025,Cancelled,Credit Card
56900,432,19-03-2026,Delivered,Net Banking
51887,37,2024-10-18,Pending,COD
54360,294,2025-11-22,Delivered,Debit Card
51236,571,09-05-2025,Delivered,UPI
51351,4,04-07-2025,Delivered,Credit Card
52692,39,15/07/2025,Pending,Debit Card
56577,261,27-09-2025,Delivered,UPI
56134,79,27-08-2024,Delivered,Credit Card
50446,76,2025-11-29,Delivered,UPI
53329,5,2025-02-15,Delivered,UPI
57222,153,27-04-2025,Delivered,upi
55779,109,2024-03-25,Delivered,Credit Card
53477,504,2024-10-02,Delivered,Debit Card
56885,138,04/01/2024,Delivered,UPI
53030,106,18/07/2024,DELIVERED,UPI
57921,270,2024-10-22,DELIVERED,UPI
57014,339,14-05-2024,Delivered,Credit Card
54870,67,25-05-2026,Delivered,UPI
51842,874,2025-03-25,Delivered,Credit Card
54289,301,05-10-2024,Delivered,UPI
55232,198,2026-07-10,Delivered,Credit Card
51933,1052,2024-01-08,Delivered,Net Banking
53048,110,2024-03-16,Delivered,COD
52370,400,2026-02-09,Delivered,credit card
57757,417,07-04-2026,DELIVERED,COD
53039,118,2025-06-05,Delivered,UPI
50688,156,2025-12-16,Cancelled,UPI
54707,407,31/08/2024,Delivered,Credit Card
51921,2,14-03-2024,Delivered,Credit Card
55233,185,29/08/2026,Delivered,Credit Card
57359,75,17-08-2025,delivered,COD
57001,762,20/12/2025,DELIVERED,Debit Card
51590,740,2025-06-13,Pending,UPI
53910,144,10-01-2025,Returned,Credit Card
55459,361,27-09-2024,Delivered,UPI
54658,441,2025-04-17,Delivered,UPI
55618,956,2025-11-22,Delivered,COD
51850,435,04/01/2026,Delivered,Debit Card
52100,28,08/05/2024,Pending,Credit Card
54488,23,08/05/2025,Delivered,Debit Card
51483,619,12-05-2024,Delivered,UPI
51937,244,12-09-2025,Delivered,UPI
56387,481,20/04/2024,Pending,COD
52985,514,2024-02-17,Pending,Debit Card
52005,395,2026-01-19,,Debit Card
50544,990,22-09-2024,delivered,upi
57711,517,2026-04-16,Delivered,UPI
55377,24,10/08/2025,delivered,CREDIT CARD
51094,435,07/11/2024,Pending,COD
54596,334,2024-01-09,Pending,Credit Card
53263,41,2025-01-21,Delivered,UPI
54841,24,30/06/2024,Returned,
52317,308,2025-05-29,Delivered,Upi
54242,805,05/06/2026,delivered,COD
55414,265,2025-08-27,Delivered,UPI
57648,452,2026-08-28,Delivered,Credit Card
52553,304,2025-08-31,Cancelled,UPI
52821,484,03/05/2025,Delivered,UPI
54198,946,2026-07-21,DELIVERED,Net Banking
51125,111,08-09-2024,Delivered,UPI
50634,384,08-11-2024,Delivered,COD
56827,481,28/11/2025,Delivered,UPI
56595,68,2024-07-19,Delivered,Debit Card
53520,347,13-10-2025,DELIVERED,UPI
54475,285,2024-09-09,Delivered,UPI
57245,115,14/05/2024,,UPI
54254,488,2024-12-21,Delivered,Debit Card
57097,313,03/03/2024,Cancelled,UPI
50395,834,19/08/2024,Delivered,UPI
54741,339,26/06/2024,Returned,upi
50738,20,06-02-2026,Pending,Net Banking
55072,49,06/07/2026,Delivered,Credit Card
55764,650,17/01/2026,Delivered,Debit Card
53998,156,07/05/2026,Pending,UPI
52720,265,30/08/2025,Delivered,Credit Card
56825,265,11/05/2026,Delivered,Credit Card
54766,206,2024-10-25,Delivered,UPI
53744,815,07-03-2026,Delivered,cod
57523,754,10-09-2025,Delivered,COD
57086,366,2025-04-16,Delivered,UPI
56540,60,20-07-2024,Delivered,UPI
57205,192,09-01-2026,Delivered,UPI
57666,25,04-02-2026,Returned,Credit Card
53706,12,13/05/2026,Cancelled,upi
55755,900,2024-09-14,Delivered,Credit Card
50207,478,11/02/2026,Delivered,UPI
56852,129,14/08/2024,Cancelled,Debit Card
53193,470,13-06-2024,Delivered,Net Banking
53824,126,2024-09-12,cancelled,Credit Card
54328,23,2024-05-07,Delivered,COD
50679,747,2026-02-21,Delivered,Credit Card
50761,25,2024-11-30,Delivered,Credit Card
52546,139,2025-11-08,DELIVERED,UPI
51844,358,11/07/2026,Cancelled,UPI
55722,665,2026-04-20,Delivered,COD
56116,243,20/11/2024,Pending,Net Banking
55884,18,02/02/2026,Delivered,Credit Card
57819,76,2024-06-02,Delivered,UPI
54042,192,08/03/2026,Delivered,UPI
54831,14,2024-11-18,Delivered,UPI
53222,366,2025-03-23,Pending,UPI
57772,295,2026-07-03,Delivered,UPI
51965,875,2025-06-03,Delivered,COD
57503,735,25/08/2026,Delivered,COD
53827,785,19-01-2025,,Credit Card
54056,502,13/11/2025,Delivered,UPI
53911,138,01/07/2024,Delivered,UPI
51081,121,18-12-2025,Cancelled,UPI
56894,443,26/02/2024,Delivered,COD
56681,845,2026-08-26,delivered,Net Banking
57679,343,09/06/2025,Delivered,COD
53313,1046,2025-06-08,Returned,Cod
57066,61,08-01-2026,Delivered,UPI
54341,918,14/03/2024,Delivered,Credit Card
55942,77,25-02-2025,Delivered,Debit Card
53456,185,15/11/2025,Pending,Debit Card
57430,590,24/05/2024,Delivered,UPI
56728,622,2024-02-25,Pending,UPI
53521,846,30/07/2026,Delivered,Credit Card
54252,282,14-01-2025,Delivered,DEBIT CARD
50037,459,2025-02-24,Delivered,UPI
50523,656,2025-08-04,DELIVERED,UPI
52907,956,13/04/2025,Returned,UPI
56153,503,12/05/2024,Delivered,Credit Card
52305,730,2025-04-30,Delivered,UPI
54892,1035,29/01/2025,Delivered,Cod
55337,198,03/12/2024,Delivered,Debit Card
54566,77,17-03-2026,Cancelled,UPI
50611,122,11-06-2025,Cancelled,COD
52862,497,2025-09-10,Pending,UPI
57466,761,12/08/2026,Delivered,Credit Card
52268,290,2025-11-10,Delivered,Credit Card
57300,278,2024-08-29,Pending,CREDIT CARD
51872,357,05/09/2024,Pending,Net Banking
52832,710,17-12-2024,Delivered,UPI
53121,104,29/04/2026,Delivered,Credit Card
57960,861,2025-05-13,delivered,Credit Card
57339,526,2024-07-28,Delivered,UPI
55405,41,12/07/2025,Pending,Credit Card
55253,257,2024-06-15,Delivered,UPI
55869,754,21/06/2025,Pending,Credit Card
50767,10,2026-02-22,Delivered,Credit Card
56554,546,2026-01-01,Cancelled,COD
51617,198,2025-01-08,Delivered,UPI
51083,334,24-05-2024,Delivered,UPI
53662,102,30/09/2025,Delivered,Credit Card
55339,110,09/04/2026,Delivered,UPI
51879,298,16-09-2024,Delivered,Net Banking
54883,664,10/10/2025,Cancelled,Credit Card
56615,32,2026-04-18,Delivered,COD
55061,492,26/12/2024,Delivered,CREDIT CARD
56398,199,2026-04-29,delivered,UPI
50019,442,2024-08-06,RETURNED,Credit Card
55959,462,2025-11-01,Delivered,Credit Card
54297,310,2024-04-26,Cancelled,UPI
52893,242,2026-03-26,DELIVERED,Debit Card
56903,421,05/05/2024,Delivered,Net Banking
55783,12,12/05/2024,Delivered,credit card
52050,365,03/11/2024,Delivered,UPI
53569,367,07-11-2024,Delivered,Debit Card
51042,108,2024-02-24,delivered,COD
52754,50,2024-03-06,Delivered,UPI
53346,691,30-06-2026,Delivered,Credit Card
55135,103,10-02-2024,Pending,UPI
51122,678,2025-11-12,Delivered,COD
56646,347,2024-05-23,Delivered,COD
53636,733,26-08-2026,Delivered,UPI
55800,40,2025-01-22,Delivered,UPI
50192,44,26-02-2024,Delivered,
57011,61,20/09/2024,Delivered,Debit Card
50063,46,2026-02-01,Delivered,UPI
51184,352,2025-12-30,,DEBIT CARD
56202,92,2026-04-20,Delivered,Credit Card
57056,1,2024-11-19,Pending,Credit Card
56375,266,04/07/2024,Pending,UPI
56048,109,2025-08-03,Returned,COD
54850,33,19/03/2024,Pending,UPI
54879,547,04-06-2025,Delivered,UPI
53443,6,2025-12-29,Delivered,Credit Card
54730,257,20/01/2024,Delivered,Debit Card
50649,301,2026-01-08,Delivered,Credit Card
55964,109,26-09-2025,,Credit Card
56784,821,09-02-2026,Pending,Net Banking
55244,122,2024-04-20,Delivered,Credit Card
52175,373,2024-09-24,Pending,Credit Card
57033,85,2024-10-13,Returned,UPI
53307,4,2026-01-12,Delivered,UPI
52228,114,23/10/2024,Delivered,Credit Card
53797,750,07/07/2026,Delivered,Debit Card
57099,33,16/06/2026,delivered,COD
53746,1018,2026-06-25,delivered,Credit Card
57462,894,12-05-2025,Delivered,COD
56333,523,23/11/2024,Delivered,Debit Card
53508,107,2025-11-06,Delivered,Net Banking
56740,6,23/05/2026,delivered,UPI
51460,516,2024-02-04,Delivered,Credit Card
57791,355,2024-09-07,Delivered,COD
52075,595,2025-05-27,Delivered,Credit Card
57195,806,2024-02-09,Delivered,UPI
57979,427,2025-10-11,Delivered,Debit Card
53586,363,2025-05-27,Cancelled,COD
52851,25,04-07-2026,Delivered,COD
55846,282,2025-04-04,Delivered,Credit Card
57039,391,2024-02-17,Delivered,UPI
52632,895,11/01/2026,Delivered,Debit Card
54377,938,14/10/2025,Delivered,Cod
52397,208,05-05-2025,Delivered,UPI
54074,54,13/08/2024,RETURNED,Net Banking
56033,147,08-04-2024,Delivered,Debit Card
52051,1078,22/03/2025,Delivered,UPI
51068,453,2026-03-11,Cancelled,upi
55604,50,2025-07-17,Delivered,UPI
56006,67,28-07-2025,Delivered,UPI
54969,443,29-04-2025,Cancelled,Credit Card
57821,38,2025-03-21,Delivered,Credit Card
50008,95,01-10-2025,Pending,UPI
50787,311,28-01-2024,Delivered,UPI
50167,155,2025-12-01,Delivered,Debit Card
57867,174,02/05/2024,Delivered,UPI
53221,177,2024-05-04,RETURNED,UPI
57780,471,2024-11-20,Delivered,CREDIT CARD
50722,30,2024-07-07,Cancelled,UPI
50729,471,2026-08-17,Delivered,Credit Card
51934,249,01/03/2025,Delivered,Debit Card
50338,285,10/02/2024,Pending,UPI
53693,100,18-09-2024,Delivered,Credit Card
53522,856,08/01/2025,Delivered,Credit Card
55756,44,04/01/2026,DELIVERED,Cod
53587,767,2024-11-10,Pending,Debit Card
53019,117,2025-04-10,Delivered,Credit Card
51233,186,2024-11-03,Returned,Debit Card
54059,344,2025-01-30,Pending,COD
52948,798,06/07/2025,Delivered,debit card
52033,948,05/02/2026,Delivered,Debit Card
55901,53,16/08/2026,Pending,Credit Card
50115,860,02/04/2024,Delivered,UPI
54737,38,29-06-2026,Delivered,cod
57744,67,2024-04-10,Delivered,COD
54275,26,2024-05-28,Pending,UPI
57588,375,30/09/2024,delivered,COD
57212,1036,21-08-2025,Delivered,Credit Card
54468,625,26/10/2025,Delivered,UPI
57350,92,25/08/2026,Delivered,COD
56460,85,2025-03-12,Delivered,COD
57076,177,22/05/2026,Delivered,debit card
55600,387,2024-06-12,Cancelled,UPI
54563,204,2025-06-19,Cancelled,Credit Card
54444,870,2026-04-16,Delivered,UPI
54085,398,26/05/2026,Pending,Debit Card
54125,726,13-03-2026,Delivered,Credit Card
53796,34,2025-04-02,Delivered,UPI
51900,13,17-08-2025,Delivered,UPI
54123,100,2024-01-23,Delivered,Credit Card
57771,70,2024-01-10,Delivered,COD
50028,144,18/07/2025,Delivered,Upi
54648,796,2026-05-20,Delivered,Debit Card
57044,76,2024-10-26,Delivered,UPI
55666,494,04-04-2026,Delivered,UPI
53772,701,2025-04-19,Pending,UPI
57402,464,2025-06-28,Delivered,UPI
53604,395,11-04-2026,Delivered,Debit Card
50989,943,2026-08-22,Delivered,COD
57114,822,17/05/2025,DELIVERED,Credit Card
54251,935,2025-05-18,Delivered,UPI
52101,630,20/01/2026,Delivered,UPI
55658,95,2024-10-22,,UPI
57864,295,2026-06-26,Delivered,UPI
53076,136,2024-05-15,Delivered,Net Banking
54918,289,15-05-2025,Delivered,Upi
50715,901,2025-11-06,Delivered,UPI
54095,578,27/07/2026,Delivered,Debit Card
52079,361,2024-03-12,Delivered,Credit Card
57774,61,06-10-2024,Returned,UPI
53383,171,2025-07-18,Returned,UPI
55015,171,13/08/2026,Pending,Credit Card
54897,845,29/06/2026,Cancelled,UPI
54077,331,2024-10-29,Delivered,Credit Card
51115,120,2024-07-20,Delivered,COD
56782,380,2026-01-03,Pending,COD
56883,53,2024-01-17,delivered,Debit Card
50026,32,10/04/2024,Delivered,COD
57594,375,09-06-2024,Delivered,UPI
50709,341,14/02/2026,Delivered,Net Banking
52116,139,09/08/2025,Returned,Credit Card
57071,244,20/11/2024,Delivered,Credit Card
56927,130,12-01-2025,Delivered,Credit Card
51214,248,2024-11-07,Delivered,COD
55007,95,2025-11-23,Delivered,UPI
51926,299,01-05-2026,Delivered,UPI
57755,370,04-08-2025,Pending,UPI
54133,120,2024-04-26,Cancelled,UPI
52723,492,27-05-2025,Pending,Net Banking
51331,372,2026-05-03,Delivered,UPI
54818,215,20-10-2025,Delivered,UPI
56539,127,29-08-2025,Cancelled,Debit Card
52099,164,15/05/2024,Pending,UPI
54362,40,2025-01-11,delivered,Credit Card
50908,1004,2026-07-22,Pending,UPI
57806,86,2026-01-20,Pending,UPI
57531,366,2024-06-08,Delivered,Debit Card
51199,260,2024-05-12,Delivered,UPI
57923,127,09-08-2026,Delivered,UPI
53800,663,2025-10-12,Pending,UPI
51725,49,25/01/2026,Delivered,Credit Card
50967,825,01-04-2026,DELIVERED,UPI
54173,24,08/03/2024,Delivered,UPI
56142,180,08/12/2025,Returned,Credit Card
52700,86,2026-08-30,Delivered,Credit Card
51367,19,04/01/2026,Delivered,DEBIT CARD
53279,323,2024-01-27,Cancelled,UPI
56396,380,2024-03-12,Cancelled,UPI
56535,336,05/03/2025,Delivered,Credit Card
54260,66,2024-08-31,Delivered,COD
55695,893,2024-11-03,Delivered,UPI
54961,383,2025-06-04,Cancelled,Upi
51155,14,13/12/2024,Returned,Debit Card
52208,108,13/06/2025,Pending,Credit Card
57108,356,25/07/2025,Delivered,UPI
55476,114,15/01/2026,delivered,UPI
55715,226,2026-07-06,Delivered,UPI
53655,122,16/12/2025,Delivered,UPI
51449,26,10/01/2026,Delivered,UPI
53300,1,09-06-2025,Cancelled,Cod
57607,795,15-06-2024,,Credit Card
52105,395,2024-04-14,Delivered,Upi
56472,53,21/06/2024,Delivered,Debit Card
51252,195,25-10-2024,Delivered,Net Banking
55095,327,2026-02-09,Delivered,UPI
56365,723,2025-05-16,Delivered,UPI
50886,56,04-04-2026,Delivered,Debit Card
55101,208,2025-08-28,Delivered,COD
57968,291,06/06/2026,Delivered,Debit Card
55439,372,05/10/2025,Delivered,UPI
55498,110,2024-05-10,Delivered,UPI
53792,15,2024-09-12,,Credit Card
50114,336,25-05-2024,Delivered,Net Banking
55421,357,2026-03-29,Delivered,UPI
55535,315,22/11/2025,Returned,COD
56537,428,2025-11-01,Delivered,Net Banking
51206,352,18-03-2025,Delivered,Credit Card
50983,546,2024-04-29,Delivered,CREDIT CARD
57560,765,24/03/2024,Delivered,UPI
52385,465,2024-02-17,Returned,UPI
57372,275,2025-05-01,delivered,UPI
55599,53,2025-07-09,Delivered,UPI
55325,16,05-12-2025,Delivered,DEBIT CARD
50531,59,19-12-2025,Delivered,Debit Card
55556,231,23-01-2024,Delivered,UPI
52888,80,20-04-2025,Delivered,UPI
51283,567,03-12-2025,,UPI
50620,351,23/06/2024,Returned,Credit Card
56765,235,10/11/2025,Delivered,Debit Card
50388,31,07-05-2026,Delivered,debit card
57478,909,05-08-2024,Delivered,COD
52927,346,13-02-2025,Delivered,cod
51421,90,19/01/2026,Delivered,UPI
55999,299,07/01/2025,Cancelled,COD
56725,161,24-12-2024,Delivered,Debit Card
51837,564,10-08-2024,Delivered,Debit Card
52670,27,03-11-2024,DELIVERED,UPI
50010,118,09/05/2026,Delivered,cod
51077,76,25-09-2024,Pending,Credit Card
57500,82,2024-06-20,Delivered,credit card
57918,1041,2024-11-14,Delivered,Net Banking
54009,1011,2024-04-24,DELIVERED,credit card
52641,902,13/03/2026,Delivered,Debit Card
54656,180,10/05/2024,delivered,UPI
54734,603,2026-05-11,Delivered,Net Banking
52107,189,13-05-2025,Delivered,Net Banking
56035,481,15-12-2025,Delivered,UPI
51447,26,23-06-2025,Delivered,Debit Card
53409,365,2026-04-17,Delivered,UPI
56967,262,12-08-2024,Delivered,Credit Card
54274,356,2026-06-24,Delivered,UPI
51596,532,30-04-2026,Delivered,UPI
54104,443,26/12/2025,Pending,Credit Card
56907,54,12/03/2026,Delivered,Net Banking
51092,840,2024-03-01,Delivered,UPI
50765,914,24/09/2024,Delivered,UPI
50810,183,30/08/2024,Delivered,UPI
52071,8,2024-09-21,Returned,UPI
57538,177,04-06-2025,Delivered,UPI
53591,1040,2025-01-14,Delivered,UPI
56337,317,2024-02-17,Delivered,Debit Card
51096,188,17/02/2026,Pending,UPI
51459,73,2026-03-03,Pending,Credit Card
54334,64,03-11-2025,Delivered,Credit Card
52082,460,02-04-2025,Delivered,UPI
52906,583,2025-05-17,pending,
51932,359,2025-02-08,Delivered,COD
54823,360,2026-08-05,Cancelled,UPI
55334,341,26/04/2026,Delivered,Credit Card
51935,805,2025-11-12,Delivered,DEBIT CARD
52870,448,21-10-2024,Delivered,COD
53874,951,2025-12-05,Delivered,Debit Card
56659,461,2024-09-20,delivered,Debit Card
57970,43,2024-05-03,Delivered,COD
52224,402,2026-04-10,Delivered,Credit Card
50654,121,2026-02-04,,UPI
56892,121,2024-02-01,Cancelled,Credit Card
52232,44,2025-01-13,Delivered,UPI
50436,522,28-08-2024,Delivered,UPI
51993,423,25/04/2024,Delivered,credit card
56218,89,27-01-2024,Delivered,Credit Card
57386,6,2024-04-28,Delivered,Credit Card
52808,357,31/01/2025,Cancelled,Credit Card
55519,71,08-05-2025,Delivered,Credit Card
55262,83,2024-11-07,Delivered,UPI
54683,327,03/06/2025,Delivered,Debit Card
55024,601,2025-01-19,Delivered,UPI
51672,991,2024-08-08,delivered,UPI
52139,974,2025-03-15,Delivered,Credit Card
51078,303,01-03-2024,Delivered,Debit Card
55796,630,27-10-2024,Returned,UPI
54810,99,03/01/2024,Returned,CREDIT CARD
56191,780,16-06-2025,Pending,UPI
57213,283,16/02/2024,Delivered,Credit Card
57815,641,25/12/2024,,UPI
54257,290,02-08-2026,Delivered,UPI
50040,694,2026-04-20,PENDING,UPI
54755,24,23/07/2024,Delivered,DEBIT CARD
51788,441,23-02-2026,Delivered,Credit Card
54418,361,31/05/2024,Delivered,Net Banking
50377,586,14/11/2024,Delivered,Debit Card
56360,87,18/12/2025,Delivered,UPI
55099,188,07-06-2024,Delivered,cod
55092,48,2025-12-19,Pending,Net Banking
55443,104,2025-07-31,Delivered,UPI
52673,649,2025-04-30,Delivered,UPI
50158,647,09/12/2025,cancelled,COD
57265,63,05-06-2024,DELIVERED,UPI
51354,63,2025-02-09,Delivered,UPI
57987,161,2026-05-14,Delivered,Credit Card
56496,123,08-07-2026,Delivered,UPI
51954,333,25/09/2025,Delivered,COD
57144,798,12/08/2026,Delivered,Debit Card
55214,94,2024-03-11,Cancelled,Debit Card
56930,117,09/07/2024,Delivered,Credit Card
55933,72,01-08-2024,Delivered,Net Banking
51535,477,12-12-2024,Delivered,Debit Card
50259,40,16-06-2026,RETURNED,UPI
51768,945,15-02-2025,Delivered,Net Banking
56801,74,2024-01-20,Delivered,UPI
56602,284,16-12-2024,Delivered,Credit Card
56124,365,2024-01-16,DELIVERED,Net Banking
50499,474,16-09-2024,Delivered,Credit Card
50220,78,17-03-2025,Delivered,UPI
55592,925,2024-01-10,Delivered,UPI
52149,907,02-07-2024,Delivered,upi
56334,1043,04-06-2026,Delivered,UPI
56586,413,2024-08-13,Pending,Credit Card
56227,996,19-06-2026,Delivered,UPI
56701,306,2024-08-31,Delivered,UPI
50162,1075,2025-10-24,Delivered,Credit Card
52490,655,26-11-2024,Delivered,UPI
54051,806,2024-07-23,Delivered,Debit Card
56645,143,23/01/2025,Delivered,UPI
54516,282,2025-12-28,Delivered,UPI
53386,288,24-10-2024,Delivered,UPI
55787,571,09/12/2024,Delivered,Net Banking
52871,138,21/10/2024,Delivered,COD
52915,455,16/10/2024,Returned,UPI
54921,66,17-10-2024,Delivered,UPI
51952,760,2024-03-12,Delivered,COD
50734,1049,2025-12-07,Delivered,UPI
54064,258,2025-05-11,Delivered,Credit Card
50514,783,2025-07-13,Delivered,Debit Card
50617,322,2024-02-16,Delivered,Credit Card
53624,62,2025-10-25,Delivered,COD
52852,28,2024-06-03,Delivered,Credit Card
55254,426,29-04-2026,Cancelled,UPI
56042,793,04-02-2026,Delivered,Net Banking
54088,147,08-06-2026,Delivered,UPI
52510,204,19/08/2026,Delivered,COD
55246,322,14-11-2025,Delivered,UPI
57973,652,2025-08-30,Delivered,UPI
56444,483,19/08/2026,Delivered,Credit Card
57958,915,23-07-2024,Delivered,UPI
51260,10,11/03/2025,Delivered,Debit Card
55041,27,21-04-2025,Delivered,Debit Card
57174,36,25-11-2025,Delivered,UPI
54061,131,07/01/2024,Delivered,Credit Card
55454,728,15-11-2025,Delivered,DEBIT CARD
56324,414,2025-08-24,Delivered,CREDIT CARD
55321,782,14/04/2026,Delivered,Net Banking
56735,115,2025-04-10,delivered,Debit Card
54630,136,2026-06-08,Delivered,UPI
56882,261,2024-02-14,,Net Banking
53044,134,2025-04-02,delivered,Debit Card
55156,2,2026-01-10,Returned,Credit Card
55423,457,23/11/2024,Delivered,UPI
55646,676,2025-12-12,DELIVERED,UPI
54619,1076,2025-01-16,Delivered,Upi
52290,116,04-04-2025,DELIVERED,UPI
55586,1040,18/07/2024,Delivered,UPI
50590,933,13/09/2025,Delivered,
53681,152,30/09/2024,Returned,UPI
52374,140,28-04-2026,Delivered,UPI
56920,383,06/09/2024,Returned,COD
53320,557,20-08-2024,Delivered,UPI
56374,1032,27/04/2026,Delivered,Credit Card
55968,715,2024-06-19,Delivered,UPI
54943,163,09/10/2025,DELIVERED,Credit Card
50428,965,06/09/2025,Delivered,UPI
52921,99,2025-12-08,Pending,UPI
55320,345,2024-07-26,DELIVERED,Debit Card
50382,155,21/03/2026,Delivered,UPI
53433,423,2026-05-06,Delivered,COD
50328,485,2024-09-13,DELIVERED,COD
53818,232,2024-09-08,Delivered,COD
51091,969,2025-11-29,Delivered,UPI
54507,924,2025-04-25,Delivered,Debit Card
55762,828,14/07/2026,Delivered,COD
56005,409,15-07-2024,Delivered,Debit Card
51532,988,10/09/2024,Delivered,COD
52602,138,2026-01-06,Returned,Credit Card
52610,29,2026-08-04,Delivered,Credit Card
57276,38,19-04-2024,Delivered,Credit Card
50551,400,2024-05-21,Delivered,UPI
52212,598,2024-06-11,Delivered,Net Banking
53105,538,01/10/2024,Delivered,UPI
57519,560,2026-03-28,Cancelled,Credit Card
57915,327,14-12-2025,Delivered,
57189,116,2025-06-21,Cancelled,UPI
53839,421,16-06-2024,Delivered,Net Banking
53915,170,31/01/2025,Delivered,Debit Card
53872,399,05-01-2026,Delivered,Cod
50893,540,2026-04-16,DELIVERED,UPI
55364,1062,20-02-2025,Delivered,Debit Card
55955,71,06/11/2024,Delivered,UPI
54731,242,2026-01-30,Delivered,Debit Card
53794,496,05/01/2024,delivered,DEBIT CARD
55282,384,2024-11-11,Delivered,Debit Card
56037,503,07/06/2025,Delivered,Upi
53034,90,2026-07-21,Delivered,COD
50548,324,11-08-2025,Cancelled,Debit Card
50917,391,21/04/2024,Delivered,UPI
53338,25,2025-01-09,Delivered,Net Banking
51338,430,10/07/2025,Delivered,UPI
50606,221,14/03/2024,Delivered,Credit Card
54500,469,2025-12-31,Returned,Credit Card
50813,261,2026-06-15,DELIVERED,Credit Card
56367,276,2024-08-06,Delivered,UPI
56846,881,21-11-2024,Delivered,COD
51855,844,23/11/2024,Cancelled,COD
52453,20,10-08-2025,Delivered,UPI
55524,423,2025-07-05,PENDING,Credit Card
53440,100,08-01-2025,Delivered,UPI
50591,445,17-05-2025,Delivered,Credit Card
57344,327,31-08-2024,Delivered,Debit Card
55485,456,2025-01-12,Cancelled,Credit Card
54564,320,2026-07-26,Cancelled,Net Banking
55795,864,2024-05-20,Returned,UPI
57432,47,2026-08-31,Delivered,UPI
50494,491,2025-10-23,Delivered,UPI
52479,359,2026-03-19,Delivered,UPI
51876,610,2026-01-22,Delivered,credit card
50422,842,2024-02-22,Cancelled,upi
57022,264,2024-12-16,Delivered,Debit Card
52199,93,13/03/2026,delivered,Net Banking
57965,41,05/07/2026,Delivered,COD
52790,153,2025-12-21,Delivered,upi
57461,399,08-10-2024,Delivered,Debit Card
52518,790,02-07-2026,DELIVERED,Debit Card
54922,1045,04-02-2026,Delivered,UPI
57685,150,16-04-2025,Delivered,CREDIT CARD
56299,495,2024-12-03,Delivered,UPI
54812,137,29-06-2025,delivered,UPI
54738,19,2025-11-09,Delivered,UPI
56810,34,17-08-2025,Returned,Credit Card
51320,22,2026-08-21,Cancelled,Debit Card
52272,499,2025-04-17,Delivered,Credit Card
55874,238,2025-08-01,Pending,Debit Card
53366,294,28/03/2026,Delivered,UPI
54832,914,15/02/2024,Pending,UPI
57376,97,2025-02-18,Delivered,Credit Card
53124,244,19/12/2025,Delivered,Credit Card
56838,282,19/05/2024,,UPI
57415,484,2025-09-12,Delivered,Upi
54613,85,2025-05-22,Delivered,Credit Card
54037,102,07/06/2026,Cancelled,Credit Card
52562,268,10/06/2026,returned,UPI
55895,45,2025-09-07,Delivered,UPI
55159,147,2025-12-04,delivered,UPI
56146,70,2024-07-19,Cancelled,UPI
52457,75,2026-04-26,delivered,UPI
56465,124,16-07-2025,Delivered,UPI
52659,249,2025-12-21,Cancelled,upi
52505,26,03-08-2025,Delivered,CREDIT CARD
50050,335,2024-08-25,Cancelled,UPI
54397,433,13/08/2025,PENDING,UPI
54965,543,2024-07-05,delivered,UPI
52467,811,05-07-2026,Delivered,Credit Card
54900,67,12/01/2025,Returned,UPI
57982,603,2024-03-05,Cancelled,UPI
57249,121,15/07/2026,Delivered,Credit Card
56277,647,2026-06-26,Delivered,COD
56212,259,05/11/2024,Delivered,UPI
55844,268,25-08-2024,Delivered,COD
55374,298,21-08-2025,Delivered,Net Banking
56207,157,2026-04-04,Delivered,COD
52480,366,24/05/2024,Delivered,
52850,808,2026-08-30,Delivered,UPI
54872,172,14/04/2024,Pending,COD
50697,773,2025-04-16,,Credit Card
53154,673,2024-11-04,Delivered,COD
56593,765,20-03-2025,Delivered,UPI
53156,135,2024-08-03,Pending,Net Banking
57084,841,20-08-2024,Cancelled,UPI
54931,156,2025-06-29,Delivered,Debit Card
51317,701,18-05-2024,Delivered,Credit Card
53682,355,2024-03-26,Delivered,UPI
52217,533,10-08-2024,Delivered,Credit Card
54370,983,2026-02-25,Returned,DEBIT CARD
56060,57,2025-09-07,Delivered,Debit Card
50748,738,22-03-2024,Returned,COD
55752,1011,19-03-2026,Delivered,Credit Card
57467,155,01/12/2025,Delivered,Credit Card
51267,84,2024-03-21,Delivered,upi
50195,42,2026-01-15,Delivered,COD
54204,32,03-10-2024,Delivered,UPI
53884,997,2024-07-28,Delivered,UPI
55037,831,16-02-2026,Delivered,Credit Card
50415,665,25-06-2025,DELIVERED,credit card
52698,724,10-08-2026,Delivered,UPI
57536,174,2025-11-07,Delivered,Net Banking
52014,69,2025-03-27,Pending,Debit Card
50728,675,07/01/2025,Delivered,Debit Card
57770,123,2025-04-04,Delivered,Credit Card
57464,108,2024-10-14,Delivered,UPI
51956,93,2025-04-12,Delivered,upi
52487,777,19/10/2024,Delivered,Debit Card
55436,140,13/08/2026,Cancelled,UPI
57601,792,2025-02-16,Delivered,UPI
55033,943,01-10-2025,DELIVERED,UPI
53659,277,03-08-2024,Delivered,Cod
50375,641,07-09-2025,Delivered,Net Banking
52658,506,2026-07-10,Delivered,UPI
57966,106,2025-09-19,Delivered,Net Banking
52126,22,31-05-2026,Delivered,Net Banking
52509,204,05/07/2025,Delivered,Credit Card
57229,890,17/01/2026,Delivered,UPI
51297,1050,10-05-2024,Delivered,COD
56628,9,2026-07-28,Delivered,UPI
54989,223,01/04/2024,Delivered,COD
54248,1025,2024-09-29,Delivered,Debit Card
50671,444,2026-03-24,Delivered,UPI
54926,118,02/01/2024,Pending,Debit Card
52967,903,28-07-2024,Delivered,Credit Card
52621,44,2026-03-01,Delivered,Credit Card
54020,306,2024-12-02,RETURNED,Debit Card
51208,548,05-06-2024,DELIVERED,Net Banking
55132,1047,04-07-2026,Delivered,COD
55871,428,2025-07-05,Delivered,COD
54096,231,15/02/2024,DELIVERED,Credit Card
55208,374,14/03/2026,Delivered,Debit Card
52016,238,27/05/2025,Cancelled,UPI
55371,1076,14-03-2025,Delivered,UPI
56721,1054,2025-06-13,Delivered,COD
50288,378,06/05/2024,Cancelled,DEBIT CARD
57434,127,06-09-2024,Delivered,UPI
52367,1058,22/02/2024,Delivered,Net Banking
54245,289,12/08/2025,Delivered,Credit Card
51234,95,2026-04-25,Cancelled,Debit Card
53204,417,06/11/2024,Delivered,UPI
54290,918,28/10/2025,Delivered,Credit Card
54843,342,2026-01-24,Delivered,Debit Card
57324,143,21/12/2025,delivered,UPI
55648,562,12/07/2025,Delivered,Debit Card
51177,581,05/05/2024,Cancelled,Credit Card
53095,492,2024-03-13,Delivered,Debit Card
55708,553,2025-09-22,,Credit Card
55572,203,26/06/2025,Delivered,Credit Card
56217,50,12-04-2024,Returned,UPI
56041,507,2025-11-25,Delivered,UPI
53120,386,15-07-2024,Cancelled,Credit Card
55957,54,2026-06-13,Delivered,Credit Card
55230,51,2025-06-24,Delivered,UPI
55698,198,2025-05-11,Pending,Net Banking
52018,176,2026-08-29,Delivered,Net Banking
52218,69,25/11/2025,DELIVERED,COD
52549,479,30/10/2025,Delivered,UPI
53622,659,19/01/2026,Delivered,UPI
57926,780,2026-03-14,Delivered,UPI
51547,42,2024-03-04,Delivered,CREDIT CARD
54920,704,16-01-2026,Delivered,UPI
50294,306,2025-02-21,CANCELLED,UPI
51076,159,08-01-2026,Delivered,UPI
53010,125,2024-02-02,Delivered,Credit Card
52532,522,04-04-2026,Pending,Credit Card
52648,270,13/12/2024,Delivered,UPI
50885,64,25-01-2026,Delivered,UPI
56499,139,26-02-2026,Cancelled,Net Banking
51865,532,17/04/2025,Delivered,UPI
56557,2,2026-07-20,Delivered,Credit Card
53923,693,2025-03-27,Cancelled,Net Banking
53828,361,2024-03-13,Delivered,Credit Card
52735,490,14/08/2024,Delivered,UPI
55583,244,08-02-2024,Cancelled,Credit Card
54820,20,2025-03-31,Delivered,UPI
53656,20,2025-02-26,Delivered,Debit Card
56448,1029,2026-05-04,,Credit Card
53130,178,2025-06-22,Delivered,Credit Card
51350,673,2025-09-30,Delivered,COD
56514,17,29/04/2026,Delivered,UPI
57137,89,2025-08-19,Delivered,Debit Card
51979,45,01-08-2026,Returned,Net Banking
56169,83,28/05/2026,RETURNED,Credit Card
54714,40,2026-03-22,Delivered,COD
50968,348,04/05/2024,Returned,Debit Card
51513,490,13-08-2024,Delivered,Debit Card
54680,294,2025-01-08,Pending,Credit Card
55444,775,06-12-2024,Cancelled,COD
53358,161,2026-05-31,Delivered,Credit Card
50941,97,09/07/2026,Delivered,Net Banking
56323,248,2025-11-17,Returned,Credit Card
56988,56,07-10-2025,Delivered,Debit Card
52637,119,2025-07-11,Delivered,UPI
54434,279,15-08-2026,Delivered,UPI
56196,312,25-03-2025,Delivered,UPI
53265,64,2024-10-31,Delivered,COD
50987,9,05/11/2024,Delivered,Credit Card
53036,372,08-04-2024,Delivered,
57697,131,2026-01-31,Delivered,Debit Card
50604,112,2024-07-27,Delivered,UPI
51263,363,09/02/2025,Delivered,Credit Card
56436,876,18/05/2026,Delivered,Credit Card
56264,23,2026-02-19,Delivered,Debit Card
57674,357,04/06/2026,Delivered,Credit Card
53057,830,07/04/2025,Delivered,Credit Card
53560,89,2024-10-17,Delivered,UPI
55608,566,12/01/2024,Delivered,UPI
56649,438,28/10/2024,Delivered,Net Banking
52058,1013,14/01/2026,returned,UPI
54326,447,2024-08-06,Delivered,Net Banking
51888,54,2026-08-18,Delivered,Debit Card
51627,7,2024-01-22,Delivered,COD
56287,937,2026-02-11,Pending,Credit Card
57329,11,01-07-2026,Delivered,UPI
52956,257,08-11-2024,Delivered,Debit Card
55784,23,03-10-2025,Delivered,UPI
56717,847,2024-07-30,DELIVERED,Net Banking
50747,133,14/06/2024,Delivered,UPI
51023,892,19-10-2025,Delivered,UPI
51506,201,17-07-2025,Delivered,Net Banking
53513,497,10-07-2026,Cancelled,Credit Card
51476,723,01-10-2024,Delivered,UPI
52006,733,2025-05-23,Delivered,COD
50914,37,26-03-2024,Pending,Debit Card
56492,390,2026-04-19,Delivered,UPI
53503,920,2025-07-13,Delivered,cod
54637,1057,2024-12-16,Delivered,Debit Card
55017,173,2026-08-12,Returned,net banking
54556,397,2026-06-12,Delivered,UPI
52764,812,2025-11-11,DELIVERED,Net Banking
53603,298,2024-05-30,Delivered,Net Banking
51147,120,06/06/2024,Delivered,Debit Card
51533,498,2025-01-27,Delivered,Credit Card
52267,14,08/09/2025,Pending,UPI
53854,108,2025-12-21,Delivered,Debit Card
50477,402,27/10/2024,Delivered,Net Banking
56525,781,2024-10-18,Delivered,Debit Card
55077,367,2026-08-05,pending,COD
52387,12,2024-10-05,Delivered,
56997,736,2025-03-11,Delivered,COD
55711,245,07/08/2026,Delivered,UPI
53026,174,2025-11-21,Delivered,COD
52039,806,11-03-2024,delivered,Debit Card
52011,390,2026-03-13,Returned,DEBIT CARD
57981,573,2024-09-13,Delivered,credit card
54345,350,11/04/2026,Delivered,Credit Card
53160,306,2024-06-12,Delivered,Debit Card
57196,59,2026-04-17,Delivered,UPI
56245,571,03/08/2026,Delivered,Credit Card
53482,1058,18-09-2024,Delivered,Credit Card
57786,608,2024-11-30,Delivered,Credit Card
51863,784,2026-04-01,Delivered,Net Banking
56451,567,2026-06-02,Delivered,
57812,60,2024-10-12,Delivered,UPI
51773,96,06-04-2024,Delivered,Credit Card
51494,104,09/03/2026,Delivered,Debit Card
50258,250,2024-04-06,Delivered,Net Banking
56136,846,24-04-2024,Delivered,Credit Card
53157,497,01/10/2024,Delivered,Debit Card
57392,266,2025-11-16,Delivered,UPI
54355,143,2025-05-10,delivered,UPI
52991,1031,2026-04-25,Delivered,Credit Card
56929,280,2024-01-05,Delivered,Debit Card
54112,36,08-01-2024,Delivered,UPI
57079,70,2024-05-05,Cancelled,COD
53257,1065,31/01/2026,Delivered,Credit Card
54070,66,05/07/2024,Delivered,COD
57497,522,09/04/2026,Delivered,UPI
53882,148,13-11-2025,Delivered,Debit Card
54127,721,2024-11-07,Delivered,UPI
52243,659,09/11/2025,Delivered,Net Banking
52771,46,21/06/2026,Delivered,Credit Card
50817,508,2024-02-21,Delivered,UPI
57291,721,13/07/2025,Delivered,UPI
57799,107,21-07-2025,Delivered,Credit Card
56101,1074,30-05-2024,Delivered,Debit Card
53535,193,2024-07-19,Delivered,UPI
55988,44,10-07-2024,,Upi
52436,290,2024-07-16,Pending,Net Banking
54424,992,2024-04-30,Cancelled,Debit Card
53548,961,29-12-2025,Delivered,Credit Card
57612,63,05-03-2024,Delivered,COD
51321,32,25/01/2024,Delivered,UPI
57533,494,2024-06-20,Delivered,Credit Card
56590,182,22-10-2024,Delivered,Credit Card
50933,8,08/05/2025,Delivered,UPI
52744,9,2025-09-25,Delivered,Debit Card
50614,385,2024-02-11,Delivered,UPI
54796,413,10/09/2025,Delivered,UPI
57152,1033,16-12-2024,Delivered,Net Banking
52622,195,09/05/2025,Pending,Debit Card
54491,719,2026-07-17,Delivered,Credit Card
53652,213,2024-02-15,Delivered,Debit Card
55917,2,28/07/2024,Delivered,UPI
55283,267,2024-10-08,Delivered,Credit Card
57983,3,16-04-2024,Delivered,Credit Card
55189,496,22-07-2025,Delivered,UPI
51129,163,2026-05-08,Cancelled,UPI
54455,4,2025-06-08,Delivered,COD
57306,468,27/09/2024,Pending,UPI
55860,608,08/03/2026,Cancelled,debit card
53802,271,04/10/2024,DELIVERED,COD
56758,778,27-08-2026,Cancelled,UPI
55285,12,2025-04-17,Delivered,UPI
55899,148,2025-03-04,Delivered,Debit Card
50881,384,02/01/2024,Delivered,Upi
54369,459,07/01/2025,Delivered,Credit Card
51948,573,13-06-2024,Delivered,UPI
57036,92,01-12-2025,Delivered,UPI
55272,274,17/12/2024,Delivered,UPI
55660,378,2026-03-29,Delivered,Net Banking
56435,2,2026-04-04,Delivered,UPI
50929,381,18/08/2026,Delivered,Credit Card
57233,377,12-11-2025,DELIVERED,UPI
52255,277,05/12/2024,Delivered,UPI
51217,474,11/06/2025,Delivered,UPI
56742,280,2026-06-07,Delivered,Credit Card
52949,255,2024-06-30,DELIVERED,UPI
51361,137,2025-03-19,Delivered,upi
55926,865,18-12-2025,Delivered,Net Banking
50438,68,2026-01-20,Delivered,Cod
57089,991,2026-03-19,Delivered,UPI
51843,480,28/03/2024,Delivered,Credit Card
50993,168,2025-07-03,DELIVERED,Net Banking
55802,465,04-11-2025,Delivered,UPI
57379,109,24-08-2026,Delivered,UPI
52675,135,03/01/2025,Delivered,Credit Card
50187,307,12-11-2025,,Debit Card
53778,140,21/06/2025,Delivered,UPI
50867,726,2025-07-16,delivered,COD
53573,168,09/05/2026,Delivered,UPI
54363,331,26-02-2024,delivered,COD
54672,28,08/03/2026,Delivered,Credit Card
51032,228,05-03-2024,Delivered,COD
56553,294,18/10/2025,Pending,Credit Card
57443,772,2026-06-19,Delivered,Debit Card
50458,752,2026-01-20,Delivered,UPI
56148,770,2024-07-26,Delivered,UPI
54171,1024,2026-08-25,Delivered,Debit Card
57668,108,2026-04-17,Delivered,UPI
56629,659,06/07/2026,Delivered,UPI
56935,296,03-05-2024,Delivered,Credit Card
52277,17,2024-03-23,Cancelled,Upi
56830,344,2024-08-06,Cancelled,UPI
50124,862,26/08/2024,Returned,UPI
56922,9,2025-10-25,Delivered,Debit Card
53298,130,23-06-2026,Returned,Credit Card
52184,91,2025-09-14,Delivered,Upi
53253,92,23/06/2026,Delivered,COD
55565,688,12/04/2026,CANCELLED,Credit Card
57394,342,2024-03-15,Cancelled,COD
51051,207,2024-06-22,Delivered,Credit Card
55510,2,24/02/2025,Pending,UPI
52687,1012,28-04-2024,DELIVERED,UPI
54834,11,25/01/2026,Cancelled,UPI
55093,73,24/04/2024,Delivered,
53134,492,27-12-2025,Delivered,UPI
50924,100,22/10/2025,Delivered,DEBIT CARD
56346,976,03-07-2026,Delivered,UPI
57405,673,13/06/2026,Delivered,COD
51107,261,2025-07-02,Delivered,Credit Card
56262,893,2025-11-27,Cancelled,UPI
52816,77,2024-11-10,Delivered,UPI
52094,752,2025-06-26,Delivered,UPI
51503,301,15-02-2026,Delivered,Debit Card
52192,71,09/02/2025,Delivered,Net Banking
51505,537,19-05-2024,Delivered,UPI
54470,840,14-02-2026,DELIVERED,UPI
53723,640,14/01/2025,delivered,Credit Card
52145,848,19/12/2025,Delivered,COD
56166,32,26/06/2025,Returned,
57358,84,2024-09-07,Delivered,COD
56294,7,31/01/2026,Delivered,UPI
50066,340,2025-04-06,DELIVERED,upi
56171,407,2024-10-13,Cancelled,net banking
52300,874,04/06/2024,Delivered,Net Banking
57484,319,16-12-2025,Delivered,Debit Card
54526,89,2026-03-09,Pending,UPI
50925,9,2026-04-21,Delivered,Debit Card
57308,878,25-09-2024,Delivered,UPI
51523,702,20/03/2024,Delivered,CREDIT CARD
56763,483,31/01/2024,Delivered,UPI
52345,465,26/08/2026,Delivered,COD
52383,73,2024-09-12,Delivered,UPI
57199,10,16-05-2025,Delivered,COD
51825,109,29-11-2025,Delivered,Credit Card
51390,124,18/02/2025,Delivered,UPI
50009,398,23/08/2026,Cancelled,COD
57539,292,2024-03-03,Delivered,UPI
56877,101,2024-05-24,Delivered,Debit Card
50511,548,19/12/2025,Delivered,Debit Card
55042,441,29-01-2024,Delivered,
53730,94,2024-02-14,delivered,UPI
54249,28,21/02/2024,Delivered,UPI
57753,183,24/03/2025,Delivered,UPI
53526,170,30/05/2026,Delivered,Debit Card
50952,109,2026-05-11,Delivered,Credit Card
52120,1024,24/01/2024,Pending,Credit Card
52653,836,29-11-2024,Cancelled,COD
57447,420,26-07-2024,Delivered,COD
54117,75,09-05-2026,,UPI
55174,269,05/02/2024,Cancelled,Debit Card
56084,1009,2025-04-23,Delivered,Credit Card
54856,435,03-02-2024,Returned,Debit Card
50279,1048,2026-04-04,Pending,Debit Card
57527,503,28/06/2026,Returned,UPI
53045,282,2025-02-21,Delivered,COD
50424,966,20-08-2025,Delivered,Cod
53312,145,2025-02-06,delivered,UPI
52363,982,28/03/2025,Pending,Credit Card
56471,217,06-10-2025,Delivered,Debit Card
53961,773,2025-03-17,Delivered,Debit Card
57543,24,27/06/2025,Pending,Credit Card
52242,313,2024-11-04,Returned,Debit Card
53677,121,2024-06-13,Delivered,UPI
57244,1025,24-07-2026,Cancelled,Credit Card
50804,249,2025-11-05,Delivered,COD
50399,971,2026-06-21,Delivered,UPI
53678,3,2025-10-01,Delivered,UPI
51794,42,2024-06-11,Delivered,UPI
52128,122,09-10-2024,Delivered,Credit Card
55172,107,2024-03-12,Delivered,Net Banking
55527,409,15/07/2025,Delivered,COD
52748,364,2024-02-28,Delivered,Net Banking
56770,511,25/05/2025,Cancelled,Debit Card
55508,398,2025-02-11,delivered,debit card
55649,126,19-07-2025,Returned,UPI
57583,665,02-08-2025,Delivered,UPI
56958,432,2026-04-28,Delivered,UPI
50483,33,07/04/2024,Delivered,COD
51319,511,20-08-2026,delivered,UPI
52327,37,2025-06-19,pending,Debit Card
50902,239,2026-03-27,Delivered,Debit Card
53974,116,02/04/2025,Delivered,UPI
50644,317,2024-07-02,Delivered,COD
53541,640,26-03-2024,Delivered,UPI
57662,243,03-03-2025,DELIVERED,Credit Card
54612,657,2025-07-15,Delivered,UPI
50615,227,2024-07-07,pending,UPI
57371,238,2026-03-17,Delivered,COD
51365,6,2026-05-21,Delivered,UPI
57843,93,10/08/2025,Delivered,Credit Card
57168,95,2026-03-23,delivered,UPI
51095,178,18/08/2026,Delivered,UPI
50081,376,09/07/2025,Returned,Credit Card
56443,777,2026-06-28,Delivered,UPI
57633,337,2024-05-16,Delivered,UPI
50762,133,2025-08-02,Pending,Debit Card
52504,51,16-08-2026,Delivered,UPI
53163,1001,2025-01-03,Pending,Credit Card
53518,143,12/07/2026,CANCELLED,UPI
53492,342,07/03/2026,Delivered,UPI
51877,590,18-11-2025,Delivered,UPI
55688,26,23-11-2025,Cancelled,upi
56140,1015,2024-05-25,Delivered,Debit Card
56058,1042,20-07-2025,Delivered,Debit Card
51079,84,2025-04-19,Delivered,Net Banking
55681,120,16/12/2025,Pending,Net Banking
57354,754,09/12/2025,Delivered,UPI
51600,479,2025-12-16,Delivered,UPI
53491,150,28/02/2024,Pending,Debit Card
56982,124,18/12/2025,Delivered,COD
50623,50,24/06/2026,Returned,Net Banking
51822,260,10-07-2025,delivered,Cod
54515,135,13/05/2026,Delivered,UPI
51882,62,26-08-2024,Delivered,UPI
56983,20,2024-10-02,CANCELLED,UPI
54010,38,24/08/2026,Cancelled,Credit Card
52561,948,2025-06-07,Cancelled,Credit Card
55821,1062,15-01-2024,Delivered,Credit Card
52789,576,2024-04-16,DELIVERED,UPI
56685,4,2025-03-19,Cancelled,UPI
56201,925,02/02/2024,Delivered,debit card
52590,231,2026-08-26,Delivered,Credit Card
50072,222,16/06/2024,Pending,COD
55611,133,2025-06-13,Delivered,UPI
57995,367,18-04-2024,Delivered,Credit Card
55765,927,27/09/2025,Delivered,Credit Card
50173,55,2026-07-05,Delivered,COD
54987,881,2024-09-05,Delivered,Credit Card
54966,53,2025-04-24,Delivered,Credit Card
55929,421,21/04/2025,Cancelled,Upi
54645,414,2025-05-12,Delivered,Net Banking
54336,940,16/08/2026,delivered,UPI
51679,74,30/08/2025,Delivered,UPI
51646,354,2024-05-18,,Credit Card
50199,397,29/05/2024,Delivered,Credit Card
52788,98,19/04/2024,Delivered,Credit Card
50341,1072,2024-03-19,Pending,UPI
53837,438,30/07/2025,delivered,UPI
55633,354,2026-02-24,,Credit Card
55995,472,2026-06-20,Cancelled,Credit Card
55676,106,08/10/2024,Delivered,COD
51810,28,2024-05-11,delivered,Debit Card
54545,659,24/11/2025,Delivered,Credit Card
52420,44,2024-05-30,Delivered,COD
56497,364,2024-04-07,Delivered,COD
54193,1041,08-01-2025,Delivered,Credit Card
54709,409,19/07/2026,Delivered,UPI
55468,482,2025-10-13,Delivered,Debit Card
55465,295,27/02/2025,Delivered,COD
52987,103,14/05/2024,Returned,UPI
50982,96,23-07-2025,Delivered,UPI
54713,102,19/05/2024,DELIVERED,Net Banking
56566,798,2026-08-20,Delivered,UPI
56468,175,2025-10-23,Delivered,
51660,747,2024-02-22,Delivered,UPI
53527,871,2024-10-15,Delivered,Debit Card
57449,270,2024-09-04,Cancelled,Credit Card
53062,62,2024-09-12,Delivered,Credit Card
50798,273,2026-05-06,DELIVERED,COD
51749,173,2025-09-06,Delivered,Credit Card
56067,250,27/02/2026,delivered,Credit Card
50261,283,18-02-2025,Cancelled,COD
50282,665,11/06/2026,Delivered,Debit Card
54075,147,28/06/2026,Delivered,Debit Card
53940,872,2026-01-11,Delivered,Debit Card
51677,984,16-08-2026,Delivered,Debit Card
56641,19,21/07/2024,Cancelled,UPI
52287,922,2024-09-29,delivered,UPI
54692,141,2025-02-28,Delivered,UPI
54928,388,22-07-2026,Delivered,Credit Card
51824,121,2025-03-15,Delivered,UPI
56234,506,28-11-2024,Delivered,UPI
52935,529,19/01/2025,Cancelled,upi
52382,992,16/12/2024,Pending,Credit Card
52853,794,19/09/2024,Delivered,Credit Card
57433,88,19-08-2026,Pending,UPI
54882,454,17/11/2025,Delivered,UPI
50837,404,19-02-2025,Delivered,UPI
56987,71,2025-10-20,Delivered,UPI
51276,38,2025-04-21,Delivered,UPI
53295,39,2026-07-04,Cancelled,UPI
56173,291,15-06-2024,Delivered,UPI
53830,312,2025-05-08,,COD
55943,69,01/11/2025,Pending,
51859,47,11-10-2025,Delivered,UPI
55461,700,2026-07-10,Delivered,UPI
52459,42,2024-02-20,Cancelled,Credit Card
51927,252,23-07-2026,Delivered,UPI
51118,77,2025-08-04,Delivered,UPI
54544,623,2025-02-21,Delivered,UPI
57647,30,2026-07-10,Delivered,UPI
50877,607,2025-06-20,DELIVERED,UPI
50871,365,2024-03-01,Delivered,UPI
50088,521,2025-03-13,Delivered,UPI
53849,111,2025-06-12,Delivered,COD
55582,254,08/05/2026,DELIVERED,UPI
50541,19,07/10/2024,Delivered,UPI
52241,307,2025-07-25,Pending,UPI
56884,827,2025-12-20,Delivered,UPI
54456,494,21/03/2024,Pending,UPI
56010,464,21-11-2024,Delivered,Net Banking
50677,203,12/04/2024,Returned,UPI
51050,135,2025-07-04,Cancelled,COD
56486,65,28/08/2024,PENDING,Credit Card
54678,917,01/01/2025,Delivered,UPI
51697,102,2025-07-18,Delivered,COD
50505,476,26-02-2026,Delivered,UPI
54807,437,18/07/2026,Delivered,Debit Card
50937,454,04-10-2025,Delivered,UPI
53467,128,28-07-2025,Delivered,CREDIT CARD
57188,144,24-01-2026,Delivered,UPI
57211,390,2025-05-18,Delivered,UPI
56570,606,31/12/2024,DELIVERED,COD
56633,330,2025-10-02,Returned,Credit Card
52838,114,06/01/2026,Delivered,UPI
56693,444,16/01/2024,Delivered,Credit Card
57549,104,17/10/2024,Delivered,Credit Card
55792,397,2026-04-30,Cancelled,COD
53132,227,17/09/2025,Delivered,Debit Card
52854,313,23-05-2026,delivered,UPI
56097,90,19/12/2024,Pending,Credit Card
53891,589,2024-05-11,Delivered,COD
53660,456,2026-08-13,Returned,Debit Card
52770,218,2024-05-30,Delivered,COD
53698,148,18/10/2024,Delivered,Credit Card
52655,861,2024-12-27,delivered,COD
50936,978,19/01/2025,Delivered,UPI
52163,374,2024-07-10,Delivered,UPI
51853,85,2025-05-14,Delivered,Credit Card
55070,1048,2024-11-15,Delivered,Credit Card
54923,59,09-04-2024,delivered,UPI
53773,39,11/10/2024,Delivered,Debit Card
56062,178,2024-07-04,Pending,UPI
56045,426,2025-06-27,Delivered,Credit Card
51293,41,26-09-2025,Delivered,COD
54506,98,22-06-2024,Delivered,UPI
54978,788,2025-06-11,Delivered,
54555,876,2025-03-12,Delivered,UPI
50846,728,19/04/2025,cancelled,Credit Card
56875,207,03-02-2025,Delivered,Credit Card
53421,81,2024-12-15,Delivered,UPI
57862,200,13/04/2024,delivered,Net Banking
52794,362,08/04/2024,DELIVERED,UPI
56776,129,2025-03-14,Delivered,Credit Card
54405,440,2025-09-05,Delivered,Credit Card
57312,744,2025-11-02,Delivered,Credit Card
50643,141,07/06/2026,Delivered,UPI
54498,293,2024-02-20,Delivered,UPI
57978,39,02/08/2024,,UPI
56562,163,2026-05-01,Delivered,UPI
55450,311,29/11/2025,delivered,UPI
51192,296,24/03/2026,delivered,UPI
52400,100,15/03/2024,Delivered,Debit Card
50588,68,23-03-2025,Delivered,Credit Card
52231,1016,10/06/2026,Delivered,Net Banking
52190,773,2025-02-27,Delivered,Debit Card
51592,323,24/01/2025,Delivered,Debit Card
51438,102,2025-02-01,Delivered,Credit Card
53113,992,24-04-2025,Delivered,Credit Card
57369,24,2024-06-16,Delivered,Debit Card
56385,310,2025-12-25,Delivered,UPI
52315,596,19/09/2025,Delivered,Credit Card
57805,330,04-01-2026,Delivered,UPI
51485,920,29/03/2024,Delivered,UPI
51765,171,26/02/2024,Delivered,UPI
55086,722,26-05-2025,Pending,COD
54266,817,2025-09-07,Delivered,UPI
51397,1038,2025-02-26,Cancelled,
51264,185,17-04-2025,Delivered,UPI
51957,826,24/04/2024,Delivered,COD
50571,821,19/03/2024,Delivered,Debit Card
55277,342,18-03-2026,Returned,Credit Card
50125,240,07/12/2024,Delivered,Debit Card
51271,76,2024-04-21,Delivered,Debit Card
56556,96,13/01/2024,Cancelled,COD
55247,200,2025-05-25,Delivered,UPI
54944,610,2024-09-15,Delivered,CREDIT CARD
55693,158,17/06/2026,Cancelled,Credit Card
51721,896,2026-03-09,Delivered,UPI
55303,952,2025-06-25,Cancelled,UPI
54577,853,2025-09-24,Delivered,CREDIT CARD
54606,202,04/03/2025,Delivered,UPI
57782,230,2026-06-14,Cancelled,Debit Card
54214,5,2024-11-06,Delivered,UPI
50161,901,11/08/2025,Delivered,Debit Card
54189,120,07-07-2025,Cancelled,UPI
57534,136,21-05-2026,Pending,Credit Card
57952,12,20-12-2025,Delivered,Debit Card
52556,983,2026-02-19,Delivered,UPI
52881,880,02/02/2025,Delivered,UPI
54846,541,2025-06-17,Pending,COD
52606,747,05/09/2025,Delivered,credit card
56127,170,2025-07-21,Delivered,COD
53497,611,30-08-2026,Returned,CREDIT CARD
51232,638,2025-10-15,Delivered,Credit Card
52183,1078,2024-03-15,Delivered,Credit Card
52551,751,2024-04-17,Delivered,Credit Card
51519,558,2024-08-01,delivered,COD
55835,304,14/07/2024,Delivered,UPI
54785,771,2026-02-02,Cancelled,Debit Card
56043,331,2024-05-26,Delivered,Debit Card
54323,304,2026-05-16,Delivered,Credit Card
51536,169,2024-03-24,Delivered,Net Banking
51496,827,14/07/2024,Delivered,credit card
55963,173,14/08/2026,Delivered,Debit Card
56082,752,14-05-2026,Delivered,Credit Card
56197,494,08/04/2026,Delivered,UPI
54941,227,22-02-2024,delivered,Net Banking
55718,295,28/03/2024,Delivered,Credit Card
51709,763,05/06/2024,Delivered,UPI
50724,895,01/12/2025,Delivered,UPI
53509,97,2026-04-01,Cancelled,UPI
57234,359,2025-06-04,Pending,Debit Card
53461,121,17-06-2024,Delivered,COD
55548,487,2024-09-27,Delivered,Credit Card
56279,39,2026-02-14,Delivered,Debit Card
51702,686,2026-01-14,Delivered,Net Banking
57807,448,2024-05-06,Delivered,UPI
51433,1070,28-03-2026,Returned,NET BANKING
56260,926,2025-09-29,Delivered,Debit Card
56057,288,2024-03-29,Delivered,UPI
53731,697,01/02/2024,Delivered,Debit Card
52820,887,2024-08-28,Delivered,UPI
51711,740,05/07/2024,Returned,upi
53371,732,10/03/2026,delivered,Credit Card
55554,438,2025-05-13,Delivered,Credit Card
56469,608,2024-01-10,Cancelled,UPI
54092,983,09/11/2025,Delivered,DEBIT CARD
51176,64,2025-02-14,Delivered,UPI
52685,139,20/02/2026,Delivered,UPI
52372,287,2024-01-13,Delivered,COD
53544,727,29-03-2026,Cancelled,Debit Card
54949,104,2024-08-26,Pending,UPI
56214,604,05/05/2024,Delivered,Credit Card
52968,286,2026-07-07,Delivered,UPI
55071,281,2025-11-05,Delivered,debit card
52170,55,09-08-2025,,UPI
53523,66,2025-05-14,Delivered,UPI
55279,355,2026-05-07,Delivered,UPI
51427,226,29/08/2026,Delivered,Net Banking
55782,46,2024-05-08,Cancelled,Debit Card
55084,188,15/10/2025,Cancelled,Debit Card
56848,6,2026-03-26,Delivered,Credit Card
53928,833,25/12/2024,Delivered,COD
57247,376,02-08-2024,Pending,UPI
56292,189,2025-04-09,pending,Debit Card
54439,719,14/01/2026,Delivered,UPI
57094,362,15/03/2026,DELIVERED,UPI
50852,770,16/08/2024,Delivered,UPI
55936,361,11-08-2025,Delivered,COD
55866,69,12/07/2026,Returned,DEBIT CARD
55259,322,26-07-2025,Pending,UPI
51336,570,03/07/2024,Delivered,COD
56027,378,2025-04-25,Cancelled,Debit Card
52030,342,07/07/2025,Delivered,Credit Card
55867,231,2025-08-19,Returned,Debit Card
55949,399,03/05/2025,Delivered,COD
51193,71,19/10/2024,Delivered,
57117,170,23/09/2024,Cancelled,Credit Card
53126,472,21/03/2026,Delivered,UPI
53775,396,2026-01-13,delivered,Net Banking
56422,1049,2025-05-20,Delivered,Debit Card
52263,265,2024-04-23,Delivered,Credit Card
50746,416,02/06/2025,Cancelled,UPI
56036,337,02/06/2025,Delivered,Debit Card
51387,248,17-12-2025,Pending,UPI
51639,667,04/07/2026,Returned,Upi
50755,271,03-03-2025,Delivered,UPI
57675,62,2025-09-24,Delivered,Debit Card
51216,1075,26/10/2024,Pending,Debit Card
53908,137,25-05-2026,Cancelled,UPI
56793,767,03-09-2024,Delivered,UPI
50004,887,19/05/2025,Delivered,COD
53012,131,22-02-2025,Delivered,Credit Card
55180,43,2024-09-01,Delivered,COD
56860,108,25-12-2025,Pending,UPI
56289,286,12/09/2025,Cancelled,Net Banking
54967,344,2026-03-16,Delivered,Debit Card
53341,436,07-04-2025,Delivered,Credit Card
57252,792,2025-07-23,Returned,Credit Card
50367,14,2024-08-28,Delivered,Credit Card
50221,486,2026-02-23,Delivered,UPI
57102,822,25/04/2025,Pending,UPI
54962,105,23-05-2025,Delivered,Debit Card
53395,70,08-12-2024,Pending,Net Banking
53256,975,18-03-2024,Delivered,UPI
55876,401,04/04/2024,Delivered,Credit Card
54902,138,23-06-2025,pending,UPI
56968,659,23-06-2024,Delivered,UPI
52715,478,2024-09-23,,Net Banking
50118,719,2025-09-14,Delivered,UPI
52937,240,05-12-2024,Delivered,Net Banking
54115,412,05/04/2024,Delivered,upi
52341,64,26-03-2024,Delivered,Credit Card
53336,444,2025-01-17,Delivered,UPI
55595,93,02-10-2025,Returned,Credit Card
54592,133,2026-07-10,Pending,COD
57542,313,21/09/2024,Delivered,UPI
52617,467,2024-11-28,Delivered,COD
52511,14,2026-03-27,Returned,UPI
51854,523,2026-02-09,Delivered,UPI
52981,205,07-12-2024,Cancelled,Net Banking
55122,193,19/07/2025,Delivered,Debit Card
51408,902,2024-05-18,Pending,UPI
55925,599,13-03-2024,Returned,Credit Card
50856,78,09/04/2024,Pending,UPI
57571,60,15/05/2026,pending,Net Banking
50442,92,2024-04-21,Delivered,UPI
50318,754,2024-01-07,Delivered,UPI
53714,1004,24/02/2024,Delivered,UPI
53074,639,2025-06-24,Delivered,UPI
55302,97,20/11/2024,Delivered,UPI
53582,896,19/03/2025,Pending,Debit Card
55985,1040,15-04-2025,Delivered,credit card
55856,271,02/04/2024,DELIVERED,Credit Card
54528,132,15-08-2025,Delivered,Credit Card
54758,384,15/12/2024,Delivered,Credit Card
51244,347,2024-12-15,Pending,Credit Card
54786,951,30/03/2024,Pending,Credit Card
50211,334,21/02/2025,DELIVERED,COD
55620,103,2024-04-27,pending,UPI
52643,126,2024-08-16,Pending,Credit Card
54451,15,2024-03-15,Delivered,COD
53845,224,17/04/2025,Delivered,Credit Card
53245,36,2025-10-24,Delivered,UPI
50710,205,2025-05-17,Delivered,Credit Card
51633,604,2026-03-19,delivered,UPI
57977,690,13-12-2024,Delivered,Debit Card
57292,58,2024-07-07,RETURNED,UPI
52746,108,30/04/2024,Delivered,UPI
55916,854,24-06-2026,Delivered,
50725,430,2025-04-05,Pending,UPI
55970,135,09/06/2026,Cancelled,UPI
56310,295,18-04-2024,Delivered,Net Banking
50413,167,2025-05-05,Delivered,Debit Card
54833,372,29/02/2024,Delivered,Net Banking
52704,420,04-04-2025,,UPI
52840,93,2025-03-10,Delivered,Net Banking
50965,277,30-11-2024,Delivered,UPI
53142,216,23/07/2025,Pending,UPI
52186,825,2025-06-21,Delivered,UPI
52960,599,2024-12-18,Delivered,UPI
52598,935,15/06/2025,Pending,UPI
52895,60,2026-01-22,Delivered,Debit Card
56348,1007,04/02/2025,Pending,UPI
56358,27,2025-03-01,Delivered,UPI
57082,1068,07-04-2025,Delivered,UPI
54899,1031,18/09/2025,Pending,Credit Card
51473,340,08-04-2026,Delivered,Debit Card
56799,100,2024-10-29,DELIVERED,Credit Card
55810,457,05/05/2025,Delivered,UPI
57670,493,10/08/2025,Delivered,UPI
50783,1,23/03/2026,Delivered,UPI
55558,8,13/10/2025,Delivered,COD
51815,254,2025-08-20,Delivered,UPI
55152,365,2024-10-13,,UPI
57483,894,2024-03-15,Pending,UPI
55728,812,10-07-2024,Delivered,Credit Card
56939,21,12-04-2025,Delivered,UPI
53701,436,27-05-2026,Delivered,Credit Card
56231,4,24-07-2026,Delivered,upi
54824,6,2024-10-03,Delivered,Net Banking
51963,22,19/04/2024,Delivered,UPI
52150,66,2025-10-07,Delivered,UPI
51247,325,2026-02-07,Delivered,COD
57858,446,28/03/2026,Cancelled,Credit Card
56849,171,2025-09-16,Pending,Credit Card
52791,301,22-06-2024,Delivered,UPI
56187,107,2024-01-11,Delivered,Credit Card
57730,747,2025-08-19,Delivered,UPI
53653,78,14/02/2026,Cancelled,Credit Card
52693,135,2026-01-27,Delivered,Credit Card
50308,249,2024-03-17,Delivered,
57951,72,2024-11-28,Delivered,UPI
52474,123,27/01/2026,Delivered,UPI
56154,130,2026-04-10,Delivered,UPI
50742,842,15/03/2026,Cancelled,UPI
54877,299,2024-10-05,Delivered,Credit Card
51814,887,2025-04-27,Delivered,UPI
56070,948,17-04-2024,delivered,cod
53413,342,11/09/2024,Delivered,Debit Card
57158,371,2024-11-14,Delivered,UPI
54917,45,2024-08-02,Delivered,Debit Card
55264,708,2024-03-11,Pending,COD
53912,275,2026-01-31,Delivered,UPI
54853,1067,06-06-2026,Delivered,Credit Card
56421,789,05-01-2025,Delivered,debit card
56606,86,23/09/2024,Delivered,Debit Card
52725,10,2024-07-12,Delivered,UPI
51015,13,2025-04-23,delivered,Debit Card
53750,38,2026-06-15,,upi
58000,207,03/06/2026,Delivered,Credit Card
57900,792,28/09/2025,Delivered,Credit Card
52972,68,2024-07-26,Returned,Net Banking
53966,619,2025-02-08,delivered,Debit Card
56251,75,2024-01-18,Delivered,UPI
52429,85,26-07-2025,Delivered,UPI
55982,852,2024-01-06,Delivered,DEBIT CARD
52955,193,2025-06-08,Pending,UPI
54327,19,2025-01-02,Delivered,Net Banking
51266,995,03-08-2026,Delivered,UPI
53851,1047,2026-06-02,Delivered,UPI
57681,154,12/05/2024,Delivered,Credit Card
57080,445,2024-07-15,DELIVERED,UPI
55774,827,23-11-2024,Delivered,UPI
56780,389,05-02-2025,DELIVERED,Debit Card
55720,224,2024-09-04,Delivered,Credit Card
51009,16,2024-09-29,DELIVERED,Credit Card
55727,93,26-07-2025,Delivered,Debit Card
57194,871,26-04-2025,Delivered,UPI
52222,957,12/01/2025,Delivered,debit card
57839,118,2025-07-25,Delivered,UPI
52755,6,2026-05-11,Pending,Credit Card
53201,455,15-04-2025,Delivered,UPI
53453,852,27/05/2026,Delivered,Debit Card
55892,708,2024-07-11,Delivered,Net Banking
53423,101,08/01/2025,Delivered,COD
55907,121,2026-04-04,Delivered,Net Banking
52313,242,28/02/2025,Delivered,COD
53096,604,17/10/2025,DELIVERED,UPI
56724,183,2025-10-08,Delivered,Debit Card
51797,628,17/02/2026,Delivered,Debit Card
51782,491,2026-05-01,Delivered,Credit Card
53195,1018,2026-05-31,Delivered,Credit Card
50906,432,2024-10-29,Pending,
51017,945,04/07/2026,Delivered,UPI
50179,459,02/04/2024,DELIVERED,Credit Card
55710,862,25-06-2025,Delivered,UPI
53716,1008,08-04-2026,Delivered,Upi
50674,12,10/07/2025,Delivered,UPI
50398,126,29/07/2026,Pending,Net Banking
50257,70,10/05/2024,Returned,UPI
54278,33,2026-06-21,Delivered,Debit Card
57963,130,2026-04-25,Delivered,UPI
53325,148,2025-11-04,Pending,Credit Card
56357,3,2024-01-30,Delivered,UPI
55887,184,28/09/2025,Delivered,Debit Card
52727,41,21-07-2024,Delivered,Credit Card
50015,946,03/09/2025,Delivered,Cod
52627,364,2024-10-01,Delivered,UPI
50433,702,18/03/2026,Delivered,Upi
52889,82,26/10/2025,Cancelled,UPI
50268,717,2024-12-11,Delivered,UPI
56911,120,26/07/2025,delivered,UPI
50469,133,05/07/2026,Delivered,UPI
52905,412,16/03/2025,Delivered,Credit Card
54958,307,16-10-2024,Delivered,Debit Card
52869,1070,24/07/2026,Delivered,Credit Card
57629,69,03/06/2024,Delivered,COD
51011,127,2024-01-04,Delivered,UPI
52950,309,2024-12-06,Delivered,Credit Card
52639,405,16/01/2024,Delivered,Debit Card
53917,537,2024-12-31,Delivered,Credit Card
50855,84,2025-11-02,Delivered,UPI
54347,975,2025-02-03,Delivered,Net Banking
55270,1036,2026-02-01,Delivered,UPI
53665,85,2026-05-30,Delivered,Debit Card
50949,7,2024-12-09,Delivered,Credit Card
55989,706,2025-03-18,Delivered,UPI
54199,15,14/11/2025,Delivered,COD
52793,127,04/09/2025,Delivered,Debit Card
51528,18,23-11-2024,DELIVERED,Debit Card
50106,397,2025-12-01,Delivered,UPI
53529,375,20-08-2025,Delivered,Credit Card
51239,904,02-05-2026,Returned,COD
53831,344,2024-07-15,Cancelled,COD
50148,353,12/01/2024,Delivered,Credit Card
54771,179,2025-02-05,Delivered,UPI
54675,983,22/05/2025,DELIVERED,UPI
54454,679,2025-02-15,Delivered,COD
56764,537,2025-10-25,Pending,UPI
55068,430,20-04-2026,Returned,Debit Card
56179,110,06-08-2026,Returned,Debit Card
55612,102,2026-07-25,Delivered,UPI
57184,503,11-07-2025,Cancelled,UPI
50065,719,11/12/2024,Delivered,Net Banking
52880,1041,2025-01-10,Delivered,UPI
50061,712,22/07/2025,Delivered,Credit Card
54715,911,06/11/2025,Delivered,UPI
57935,1054,05/03/2025,Delivered,Debit Card
53798,244,2024-02-29,,Credit Card
52864,496,2024-02-16,Delivered,Debit Card
50374,947,30/11/2024,Delivered,COD
52943,347,2025-10-12,Delivered,UPI
53038,628,2025-04-10,Delivered,upi
56199,193,2025-11-02,Delivered,UPI
54025,77,2024-03-04,Pending,UPI
53811,989,27/01/2026,Delivered,UPI
50188,938,29/12/2025,Delivered,UPI
56388,384,26-03-2025,Delivered,UPI
52031,935,12/09/2025,Delivered,COD
53635,969,06/11/2025,Delivered,COD
50030,231,2025-08-27,Delivered,UPI
57616,343,2026-01-20,Delivered,Debit Card
57364,146,2026-06-24,Delivered,Net Banking
52912,380,26-01-2026,Delivered,upi
56637,186,2025-06-28,Delivered,UPI
57597,14,2025-12-07,Delivered,UPI
54135,463,08/10/2025,Delivered,UPI
52134,482,27-01-2026,delivered,UPI
53266,470,2024-01-07,Pending,UPI
50453,288,19-10-2025,Delivered,Credit Card
56180,316,06-11-2025,Delivered,upi
56317,226,2024-07-29,Returned,Net Banking
54166,678,25-08-2025,Delivered,DEBIT CARD
56679,112,03/11/2025,Pending,COD
53294,909,2026-04-26,DELIVERED,Debit Card
51775,11,31/03/2024,Delivered,COD
56167,139,2024-09-28,Delivered,Credit Card
53004,211,2025-11-20,Delivered,UPI
53199,77,11-12-2024,Delivered,UPI
54099,35,2025-03-19,Delivered,Debit Card
52104,511,12-06-2024,Pending,COD
55096,274,28/04/2025,Delivered,Net Banking
55685,546,2026-07-16,Delivered,Credit Card
51548,891,2024-06-14,Delivered,UPI
50652,390,29-07-2025,Delivered,Credit Card
56000,813,09/03/2026,Delivered,Credit Card
51507,120,29-06-2024,Pending,UPI
54585,233,2025-11-20,Delivered,Credit Card
53377,74,2024-07-21,Delivered,Credit Card
55940,249,2026-03-24,Delivered,UPI
51142,504,2026-04-14,Delivered,UPI
55243,736,23/03/2025,Delivered,UPI
54375,404,17-01-2026,Delivered,COD
50206,93,03/02/2024,Cancelled,Debit Card
51905,360,2024-04-27,delivered,UPI
50276,683,29-10-2025,Delivered,COD
52879,517,28/05/2024,Pending,Credit Card
57703,167,2025-05-16,Delivered,UPI
56597,162,04-08-2025,Pending,Credit Card
56117,672,22/09/2024,Delivered,Credit Card
50378,474,27/08/2025,Delivered,UPI
50051,1075,2026-03-09,Delivered,CREDIT CARD
55911,73,11-08-2025,Cancelled,UPI
56665,250,12-05-2025,Delivered,Credit Card
53332,121,2024-10-09,Delivered,UPI
55177,213,2026-04-17,Pending,Net Banking
54417,874,04-03-2026,DELIVERED,Credit Card
53194,109,2024-06-14,DELIVERED,UPI
55343,396,22-03-2024,Delivered,Credit Card
51861,367,2026-01-08,Delivered,UPI
51857,7,2025-01-16,Delivered,Credit Card
53434,457,2025-09-06,Pending,Credit Card
54531,110,07/02/2024,Delivered,UPI
53991,359,17/06/2026,Delivered,Debit Card
55226,61,2026-03-23,Delivered,UPI
56089,364,04-05-2024,DELIVERED,Debit Card
51021,688,2025-09-06,Cancelled,Credit Card
55647,363,20/03/2024,Delivered,UPI
51168,947,31/05/2024,Pending,Debit Card
57009,78,12/06/2026,Delivered,Debit Card
54773,238,2025-08-18,Delivered,UPI
51443,150,2026-02-04,Delivered,Debit Card
52044,98,2024-10-13,Delivered,
50673,168,02-07-2026,Delivered,UPI
57191,156,2025-08-28,Delivered,Debit Card
55512,322,03/09/2025,PENDING,UPI
50812,260,2026-05-31,Delivered,Credit Card
57198,671,2025-10-03,Delivered,Credit Card
57132,176,2025-09-06,Delivered,UPI
50836,295,01/02/2024,Delivered,Credit Card
50515,48,2025-08-25,Delivered,Credit Card
56806,455,2025-06-17,Delivered,Credit Card
52884,338,08/10/2025,Pending,UPI
50485,1068,2026-06-01,Returned,COD
56250,667,2024-05-28,Pending,Credit Card
56612,381,30/03/2026,Cancelled,COD
56591,865,2025-08-02,Pending,Net Banking
54697,377,12/03/2025,Delivered,Credit Card
50426,251,10-04-2025,Cancelled,Credit Card
52699,525,07-09-2025,Delivered,UPI
50122,346,21-06-2025,Delivered,COD
54513,925,07/07/2025,Delivered,Credit Card
51212,96,2025-09-23,DELIVERED,Debit Card
50166,445,15/07/2026,Delivered,UPI
57846,389,19/07/2024,Delivered,UPI
54569,115,2025-06-15,Cancelled,Cod
50172,83,17/11/2025,Delivered,UPI
52805,931,2025-07-04,Delivered,Debit Card
55292,920,15/02/2026,Returned,Upi
52085,82,23/12/2025,Cancelled,UPI
55019,123,25/03/2025,Delivered,Credit Card
54219,132,07/12/2024,Pending,UPI
55394,330,03-02-2025,Delivered,UPI
55322,31,2026-06-24,Delivered,CREDIT CARD
50042,304,2024-05-13,Delivered,Debit Card
55655,16,26/04/2026,Delivered,UPI
56534,848,2025-08-20,Delivered,UPI
52882,895,18/11/2024,Returned,DEBIT CARD
55689,453,2026-04-28,Pending,Debit Card
56223,82,14/02/2025,Delivered,UPI
50126,155,2024-01-07,Delivered,COD
51524,248,11/05/2024,Delivered,COD
53361,210,2025-06-14,Delivered,Debit Card
54693,36,26-12-2024,Delivered,
50985,823,15/07/2025,Delivered,UPI
55733,664,2025-06-07,Cancelled,COD
51829,531,2025-04-11,Delivered,UPI
54212,216,2025-06-30,Delivered,UPI
50781,801,10-08-2025,Delivered,UPI
56341,142,09-05-2025,Delivered,Debit Card
55724,191,04-02-2024,Delivered,UPI
55786,74,2026-07-13,Delivered,Net Banking
54194,887,06/03/2024,Delivered,Credit Card
55427,136,2024-08-05,Delivered,Credit Card
54778,1039,20/12/2024,Delivered,Debit Card
53407,247,20-02-2024,Delivered,Net Banking
50060,1003,2024-12-17,Delivered,upi
50603,474,18/03/2026,Delivered,UPI
56668,399,2024-07-10,Delivered,UPI
52896,781,15/11/2025,Delivered,Credit Card
52812,417,26/01/2026,Delivered,UPI
57060,737,2025-12-04,Delivered,UPI
51625,647,20/02/2025,Delivered,upi
57804,231,2026-08-07,Pending,UPI
57769,105,30/07/2024,Delivered,UPI
51961,1013,21/02/2025,Cancelled,Debit Card
53534,553,16-05-2025,Delivered,UPI
55216,452,02/02/2024,Delivered,Credit Card
53736,812,10/12/2025,Delivered,UPI
50888,1,14-12-2025,Delivered,Credit Card
55948,145,10-07-2026,,COD
55429,140,29/08/2025,Delivered,UPI
55511,1028,24/11/2024,Delivered,Credit Card
51066,155,12/02/2025,Cancelled,Debit Card
55014,66,20/09/2025,Delivered,COD
50200,138,2025-10-16,Delivered,Debit Card
51248,804,2025-04-30,Delivered,UPI
56626,305,2024-01-07,Delivered,NET BANKING
56751,38,2024-10-31,Delivered,UPI
56896,471,01-09-2024,Delivered,Net Banking
53137,51,25/09/2024,Delivered,UPI
57045,462,13/03/2025,DELIVERED,Debit Card
52060,365,30/07/2025,Delivered,NET BANKING
56290,225,19/07/2025,Delivered,COD
54165,263,09/07/2024,,UPI
56933,43,2025-12-05,Delivered,UPI
56568,25,19-06-2026,Delivered,
53088,123,15/02/2026,Delivered,net banking
51482,351,2025-04-16,Delivered,Debit Card
51162,141,04-12-2024,pending,UPI
54366,971,27-06-2024,Delivered,Debit Card
50480,260,12-04-2026,Delivered,UPI
55330,135,2025-02-06,Cancelled,cod
53609,461,24/11/2025,Delivered,upi
53462,47,21-10-2024,Delivered,UPI
56412,5,10/02/2024,delivered,COD
53308,474,2026-01-03,Pending,COD
53323,399,14/06/2025,Delivered,COD
56509,45,12-05-2024,Delivered,UPI
56464,258,29/06/2026,DELIVERED,Debit Card
54024,507,2026-03-07,Delivered,Credit Card
52356,479,2026-07-03,Delivered,COD
55934,734,28/02/2024,Pending,UPI
54351,27,11/04/2024,,UPI
51784,75,2025-05-30,Returned,Net Banking
56278,135,2024-09-04,Delivered,Credit Card
53324,500,2026-03-16,Delivered,Net Banking
51703,52,2025-07-13,Delivered,CREDIT CARD
52823,469,17/09/2025,Delivered,UPI
53657,356,2025-09-03,DELIVERED,Debit Card
55951,567,30/06/2026,Returned,UPI
55402,657,19-05-2024,Delivered,credit card
54854,978,2025-03-01,Delivered,Debit Card
53353,760,2026-02-15,Delivered,UPI
53743,163,01/01/2024,Delivered,Credit Card
52455,24,08/01/2024,Delivered,Net Banking
50001,56,24/05/2025,Pending,Net Banking
50957,569,2024-12-05,returned,CREDIT CARD
55128,306,01-03-2024,Delivered,UPI
54263,54,2025-11-22,Delivered,Credit Card
51792,389,19-04-2024,DELIVERED,Cod
50717,499,2024-03-13,Cancelled,UPI
51655,967,2024-08-12,Delivered,Credit Card
56446,291,2024-03-11,Delivered,UPI
50182,53,2025-01-09,Delivered,Net Banking
56004,207,2024-05-16,Pending,
56349,608,2026-08-22,Cancelled,Net Banking
54938,366,2025-06-21,Pending,COD
54129,173,25/05/2026,Delivered,UPI
56458,402,21-06-2024,Delivered,Credit Card
52384,216,2024-01-21,Delivered,Debit Card
55641,166,08-09-2025,Delivered,UPI
52488,322,16/03/2026,Delivered,Net Banking
51261,556,28/04/2026,Delivered,UPI
52810,541,17-09-2024,Delivered,UPI
55522,943,01/02/2024,Returned,Debit Card
50454,258,2025-02-15,Delivered,UPI
50463,180,2026-03-23,Delivered,Credit Card
57450,229,2025-04-05,Pending,Credit Card
57760,262,22-10-2025,Delivered,UPI
53337,72,25/06/2024,Delivered,Debit Card
51720,142,28/11/2024,Delivered,COD
50508,87,12/03/2026,DELIVERED,UPI
57319,90,21/04/2025,Delivered,UPI
57898,680,16-09-2024,Pending,Debit Card
57133,64,19-02-2026,Cancelled,Credit Card
53355,651,07-04-2026,Delivered,UPI
50619,425,2026-01-15,Pending,Debit Card
51760,89,2024-05-10,Returned,Debit Card
51632,856,2025-11-22,Cancelled,UPI
51846,144,2024-05-19,Delivered,CREDIT CARD
56376,1055,2025-01-23,Delivered,COD
53394,955,02/07/2025,Returned,Cod
57444,71,2024-12-05,delivered,Upi
55193,232,23-08-2026,Pending,COD
52063,604,30-04-2024,Delivered,UPI
57215,116,16/11/2024,Delivered,Net Banking
54802,268,2024-03-13,,Debit Card
51102,22,07/09/2024,Delivered,Net Banking
50023,698,2026-05-19,Delivered,upi
52297,477,14/01/2026,Delivered,Debit Card
55274,392,14/11/2024,Delivered,UPI
51044,699,16/10/2025,Delivered,UPI
51530,86,2025-01-22,Delivered,UPI
57423,29,13/04/2025,Delivered,Debit Card
53967,665,19/12/2024,Cancelled,Credit Card
50402,472,2026-07-31,Delivered,COD
50347,562,15/02/2024,Delivered,Debit Card
56183,159,2024-12-21,Delivered,UPI
56030,829,2025-01-21,Delivered,COD
56189,316,2024-04-26,Delivered,UPI
51620,149,2025-10-15,Delivered,COD
54371,131,2025-08-15,Returned,Credit Card
51685,48,13/11/2024,DELIVERED,UPI
55863,61,2026-08-12,Delivered,CREDIT CARD
51064,991,25-08-2025,Delivered,Credit Card
55441,252,2025-02-27,Delivered,Credit Card
54003,586,14/04/2024,Pending,Debit Card
54124,935,02/03/2024,Delivered,Credit Card
56866,175,2024-09-14,Delivered,Net Banking
51430,304,13-02-2024,Delivered,UPI
50290,680,2024-09-08,Returned,DEBIT CARD
54972,24,2024-05-19,Delivered,Net Banking
51165,814,03/10/2024,Delivered,UPI
55537,404,2024-04-21,Delivered,COD
56313,824,2026-06-07,Delivered,Debit Card
50955,424,2025-05-19,Delivered,Debit Card
51242,396,02-11-2024,Delivered,Credit Card
51257,956,2025-06-05,delivered,UPI
57323,21,02/02/2025,Delivered,Upi
55040,145,16-03-2026,Delivered,Debit Card
51458,95,14-08-2024,Delivered,upi
56795,9,17/05/2024,Delivered,Credit Card
54224,26,2025-02-17,Delivered,UPI
54068,78,08/07/2026,Delivered,cod
50807,89,2026-08-14,Delivered,CREDIT CARD
55390,994,14/04/2024,delivered,Credit Card
53054,137,2025-01-02,Delivered,UPI
51949,598,04/06/2025,Returned,UPI
54825,497,02/09/2025,Delivered,UPI
51942,254,2025-12-21,Pending,Debit Card
56304,161,15/11/2025,Pending,UPI
55539,113,2025-07-01,Delivered,UPI
57232,235,2026-08-08,Delivered,UPI
51204,357,17-07-2024,Delivered,Credit Card
51818,699,2025-12-05,Delivered,Net Banking
57332,450,16/10/2024,Delivered,Debit Card
54929,409,2024-08-08,Returned,UPI
50497,297,2024-12-08,Delivered,UPI
52806,139,08/07/2024,Delivered,UPI
51024,453,05/07/2024,Delivered,Net Banking
57833,840,2024-06-03,DELIVERED,Debit Card
52706,91,06/02/2024,Delivered,Credit Card
55163,878,2026-07-19,Delivered,COD
53666,740,2025-10-04,Delivered,Credit Card
55109,755,2026-08-19,Delivered,Credit Card
50128,162,27-07-2026,Delivered,UPI
54800,316,15-06-2026,Delivered,Upi
52295,903,11/12/2024,Delivered,UPI
54979,964,2025-12-19,Delivered,Credit Card
51516,311,11/05/2024,delivered,UPI
50284,342,2024-04-30,Delivered,UPI
55300,26,20/12/2025,Delivered,COD
51158,144,2025-07-11,Cancelled,COD
57380,839,27-03-2024,Cancelled,Upi
52403,93,31-03-2026,Returned,Debit Card
53285,145,2025-02-01,Delivered,Credit Card
52340,50,2026-08-15,Returned,UPI
55401,80,09/08/2024,Pending,UPI
52984,315,22/05/2025,Delivered,upi
55503,38,16-06-2025,Delivered,Debit Card
55074,36,2026-04-10,DELIVERED,Debit Card
56445,430,04/11/2025,Delivered,Credit Card
53726,596,18/09/2024,Delivered,UPI
51623,61,2026-01-20,Delivered,Net Banking
53269,828,2025-01-01,Delivered,COD
55407,312,18-08-2025,Delivered,Upi
57802,1047,20/06/2025,Delivered,UPI
52876,330,2025-05-28,,UPI
51313,295,19/06/2024,delivered,Debit Card
50730,380,08/06/2024,Cancelled,Credit Card
53198,806,2024-07-20,Delivered,COD
52792,204,25-02-2024,Delivered,UPI
57521,892,27-03-2026,Cancelled,UPI
51116,283,11/02/2025,Delivered,UPI
52940,788,16-05-2026,Pending,CREDIT CARD
50861,276,2024-01-04,DELIVERED,Credit Card
57425,426,22/02/2025,Delivered,COD
50778,771,2025-03-21,Delivered,COD
52586,406,2024-02-17,Delivered,UPI
57429,493,2025-10-09,Delivered,Credit Card
55434,369,2026-06-30,Delivered,COD
55494,456,02/12/2024,Delivered,UPI
52684,901,2025-07-23,Returned,Credit Card
56548,341,2025-04-20,Delivered,Credit Card
50636,305,23/01/2025,Delivered,Net Banking
55677,677,15/09/2025,Pending,Net Banking
51093,262,14/02/2024,Delivered,UPI
56817,346,28-07-2024,Delivered,debit card
55080,303,2025-09-10,Cancelled,COD
51586,776,30-03-2025,Delivered,COD
53024,41,2024-04-15,Delivered,UPI
57488,98,28/02/2026,Pending,debit card
54431,88,2025-05-31,Cancelled,
56694,225,2026-02-18,Delivered,UPI
53262,346,13/12/2025,Delivered,COD
52702,43,2026-06-19,Delivered,Debit Card
53979,302,2024-05-03,PENDING,UPI
50547,720,2025-06-07,Pending,COD
54908,568,2026-01-27,Delivered,Debit Card
55048,440,19/08/2026,Cancelled,UPI
53167,804,19-06-2025,Delivered,Debit Card
53889,578,2024-12-06,Delivered,Debit Card
55785,204,25/04/2024,Delivered,UPI
56887,287,2025-03-31,Delivered,Credit Card
57964,95,04/09/2025,Delivered,Debit Card
56604,133,24/10/2024,Delivered,Debit Card
57149,668,21-03-2025,Delivered,Credit Card
52933,135,12/05/2026,Delivered,COD
55536,1036,29/06/2024,Delivered,UPI
57669,850,08/04/2026,Delivered,Credit Card
53613,899,28/10/2025,Delivered,Upi
54464,443,05/12/2025,Delivered,Credit Card
56528,680,05-01-2025,Delivered,Net Banking
50926,718,2025-02-16,Pending,Debit Card
54587,1023,2024-02-14,Delivered,UPI
52928,418,2025-08-14,Delivered,UPI
56306,502,31/12/2024,Delivered,Net Banking
54973,230,21/05/2024,Delivered,Credit Card
51751,114,2025-07-01,Delivered,
52009,146,2026-05-01,Pending,UPI
55570,135,26/02/2024,Delivered,Credit Card
53129,342,25/01/2024,Delivered,COD
57037,1055,28-02-2026,Cancelled,UPI
50912,538,10-04-2025,Delivered,Credit Card
54605,244,24-05-2024,Delivered,Debit Card
52239,6,2025-07-22,Delivered,Credit Card
51785,463,19/03/2026,Cancelled,Net Banking
57317,214,16/04/2025,Delivered,Credit Card
50406,348,09/07/2026,Delivered,credit card
52721,674,02-05-2024,Delivered,UPI
50056,586,28-08-2024,Pending,UPI
50203,709,2025-03-03,DELIVERED,UPI
52091,479,26-10-2024,Delivered,NET BANKING
56747,415,02/06/2026,Delivered,Credit Card
50466,56,13-08-2025,DELIVERED,COD
50565,1023,2024-11-29,Delivered,Net Banking
56077,450,2025-04-14,Cancelled,Credit Card
55437,178,06-08-2026,Cancelled,Credit Card
53532,409,19-05-2026,Delivered,UPI
52461,514,2025-05-26,Returned,Credit Card
51990,227,2025-04-13,,Debit Card
52530,29,19-03-2026,,UPI
56108,854,2025-04-10,Delivered,COD
52312,733,25/05/2026,Cancelled,UPI
54332,94,2025-09-02,Delivered,UPI
57253,395,07-09-2024,Delivered,Debit Card
56636,809,2024-02-27,Delivered,
55928,480,18-03-2026,Delivered,UPI
50566,102,21/05/2026,Delivered,
53948,66,2026-06-19,Delivered,Credit Card
53203,721,2025-05-03,Delivered,UPI
50609,6,31/10/2025,Cancelled,Credit Card
54402,1,2024-05-12,Delivered,UPI
54567,75,22/04/2024,Pending,Net Banking
53005,167,06-03-2024,Delivered,Credit Card
52144,678,2026-03-05,DELIVERED,COD
56617,4,2025-11-23,Pending,UPI
51179,980,2026-03-29,Delivered,COD
53075,247,28/01/2024,Cancelled,UPI
52781,961,2024-12-06,Delivered,UPI
51692,620,2025-05-28,Delivered,Credit Card
53151,279,2024-06-01,Delivered,Net Banking
50251,491,2025-11-27,Delivered,CREDIT CARD
54232,305,26-04-2024,Delivered,Debit Card
57078,256,18/10/2025,Delivered,UPI
55748,76,2025-08-09,Delivered,COD
55224,7,07/08/2024,Delivered,Upi
54177,341,2024-01-26,Cancelled,Debit Card
56368,465,2025-07-01,Pending,Net Banking
53025,118,16/02/2024,Delivered,UPI
57925,364,23/09/2024,Delivered,Credit Card
55946,71,2025-03-21,Delivered,UPI
52142,255,04-11-2025,Returned,Debit Card
54082,997,10-02-2026,Delivered,Net Banking
57327,578,2024-07-17,Delivered,UPI
54670,390,2026-05-14,Cancelled,UPI
50157,41,11-09-2025,Delivered,Credit Card
50229,96,26-02-2025,Delivered,UPI
55680,835,02/12/2025,Delivered,Debit Card
53919,277,03/04/2026,Cancelled,UPI
54407,7,2025-01-28,Delivered,UPI
52623,349,2024-01-21,Cancelled,UPI
56440,281,22-01-2026,Delivered,Debit Card
52466,401,26-08-2024,Delivered,COD
50070,713,28-03-2025,Delivered,Credit Card
55596,180,2025-10-26,Delivered,UPI
52318,735,2025-10-31,PENDING,Debit Card
54030,774,2024-10-20,Delivered,net banking
57059,266,2024-02-04,Returned,UPI
56482,25,2025-10-17,Delivered,UPI
55984,250,27/01/2024,Delivered,
54152,470,2025-06-18,returned,UPI
56891,376,2026-05-26,Returned,Net Banking
50080,177,02-07-2026,Delivered,COD
57868,811,2024-01-06,Delivered,UPI
54620,991,2026-01-10,Delivered,
54039,867,2026-06-25,Delivered,UPI
57486,147,21-01-2024,Delivered,UPI
55356,822,2024-10-08,Delivered,COD
50123,956,24-12-2025,Delivered,Credit Card
55924,447,04-07-2024,Delivered,
52776,695,07-08-2024,Delivered,UPI
50626,216,07-06-2025,Delivered,UPI
50465,254,2026-08-19,Cancelled,Credit Card
51558,15,2024-04-18,Delivered,Net Banking
54665,297,27-04-2025,DELIVERED,Credit Card
54063,477,2025-06-14,Delivered,Credit Card
50727,268,01/02/2025,Delivered,Credit Card
54970,281,2025-08-05,Delivered,Debit Card
50903,20,01-01-2026,,Net Banking
53011,89,2024-07-28,Delivered,COD
53697,224,20-04-2026,Delivered,UPI
57000,377,01-01-2025,Delivered,Credit Card
50387,211,2025-10-22,Returned,Credit Card
50923,886,2024-01-06,Delivered,Credit Card
51312,134,2025-10-13,Delivered,Debit Card
57517,44,22/07/2026,Delivered,UPI
53813,352,18-06-2026,Delivered,UPI
51461,80,30-05-2025,Delivered,UPI
50012,1016,2024-02-25,Delivered,COD
56474,421,2024-09-03,Delivered,UPI
56647,13,04/01/2024,Delivered,UPI
50556,887,2025-08-16,Delivered,Credit Card
57396,826,19-10-2025,Delivered,
52059,225,25/02/2024,Delivered,COD
55514,1057,2025-05-02,Delivered,UPI
51977,193,25-05-2026,Delivered,Credit Card
56447,377,2026-01-10,Delivered,Net Banking
57938,139,2026-05-21,Delivered,Debit Card
55634,122,2024-12-06,Delivered,Debit Card
56530,412,28-05-2024,Delivered,Credit Card
56079,403,17-06-2025,Cancelled,UPI
52858,565,2025-11-12,Delivered,UPI
54723,37,26/08/2024,Delivered,UPI
53232,248,23/04/2024,Delivered,UPI
55183,125,2024-10-24,Delivered,UPI
52167,67,18-03-2026,Delivered,Credit Card
57728,6,09/04/2025,Delivered,Debit Card
51143,670,18-08-2024,Delivered,UPI
57054,505,29/02/2024,Delivered,Credit Card
56427,235,2024-09-14,Delivered,UPI
57752,685,21/05/2024,Delivered,Credit Card
51347,22,2024-07-09,Pending,UPI
51124,40,2025-09-07,Delivered,COD
56755,204,04-07-2024,Delivered,Debit Card
50225,318,17-05-2026,Delivered,Debit Card
52125,935,06/07/2025,Delivered,UPI
57124,383,15-01-2026,delivered,UPI
57651,1068,2025-06-27,,Net Banking
54307,719,03/04/2026,delivered,Debit Card
52547,743,07/02/2024,Pending,COD
52478,241,02-01-2024,Delivered,COD
55113,766,30/10/2024,Pending,Debit Card
56667,27,08/04/2026,Delivered,Debit Card
50245,951,27/04/2025,Delivered,Debit Card
54271,532,23/06/2024,Delivered,Credit Card
54315,938,2024-10-31,Delivered,Net Banking
50151,703,01-06-2026,Delivered,Credit Card
52165,493,21/04/2026,Delivered,COD
50109,109,2024-01-27,Delivered,UPI
53862,418,09-05-2025,Delivered,UPI
56359,489,09-03-2026,Cancelled,UPI
57975,833,2024-04-04,Delivered,Debit Card
54779,43,14-08-2024,Returned,UPI
53484,273,2024-02-23,Delivered,UPI
53835,468,20-12-2024,Delivered,COD
56912,262,2025-05-25,Delivered,Net Banking
51748,250,05/04/2024,Delivered,Net Banking
53989,410,16-05-2025,Delivered,Credit Card
57927,13,12/08/2024,Delivered,UPI
52796,373,02-07-2024,Delivered,Net Banking
53277,249,13/02/2024,Returned,Credit Card
51786,112,09-01-2026,Delivered,Upi
54817,1001,14-02-2026,Delivered,UPI
54446,749,16/04/2024,Delivered,CREDIT CARD
53752,351,2025-12-04,Pending,UPI
52607,750,25/11/2024,Delivered,Credit Card
54710,696,26-02-2024,Delivered,UPI
57577,99,25/07/2025,Delivered,Net Banking
53765,470,20/03/2024,Delivered,UPI
54736,750,2024-04-15,delivered,UPI
56812,534,2025-04-25,Delivered,UPI
56941,800,2025-10-21,Cancelled,UPI
50959,351,12/08/2025,Delivered,
53637,269,2026-02-05,Delivered,UPI
54445,74,2024-10-24,Cancelled,Cod
56588,1026,2025-07-28,cancelled,Net Banking
54617,525,29/12/2025,delivered,COD
50562,92,2025-04-26,Delivered,Credit Card
50237,969,2025-04-27,Pending,Credit Card
50352,38,20-05-2024,Delivered,Credit Card
56410,4,15-04-2024,delivered,UPI
50164,145,30/06/2025,Delivered,UPI
57025,445,07-07-2025,Delivered,Credit Card
55351,229,16-03-2024,Delivered,Credit Card
54295,580,19/03/2026,Delivered,UPI
53065,294,2024-12-02,Pending,Credit Card
57321,530,2024-02-09,delivered,COD
54190,359,26-05-2025,Delivered,UPI
53315,313,28-03-2024,Delivered,COD
53145,4,10/09/2024,Delivered,UPI
53512,121,2026-01-01,Delivered,UPI
54852,11,29-08-2026,Cancelled,UPI
54376,14,12/04/2025,Delivered,UPI
57557,18,12-02-2024,Delivered,COD
51472,981,2024-11-26,Delivered,Cod
50648,687,29/11/2024,Delivered,Debit Card
57876,46,21/01/2024,Delivered,COD
56361,476,26/02/2025,Pending,Debit Card
53905,241,2025-01-07,Delivered,Credit Card
56384,272,2025-08-29,Delivered,UPI
50404,141,27-10-2024,Delivered,UPI
51910,12,10/04/2025,Delivered,Debit Card
52651,519,09/01/2026,Delivered,COD
53741,382,10/08/2024,Delivered,Debit Card
55777,58,2024-02-16,Delivered,Debit Card
54980,140,22/10/2024,Delivered,Debit Card
55741,848,20-11-2025,Delivered,Debit Card
51393,122,13/09/2025,Delivered,UPI
51146,666,04/05/2025,Delivered,UPI
54469,125,08/05/2024,Delivered,UPI
50086,290,2025-10-16,Delivered,Credit Card
51510,231,2025-11-11,Cancelled,UPI
57598,418,26/04/2026,Delivered,Debit Card
55195,315,01-01-2025,Delivered,UPI
57378,466,13/05/2025,Delivered,Net Banking
51520,32,05/08/2026,Delivered,UPI
53059,345,23/09/2024,Delivered,
57529,190,28/10/2024,Delivered,Debit Card
51576,51,01-07-2025,Delivered,UPI
57863,224,2025-12-02,Cancelled,COD
57049,651,28/05/2024,DELIVERED,Debit Card
57723,871,09/09/2025,Cancelled,UPI
52160,71,14/11/2024,Delivered,Credit Card
56888,68,20/05/2025,Delivered,Debit Card
55124,358,28-07-2026,Delivered,COD
53123,424,24-01-2025,Pending,Net Banking
55107,121,2025-11-08,Returned,Debit Card
50239,227,05/10/2025,Delivered,UPI
57334,170,2025-03-17,delivered,Credit Card
50999,108,09-05-2024,Delivered,Debit Card
57638,699,21/06/2026,Pending,Credit Card
52278,70,2026-04-09,Delivered,
55487,116,03/01/2024,Delivered,Debit Card
50573,115,2024-01-18,Delivered,COD
51399,70,2025-06-03,Cancelled,Debit Card
52526,633,2025-04-22,Delivered,Debit Card
56748,326,2024-01-26,Delivered,UPI
53270,770,04/03/2024,delivered,
54891,853,28/02/2024,Delivered,Credit Card
57374,45,19/10/2024,Delivered,Debit Card
52496,68,02-07-2024,Cancelled,Credit Card
54231,809,16-12-2025,Delivered,COD
56565,102,13-09-2025,Delivered,Credit Card
52035,126,2025-10-10,Delivered,COD
52661,100,13-07-2026,Pending,UPI
51676,305,2024-05-01,Returned,Net Banking
50758,105,2024-01-04,Delivered,Credit Card
52640,109,2024-09-17,Delivered,Debit Card
56561,453,16-07-2024,Delivered,UPI
51925,431,2026-03-27,Delivered,DEBIT CARD
55190,447,15-01-2024,Cancelled,Credit Card
52418,247,20/11/2025,Delivered,UPI
53867,311,2026-03-08,Delivered,UPI
53258,12,02-04-2026,Delivered,UPI
52491,25,06-11-2025,Delivered,UPI
57996,677,02-01-2025,DELIVERED,UPI
51457,71,14/09/2025,DELIVERED,Net Banking
51806,555,05/04/2026,Returned,UPI
50691,623,2025-07-05,Delivered,Credit Card
55030,439,2025-09-25,Delivered,UPI
56028,426,2024-03-02,Delivered,UPI
53598,15,2024-07-20,Delivered,UPI
56096,119,2025-01-04,Delivered,UPI
55740,644,25/10/2025,Delivered,Credit Card
50577,39,17/04/2024,Delivered,Cod
55039,879,27/07/2025,Delivered,UPI
54761,245,03/07/2025,Delivered,UPI
52077,996,20-10-2025,Delivered,
50103,94,2025-04-13,Delivered,Cod
57624,32,17-01-2026,Pending,
51132,101,09-04-2026,Delivered,credit card
57989,176,26-04-2026,Returned,UPI
54480,541,29/01/2025,Cancelled,UPI
54004,684,10-12-2024,Delivered,debit card
51916,59,21/02/2026,Delivered,Credit Card
50546,682,2024-12-09,Delivered,Net Banking
54849,671,28-07-2026,Pending,UPI
57131,94,2025-12-05,Delivered,UPI
57698,121,25/04/2024,DELIVERED,Credit Card
57272,25,27/06/2024,Delivered,Debit Card
50248,148,2026-07-03,Delivered,UPI
54188,34,21/09/2024,Delivered,Debit Card
54651,113,2026-03-09,Delivered,Debit Card
54655,871,28-07-2026,Delivered,UPI
51582,23,2025-08-13,Delivered,Net Banking
57747,534,2025-05-05,Delivered,Credit Card
57107,56,2024-03-06,DELIVERED,Credit Card
57167,1021,2024-02-11,Delivered,Debit Card
56805,443,2026-02-10,Delivered,Net Banking
53260,306,2026-07-18,Cancelled,Net Banking
54460,355,24-03-2024,Delivered,Debit Card
54527,491,05-01-2026,Delivered,Upi
52994,4,2026-01-23,Delivered,COD
56632,505,29/10/2025,Pending,UPI
53244,353,2026-03-26,Delivered,UPI
54642,162,2026-07-27,delivered,Net Banking
50252,3,14/02/2024,Cancelled,NET BANKING
54458,46,23/03/2026,Delivered,UPI
55935,737,02/01/2024,Delivered,Debit Card
53870,652,2024-04-16,Delivered,UPI
51741,610,17/03/2026,Delivered,UPI
57932,1072,07-05-2025,Delivered,UPI
53283,168,03/11/2024,Returned,credit card
55488,234,2024-06-28,Delivered,cod
50500,475,04/06/2026,Delivered,Credit Card
53213,139,09-05-2026,Delivered,Debit Card
56157,300,2026-07-18,Pending,UPI
52003,1037,2025-07-23,returned,UPI
56296,139,2024-12-28,Delivered,COD
51628,46,11/03/2024,Delivered,cod
57765,393,06/05/2025,Delivered,Credit Card
51375,651,2024-03-20,Pending,Credit Card
54301,248,25-04-2026,Cancelled,UPI
55870,177,04/01/2026,Delivered,COD
55168,941,2025-01-26,Returned,Debit Card
54578,579,2025-02-15,Delivered,UPI
55199,735,2024-06-02,Delivered,Net Banking
52638,863,07-02-2024,Delivered,UPI
52847,31,11/11/2025,Returned,Credit Card
51100,148,2024-05-13,Delivered,UPI
50774,26,08-08-2024,Cancelled,UPI
57381,196,2024-07-19,Delivered,Debit Card
55691,56,01-02-2025,delivered,UPI
53495,136,2026-04-06,Delivered,UPI
55239,955,2025-05-29,Delivered,Credit Card
50502,451,07-10-2024,CANCELLED,Net Banking
52844,885,2025-04-16,Delivered,Debit Card
57226,840,2026-04-03,Delivered,UPI
54511,135,16/04/2025,Delivered,UPI
57749,311,2025-07-15,delivered,Credit Card
55897,141,2026-03-22,Cancelled,COD
50230,287,2025-07-27,Delivered,Credit Card
56906,68,2025-06-08,Delivered,Credit Card
50997,792,22/09/2024,Delivered,COD
57072,590,2025-12-29,Pending,COD
57622,450,2025-05-17,Delivered,Credit Card
52209,56,2025-04-07,Delivered,Debit Card
51839,219,2026-06-21,Delivered,Credit Card
54599,327,26/07/2024,DELIVERED,COD
51946,554,02/10/2024,Returned,upi
51300,489,25/04/2026,Delivered,Net Banking
54485,122,2026-07-03,Delivered,COD
56676,297,2025-06-29,Cancelled,UPI
51335,800,2025-08-23,Returned,UPI
50947,677,25-08-2025,Delivered,COD
56655,648,2025-06-10,Delivered,COD
56268,1052,2026-02-10,Delivered,UPI
53593,69,2025-11-04,delivered,Credit Card
56993,693,12/11/2025,Delivered,COD
54103,22,13/02/2026,Delivered,UPI
55864,475,2025-07-03,Delivered,UPI
56706,26,2026-06-29,Delivered,COD
56139,338,23/10/2025,Delivered,COD
57046,88,11-08-2024,Delivered,UPI
50335,817,24-02-2025,Delivered,UPI
50011,112,14/03/2026,Returned,UPI
55275,262,06-03-2025,,UPI
53732,264,2026-05-21,Delivered,Credit Card
54012,22,05/07/2025,delivered,Credit Card
57909,102,2024-10-27,Delivered,UPI
57811,864,2025-08-20,Delivered,UPI
53392,219,2025-02-22,Returned,COD
51405,733,19-03-2026,Delivered,COD
55987,6,31/05/2026,Cancelled,
51640,4,2025-09-19,Delivered,Credit Card
51298,122,2025-01-25,Pending,UPI
50170,501,02-09-2025,Delivered,Cod
57893,751,01-01-2025,Pending,
51930,216,13/12/2024,DELIVERED,Credit Card
52683,611,2026-02-04,Returned,Credit Card
57783,23,2025-04-26,Delivered,UPI
53205,209,2024-05-19,Cancelled,UPI
57200,326,18/08/2025,,COD
56608,563,16/09/2025,Pending,UPI
53834,490,20-08-2025,Delivered,NET BANKING
56176,78,2025-04-15,Delivered,COD
50973,143,2026-05-21,Delivered,Debit Card
51828,228,04-01-2024,Delivered,UPI
56498,237,2025-01-12,returned,UPI
54851,841,17/09/2024,PENDING,UPI
56242,325,03/09/2025,Delivered,Credit Card
51113,417,2024-07-19,Returned,Upi
54956,54,10-05-2026,Delivered,UPI
55045,933,11/09/2025,Delivered,UPI
57302,771,2025-01-14,Delivered,Upi
54018,295,22/02/2024,Delivered,Net Banking
54143,760,08-12-2025,Delivered,Debit Card
51128,323,06/04/2026,Delivered,Credit Card
56130,686,18/07/2025,,Credit Card
52578,110,15/08/2024,Cancelled,UPI
54618,865,03-04-2025,Delivered,UPI
57595,683,31-01-2026,Delivered,Credit Card
57336,238,2024-11-30,Delivered,Debit Card
57134,549,25/06/2025,Cancelled,COD
51851,36,31-03-2026,Delivered,upi
55541,868,2025-01-06,Delivered,Credit Card
51164,81,17/08/2024,Delivered,Debit Card
52589,14,2025-12-28,Delivered,Credit Card
55153,441,2024-07-27,Returned,COD
51186,504,28/03/2026,Cancelled,UPI
51382,238,2026-06-22,Delivered,UPI
53703,383,2025-12-28,Delivered,UPI
54889,245,2024-12-31,Delivered,COD
54493,1052,08/01/2026,Delivered,UPI
53141,1,15/07/2024,Delivered,COD
55704,279,19/04/2024,Returned,credit card
55694,137,2025-02-23,Cancelled,COD
55574,258,2024-03-03,Delivered,Credit Card
56697,464,08/01/2025,Delivered,Upi
57599,383,17/07/2026,Cancelled,COD
50156,49,2025-04-01,Delivered,UPI
55768,673,2024-10-30,returned,Debit Card
52285,128,2024-02-05,PENDING,UPI
55501,409,2025-12-09,Cancelled,Debit Card
50773,433,27-05-2026,Delivered,UPI
52211,284,27-06-2026,DELIVERED,Credit Card
54176,184,24/05/2025,Delivered,
55373,227,08-04-2026,Delivered,
53638,375,21/06/2026,Delivered,Credit Card
52866,19,12/03/2024,Delivered,Net Banking
51190,781,2025-05-26,Delivered,Debit Card
50555,84,09-01-2026,Delivered,UPI
53489,382,2026-02-18,PENDING,Credit Card
55154,470,2026-05-21,Delivered,credit card
50869,51,11/06/2024,Delivered,Debit Card
52575,439,2025-07-12,Delivered,UPI
57155,19,24/02/2026,Delivered,Upi
53041,129,08-08-2025,Delivered,UPI
50786,121,2025-04-29,Delivered,COD
53936,57,26-09-2025,Pending,upi
56744,275,19-06-2024,Pending,UPI
51525,93,2025-02-17,Delivered,UPI
53611,143,2025-07-02,Cancelled,UPI
54069,452,08-01-2024,Delivered,UPI
53352,223,31-01-2026,Delivered,UPI
55516,311,2025-06-30,Delivered,Debit Card
55584,962,30-01-2026,Delivered,debit card
50882,442,16-11-2025,Delivered,Debit Card
55304,495,06/11/2025,Delivered,Debit Card
50716,968,31-10-2025,Pending,UPI
57671,294,27/04/2026,Returned,Credit Card
55052,455,2025-11-08,Delivered,
53028,174,03/05/2024,Delivered,Upi
56558,149,16-06-2025,Pending,COD
55626,352,13-08-2025,Delivered,Net Banking
55389,612,22-12-2024,Delivered,UPI
55493,611,2024-03-31,Delivered,Debit Card
52703,440,25-05-2024,Delivered,debit card
50672,223,12/01/2024,Delivered,Credit Card
53947,108,10/03/2026,Cancelled,COD
51445,515,24-01-2025,Delivered,UPI
52323,390,01/06/2026,Delivered,UPI
51816,830,04/04/2026,Delivered,UPI
51087,75,2025-08-01,Delivered,COD
53103,117,02/12/2025,Pending,COD
54486,51,06-05-2024,Cancelled,NET BANKING
55036,378,2025-03-25,Delivered,credit card
55640,1064,2025-08-16,Delivered,UPI
52000,205,2024-05-02,Delivered,UPI
55627,217,2026-04-12,DELIVERED,Net Banking
53242,1,17-04-2024,Delivered,UPI
53225,336,03/04/2025,Delivered,Cod
54156,64,2026-02-08,Cancelled,Net Banking
56152,913,2024-02-05,Delivered,UPI
51105,542,17/07/2025,delivered,UPI
53644,977,19/03/2024,Delivered,Credit Card
51226,139,23-03-2026,Delivered,UPI
51069,112,23/01/2024,Delivered,UPI
50168,67,2025-03-01,Delivered,COD
52873,745,29/02/2024,Delivered,Credit Card
55538,50,2026-03-25,Delivered,Credit Card
51272,234,24-04-2024,Delivered,UPI
51410,117,2024-11-24,Pending,DEBIT CARD
54728,112,08/12/2025,DELIVERED,Debit Card
50720,504,2024-03-10,Delivered,credit card
53599,258,01/07/2025,Delivered,UPI
57715,442,13/05/2026,Pending,UPI
50033,292,10/04/2025,Delivered,UPI
55085,129,2024-02-03,Returned,DEBIT CARD
53009,44,07/03/2025,Delivered,UPI
50826,840,20/03/2024,Delivered,UPI
55417,195,2025-09-08,Delivered,Upi
54529,80,25-04-2024,Delivered,Net Banking
54844,209,20/04/2025,Pending,Credit Card
56184,317,2024-12-18,Delivered,Cod
52468,500,16-05-2024,Delivered,CREDIT CARD
50702,87,15/02/2025,Delivered,UPI
52037,147,2024-06-16,delivered,UPI
50992,20,2025-09-24,Pending,UPI
51380,1011,25/12/2024,Delivered,UPI
56893,917,05/04/2025,Delivered,Debit Card
50336,996,2026-06-05,Delivered,UPI
52422,7,25/08/2025,Delivered,UPI
51735,833,18-11-2025,Delivered,UPI
54687,631,25-07-2024,Delivered,UPI
50280,117,01/12/2024,delivered,Debit Card
53416,141,02/02/2025,Delivered,
54977,300,11/10/2024,Delivered,Credit Card
53370,432,2025-08-15,DELIVERED,COD
53276,960,18-03-2024,Delivered,UPI
55164,533,2026-02-24,Pending,Credit Card
51670,345,2025-06-07,Cancelled,Credit Card
53281,274,27/01/2024,Delivered,Credit Card
51817,785,2026-04-09,Cancelled,UPI
50797,78,2025-10-03,Pending,Credit Card
57796,739,2025-11-13,delivered,Credit Card
56879,409,23/08/2024,delivered,Debit Card
53970,116,16-10-2025,Delivered,Credit Card
52818,492,2024-10-12,Pending,Credit Card
56733,889,2024-02-28,Delivered,UPI
54806,23,08/05/2026,Cancelled,UPI
50198,116,02/05/2024,Pending,UPI
56311,314,18-03-2025,Delivered,Credit Card
50795,143,2026-04-10,Delivered,UPI
56178,45,03-04-2024,Pending,UPI
51478,64,06-10-2024,Delivered,UPI
55073,307,13/12/2025,Cancelled,UPI
57053,484,2025-09-22,,upi
52309,373,15-04-2024,Delivered,UPI
55705,34,2026-05-06,Delivered,Debit Card
53814,825,2024-04-12,Delivered,COD
55760,498,25-10-2024,Delivered,Net Banking
51148,100,02-11-2025,Delivered,Credit Card
56624,411,2025-04-22,Delivered,COD
50236,961,13-02-2026,Delivered,UPI
53175,52,2026-01-24,Delivered,COD
50449,319,10/04/2025,Delivered,UPI
55449,261,2024-05-30,Delivered,UPI
51063,65,18/11/2024,Delivered,Credit Card
52762,120,2026-07-03,Delivered,NET BANKING
56170,817,2024-05-09,Delivered,UPI
53620,792,2026-04-29,Delivered,UPI
53179,1025,2024-08-01,Delivered,COD
52664,321,2026-04-09,Delivered,COD
51778,1000,26-08-2024,Delivered,Credit Card
57201,363,2026-07-12,Delivered,COD
52645,811,2025-10-14,Delivered,Credit Card
56953,283,31/07/2025,Cancelled,UPI
54472,72,04/05/2026,Delivered,CREDIT CARD
55273,655,2026-05-01,CANCELLED,debit card
57865,417,2024-09-23,Delivered,Credit Card
54628,270,26-10-2025,Delivered,
53237,1022,26-03-2025,Delivered,Upi
55290,15,2024-12-25,Delivered,UPI
54770,73,2025-09-23,,COD
52741,29,23-10-2024,delivered,UPI
56960,133,2025-04-07,Delivered,upi
55223,963,2026-04-18,Delivered,Upi
57403,85,12/03/2026,Delivered,Debit Card
55879,124,18/01/2025,Delivered,UPI
51223,201,2025-12-05,Delivered,UPI
53812,686,2026-04-26,Delivered,Credit Card
51422,656,18-11-2024,Delivered,UPI
53401,478,01/01/2024,Delivered,UPI
56942,47,2024-05-23,Delivered,UPI
53299,623,2025-11-19,Delivered,UPI
52110,286,2025-11-15,Delivered,Credit Card
56619,13,2025-07-08,Delivered,UPI
52745,445,29/10/2025,Delivered,Credit Card
53505,69,05/03/2024,Delivered,UPI
50007,634,2024-10-07,Delivered,Credit Card
56605,803,14/11/2025,Delivered,Credit Card
55803,1055,12/02/2024,Delivered,Credit Card
53202,575,2026-04-05,cancelled,UPI
52365,623,10-03-2024,DELIVERED,Upi
53868,80,2025-09-04,Delivered,UPI
57387,262,2024-05-07,Delivered,upi
52121,500,11/11/2025,Delivered,Debit Card
51103,618,30-07-2025,Delivered,Debit Card
51689,918,12/04/2025,Delivered,Credit Card
52941,10,2026-02-09,Pending,UPI
53431,206,27/11/2024,Pending,UPI
50014,125,2024-06-13,Delivered,UPI
53077,404,22-04-2026,Delivered,Credit Card
57064,227,2024-04-25,Delivered,UPI
56723,364,2024-04-28,Delivered,Debit Card
51891,181,16-10-2024,Delivered,
51759,365,2026-01-03,PENDING,UPI
57645,387,2024-06-04,Delivered,
55742,132,2026-01-21,Delivered,upi
57367,244,2026-04-19,Delivered,UPI
53944,624,2025-06-19,Delivered,Net Banking
52151,57,2025-02-03,Delivered,UPI
57069,332,23/02/2026,Delivered,UPI
54390,418,22/03/2024,Delivered,UPI
57653,239,25/07/2026,pending,Debit Card
52180,119,2026-08-30,Delivered,UPI
54685,127,08/11/2025,Delivered,UPI
57554,907,21/05/2025,Delivered,COD
56270,266,2025-07-26,Delivered,UPI
55110,932,2025-05-07,Delivered,Net Banking
50889,93,2024-10-29,Delivered,UPI
50951,111,30-09-2025,Delivered,Debit Card
50806,954,15/04/2025,Delivered,credit card
56536,232,29/07/2024,Delivered,Net Banking
55255,16,21/01/2024,Delivered,cod
56221,35,2025-03-02,Delivered,UPI
52930,67,01/04/2026,Delivered,UPI
57559,435,2025-07-25,CANCELLED,UPI
53186,232,01/02/2025,Delivered,Debit Card
51941,123,2026-05-16,Cancelled,Debit Card
54750,941,03/06/2026,,COD
51665,130,08/06/2026,Delivered,Credit Card
56931,371,11-11-2025,Delivered,Credit Card
50653,67,27/02/2026,Delivered,COD
53606,309,08-01-2026,Delivered,Debit Card
56791,106,2025-09-11,Delivered,COD
56576,20,22/04/2025,DELIVERED,COD
54027,79,2024-05-19,Delivered,COD
55845,10,21-02-2026,Delivered,Debit Card
52555,267,2024-11-03,Delivered,Net Banking
57263,93,2026-01-09,Returned,UPI
52557,1068,26-10-2025,Delivered,UPI
55058,283,2026-01-17,Pending,UPI
53745,349,07-07-2025,Delivered,Credit Card
56720,989,2025-10-14,Delivered,UPI
57572,679,30/08/2024,Delivered,UPI
50510,229,2024-01-07,delivered,COD
54141,846,2025-05-17,Delivered,Net Banking
56257,280,14-04-2025,Delivered,Debit Card
55480,363,18/04/2024,Cancelled,UPI
51901,50,04/08/2025,Delivered,Net Banking
54887,129,23/09/2025,Delivered,Credit Card
51442,1023,12-02-2024,Delivered,Net Banking
54228,1034,2024-06-12,Delivered,COD
57552,70,2024-12-15,Cancelled,upi
50091,185,2024-05-21,Delivered,Credit Card
53152,473,2024-01-28,Delivered,UPI
53597,444,2024-05-16,Delivered,Debit Card
53639,347,2024-11-10,Delivered,UPI
50667,287,01-03-2025,Delivered,Credit Card
50501,1040,26-05-2026,delivered,Net Banking
51432,206,2024-04-08,Delivered,Debit Card
52153,72,2026-04-27,Pending,Credit Card
51845,873,04/05/2026,Delivered,Debit Card
56099,259,06-02-2026,Delivered,UPI
56671,86,29-05-2025,delivered,UPI
50567,739,2024-11-11,Delivered,Credit Card
50326,110,2025-10-22,Delivered,Credit Card
55121,175,22/06/2025,Delivered,Credit Card
56073,111,2026-04-29,Delivered,COD
50753,32,27-11-2024,Returned,credit card
54930,312,19/04/2024,Delivered,Credit Card
56343,116,2025-10-28,Delivered,Credit Card
50472,1069,2025-05-10,Cancelled,Debit Card
56307,29,27-09-2024,Delivered,Credit Card
55890,1027,23/04/2026,Delivered,Credit Card
50249,266,27-12-2025,Delivered,Credit Card
55271,25,24-05-2025,DELIVERED,
54076,115,2024-11-02,Delivered,Debit Card
53264,487,2026-03-20,Delivered,net banking
51245,38,25/08/2026,Delivered,Debit Card
50607,191,28/05/2025,Delivered,debit card
53091,100,11/08/2025,Delivered,UPI
55713,113,2024-11-13,Cancelled,Credit Card
54430,184,2026-04-08,DELIVERED,UPI
53533,165,05-11-2025,Delivered,Net Banking
53546,105,15-03-2026,Delivered,COD
55717,412,21/04/2025,Delivered,UPI
55663,179,08-05-2026,Delivered,Upi
50683,1076,2025-09-09,DELIVERED,credit card
53753,114,22-11-2024,Pending,UPI
53296,16,2024-04-29,Delivered,UPI
56753,49,20-09-2024,Cancelled,Net Banking
56072,556,10/12/2024,Pending,Debit Card
56066,65,2025-06-17,Returned,UPI
50838,71,2025-03-14,,UPI
57171,236,2024-09-29,Delivered,Net Banking
54270,214,18/07/2025,delivered,COD
55947,129,25/05/2026,Delivered,UPI
50142,387,24/07/2026,Returned,UPI
51046,270,2026-01-05,Delivered,UPI
51540,294,2024-06-19,Pending,COD
50507,66,2026-02-25,Delivered,UPI
53833,39,2025-04-15,delivered,UPI
51835,5,13-10-2024,Delivered,UPI
54428,668,28/02/2026,Cancelled,Net Banking
56989,220,18/01/2025,Delivered,Debit Card
50880,723,14-02-2026,Cancelled,Debit Card
57592,268,10/07/2025,Delivered,COD
50444,23,2024-04-05,Delivered,UPI
51280,1036,01/08/2025,Delivered,Debit Card
50491,48,2025-04-17,Delivered,COD
53808,981,05/08/2024,Delivered,Debit Card
56954,697,31-01-2026,Delivered,UPI
57210,731,01/10/2024,Delivered,Credit Card
51175,86,08/02/2026,Delivered,COD
50071,255,26-10-2024,DELIVERED,upi
54380,127,2024-01-27,Delivered,UPI
57262,18,10/01/2025,Cancelled,Credit Card
53709,638,2025-09-26,Delivered,Credit Card
56980,14,12/07/2024,Delivered,COD
54508,292,12/02/2025,Delivered,cod
51178,37,2026-07-14,Delivered,UPI
53008,53,01/03/2024,Delivered,Upi
55808,702,08/10/2024,Delivered,Net Banking
50319,92,2025-08-22,Pending,Credit Card
54539,279,17/01/2025,Cancelled,cod
53241,254,2026-05-20,Delivered,Credit Card
53177,97,2025-04-20,Delivered,Net Banking
54182,293,2025-02-15,DELIVERED,Net Banking
55759,461,2026-07-02,DELIVERED,Upi
56551,266,05-06-2024,,Credit Card
51611,93,01-10-2025,Cancelled,UPI
57254,342,2024-04-20,Delivered,NET BANKING
56876,49,11-05-2025,Delivered,UPI
55861,55,2026-05-01,Delivered,Net Banking
50831,6,2024-05-16,Delivered,credit card
56596,454,15/12/2025,,UPI
51080,191,2026-08-27,Delivered,UPI
55842,300,2024-11-23,Delivered,Credit Card
54041,490,2024-05-20,Delivered,UPI
51542,608,2026-05-01,Cancelled,UPI
55669,102,2025-11-07,Pending,Credit Card
50447,646,13-06-2024,Delivered,Debit Card
52965,78,02/06/2025,DELIVERED,UPI
50359,201,16-05-2025,Delivered,Net Banking
50714,152,2026-01-01,Delivered,Credit Card
53050,163,2025-08-24,Delivered,Debit Card
52375,358,07/05/2024,Delivered,COD
55178,110,27/02/2026,Delivered,UPI
52392,148,15/03/2026,Delivered,UPI
54356,133,24/10/2024,Delivered,Debit Card
55591,63,2026-08-24,Returned,Credit Card
51005,48,25/02/2024,Delivered,COD
52004,1,2025-06-10,Pending,COD
50368,398,2024-02-12,Delivered,UPI
51474,83,19-09-2024,Delivered,Upi
52431,458,2025-08-28,Delivered,UPI
52229,515,31-05-2026,Pending,Credit Card
50713,25,25/04/2026,Returned,Credit Card
53932,742,26/07/2026,Returned,Credit Card
50898,200,17-03-2026,Cancelled,COD
57383,404,2025-10-01,Delivered,UPI
55643,1062,13/04/2025,Delivered,Debit Card
56150,40,2024-02-15,Cancelled,Debit Card
52559,132,2024-11-24,Delivered,UPI
50303,81,2024-07-17,Cancelled,
51644,671,14/06/2024,Delivered,Credit Card
52988,8,30-06-2024,Returned,UPI
54805,901,08-01-2026,Delivered,UPI
55028,389,31/08/2024,Pending,UPI
51238,419,2024-09-20,delivered,Net Banking
54072,46,2025-11-10,Pending,credit card
56731,84,2025-01-05,Returned,UPI
54284,38,08-09-2025,Cancelled,COD
57743,243,13-09-2024,Delivered,Credit Card
55973,246,2026-07-07,,Debit Card
51151,471,2025-01-12,Delivered,Credit Card
55376,429,2024-10-07,Delivered,UPI
53099,1072,13/07/2024,Cancelled,UPI
54265,417,2024-10-04,Delivered,NET BANKING
52657,511,17-11-2025,Delivered,Net Banking
50594,91,2026-02-18,Delivered,UPI
55408,327,06/03/2026,DELIVERED,Debit Card
57209,183,21/12/2025,Delivered,UPI
57513,938,29-04-2024,Pending,Credit Card
50563,2,2024-03-09,Delivered,Debit Card
51777,811,17/06/2025,Delivered,COD
56241,976,03-01-2025,Returned,Debit Card
51776,617,22/09/2025,Delivered,UPI
54073,328,2026-01-18,Cancelled,UPI
52836,117,19/04/2024,Delivered,UPI
51130,679,2025-01-15,Delivered,Credit Card
51327,107,27-01-2025,delivered,UPI
50017,54,20/12/2024,delivered,UPI
57463,138,21/03/2025,Delivered,Net Banking
55142,76,30-08-2025,Delivered,
53924,563,2024-09-18,Delivered,Debit Card
50304,571,07-10-2024,Delivered,Net Banking
52837,417,29-01-2025,delivered,COD
50219,804,29-03-2025,Delivered,UPI
51732,97,11/12/2025,DELIVERED,Credit Card
54240,660,2026-04-11,Delivered,Credit Card
56552,138,25/01/2024,Delivered,UPI
50316,453,25-07-2024,Delivered,Credit Card
56483,18,21/05/2025,Delivered,UPI
52743,949,20-11-2025,Delivered,UPI
53671,988,06-08-2025,Cancelled,UPI
55478,949,2025-01-20,Delivered,UPI
56961,586,2024-09-01,Delivered,Credit Card
54497,34,2026-08-01,Delivered,credit card
56736,852,2024-04-18,Delivered,Credit Card
57870,1006,02/06/2024,Pending,Net Banking
53317,67,2024-04-08,Delivered,UPI
54044,883,04/09/2024,Delivered,UPI
51121,419,20-06-2024,Delivered,UPI
56507,155,2024-02-01,Cancelled,UPI
50003,643,06/09/2025,Delivered,cod
56276,356,2024-08-29,Delivered,Net Banking
53372,673,18/06/2026,Delivered,upi
53406,362,10/11/2024,Pending,Credit Card
57154,1008,2024-09-26,delivered,COD
56404,912,2025-03-08,Delivered,Credit Card
54287,54,2025-09-21,Delivered,Credit Card
55738,167,11/01/2025,Delivered,Debit Card
55346,570,2025-06-29,Delivered,UPI
55818,814,2025-08-06,Delivered,UPI
57465,745,2025-06-07,Delivered,
56175,567,11-05-2026,Delivered,UPI
52931,650,31/12/2024,Delivered,Net Banking
57905,49,14/01/2026,Delivered,COD
51379,124,13/03/2025,Delivered,UPI
52694,131,05/08/2026,Delivered,UPI
50174,306,2026-06-30,Delivered,UPI
57959,680,06-03-2026,Delivered,UPI
52337,322,22/04/2025,Pending,UPI
50222,722,20/08/2025,Delivered,COD
55194,250,13-05-2024,Cancelled,credit card
57170,644,2025-08-04,Delivered,
55104,995,2024-10-05,Delivered,Credit Card
50464,8,2024-06-06,Delivered,Debit Card
56654,398,05/04/2026,Delivered,COD
57621,779,2025-07-29,Delivered,Debit Card
54602,966,14-12-2024,Pending,COD
54447,97,13-01-2026,Cancelled,Debit Card
56786,473,01-02-2026,Delivered,UPI
52045,511,2025-08-18,Cancelled,UPI
53344,181,10/08/2024,Delivered,UPI
50266,291,2026-06-23,Delivered,COD
51943,320,2024-03-28,Delivered,UPI
52261,1044,26-07-2024,Pending,UPI
53240,434,23-02-2024,Pending,Debit Card
56300,92,2025-03-24,Delivered,Debit Card
54113,706,02/04/2024,Cancelled,COD
56913,181,25/10/2024,Cancelled,Credit Card
56320,555,30/05/2024,Delivered,UPI
50346,14,15-01-2024,Delivered,UPI
53367,353,11-01-2026,Delivered,UPI
51255,36,03-07-2026,Delivered,Net Banking
54888,69,06-05-2026,Delivered,UPI
57047,52,2025-09-10,Cancelled,UPI
55055,437,23/10/2024,Delivered,Net Banking
57617,17,2024-04-22,Delivered,UPI
56366,307,2026-02-27,DELIVERED,NET BANKING
57268,974,19/08/2026,Pending,Debit Card
52322,529,2024-01-25,Delivered,UPI
52213,209,2024-08-12,Delivered,Debit Card
50478,666,05/05/2024,Delivered,UPI
50235,925,2025-11-18,Delivered,UPI
56712,97,2024-05-12,delivered,COD
50209,1013,24-06-2024,Pending,Debit Card
56272,1006,22-08-2026,Delivered,Net Banking
55201,734,10/11/2024,Delivered,Credit Card
52712,402,13/05/2024,Cancelled,Credit Card
57793,820,2024-05-30,Delivered,UPI
52587,331,2025-05-22,Cancelled,UPI
51555,118,2024-06-04,delivered,CREDIT CARD
54081,589,28-07-2024,Delivered,DEBIT CARD
53685,528,13-09-2025,Delivered,Net Banking
50534,369,2026-06-08,cancelled,upi
52636,213,06/04/2024,Delivered,Credit Card
52951,276,04/06/2024,Pending,Net Banking
53430,83,07/07/2024,Pending,COD
56086,304,2024-10-19,DELIVERED,UPI
52048,78,16/02/2026,delivered,CREDIT CARD
57727,804,2025-04-18,Delivered,Net Banking
52464,674,04-01-2025,Returned,Debit Card
51898,469,2024-12-16,Delivered,Debit Card
54097,427,2024-02-12,DELIVERED,Net Banking
55241,435,2024-08-18,Delivered,UPI
50320,552,2024-12-13,Delivered,UPI
51241,25,2024-05-26,Delivered,Credit Card
53758,385,2026-04-22,Delivered,UPI
52728,392,26/12/2024,Delivered,UPI
52066,150,18/04/2026,Delivered,UPI
52615,696,2024-12-25,Delivered,Net Banking
52135,771,2026-05-20,delivered,COD
55341,859,24/05/2026,Delivered,Upi
56790,883,07/07/2025,Delivered,Credit Card
51305,121,15/03/2026,Delivered,UPI
53618,18,12-02-2025,Delivered,UPI
52469,193,2024-02-02,Delivered,UPI
55882,151,2025-03-05,Pending,Debit Card
54907,711,13-06-2025,Delivered,Net Banking
57363,119,2024-10-16,Delivered,UPI
56397,916,08/02/2024,Delivered,Credit Card
57351,318,2024-02-18,Delivered,net banking
54296,243,14-06-2025,Delivered,Debit Card
53987,105,10/03/2024,Pending,Credit Card
54677,133,2024-01-21,Delivered,Debit Card
56549,595,2025-10-02,Returned,Debit Card
55664,84,2024-04-08,Delivered,Credit Card
56965,235,2025-06-28,Delivered,Debit Card
57454,639,2024-07-01,Delivered,UPI
55945,70,2026-08-15,Delivered,Debit Card
50498,22,2024-01-18,DELIVERED,COD
56389,18,2025-07-03,Delivered,upi
51972,111,12-08-2025,DELIVERED,Credit Card
57422,47,25-12-2025,DELIVERED,Credit Card
54146,1029,2026-07-02,DELIVERED,UPI
56111,174,13/05/2025,Delivered,UPI
50348,957,08-02-2025,Delivered,UPI
53444,1067,2025-12-26,Pending,Credit Card
53843,433,2024-12-23,Cancelled,Credit Card
54765,446,19/09/2025,Delivered,Credit Card
53216,385,31/07/2024,Delivered,COD
52545,450,2025-11-01,Returned,UPI
56872,658,15-06-2024,Pending,Net Banking
52286,717,2025-07-03,Delivered,UPI
55267,341,06-05-2024,Delivered,UPI
55793,1052,01-07-2026,Delivered,Debit Card
56618,50,2024-11-06,Delivered,Credit Card
50793,270,13-07-2025,Delivered,Debit Card
56418,1020,2026-06-18,Delivered,UPI
50640,598,20/01/2026,Delivered,UPI
57758,22,22/12/2024,Cancelled,COD
50823,614,2025-06-20,Delivered,UPI
53136,89,2025-01-08,Delivered,UPI
50102,109,24/01/2025,delivered,COD
55850,755,04/12/2024,Delivered,Credit Card
56335,9,2024-04-11,Pending,Credit Card
57972,305,30-07-2025,Delivered,DEBIT CARD
56415,208,26-12-2025,Delivered,UPI
56828,17,26/07/2025,Delivered,UPI
52829,858,12-03-2025,Delivered,UPI
56673,279,2025-01-08,Delivered,UPI
50270,53,2024-04-18,Cancelled,Debit Card
50309,699,15/08/2026,Delivered,UPI
53579,302,2026-06-22,Delivered,Debit Card
57677,51,2024-03-08,Delivered,UPI
52660,103,20-07-2026,Delivered,UPI
53896,899,2025-09-21,Delivered,COD
51682,968,15/10/2025,Delivered,upi
51099,2,17/05/2025,Delivered,Credit Card
56174,154,2026-08-31,Delivered,UPI
50139,505,26-06-2024,Cancelled,Net Banking
50887,737,09-08-2024,Delivered,Credit Card
50736,33,18/05/2024,Cancelled,UPI
54005,23,2025-04-17,Delivered,UPI
55481,142,2024-04-08,Delivered,Credit Card
56478,132,2026-06-08,Returned,UPI
56378,314,10/12/2025,Delivered,UPI
50711,1066,28/02/2026,Delivered,COD
53448,982,25/06/2024,Pending,UPI
56775,22,08/12/2025,Delivered,cod
50700,1038,20-09-2025,Delivered,debit card
55614,42,2026-06-17,Delivered,UPI
54935,456,2025-06-30,Delivered,UPI
53092,67,2026-07-04,Delivered,COD
53617,650,2026-07-15,Delivered,Net Banking
50979,67,02/04/2024,Delivered,COD
52368,970,29-01-2026,Delivered,Debit Card
57187,471,30-06-2026,Delivered,UPI
56856,717,09-11-2024,Delivered,credit card
56880,66,2026-05-03,Delivered,Credit Card
53669,138,12/12/2024,Delivered,Credit Card
56815,579,2024-03-27,delivered,Debit Card
54994,336,2026-06-10,Delivered,UPI
54344,797,18/11/2025,Delivered,UPI
51141,810,13/03/2026,Delivered,Credit Card
57889,957,2025-03-04,Delivered,upi
50376,42,28/01/2026,Delivered,UPI
52417,511,06/01/2025,Delivered,Credit Card
52803,471,2024-01-25,Delivered,COD
56995,449,2026-08-10,Delivered,UPI
51329,8,09/07/2024,Delivered,UPI
52992,102,04/04/2025,Delivered,UPI
52357,957,2024-09-21,delivered,UPI
55018,91,25-07-2025,Cancelled,UPI
55344,823,17/08/2026,Delivered,UPI
54530,556,2026-02-10,Delivered,UPI
51436,169,06-09-2024,Delivered,UPI
57287,445,2025-08-07,Delivered,UPI
54721,176,25-01-2025,Returned,COD
51675,341,2025-12-25,Delivered,Net Banking
56952,476,2025-08-08,Delivered,Net Banking
57435,618,2025-09-08,Pending,COD
52439,910,03/01/2025,Delivered,Debit Card
53479,66,10/11/2025,Delivered,UPI
54682,848,2025-10-10,Delivered,UPI
54995,415,19-07-2026,Delivered,COD
56505,99,2025-01-19,DELIVERED,UPI
54595,821,2025-12-22,Delivered,UPI
52592,73,2026-05-10,Delivered,Debit Card
52506,433,2025-04-09,Delivered,COD
51020,410,03-04-2024,Pending,Net Banking
56949,812,2026-03-12,Delivered,COD
51295,29,08/09/2025,Delivered,UPI
53144,1057,2025-07-21,Delivered,
57296,291,02-02-2024,Delivered,UPI
57034,964,2025-07-12,Pending,UPI
55051,813,25-12-2025,Delivered,
50332,830,2025-01-25,Delivered,Credit Card
52301,70,10/07/2024,Delivered,UPI
56844,750,10-07-2025,returned,UPI
57866,49,2024-12-08,Pending,Credit Card
53897,307,19-12-2025,Delivered,UPI
52103,560,24-02-2026,Delivered,Debit Card
52234,361,13/10/2025,DELIVERED,
57190,71,2024-01-04,Delivered,UPI
52953,113,22/03/2024,Delivered,UPI
50966,298,2026-05-16,Delivered,UPI
51911,580,2026-05-17,Delivered,Net Banking
54517,16,07-03-2026,Returned,CREDIT CARD
56377,1034,2025-10-29,Delivered,UPI
55284,63,2025-11-18,Cancelled,credit card
55000,92,12-12-2024,Returned,COD
50325,40,08/02/2026,Delivered,UPI
57304,126,2025-02-08,Delivered,Upi
55079,102,2026-05-09,Delivered,UPI
51284,103,03/03/2024,Delivered,UPI
55319,9,2025-02-04,,UPI
50369,295,11-12-2024,Delivered,Credit Card
53147,195,11-03-2024,Delivered,COD
56814,463,30-04-2026,Delivered,UPI
57128,71,2026-03-12,Delivered,COD
50214,594,02-07-2026,Delivered,UPI
51462,460,20-03-2025,delivered,COD
57759,120,2026-01-11,Delivered,Debit Card
55972,149,06-08-2024,Delivered,COD
50435,65,2026-08-24,Cancelled,UPI
56702,701,04/11/2025,Delivered,Credit Card
54496,155,07-03-2025,Delivered,Debit Card
52800,436,2025-04-22,DELIVERED,COD
50712,878,2026-02-04,delivered,Debit Card
56400,34,28-04-2025,Delivered,Credit Card
55617,85,01-08-2025,Delivered,UPI
55386,181,12-07-2024,Delivered,UPI
57264,295,30-08-2024,Pending,Debit Card
57792,20,2025-12-01,Delivered,UPI
51504,480,2025-11-09,Delivered,UPI
50380,758,2025-05-21,Delivered,COD
57111,98,11/11/2024,Delivered,COD
53021,982,15/05/2025,Pending,UPI
50059,1036,2025-12-16,Delivered,
52266,656,13-09-2025,PENDING,Debit Card
55134,910,08-01-2026,delivered,UPI
57957,460,2025-10-28,Pending,Debit Card
57584,2,2025-12-26,CANCELLED,COD
56915,184,01/10/2025,Delivered,UPI
50832,1064,2024-06-16,Delivered,UPI
51106,341,2026-07-20,Delivered,COD
50215,129,2026-03-19,CANCELLED,Credit Card
53485,711,2025-09-29,DELIVERED,UPI
54324,86,06/01/2025,Delivered,UPI
52161,976,2024-12-21,Delivered,Credit Card
54227,304,2024-11-15,Returned,UPI
52162,71,2024-11-14,Delivered,COD
57370,381,2025-09-06,Delivered,UPI
50330,689,16-11-2024,Delivered,Credit Card
56652,360,11/01/2025,Returned,upi
52362,4,2024-05-19,Returned,UPI
53641,123,16-11-2024,Delivered,Debit Card
51182,240,29/09/2025,Delivered,upi
50689,811,07/12/2024,Delivered,Debit Card
54621,854,2025-05-10,Pending,Credit Card
55977,754,20-04-2024,Delivered,COD
53683,276,2026-04-12,Delivered,Debit Card
54032,1053,08-08-2024,Delivered,Credit Card
53381,881,24/01/2025,Delivered,UPI
56664,503,11-03-2024,Delivered,UPI
57221,168,20/01/2026,Delivered,Debit Card
54548,261,2026-01-21,Cancelled,Credit Card
53543,42,2026-04-18,Delivered,Credit Card
51437,212,2026-01-27,DELIVERED,UPI
57741,274,25-04-2024,Delivered,UPI
55686,165,17-09-2025,Cancelled,UPI
51065,1029,2025-11-15,Delivered,Credit Card
51500,220,2026-08-14,Pending,Debit Card
53514,398,12/10/2025,Delivered,Debit Card
57088,52,12/08/2025,Pending,Credit Card
50866,392,2025-08-19,Delivered,Upi
53066,480,2026-08-02,Delivered,Debit Card
55619,220,2026-08-20,Cancelled,Net Banking
54395,21,2024-02-24,Delivered,Debit Card
52773,305,2025-03-14,,COD
51577,101,03/11/2025,Delivered,Net Banking
50863,632,2024-05-02,Cancelled,UPI
56504,7,18-06-2024,delivered,Debit Card
57146,225,2024-09-28,Delivered,UPI
55905,264,12/08/2024,Returned,Credit Card
53408,305,2026-06-24,Cancelled,UPI
57908,118,2026-08-18,delivered,Credit Card
55047,357,08/01/2024,Delivered,upi
51416,62,05/01/2024,Delivered,Credit Card
56014,121,16/06/2024,Delivered,Debit Card
57325,267,12/02/2025,DELIVERED,Credit Card
57446,428,21-01-2025,Delivered,UPI
52132,809,2026-04-10,Delivered,Credit Card
52376,918,29/11/2025,Returned,UPI
55579,372,01/02/2025,Delivered,Cod
53943,48,22-12-2024,Pending,Debit Card
51486,748,21-04-2026,Delivered,Debit Card
55806,231,2025-11-20,Pending,COD
55912,874,2024-12-23,Delivered,Net Banking
57514,369,2025-11-11,Delivered,UPI
52938,299,15/08/2025,Delivered,UPI
50873,19,12/09/2024,Pending,UPI
53052,332,19-01-2025,Delivered,UPI
55834,451,23/10/2024,Delivered,Credit Card
53877,444,2025-01-16,Delivered,Debit Card
51215,232,18-03-2024,Delivered,UPI
51152,407,04/08/2024,Delivered,UPI
54623,846,23-07-2025,Delivered,COD
56403,142,2024-04-29,Delivered,UPI
55564,1065,2024-12-28,Delivered,Credit Card
56819,121,25-07-2025,Pending,UPI
51512,58,03-02-2026,Delivered,Credit Card
52344,675,04-01-2025,Delivered,UPI
53351,464,06-10-2025,Delivered,UPI
50474,967,2024-10-01,Delivered,Credit Card
56163,73,29/05/2024,Delivered,UPI
55157,1034,03-04-2025,pending,UPI
57714,2,23-08-2024,Delivered,Credit Card
53227,115,2026-08-17,returned,credit card
51453,529,16/12/2025,Delivered,UPI
50024,58,2024-01-06,Delivered,Debit Card
56372,332,2026-07-12,Delivered,UPI
52138,684,28-01-2026,DELIVERED,COD
50733,523,2024-10-23,Delivered,UPI
52682,565,20/02/2024,Delivered,Debit Card
53777,131,2025-07-31,Delivered,Debit Card
54837,212,2025-09-17,Delivered,Net Banking
52976,966,05/06/2024,Delivered,Debit Card
51858,826,2024-12-09,Delivered,debit card
51753,278,04/06/2026,Delivered,UPI
56205,369,2024-01-22,Delivered,Net Banking
53206,590,2024-07-01,CANCELLED,UPI
51101,162,2024-04-07,Delivered,
53927,283,29/05/2025,delivered,Credit Card
55288,51,2025-06-20,Delivered,Debit Card
57746,283,2024-10-20,Cancelled,Net Banking
51629,480,14-05-2026,Delivered,Credit Card
52454,696,2024-01-03,DELIVERED,UPI
57389,477,2025-08-19,Delivered,UPI
56362,434,2024-07-30,Delivered,UPI
54657,907,2024-02-18,Pending,Credit Card
57112,275,2026-06-06,DELIVERED,COD
51572,268,05-04-2024,delivered,Credit Card
51414,76,2026-03-15,Cancelled,COD
52441,950,2024-01-29,Delivered,
53954,88,2024-03-10,Delivered,UPI
57882,123,2025-09-03,delivered,UPI
52074,145,28-07-2026,Delivered,UPI
54988,1060,25/05/2026,Cancelled,Credit Card
50134,1002,27-07-2025,Delivered,upi
55950,780,10-04-2024,DELIVERED,Debit Card
56638,867,16/01/2025,Delivered,Debit Card
56756,142,2024-03-25,Delivered,UPI
50647,633,2025-02-17,Delivered,Credit Card
54664,881,2025-07-17,Delivered,Credit Card
51579,944,2024-06-30,Delivered,Credit Card
53180,189,09-01-2026,Delivered,UPI
55623,441,2026-02-25,Delivered,Debit Card
54196,724,2025-12-18,Delivered,UPI
52034,378,2026-05-01,Delivered,Credit Card
56642,994,18-02-2026,,Credit Card
53293,458,13/05/2024,Delivered,UPI
50872,1,2024-04-27,Delivered,Debit Card
51870,916,26/11/2025,Delivered,UPI
52141,845,2025-06-04,Pending,Credit Card
55081,210,2026-05-02,Delivered,COD
57431,99,29-05-2025,Delivered,Debit Card
53364,757,21-08-2024,DELIVERED,UPI
57781,231,12-11-2024,Delivered,Credit Card
56789,84,2024-03-07,Returned,Credit Card
54310,27,13-05-2025,Delivered,COD
52713,943,28/01/2025,Delivered,Debit Card
55621,243,09/06/2025,Delivered,Net Banking
54237,229,2025-11-11,Delivered,UPI
54543,825,15-03-2026,Delivered,Net Banking
57399,41,25/06/2025,Delivered,UPI
51522,322,02/03/2024,Delivered,COD
56599,558,2025-04-21,Delivered,UPI
56488,976,26-04-2025,Delivered,Credit Card
54777,424,2025-04-02,Delivered,UPI
50696,298,17-11-2024,Delivered,Debit Card
56054,13,2026-01-27,Pending,COD
50610,1044,2025-06-28,Pending,Credit Card
52421,550,01-09-2024,Delivered,UPI
56298,546,2026-02-12,Delivered,UPI
56804,74,2025-02-12,Pending,Debit Card
50283,506,2025-04-11,Delivered,UPI
55240,89,2026-03-20,Cancelled,UPI
57949,452,17-07-2025,Delivered,UPI
51082,101,28-05-2026,Delivered,Credit Card
53510,764,2026-03-15,Delivered,UPI
57678,252,2024-12-16,Delivered,UPI
52393,761,13/11/2025,Delivered,UPI
57348,410,05/11/2025,delivered,Credit Card
55382,6,17-10-2024,Delivered,Credit Card
57314,359,2024-04-24,Delivered,UPI
51862,800,2026-02-11,Delivered,Debit Card
53101,222,04-04-2026,Cancelled,UPI
55767,361,2026-04-26,Delivered,UPI
51435,884,2024-03-22,DELIVERED,COD
56925,642,2025-01-11,Delivered,UPI
55458,1010,2025-09-08,delivered,UPI
52878,48,23/01/2024,PENDING,UPI
55927,1005,13/07/2024,delivered,COD
54170,401,23/05/2026,Cancelled,
51452,809,2026-04-05,CANCELLED,UPI
51674,643,28/03/2025,Delivered,Credit Card
53140,920,29/01/2025,Cancelled,Debit Card
56699,144,28-08-2024,Delivered,COD
54490,379,20/02/2025,Cancelled,NET BANKING
56692,636,2026-04-25,delivered,Debit Card
53971,902,05-04-2024,PENDING,COD
53398,156,2025-10-04,Delivered,UPI
50675,371,2026-08-20,Delivered,Debit Card
56666,576,07/08/2025,Delivered,UPI
52591,70,25/07/2025,Delivered,Debit Card
50077,75,2026-01-15,Delivered,COD
57944,426,18/09/2025,Returned,UPI
51595,987,09/01/2025,Returned,Credit Card
52146,726,27/01/2026,Delivered,Debit Card
53233,657,2025-03-03,Delivered,UPI
55552,124,2024-03-11,Pending,upi
55312,798,05/09/2024,Delivered,COD
50018,914,2026-04-21,Pending,Credit Card
55684,987,2026-01-15,Delivered,COD
50386,57,2024-03-25,Delivered,Credit Card
55105,559,2025-01-07,Delivered,UPI
56457,7,06/11/2024,Delivered,Credit Card
57847,29,01/05/2024,Delivered,UPI
52900,47,03/03/2026,Delivered,UPI
53055,28,2026-06-29,Delivered,UPI
55729,825,2025-11-11,Delivered,UPI
52860,148,04/05/2024,Delivered,UPI
57928,325,2024-09-25,Delivered,Upi
53651,25,30/06/2024,Delivered,Net Banking
54164,949,22/01/2026,Delivered,UPI
51381,387,2026-08-18,Delivered,
52390,859,04/10/2025,Delivered,UPI
55805,39,16-06-2026,Pending,COD
54504,308,22/10/2024,Cancelled,Credit Card
56229,358,03/04/2025,Cancelled,COD
54754,858,2024-07-03,DELIVERED,Debit Card
56137,80,2024-05-22,Delivered,Credit Card
56165,184,26/04/2026,CANCELLED,Credit Card
57735,210,28-09-2024,Cancelled,COD
57895,304,2026-03-04,Delivered,Net Banking
56295,796,2026-03-05,Delivered,UPI
54163,193,27-09-2025,Returned,Credit Card
54443,46,27/10/2024,Pending,UPI
53686,101,30/04/2024,Delivered,UPI
53612,113,22/03/2024,Delivered,Credit Card
56563,130,07/02/2026,Delivered,UPI
54241,314,14-03-2025,Delivered,UPI
52331,90,29-08-2024,Delivered,UPI
55625,956,22-07-2026,Delivered,UPI
52676,82,02/10/2025,Cancelled,Credit Card
51183,326,11/08/2026,Delivered,UPI
54131,229,18-07-2025,delivered,Net Banking
52154,146,2025-02-03,Delivered,Credit Card
56239,498,2025-05-31,Delivered,Credit Card
57810,720,2026-08-16,Delivered,upi
56714,147,15/05/2026,Returned,COD
57013,770,06-02-2024,Delivered,Net Banking
52783,464,2025-05-21,DELIVERED,
53475,262,01/03/2024,Delivered,Net Banking
55023,1054,17/10/2025,Cancelled,UPI
57407,593,28/06/2024,Delivered,UPI
56574,61,19/08/2026,Cancelled,UPI
50658,281,2025-11-12,Delivered,Cod
57375,80,2024-01-09,Delivered,UPI
55053,185,15-06-2025,Delivered,UPI
55502,1065,2024-06-16,Delivered,Credit Card
55324,835,23-11-2024,Cancelled,Credit Card
55975,148,30/09/2025,Delivered,Net Banking
55067,248,02-11-2025,Delivered,UPI
56696,76,05/04/2025,Delivered,Credit Card
52608,779,26-11-2024,Delivered,Debit Card
56688,120,09-11-2024,Delivered,UPI
53378,1030,04/04/2024,Cancelled,COD
51060,69,15-02-2024,,UPI
54791,544,2024-06-25,Cancelled,UPI
51114,803,13-05-2024,Pending,Credit Card
55678,127,04/03/2025,Delivered,UPI
51529,428,17-02-2024,Delivered,UPI
50561,35,2025-12-05,DELIVERED,UPI
52797,407,2025-07-20,Pending,UPI
55182,73,23-01-2024,Delivered,credit card
57398,88,13-03-2026,Delivered,Debit Card
50396,83,15-01-2026,Delivered,Debit Card
55238,1043,10/09/2024,Delivered,UPI
56614,183,2026-04-16,Delivered,UPI
56094,43,02/07/2025,Delivered,COD
55137,112,14/01/2026,Cancelled,
56441,816,2025-12-08,Delivered,UPI
53781,328,2024-03-21,Delivered,Credit Card
56524,147,2025-10-17,Pending,Credit Card
55368,81,2025-07-09,Delivered,Credit Card
52434,598,16-07-2026,Pending,UPI
56126,347,2025-02-06,Delivered,UPI
54382,23,18/07/2024,Delivered,UPI
53530,973,10-07-2025,Delivered,UPI
54533,159,2025-05-05,Delivered,Net Banking
53375,813,14/12/2024,Delivered,Credit Card
54340,236,2025-01-29,Delivered,UPI
53363,708,28-09-2024,Delivered,COD
50694,373,04-08-2025,Delivered,CREDIT CARD
54704,9,19-04-2024,Pending,Credit Card
53239,11,10/12/2025,Cancelled,upi
56572,78,2025-12-24,Delivered,Upi
57148,137,16-09-2024,Delivered,COD
52444,177,19-01-2024,Delivered,Upi
54220,559,2026-01-05,Cancelled,Credit Card
55716,459,24-01-2024,Delivered,UPI
53763,131,2025-04-04,Delivered,UPI
56658,179,2024-06-25,Delivered,Credit Card
52499,575,2025-12-01,Delivered,UPI
50800,525,06-03-2026,Delivered,COD
54512,69,2024-04-20,Delivered,Credit Card
52769,106,06/04/2026,Delivered,Credit Card
55642,419,05/02/2026,,Net Banking
53090,8,2024-11-24,Delivered,Net Banking
54942,996,15/03/2025,DELIVERED,UPI
55852,244,2024-12-12,Delivered,UPI
56727,849,09-11-2025,Pending,credit card
57824,70,2024-01-04,Delivered,Debit Card
57347,932,08/09/2024,Delivered,Credit Card
51277,400,25/12/2024,Delivered,credit card
57032,674,01/06/2025,Delivered,Credit Card
56730,1051,2024-08-20,Delivered,Net Banking
57857,90,2026-05-23,Delivered,UPI
50264,256,01/03/2025,Delivered,COD
57021,854,19-05-2024,Delivered,Credit Card
53174,335,20/08/2024,Delivered,Credit Card
57238,896,06/08/2025,Delivered,UPI
51104,699,2026-06-24,Returned,upi
53349,219,2026-06-26,Returned,Net Banking
51156,564,15/08/2025,CANCELLED,Credit Card
53667,59,24/09/2025,Delivered,credit card
51469,560,2025-08-12,Cancelled,Credit Card
50632,67,05-09-2024,Delivered,upi
55750,141,2025-09-22,delivered,COD
50693,366,14-11-2025,Delivered,UPI
56575,62,01-04-2025,Cancelled,UPI
54803,489,19/12/2024,Delivered,Debit Card
57494,92,2024-09-24,Delivered,Credit Card
52620,1013,09/06/2024,Cancelled,Credit Card
55170,29,2024-01-12,delivered,Credit Card
55532,5,17/11/2025,Delivered,Credit Card
57141,52,2025-07-22,Delivered,COD
52742,381,18-09-2025,Delivered,Net Banking
55670,681,20-11-2024,Pending,Credit Card
56969,1002,01/03/2025,CANCELLED,UPI
53422,98,2024-01-24,Delivered,UPI
50053,999,2026-06-16,Delivered,
55629,146,22/06/2026,Delivered,UPI
53531,52,29/04/2026,Delivered,Credit Card
54541,460,18/06/2024,Delivered,cod
56188,737,28/05/2026,Delivered,UPI
53871,746,14-06-2024,Returned,UPI
50552,8,2024-05-03,Delivered,UPI
57362,73,2024-06-21,Delivered,Credit Card
56355,260,2025-05-06,Delivered,UPI
50638,594,2025-01-07,cancelled,UPI
57608,4,28-03-2026,Delivered,Debit Card
57121,282,27/08/2025,Delivered,UPI
51001,248,16-03-2026,Delivered,Net Banking
54955,418,27/09/2025,Delivered,Net Banking
50099,53,2024-02-25,Delivered,Net Banking
57694,163,19-02-2026,Returned,UPI
54895,22,09/01/2025,Delivered,DEBIT CARD
55060,45,02-12-2025,Delivered,UPI
56890,817,2024-02-08,Delivered,UPI
57048,526,10-09-2024,Delivered,UPI
52352,16,2025-03-13,Delivered,UPI
53070,297,15/07/2026,Delivered,Credit Card
54473,627,12-08-2025,Delivered,COD
56322,522,10-04-2026,Delivered,Credit Card
55348,229,14/07/2026,Delivered,COD
52634,437,19/05/2026,Delivered,UPI
53710,62,27-02-2026,Delivered,cod
55979,279,2026-01-27,Pending,Debit Card
53918,398,27/11/2025,Delivered,UPI
51811,4,2024-10-05,Delivered,UPI
53218,229,2025-08-03,Delivered,UPI
56029,1074,20/10/2024,Delivered,upi
54394,134,2024-10-20,Returned,Net Banking
52939,163,2026-01-03,delivered,UPI
57691,420,28/09/2024,Delivered,UPI
51202,333,22-07-2024,Delivered,COD
55772,438,2025-06-18,Delivered,UPI
52252,195,14-08-2024,Delivered,Credit Card
50708,531,09/05/2026,Delivered,UPI
51418,304,25/09/2025,Delivered,Credit Card
51550,47,31/07/2026,DELIVERED,Credit Card
54391,183,29-08-2026,Delivered,Credit Card
50159,313,08/08/2026,Delivered,
55639,269,20/09/2024,Delivered,Credit Card
51374,159,2024-12-14,Delivered,Debit Card
54015,299,2025-07-05,Delivered,UPI
51826,1008,06-04-2025,Returned,UPI
50149,467,2024-10-25,Pending,Net Banking
56467,737,2025-09-08,cancelled,COD
53696,462,2025-08-07,Delivered,
57553,472,2025-01-04,Delivered,UPI
50771,190,2024-02-25,Cancelled,Net Banking
53018,58,18-01-2024,Delivered,UPI
56032,540,20-06-2025,Delivered,Credit Card
55186,445,2026-04-14,Pending,Credit Card
55231,723,2024-01-14,Delivered,UPI
56156,906,2024-07-03,Delivered,COD
55961,62,2025-02-04,Delivered,Credit Card
50291,54,2024-04-11,Delivered,upi
53020,422,2025-09-05,Delivered,Net Banking
56177,124,18-01-2026,Delivered,Credit Card
53464,475,2025-07-22,Delivered,Credit Card
57130,469,2025-11-19,Delivered,Credit Card
54372,127,21-07-2026,Delivered,UPI
53689,75,26-02-2025,Cancelled,Credit Card
50760,197,05-03-2026,Delivered,Credit Card
52178,181,06/06/2024,Delivered,UPI
51698,571,07/12/2025,Delivered,COD
56243,485,28/12/2024,Delivered,credit card
54573,46,2026-03-29,Delivered,Credit Card
55076,234,09/09/2024,Delivered,Credit Card
55003,604,25-08-2024,Delivered,COD
52256,790,28/07/2026,,Credit Card
51059,219,16/04/2026,Delivered,Debit Card
57886,498,20-08-2024,PENDING,COD
50922,307,17-05-2026,Delivered,Credit Card
55091,842,2026-04-14,Delivered,UPI
57680,429,2025-04-10,delivered,COD
54836,410,22/09/2024,Pending,Credit Card
54098,853,2026-03-23,Delivered,UPI
57469,187,2025-04-24,Pending,UPI
55937,60,2026-08-07,Delivered,Credit Card
56203,190,2026-04-13,Delivered,Credit Card
50759,579,2026-01-23,Delivered,Debit Card
53135,421,2025-07-07,DELIVERED,Net Banking
50930,636,02/07/2026,Delivered,net banking
56495,353,2026-03-09,Delivered,COD
55387,445,2026-01-21,Delivered,UPI
54008,304,02-08-2026,Delivered,UPI
53584,822,2025-05-16,Cancelled,UPI
53181,21,17/01/2026,Pending,Net Banking
52558,329,2025-03-14,Delivered,UPI
50475,980,02/08/2026,Delivered,UPI
55305,712,2024-02-15,Delivered,UPI
50110,105,2025-11-18,Delivered,COD
50136,626,08-04-2026,Delivered,UPI
57606,144,25-10-2024,Delivered,Credit Card
57361,13,2024-03-12,Delivered,Debit Card
53143,153,21/04/2026,Delivered,Net Banking
52124,62,24/08/2026,Delivered,UPI
53404,265,2026-07-13,Returned,Credit Card
55801,786,08/10/2024,Delivered,Net Banking
54753,931,12-05-2025,Delivered,Debit Card
57988,264,2024-10-24,Delivered,Debit Card
54425,942,2026-06-06,Delivered,Debit Card
52133,606,31/10/2025,DELIVERED,Debit Card
55496,908,2024-03-31,Delivered,DEBIT CARD
50349,282,08/03/2024,Cancelled,UPI
57524,200,21/01/2025,Delivered,COD
52961,109,2024-07-21,Delivered,Credit Card
51074,318,01/01/2024,Returned,Debit Card
51838,305,2025-04-10,delivered,COD
55248,47,13-02-2026,Delivered,UPI
55726,956,04/01/2024,Pending,COD
51847,167,28-06-2025,Delivered,COD
54180,282,2025-08-31,Delivered,Credit Card
52570,335,2026-04-09,Delivered,Net Banking
57762,187,18-03-2024,Pending,UPI
57452,19,03/01/2025,Pending,Debit Card
53449,53,17-05-2025,DELIVERED,COD
55506,969,03/05/2024,Pending,UPI
54694,1047,2025-06-22,Delivered,Debit Card
51988,17,16-06-2025,Delivered,COD
53556,79,19/04/2024,Delivered,Credit Card
55155,21,27/12/2024,Delivered,Debit Card
50439,639,2025-04-26,pending,UPI
56703,773,28/08/2026,Delivered,UPI
54154,110,25-12-2024,delivered,Credit Card
51686,697,26/06/2024,Delivered,COD
50420,76,11-08-2024,Delivered,COD
54789,1034,2026-08-07,Delivered,Upi
51799,706,2024-06-27,Delivered,COD
57733,995,24-07-2024,Delivered,Debit Card
52210,437,28/04/2026,Delivered,Upi
55115,340,2024-06-09,Delivered,Credit Card
53210,166,13/05/2026,Delivered,Debit Card
57119,831,2025-07-17,DELIVERED,Credit Card
54410,272,24/12/2024,Delivered,Credit Card
53515,409,29/03/2026,DELIVERED,Credit Card
55078,954,2025-06-26,Pending,COD
53102,1064,15/05/2025,returned,Debit Card
50599,761,24-03-2026,Delivered,UPI
55463,576,11/02/2024,Delivered,UPI
51446,62,27/12/2024,Delivered,Credit Card
52391,122,2025-08-08,Delivered,UPI
57602,124,2026-04-15,Pending,Debit Card
50210,195,2025-08-26,Delivered,Credit Card
50155,168,07-12-2025,Delivered,UPI
57440,105,2026-04-26,Delivered,net banking
53859,332,21/03/2024,Delivered,Credit Card
55395,88,06/01/2025,Delivered,UPI
54875,288,09/01/2026,Delivered,UPI
55306,129,12-02-2024,Pending,UPI
51392,273,2025-01-24,Delivered,UPI
50900,83,20/02/2026,Delivered,Debit Card
50353,455,2026-02-17,Delivered,Debit Card
57160,92,2024-04-27,Pending,Credit Card
50153,208,2025-12-23,Delivered,Credit Card
55769,848,2024-07-01,Delivered,net banking
56955,535,18/08/2025,Cancelled,Credit Card
56301,99,20-07-2026,Delivered,Debit Card
52407,62,11-05-2024,Delivered,upi
53348,280,18/06/2024,Delivered,Debit Card
50104,220,09/06/2024,Delivered,Credit Card
53250,135,30-08-2025,Delivered,Net Banking
52801,853,2026-07-06,Delivered,UPI
50313,337,24-08-2025,Delivered,upi
54627,871,13-08-2026,Delivered,UPI
50726,859,2025-01-11,Pending,UPI
55484,1062,06/07/2026,Delivered,credit card
54419,323,2025-11-04,Delivered,UPI
54904,24,2024-06-27,Delivered,Debit Card
54821,726,2024-05-06,Pending,Net Banking
53984,402,2024-05-02,Delivered,Credit Card
51363,144,2024-08-09,Pending,Net Banking
57390,121,2026-07-05,Returned,UPI
51205,367,02-01-2024,delivered,Debit Card
50419,316,2025-06-29,Delivered,UPI
51378,82,2025-02-04,Pending,Upi
51667,445,17-03-2025,Delivered,Debit Card
50939,935,2026-08-03,Delivered,upi
50580,494,2026-04-02,Cancelled,COD
53507,449,2024-02-21,Delivered,COD
55896,369,2025-08-24,Pending,DEBIT CARD
53679,570,2025-09-25,Delivered,UPI
55064,52,2024-08-12,Delivered,Credit Card
51188,120,13-08-2024,Delivered,Credit Card
52944,815,2024-02-21,Delivered,Credit Card
54065,713,2024-02-09,Delivered,Credit Card
53347,489,2024-08-04,Delivered,UPI
56413,733,06/07/2024,Delivered,Credit Card
50186,138,2025-11-29,Delivered,UPI
56354,265,13/04/2024,Delivered,Debit Card
52426,158,2025-02-25,Delivered,UPI
50141,448,2024-01-01,PENDING,UPI
56738,470,19-09-2025,Delivered,Debit Card
55594,1064,29/08/2025,Delivered,UPI
52624,166,2024-06-03,Delivered,UPI
52868,817,03/08/2026,Pending,UPI
53207,327,2026-03-15,Cancelled,Debit Card
53807,454,2025-02-02,Delivered,UPI
55228,937,21-08-2025,Delivered,
51780,337,2026-04-14,Cancelled,Debit Card
51580,105,09-05-2024,Delivered,cod
57777,396,22-05-2025,Delivered,Debit Card
55497,183,2025-04-05,Delivered,Debit Card
56013,437,2024-09-23,Delivered,COD
51892,413,2025-10-05,Delivered,Credit Card
54476,1021,04/09/2024,Delivered,UPI
53856,78,2025-11-13,Cancelled,Debit Card
56992,173,27-04-2026,Pending,UPI
51601,109,2025-09-17,Delivered,UPI
57106,30,2025-04-06,Pending,COD
53212,1048,24-01-2026,Delivered,Credit Card
51344,56,2025-01-31,Delivered,Credit Card
56481,927,2024-06-07,Delivered,COD
57660,334,2024-10-07,Delivered,Credit Card
57901,44,15-04-2026,DELIVERED,Debit Card
57600,140,2025-06-19,Delivered,Credit Card
54448,433,18-05-2025,Delivered,Net Banking
55908,15,2026-03-10,Delivered,UPI
51886,379,29/01/2025,Delivered,Credit Card
56769,136,09-09-2024,Delivered,COD
51395,446,2025-10-18,Delivered,Net Banking
50479,378,29/01/2025,Delivered,Debit Card
54399,129,16/01/2025,Delivered,UPI
50621,143,2026-02-07,Delivered,Credit Card
56670,504,22/02/2024,Delivered,upi
53764,157,2024-03-29,delivered,Credit Card
55699,137,2024-08-24,Delivered,UPI
55260,197,2024-11-19,delivered,upi
50260,839,2024-04-18,Delivered,Debit Card
51061,54,20-07-2026,Delivered,Debit Card
53762,869,2025-03-27,Delivered,Credit Card
52550,385,28/07/2024,Cancelled,Net Banking
54822,256,16-06-2025,Delivered,COD
51383,476,23/01/2024,Delivered,
56513,54,2026-03-01,delivered,Cod
50116,426,12/06/2024,Delivered,Debit Card
54906,577,2024-11-20,Delivered,CREDIT CARD
53248,21,26/08/2024,Delivered,UPI
57688,872,2025-02-11,Delivered,UPI
55258,741,2026-02-19,Delivered,Debit Card
52501,896,2024-05-23,Delivered,Net Banking
56193,113,2025-03-13,Pending,Debit Card
56690,932,2025-10-10,Delivered,UPI
50299,8,09/12/2025,Delivered,Net Banking
55087,1069,2026-08-12,RETURNED,Net Banking
53956,442,23/04/2026,Cancelled,UPI
55227,1069,24/10/2024,Cancelled,Debit Card
57980,304,18-06-2025,Delivered,Debit Card
51789,4,2024-07-27,Delivered,UPI
50267,420,13-04-2024,Delivered,Credit Card
50323,117,2025-10-06,Delivered,UPI
54304,406,14/04/2025,Delivered,COD
51947,6,28-12-2025,Delivered,Credit Card
57948,46,05-06-2025,Cancelled,UPI
54048,24,2025-08-26,Delivered,Debit Card
54842,64,2024-08-22,Delivered,COD
53848,413,07-09-2025,Pending,UPI
57057,7,2025-05-05,Delivered,credit card
55442,98,08/10/2025,Delivered,UPI
50254,459,31/10/2025,Delivered,Upi
56908,88,2024-10-11,Delivered,Net Banking
54733,587,07/05/2024,Delivered,UPI
56975,326,2025-04-20,Delivered,Credit Card
51869,104,2026-03-11,Delivered,UPI
56109,218,2025-06-17,Delivered,UPI
57346,270,2025-08-14,Returned,Net Banking
54898,594,25/04/2026,Delivered,UPI
52240,476,27/10/2025,Cancelled,Net Banking
54288,205,2026-05-01,Delivered,Upi
53590,123,2025-03-04,Delivered,UPI
52022,278,08/07/2025,Delivered,Credit Card
51987,708,2024-11-15,Delivered,UPI
52534,824,19/03/2024,Pending,UPI
55355,58,2025-04-27,Delivered,Net Banking
54440,1032,04-07-2026,Delivered,Debit Card
52571,215,28-08-2024,Pending,Credit Card
51364,572,2025-11-10,Cancelled,credit card
53149,235,06-12-2024,Delivered,COD
51127,539,07-01-2026,Delivered,COD
56787,6,18-04-2026,Delivered,Cod
57509,150,11/03/2024,Delivered,UPI
53303,655,17-03-2026,Delivered,Net Banking
55606,241,2026-06-21,Delivered,Credit Card
56847,98,22-03-2026,Delivered,UPI
56420,363,2026-05-12,Delivered,UPI
54031,132,2026-01-20,Pending,Credit Card
51203,587,2026-02-02,Delivered,COD
54575,398,27-12-2025,Pending,Credit Card
55589,905,29-12-2024,Delivered,Net Banking
55393,131,12/12/2025,Pending,COD
54957,102,21-01-2024,Delivered,UPI
56432,447,19-04-2024,Delivered,UPI
57589,243,2025-09-02,Delivered,Debit Card
55149,114,2026-03-10,Delivered,COD
52117,682,2024-10-19,Delivered,Credit Card
53033,281,2026-02-21,Delivered,UPI
53251,583,20-04-2026,delivered,Debit Card
52750,1023,2025-09-23,Delivered,Upi
51852,630,2025-07-08,Delivered,Debit Card
54337,756,2025-10-06,Pending,COD
55475,243,29/08/2025,delivered,Credit Card
56473,117,14/01/2025,Delivered,UPI
52197,181,2026-01-09,Delivered,
50942,611,2024-08-31,Delivered,Net Banking
57475,35,25-01-2024,Cancelled,
54463,83,11/10/2025,DELIVERED,UPI
52350,841,2026-01-03,Cancelled,Debit Card
54538,13,2025-07-14,Delivered,Net Banking
54207,448,2025-09-02,Delivered,UPI
52730,475,03/11/2025,Cancelled,UPI
54350,125,2025-11-29,Delivered,Credit Card
51893,237,2026-07-02,Delivered,UPI
53627,469,2024-12-07,Delivered,UPI
54067,1049,11-12-2024,Delivered,COD
51224,305,2025-11-12,delivered,Credit Card
52923,12,14-01-2025,Cancelled,COD
57240,710,2025-07-12,Delivered,Credit Card
56104,478,26-08-2025,Delivered,UPI
51610,128,2024-03-06,DELIVERED,Credit Card
54840,876,28-05-2026,,COD
56767,852,04-12-2025,delivered,Debit Card
53208,156,2024-07-22,Pending,UPI
53805,9,25/12/2024,delivered,UPI
51871,447,2025-06-18,Delivered,UPI
53098,867,2024-10-21,Delivered,Debit Card
56839,850,07-04-2026,Delivered,UPI
55333,127,27-04-2025,Delivered,UPI
52179,492,2025-04-30,PENDING,COD
57919,372,19/04/2024,Delivered,Debit Card
57278,190,19/11/2025,Delivered,UPI
52283,149,08/05/2025,Returned,Net Banking
56071,72,2026-04-23,DELIVERED,UPI
53551,74,12/07/2026,Delivered,Credit Card
53847,479,20-07-2024,Delivered,COD
52244,608,29-10-2025,Delivered,UPI
56794,732,2024-05-12,Delivered,Debit Card
56061,219,02/01/2024,Delivered,UPI
54540,548,2026-06-20,Pending,Credit Card
53304,25,2025-07-19,Delivered,Credit Card
56545,769,2025-09-15,delivered,Debit Card
56985,108,01/11/2024,Delivered,UPI
54062,42,17/06/2026,Delivered,UPI
52246,256,2024-09-13,Delivered,Cod
55165,429,2025-02-12,Delivered,
54701,355,24/01/2025,Delivered,UPI
52502,500,2024-07-12,Cancelled,upi
54641,391,2026-05-03,Delivered,Debit Card
52380,1055,25/03/2025,Delivered,UPI
51663,11,08/07/2024,Delivered,UPI
55261,141,2025-06-23,Returned,
52819,910,12-08-2025,Delivered,upi
55517,414,21-08-2026,pending,COD
51651,472,07/09/2025,Delivered,UPI
51982,304,2024-03-17,delivered,
57183,13,02/03/2024,delivered,Debit Card
51920,227,2025-09-05,Delivered,DEBIT CARD
57457,278,02/02/2026,Delivered,Credit Card
50411,743,22/07/2024,Delivered,COD
56280,843,05/08/2024,DELIVERED,UPI
57713,97,2025-03-21,Delivered,COD
52007,523,2025-09-24,Delivered,UPI
50340,860,2025-07-04,Delivered,Net Banking
51771,529,30/05/2024,Cancelled,Debit Card
56450,860,30/12/2025,DELIVERED,Credit Card
56713,548,18/02/2026,Delivered,UPI
53111,133,03-01-2026,Delivered,UPI
53176,773,2024-03-20,Delivered,COD
50690,88,26/01/2025,Delivered,UPI
51499,1028,14-11-2024,Delivered,UPI
57575,39,08-06-2026,Delivered,COD
53790,489,2025-05-30,Pending,Credit Card
50250,100,05/01/2024,Delivered,COD
55196,2,28/12/2024,,UPI
57270,471,2024-10-14,Delivered,UPI
51355,150,14-11-2025,Delivered,Net Banking
53252,370,2026-02-12,Delivered,upi
55184,108,2024-07-29,Delivered,Debit Card
53384,623,10/11/2025,Cancelled,Debit Card
54279,339,2026-04-16,Delivered,Debit Card
56777,650,03/09/2024,Delivered,UPI
55830,425,13-03-2024,Cancelled,debit card
56121,627,2025-06-08,delivered,Credit Card
56186,116,17/02/2026,Delivered,Debit Card
53694,995,22/10/2024,Delivered,UPI
51556,365,2026-04-13,Delivered,Credit Card
54708,36,2026-03-24,PENDING,credit card
50909,333,14/04/2026,Delivered,Debit Card
52711,173,10-01-2025,Cancelled,Credit Card
50005,404,01/03/2026,Delivered,Credit Card
51564,960,21-12-2024,Cancelled,UPI
50559,198,15/10/2024,Delivered,Credit Card
53228,251,2025-04-27,Delivered,Net Banking
50789,23,2025-08-22,Delivered,COD
54022,424,27-07-2026,Returned,COD
57365,86,2024-12-30,Delivered,COD
56719,1007,2025-11-17,Pending,Credit Card
51493,852,2025-07-13,Delivered,UPI
51747,41,2024-04-14,Returned,UPI
52042,238,2025-10-13,Delivered,Debit Card
55696,473,22-08-2025,Delivered,Debit Card
55520,343,23-11-2024,Delivered,UPI
50244,274,11/09/2024,Delivered,Debit Card
51763,351,2025-11-18,Pending,UPI
54130,426,06-08-2025,Cancelled,COD
51028,416,10/03/2024,Delivered,UPI
55181,1,22/09/2025,Delivered,Credit Card
56044,55,29-08-2024,Delivered,Debit Card
57147,173,2024-02-02,Delivered,Debit Card
54226,204,2026-03-23,Pending,Debit Card
54816,359,2024-09-17,Delivered,
50205,1045,2025-03-11,Returned,COD
56479,999,18-01-2025,Delivered,UPI
51495,472,14/09/2025,Delivered,UPI
51518,102,2026-05-28,Delivered,UPI
54959,751,03/06/2025,Delivered,Credit Card
52111,565,2024-05-15,Delivered,Debit Card
53711,146,23/11/2025,Delivered,Net Banking
52726,123,2026-02-20,Delivered,UPI
52809,188,15-06-2025,Delivered,UPI
54236,116,07/06/2024,Delivered,Credit Card
56315,378,13/10/2024,Delivered,Net Banking
55610,229,29/06/2025,Delivered,UPI
54155,90,07-10-2025,Delivered,UPI
52226,270,01-10-2025,Pending,UPI
57216,344,20/03/2024,Delivered,Credit Card
53985,664,28/06/2024,Delivered,Credit Card
52201,823,23/01/2024,Delivered,UPI
53913,266,2026-05-14,Delivered,Debit Card
50339,257,2025-01-28,Cancelled,UPI
52492,850,2024-08-02,Cancelled,Credit Card
51733,609,2024-09-27,Delivered,Debit Card
50535,109,2026-01-29,Delivered,upi
54673,446,2024-01-27,Delivered,COD
54787,733,19-04-2025,Delivered,Net Banking
54071,89,25-11-2025,Delivered,Credit Card
50300,373,2025-12-14,Returned,credit card
50150,119,22/09/2025,Delivered,UPI
54471,6,09-04-2026,Delivered,UPI
54482,698,27-10-2025,Delivered,debit card
51339,400,2026-04-05,Delivered,UPI
54524,489,2025-10-10,Delivered,Credit Card
52326,629,2024-05-30,Returned,COD
55683,49,20-09-2024,DELIVERED,Net Banking
55702,763,20-12-2025,Delivered,UPI
52072,19,21/08/2024,Delivered,Credit Card
51681,25,2026-04-08,Delivered,UPI
57997,162,05-12-2024,Delivered,Debit Card
52329,585,12/04/2025,Pending,UPI
56209,292,01-11-2024,Delivered,Debit Card
56119,376,2024-07-07,Returned,Net Banking
56739,1046,2026-02-23,Delivered,Debit Card
56587,947,11-04-2026,Delivered,Credit Card
57906,717,18/07/2024,Delivered,Debit Card
55116,203,29-12-2024,Cancelled,UPI
54205,359,2026-06-25,Delivered,Debit Card
50659,178,2024-03-11,Delivered,UPI
56344,351,21/04/2026,Cancelled,UPI
53131,62,25/02/2026,Delivered,credit card
55557,826,28-06-2024,Delivered,Credit Card
53615,377,2024-07-13,pending,UPI
57166,628,14-01-2025,Delivered,COD
57831,141,08-07-2025,delivered,UPI
57480,278,2025-05-11,Delivered,UPI
51767,345,2024-05-15,Delivered,Net Banking
50945,355,05-07-2024,,NET BANKING
55311,416,13-05-2026,Delivered,UPI
53379,48,2025-11-08,Delivered,Debit Card
57182,695,13-04-2026,DELIVERED,Net Banking
53757,121,2024-10-07,Delivered,Credit Card
50777,30,2026-02-27,delivered,COD
50782,55,19/01/2026,Delivered,Debit Card
51220,71,02-04-2025,Delivered,UPI
57818,902,2025-09-05,Cancelled,
53826,418,2025-12-15,returned,Debit Card
50704,103,2024-12-19,Delivered,cod
56625,235,20/03/2025,Delivered,
54804,268,2024-06-12,Delivered,UPI
56798,1030,2024-04-09,,UPI
57655,211,12-06-2026,Delivered,UPI
51240,964,06-03-2026,delivered,UPI
50096,259,2025-12-15,Delivered,COD
55956,225,04/08/2025,Delivered,UPI
57029,99,29-04-2025,Delivered,Credit Card
54781,305,2026-07-02,Delivered,COD
50274,220,07-02-2024,Cancelled,Net Banking
55065,224,2024-09-15,Delivered,cod
52450,467,2024-02-13,Delivered,UPI
57591,641,22-09-2025,Delivered,UPI
53254,419,18/02/2025,Delivered,UPI
57545,61,28/03/2025,Pending,UPI
54974,347,05-07-2026,Pending,COD
54280,730,26-01-2026,Delivered,debit card
57544,222,15-10-2024,Delivered,UPI
56040,187,04-08-2026,Delivered,UPI
50228,962,29-06-2025,Cancelled,COD
55215,478,26/06/2024,Delivered,Upi
54502,1017,2025-12-17,Pending,UPI
56520,562,2024-02-07,Delivered,UPI
57570,682,2025-07-26,Pending,COD
51328,48,16-04-2025,Delivered,UPI
57738,293,13/07/2024,Delivered,UPI
51705,42,09/05/2026,Delivered,Debit Card
53574,384,2026-02-12,Pending,Debit Card
52731,263,2025-03-20,Cancelled,Credit Card
51573,104,2024-01-21,Delivered,
56095,951,14/09/2024,Delivered,UPI
50663,142,19-12-2025,Delivered,Net Banking
54300,183,29-08-2024,DELIVERED,Debit Card
52371,99,2026-04-12,Delivered,Net Banking
50892,771,19/07/2024,Delivered,UPI
50920,667,19/01/2024,Delivered,UPI
52061,729,2024-01-31,Delivered,UPI
50383,463,2025-01-05,Pending,Debit Card
52920,34,21-01-2026,Delivered,Debit Card
53049,18,13/05/2024,Delivered,UPI
50016,241,2025-07-03,Delivered,UPI
56331,34,02-06-2025,Delivered,COD
55063,362,22/04/2024,DELIVERED,CREDIT CARD
55562,961,14/03/2024,Delivered,UPI
53289,325,24/08/2025,,Debit Card
57214,702,2024-07-22,Delivered,Debit Card
52358,514,06/07/2026,DELIVERED,COD
51897,302,2024-06-06,Delivered,UPI
54501,149,2025-02-16,Delivered,UPI
50780,939,22/10/2025,Delivered,Credit Card
53168,72,19/03/2024,Cancelled,Net Banking
52536,379,01-12-2024,Cancelled,UPI
55242,423,10/03/2024,Delivered,UPI
54221,34,16-02-2025,Returned,Debit Card
52254,133,2026-03-30,Delivered,UPI
50129,217,2025-09-01,Delivered,cod
50825,1005,08-09-2024,Delivered,Net Banking
52669,188,2024-03-20,Delivered,UPI
56216,660,30-09-2024,Delivered,Debit Card
55843,35,2024-03-23,Delivered,upi
56283,46,25/04/2026,Cancelled,Net Banking
53079,945,14-10-2025,Delivered,UPI
52311,743,2026-01-12,,COD
54049,256,04-03-2024,Pending,COD
55457,790,2025-10-09,Delivered,UPI
57620,194,03/01/2024,Delivered,Net Banking
51362,536,2025-05-04,Delivered,Credit Card
56932,41,13-07-2026,Delivered,UPI
56873,59,11-07-2026,Delivered,UPI
51944,72,31/12/2025,Pending,UPI
56603,411,22-02-2024,Pending,UPI
55839,87,2026-06-29,Delivered,Credit Card
54365,212,2024-07-20,Cancelled,Net Banking
55495,254,26/08/2026,Delivered,COD
54316,522,19-08-2024,Delivered,Credit Card
56452,27,2026-03-11,Delivered,Debit Card
56273,144,03-01-2025,Delivered,UPI
51656,473,04/03/2025,Delivered,Debit Card
52709,347,03/06/2024,Delivered,Credit Card
56493,433,2024-12-21,Delivered,Credit Card
52409,132,2024-01-15,Pending,COD
56380,177,17-10-2024,DELIVERED,UPI
54243,438,08/06/2026,Delivered,UPI
54001,244,2026-07-22,Cancelled,Credit Card
56538,584,14/03/2024,Delivered,UPI
53445,415,2026-06-20,Delivered,Debit Card
56439,141,11/02/2026,Delivered,CREDIT CARD
57098,40,2024-11-05,delivered,UPI
51750,519,09/12/2025,Delivered,UPI
57206,284,2026-06-30,Delivered,UPI
56984,192,2024-09-03,Pending,Credit Card
55941,390,20/02/2026,Delivered,UPI
55739,967,2025-11-25,Pending,Debit Card
53465,283,30-12-2024,Returned,DEBIT CARD
52115,42,2026-01-18,Delivered,UPI
55483,156,2024-04-10,Delivered,Net Banking
51795,39,11-03-2026,Delivered,Cod
56870,387,2025-08-10,Cancelled,UPI
56845,395,2025-07-14,Cancelled,UPI
50581,150,2024-07-02,Delivered,Credit Card
56076,900,06-07-2026,Delivered,Credit Card
52707,248,14/06/2024,Delivered,Debit Card
55360,328,07/09/2024,Delivered,debit card
52002,398,14/07/2024,Delivered,UPI
53717,463,26/08/2024,Delivered,UPI
51134,874,2025-05-25,DELIVERED,UPI
53155,468,2024-01-22,Delivered,Debit Card
55148,659,22-09-2025,Delivered,UPI
50794,519,12-01-2024,Delivered,UPI
50801,143,02/07/2025,Delivered,UPI
51833,47,2026-08-09,Delivered,UPI
54557,1035,2026-07-19,Delivered,UPI
52524,98,2026-03-23,Delivered,UPI
53929,164,2024-01-04,Delivered,upi
55350,420,2026-06-02,Delivered,Upi
57877,76,22-11-2024,Delivered,UPI
52970,81,02/07/2026,Delivered,UPI
52503,677,20-04-2025,Delivered,UPI
52205,120,04/09/2025,Cancelled,Debit Card
57813,55,2026-06-10,Delivered,UPI
55672,481,2025-11-16,Returned,UPI
51279,301,14-03-2025,Delivered,Net Banking
57954,533,2024-12-29,Delivered,COD
52841,288,08-02-2025,,COD
57055,235,11-10-2024,Delivered,UPI
56087,71,27/07/2024,Delivered,Credit Card
50163,217,2024-04-19,cancelled,COD
57175,827,26-01-2024,Delivered,UPI
54862,329,2026-04-11,delivered,UPI
53162,149,07-06-2026,,Credit Card
51219,161,08/11/2024,Cancelled,Debit Card
51883,1032,2025-09-23,Pending,Credit Card
50569,108,2026-03-31,Delivered,Credit Card
54387,37,2024-08-24,Delivered,Net Banking
51534,242,17/04/2024,Delivered,Credit Card
52867,432,25/06/2026,Cancelled,UPI
55392,33,2026-02-11,Delivered,UPI
52515,503,08-01-2025,Delivered,Net Banking
50006,669,21/07/2026,Delivered,COD
50630,138,2025-02-11,Pending,COD
54244,379,26/04/2026,Delivered,UPI
50932,15,2026-04-03,Delivered,Credit Card
52284,33,2024-12-04,Delivered,Credit Card
51139,927,2026-02-20,delivered,Debit Card
53803,1003,30/05/2024,Delivered,COD
57024,51,04-06-2024,Returned,UPI
57684,86,2025-04-20,Delivered,Credit Card
50776,374,2024-10-03,Delivered,COD
55365,222,2026-08-31,Delivered,COD
54321,669,05/12/2024,Returned,Credit Card
55665,434,05/08/2026,Cancelled,Debit Card
55836,126,2024-08-10,Delivered,Credit Card
50818,840,27-09-2025,Delivered,Debit Card
57931,100,22/03/2025,Delivered,UPI
55833,213,2025-03-06,Delivered,UPI
52032,104,21-11-2025,Delivered,DEBIT CARD
54317,120,24/05/2025,Delivered,Debit Card
51140,94,29-09-2025,Delivered,credit card
53539,17,2025-01-28,Delivered,
56122,386,10/08/2024,Delivered,Net Banking
53702,590,2026-03-26,Delivered,Debit Card
55622,32,2025-07-14,Delivered,UPI
52335,629,10/03/2024,Delivered,UPI
51038,141,17-08-2025,Delivered,UPI
56255,548,14/08/2026,Delivered,UPI
57109,211,11/04/2025,Delivered,UPI
57717,305,04/11/2025,Delivered,
52265,380,01/02/2024,pending,COD
53438,848,2024-07-10,Delivered,Net Banking
50650,132,2025-09-13,Delivered,Credit Card
57650,340,11/05/2025,Delivered,UPI
53365,748,29-01-2026,Delivered,Debit Card
57775,912,2024-01-23,Delivered,Debit Card
57852,165,13-06-2024,Delivered,Credit Card
54919,69,20-01-2026,Delivered,Net Banking
50098,745,02/04/2026,DELIVERED,Net Banking
50790,659,06/04/2026,Cancelled,Upi
55119,63,2024-02-04,Delivered,UPI
54951,308,15-11-2025,Cancelled,UPI
53953,61,2026-04-05,Delivered,Net Banking
51502,248,2026-05-26,DELIVERED,UPI
50705,435,15-08-2026,Delivered,UPI
55424,915,2024-10-09,Delivered,COD
53318,353,2025-11-10,Delivered,UPI
53734,363,2025-01-06,Delivered,Debit Card
53980,198,29/07/2024,Delivered,UPI
54797,860,2026-07-19,Delivered,UPI
56503,561,02-04-2024,Cancelled,Debit Card
54168,619,2025-11-11,Cancelled,credit card
51904,936,21-05-2026,Cancelled,UPI
55585,153,24-07-2025,Delivered,UPI
51608,52,19-12-2024,Delivered,COD
50183,378,03-03-2026,Delivered,UPI
57070,621,09/08/2026,Delivered,COD
54262,147,2026-03-28,Delivered,Net Banking
53139,484,2024-05-17,Delivered,Credit Card
54393,910,05/08/2024,Delivered,UPI
56235,1061,11/05/2025,Delivered,UPI
52216,66,2024-02-09,Pending,COD
51602,115,31/03/2025,Cancelled,COD
52817,108,2025-06-04,Pending,UPI
53691,93,2026-04-19,Returned,CREDIT CARD
54114,126,2026-02-15,Delivered,UPI
52857,262,08/06/2025,Cancelled,Credit Card
53397,421,2025-07-05,Delivered,UPI
50074,4,2024-04-02,Delivered,UPI
53903,21,29-04-2026,Pending,Credit Card
52749,784,2025-01-03,Cancelled,Net Banking
51717,45,11-07-2025,Delivered,Net Banking
53784,103,25/08/2024,Delivered,Net Banking
56698,150,2024-11-14,Delivered,UPI
51712,103,23-02-2024,Delivered,UPI
51251,183,28/03/2026,Cancelled,UPI
54415,196,01/10/2025,Pending,credit card
55411,11,2025-04-20,Delivered,Credit Card
55354,350,2024-07-12,delivered,COD
51912,104,21/03/2024,Delivered,UPI
51123,314,31-08-2025,Returned,NET BANKING
51800,231,30/08/2026,Returned,UPI
50363,145,25-02-2025,Pending,COD
50443,451,03-02-2024,Delivered,UPI
54208,25,06-07-2026,DELIVERED,UPI
51030,88,11-09-2024,Delivered,UPI
51045,303,21-05-2025,Delivered,UPI
54142,176,2026-04-28,Delivered,Credit Card
52846,473,2024-02-01,Delivered,cod
50503,58,2026-03-25,Delivered,
54276,353,2024-01-14,Delivered,UPI
57580,352,2024-04-02,Delivered,UPI
56501,15,2024-10-02,Delivered,Debit Card
54080,271,27-01-2026,Delivered,Net Banking
53146,25,12/02/2026,Delivered,UPI
51004,7,09/04/2024,Pending,Net Banking
52508,1080,2024-11-01,Delivered,UPI
55798,466,2025-06-29,Delivered,UPI
57676,130,2024-04-13,DELIVERED,Credit Card
53460,661,20-12-2025,Delivered,Net Banking
56822,70,2026-01-02,Pending,COD
53291,568,25/05/2026,DELIVERED,UPI
55202,400,29/12/2025,DELIVERED,COD
54277,774,31/08/2024,Delivered,
57164,907,14/04/2024,Delivered,UPI
56527,1059,22/10/2025,Delivered,Upi
51429,124,2024-01-22,Delivered,Debit Card
51636,111,2025-07-20,Delivered,Debit Card
51688,288,2025-06-06,Delivered,COD
56155,203,2025-07-16,Delivered,UPI
52273,909,09/11/2024,Delivered,UPI
57528,271,29/07/2024,Delivered,UPI
51306,254,10/11/2024,Delivered,Credit Card
53480,483,2025-07-24,Pending,UPI
50190,142,2026-07-31,Delivered,Credit Card
56161,335,03-01-2024,Delivered,UPI
53380,584,2024-11-26,Delivered,UPI
53452,17,2026-06-30,Delivered,Credit Card
52977,580,04-05-2024,Delivered,Debit Card
50598,986,22-08-2025,Delivered,UPI
53646,304,14/04/2024,Cancelled,UPI
57984,817,2025-03-27,DELIVERED,UPI
55083,111,2024-05-21,Delivered,Upi
51878,110,2024-12-14,Delivered,Net Banking
53107,347,2026-06-25,Cancelled,UPI
53188,827,05-02-2026,Pending,COD
51969,93,14-04-2025,Delivered,COD
52826,431,06-02-2024,Cancelled,NET BANKING
52275,295,06/01/2025,Delivered,UPI
53053,752,18/04/2025,Delivered,
52525,770,07-07-2025,Delivered,COD
50731,426,22/01/2026,Cancelled,UPI
52825,924,23/04/2024,Delivered,UPI
50578,58,2024-07-21,Delivered,UPI
50911,113,27-07-2026,Delivered,UPI
55915,124,2025-09-26,delivered,UPI
54201,320,07-01-2026,Delivered,UPI
56867,454,17/07/2026,Delivered,UPI
55837,515,13/09/2024,delivered,COD
56994,90,2024-09-18,Delivered,UPI
50701,714,25-01-2025,Returned,Credit Card
57246,123,17/11/2025,Cancelled,Debit Card
51984,999,31/05/2024,DELIVERED,Net Banking
57946,81,2024-05-12,Delivered,Debit Card
50180,287,2025-10-10,DELIVERED,Net Banking
52898,887,21-02-2026,Delivered,Credit Card
57077,1063,25/06/2026,Delivered,UPI
55388,353,2025-05-29,Delivered,Net Banking
57426,76,15/06/2026,Delivered,Debit Card
55054,1066,12-06-2026,Pending,UPI
56945,145,2024-03-23,Delivered,UPI
56651,319,13/05/2024,Pending,Debit Card
57942,219,31-05-2025,Delivered,Credit Card
53301,13,07/06/2026,Returned,Credit Card
57157,130,2025-04-17,Returned,COD
52076,485,17/03/2026,Delivered,UPI
56754,1072,2026-01-25,Delivered,Debit Card
51940,865,2025-10-12,Delivered,Credit Card
54748,428,09-02-2026,Delivered,COD
53506,130,26-01-2026,Delivered,COD
53789,347,15/01/2025,Delivered,UPI
55219,295,14/08/2025,delivered,UPI
56392,974,03-03-2026,Delivered,COD
56627,641,2025-08-28,Delivered,UPI
57257,251,13-04-2025,Delivered,Credit Card
57816,225,28-05-2025,Delivered,Credit Card
54912,158,2024-05-30,Delivered,UPI
56607,218,04/07/2025,Delivered,Debit Card
53823,770,28/02/2026,Cancelled,Debit Card
57420,562,2024-10-05,Delivered,UPI
51464,99,19/06/2025,Delivered,Debit Card
56401,197,2026-05-19,Delivered,Net Banking
56026,272,28/02/2026,Pending,UPI
52176,665,21/10/2025,Delivered,Credit Card
52092,372,01-02-2024,Delivered,UPI
50828,230,2026-03-28,Cancelled,Credit Card
53643,46,2025-01-03,Delivered,Debit Card
57290,750,2025-04-26,Delivered,UPI
50788,370,21-12-2025,Delivered,
53934,56,12/12/2024,Delivered,upi
52332,36,2024-12-29,Delivered,Credit Card
55920,52,2025-09-06,Delivered,COD
54292,63,2024-07-06,Delivered,Credit Card
56760,477,2026-06-15,Delivered,UPI
53780,38,2024-05-21,Delivered,UPI
57891,438,21/04/2026,Pending,credit card
51137,469,2024-02-16,Delivered,UPI
51714,878,02/12/2024,Cancelled,Cod
52671,572,2026-02-05,Cancelled,Net Banking
54757,678,02-05-2024,Delivered,UPI
51619,72,11-06-2025,Delivered,UPI
52629,87,2024-04-18,Pending,UPI
53117,269,2025-12-20,Delivered,Debit Card
54331,85,23-05-2024,Delivered,Debit Card
51398,358,14-06-2025,Cancelled,UPI
52614,129,09/05/2025,delivered,Credit Card
54408,104,2024-07-23,delivered,upi
52666,726,2026-05-11,Delivered,UPI
57610,92,01-05-2025,Delivered,Debit Card
50201,128,15/12/2025,Returned,Credit Card
52765,402,01-01-2025,Delivered,UPI
50410,254,2025-09-03,Pending,UPI
51420,600,2025-08-20,Delivered,COD
52652,233,22/05/2026,Delivered,COD
57442,528,2024-12-24,Delivered,UPI
51370,243,2026-05-10,Delivered,Credit Card
51585,440,2025-04-21,Delivered,COD
56640,679,2024-02-24,Delivered,Debit Card
57129,958,2026-07-21,Pending,Credit Card
56237,119,30/05/2026,Cancelled,Credit Card
51324,130,2025-05-25,Delivered,UPI
51484,547,2026-02-13,Delivered,UPI
55379,193,2026-02-03,Delivered,UPI
57413,63,18-02-2025,cancelled,UPI
54774,906,16-03-2026,Delivered,UPI
55888,919,2025-10-03,Delivered,credit card
55477,152,2026-07-23,Delivered,UPI
55976,218,03/09/2025,Delivered,Credit Card
50079,75,2024-04-03,Returned,Net Banking
53267,204,2025-01-05,Delivered,UPI
57217,497,2024-06-25,Pending,Debit Card
51144,326,11-06-2024,Delivered,Credit Card
54466,757,28-01-2026,Delivered,UPI
52856,904,2024-10-12,Pending,UPI
56895,14,2024-04-05,Delivered,NET BANKING
54259,48,2024-08-18,delivered,Credit Card
54647,246,2024-08-07,,UPI
54925,321,2026-05-24,Delivered,Net Banking
57162,140,2026-07-31,Delivered,UPI
53664,363,2025-11-11,Delivered,UPI
56515,213,12-03-2025,Delivered,UPI
57657,743,24-05-2025,Delivered,upi
55138,473,2024-05-08,Delivered,UPI
57002,25,16/08/2025,Delivered,Debit Card
52127,185,2024-02-02,Delivered,Debit Card
54901,625,06-01-2024,Delivered,Debit Card
56131,455,2025-11-11,Delivered,Net Banking
53899,331,14-06-2026,Delivered,Debit Card
52299,40,15/04/2026,Delivered,Credit Card
55098,841,2025-03-12,Delivered,Debit Card
55001,867,2025-11-28,Delivered,UPI
56820,320,2024-04-11,Delivered,Credit Card
52230,913,2025-11-27,Delivered,Debit Card
54554,49,2024-04-17,Delivered,Debit Card
52177,45,2024-07-26,Delivered,Net Banking
55809,308,11/10/2024,delivered,UPI
52325,31,2025-10-06,Delivered,UPI
50901,13,05/09/2025,,UPI
54086,881,2024-11-13,Delivered,UPI
52667,164,15/12/2025,Delivered,UPI
53810,327,02-01-2026,Returned,UPI
51695,52,04-04-2026,Delivered,Credit Card
52974,510,07-03-2025,Delivered,COD
50403,83,2025-01-10,Delivered,Debit Card
52597,417,2025-01-08,Delivered,Credit Card
51341,937,2025-04-01,Pending,UPI
51444,442,26-06-2025,Delivered,UPI
51653,122,04/04/2026,DELIVERED,Credit Card
56508,86,07/01/2025,delivered,
52181,1052,2025-07-19,Cancelled,COD
56406,465,21/02/2025,Delivered,Debit Card
52472,471,22-10-2024,Delivered,Debit Card
50076,1033,2024-09-10,Pending,UPI
56208,480,11-03-2026,Delivered,Credit Card
53429,243,20-02-2026,Delivered,Credit Card
52081,1045,2026-02-08,Returned,Credit Card
53648,348,2026-05-28,Delivered,cod
55123,796,18/02/2026,Delivered,Credit Card
52015,337,2026-03-30,Returned,UPI
55854,345,03-05-2024,Cancelled,UPI
57310,76,13-04-2026,Delivered,
51455,22,01-09-2024,Returned,UPI
57639,104,14/03/2025,delivered,UPI
52611,1067,22-01-2026,Returned,Credit Card
51654,634,2024-11-08,Delivered,Net Banking
50890,81,05/02/2024,DELIVERED,UPI
56797,368,22/06/2026,Delivered,UPI
53014,4,2025-06-17,DELIVERED,Net Banking
54192,78,18-07-2026,Pending,COD
55931,892,2024-04-12,Delivered,UPI
51423,825,2025-08-30,Delivered,UPI
51388,84,07/05/2026,Delivered,DEBIT CARD
50550,38,27-07-2025,Delivered,UPI
56521,597,2024-11-12,Delivered,Credit Card
55974,951,06-06-2024,Delivered,UPI
50390,1017,2024-06-24,Delivered,Net Banking
52772,864,2024-09-04,Cancelled,UPI
52404,43,17-06-2026,Delivered,UPI
54614,620,25-04-2026,DELIVERED,Net Banking
50785,229,15/12/2025,Delivered,UPI
57471,304,30/04/2025,Delivered,COD
56579,1080,2026-07-15,Delivered,UPI
55602,311,06/07/2026,Delivered,COD
57916,542,2025-11-14,Delivered,credit card
53640,245,2026-02-02,Delivered,Credit Card
53978,392,18-05-2024,Delivered,Net Banking
53969,344,13-03-2026,Delivered,UPI
55575,6,06/10/2024,Delivered,Debit Card
53415,988,11/03/2026,Delivered,UPI
51022,184,31/12/2025,Delivered,UPI
52833,300,17/02/2024,Delivered,Debit Card
51373,283,2025-04-20,Delivered,Net Banking
57871,58,2024-10-04,Delivered,UPI
57219,90,20-04-2025,Delivered,Debit Card
52204,86,23/06/2026,Pending,Credit Card
56314,1059,2024-11-21,Delivered,Credit Card
50539,27,21-04-2024,Delivered,Credit Card
53542,80,2025-12-02,Delivered,COD
50391,470,31-03-2025,Delivered,Debit Card
56529,489,24/02/2024,Delivered,Debit Card
50334,97,2024-10-25,Cancelled,Debit Card
52314,187,17/09/2025,Pending,upi
56453,547,30/05/2024,Pending,COD
53345,140,2026-08-28,Delivered,UPI
53284,1,2025-03-14,Delivered,Net Banking
51310,30,2025-12-16,Delivered,UPI
50974,605,2024-05-12,Delivered,Debit Card
53549,816,2026-01-22,Delivered,UPI
56151,124,08-03-2024,Cancelled,COD
50333,1009,2025-10-16,Delivered,UPI
54359,908,11-12-2025,Delivered,COD
52925,121,17-05-2025,delivered,Credit Card
53610,103,2025-08-22,Cancelled,UPI
55679,52,12/03/2024,Delivered,UPI
55667,358,28/06/2026,Delivered,Credit Card
54136,714,12/11/2024,Delivered,COD
57706,529,08-08-2025,Returned,Upi
57801,21,2026-06-16,Delivered,Credit Card
53906,23,2024-05-15,Delivered,UPI
54000,1043,07-07-2025,Delivered,DEBIT CARD
54624,443,15-03-2025,Delivered,UPI
50834,159,2025-06-05,Delivered,Credit Card
53992,98,06-07-2024,Delivered,UPI
54305,779,05/06/2026,Delivered,UPI
50455,151,2024-02-02,Delivered,cod
53946,30,2025-07-21,Delivered,UPI
52310,336,2025-05-04,Pending,UPI
57482,60,06-08-2024,Cancelled,UPI
54788,1058,17-03-2025,Delivered,Credit Card
51812,126,2024-01-23,Delivered,cod
57248,564,07-07-2026,DELIVERED,UPI
54312,751,2024-10-31,Delivered,Upi
50981,238,2024-06-24,delivered,COD
54183,498,16/03/2025,Delivered,COD
53875,263,09/06/2026,Cancelled,Credit Card
52351,190,2026-03-18,Delivered,UPI
54732,457,06/09/2025,Delivered,UPI
54137,48,2024-07-08,Cancelled,UPI
56841,771,2025-11-30,Delivered,UPI
56533,268,01-01-2025,Returned,Debit Card
54111,539,10-06-2026,Delivered,COD
50980,267,04-01-2026,Pending,UPI
50272,646,2024-09-08,Delivered,Credit Card
57756,367,02-09-2025,Delivered,UPI
57280,389,2024-07-07,Delivered,UPI
57971,709,2025-04-06,Delivered,UPI
55212,176,13-02-2024,Delivered,Net Banking
53580,63,26/12/2025,Delivered,UPI
54401,218,26-11-2024,Delivered,Credit Card
54091,761,31/01/2025,Delivered,Upi
54195,33,2026-08-09,Delivered,UPI
51704,759,2024-06-21,Delivered,Credit Card
53749,361,28/03/2026,Pending,COD
57665,62,2024-08-21,Delivered,Net Banking
51439,223,2024-09-01,Delivered,UPI
54963,183,01/01/2025,Delivered,UPI
56038,37,31/07/2025,Delivered,UPI
54534,432,2024-11-07,Returned,Cod
51615,185,2026-01-23,Pending,Debit Card
55518,874,02-08-2025,Delivered,COD
52083,748,2025-03-08,Delivered,COD
50560,479,28-12-2024,DELIVERED,COD
54459,54,21/12/2024,Cancelled,UPI
56129,821,28/12/2025,,DEBIT CARD
55204,458,2024-11-07,Delivered,UPI
52766,913,24-10-2024,Delivered,COD
56851,258,03-11-2024,Delivered,UPI
53471,2,12/06/2025,Cancelled,Net Banking
52995,147,2026-05-03,delivered,UPI
53494,35,23/02/2026,Delivered,Credit Card
54309,39,2024-08-29,Delivered,UPI
55347,497,11-09-2025,Delivered,Debit Card
53759,454,26/12/2025,Delivered,COD
54643,18,27-01-2026,Returned,UPI
54128,560,2024-07-19,Delivered,UPI
57428,271,11-08-2025,Delivered,NET BANKING
50146,195,08-02-2024,delivered,Credit Card
53501,599,14/03/2024,Delivered,UPI
52169,193,29/12/2025,Delivered,COD
54101,621,01-08-2024,Cancelled,UPI
52155,887,2024-12-04,Delivered,COD
50297,781,15-10-2024,Delivered,UPI
57299,943,2025-05-15,delivered,Credit Card
56598,77,11-07-2025,Pending,NET BANKING
52119,981,2024-07-28,Delivered,Debit Card
53226,71,2024-12-30,,Net Banking
55200,567,2025-07-27,Delivered,Debit Card
52053,917,31-03-2024,DELIVERED,
53960,886,2024-04-21,Returned,Net Banking
51919,13,30/06/2025,Delivered,Credit Card
55707,335,13-08-2026,Pending,UPI
50255,311,25/06/2026,Delivered,Credit Card
57004,682,2024-12-12,Delivered,Credit Card
57603,39,2026-07-20,Delivered,UPI
55528,115,2025-09-25,Delivered,Cod
52886,216,2026-01-25,Delivered,Credit Card
55433,443,2024-12-29,Returned,Debit Card
55827,385,2026-08-02,Delivered,COD
50397,369,2026-06-22,Delivered,credit card
54795,225,14-07-2024,Delivered,Debit Card
55143,18,2024-03-03,Cancelled,UPI
52448,384,26-04-2024,Delivered,UPI
57945,425,11/10/2024,Delivered,CREDIT CARD
57515,355,2024-08-26,Delivered,UPI
52470,873,2024-09-28,Delivered,Debit Card
53292,242,2026-07-26,Delivered,Credit Card
57609,213,2024-11-11,Delivered,Credit Card
55673,810,24-02-2026,Cancelled,credit card
56083,183,04-05-2026,Delivered,Credit Card
51039,677,28-01-2026,Delivered,Debit Card
55471,601,10/01/2026,Delivered,
53081,121,24/11/2024,Delivered,credit card
51553,801,2024-11-02,Delivered,upi
55221,752,2025-11-16,Delivered,Debit Card
56347,147,2024-03-19,pending,Credit Card
56009,570,15-03-2025,Delivered,Net Banking
55266,491,2025-09-03,Delivered,UPI
54119,559,23-06-2025,Pending,UPI
52845,117,27-02-2024,Delivered,Credit Card
53645,126,2025-10-06,Delivered,Debit Card
57525,80,16/01/2024,Cancelled,Credit Card
54169,482,08-08-2026,Delivered,credit card
54406,888,2024-07-08,Delivered,Upi
54002,102,01-05-2025,Delivered,UPI
53876,456,2026-02-01,Delivered,UPI
53031,887,2025-06-04,Returned,Net Banking
51690,49,2024-08-09,Delivered,upi
57826,454,23-04-2025,Delivered,Credit Card
52932,868,2026-05-04,Delivered,Debit Card
57817,258,2024-02-14,Pending,UPI
51652,80,2024-02-12,Delivered,Credit Card
52090,705,25-06-2024,Pending,COD
54609,266,04/05/2026,DELIVERED,Credit Card
57832,190,2026-06-06,Delivered,UPI
55571,387,2026-08-31,Delivered,UPI
57241,105,18-01-2024,Delivered,UPI
56682,584,15/09/2024,Delivered,UPI
55032,1062,30/01/2026,Delivered,Credit Card
50664,411,2024-08-02,Pending,Net Banking
51489,523,13-03-2024,Cancelled,Credit Card
56434,1005,2026-07-30,Cancelled,COD
53663,245,2026-05-20,delivered,Credit Card
52732,1023,17-10-2025,Returned,Credit Card
51606,487,13/09/2025,Delivered,Credit Card
51403,77,16/06/2026,Delivered,UPI
57416,76,20/10/2024,Delivered,UPI
51902,158,17-02-2025,Delivered,UPI
56078,836,2024-02-17,Delivered,CREDIT CARD
54427,282,2025-12-27,Delivered,UPI
50171,104,27-02-2026,Cancelled,Net Banking
57761,607,02/12/2025,Delivered,UPI
56461,299,31/12/2024,Delivered,Credit Card
50057,637,2025-07-08,Delivered,credit card
56555,790,08/03/2025,Pending,Net Banking
52052,747,11/07/2026,Delivered,Credit Card
56318,968,2025-02-25,delivered,COD
53737,498,19/01/2024,Returned,CREDIT CARD
55044,141,08/05/2024,Delivered,Debit Card
56211,944,05/02/2024,Cancelled,UPI
52663,17,12-05-2026,Delivered,Credit Card
51885,57,2025-02-24,Delivered,UPI
56811,610,2025-05-01,Delivered,Net Banking
57504,497,08/05/2025,Delivered,Credit Card
55891,42,04-02-2026,Cancelled,Credit Card
55712,148,2024-05-30,Delivered,UPI
57795,507,12-03-2025,Delivered,Credit Card
55474,166,05/11/2024,Delivered,UPI
50735,497,17/04/2026,Delivered,Credit Card
51593,95,30/11/2025,Delivered,Credit Card
53287,130,07/06/2026,delivered,UPI
53983,802,2025-08-15,Delivered,Debit Card
50193,482,30-03-2024,Delivered,credit card
52596,772,2024-11-07,,Credit Card
53519,95,08-04-2026,CANCELLED,Credit Card
55735,625,14-06-2024,Delivered,UPI
52342,785,2024-12-28,Delivered,COD
54110,997,08/09/2025,Delivered,Net Banking
51584,183,2025-09-06,Delivered,UPI
51531,88,2025-02-13,delivered,COD
53197,726,15-11-2025,Delivered,Debit Card
57737,369,22/06/2026,Delivered,Credit Card
52814,52,2026-08-20,Delivered,Credit Card
54118,446,24-03-2025,Returned,UPI
52055,242,2024-07-09,Delivered,UPI
54247,664,26-05-2025,Delivered,COD
53995,254,28/06/2025,Delivered,UPI
53110,837,23-11-2024,Cancelled,Debit Card
57373,25,2024-05-09,Delivered,Net Banking
56564,387,2024-02-17,Delivered,UPI
53791,34,2024-06-07,delivered,UPI
53446,583,30/06/2026,Returned,Debit Card
51929,392,2026-03-21,Delivered,COD
53634,86,2025-01-25,Delivered,UPI
54314,442,2024-12-31,Delivered,Credit Card
51959,495,21-10-2024,Delivered,COD
52767,1006,25/12/2025,Delivered,Upi
51273,233,2024-05-28,Delivered,cod
54102,313,06/02/2026,Delivered,Debit Card
52260,810,30-10-2025,Delivered,
57768,458,2025-03-24,Delivered,UPI
50875,562,2026-03-15,Delivered,Credit Card
56219,291,04/05/2026,Delivered,upi
57976,83,28-06-2025,Cancelled,COD
51666,501,2025-06-20,Delivered,Credit Card
51014,633,23-03-2025,Delivered,UPI
55546,56,2024-08-16,Delivered,COD
53786,583,21-06-2024,returned,UPI
52302,451,06/05/2024,Delivered,Upi
51742,246,29/12/2024,Delivered,UPI
52328,355,2025-06-29,Delivered,UPI
56125,11,10/07/2026,Pending,Upi
54250,429,27/09/2025,Delivered,Credit Card
50101,81,17/10/2024,Delivered,Cod
51016,111,01/12/2025,Returned,COD
56859,91,2025-09-18,Pending,UPI
54589,316,20-12-2024,Delivered,Credit Card
51779,27,2025-07-31,Delivered,COD
56003,245,28/08/2026,Delivered,Credit Card
56951,723,26/07/2025,Delivered,UPI
56611,591,27-12-2024,Delivered,UPI
54509,498,09-05-2024,Delivered,UPI
56816,14,14/01/2024,Delivered,Credit Card
53888,210,08-08-2024,Pending,Credit Card
51463,529,14/07/2024,Delivered,Net Banking
53086,716,2025-10-24,Delivered,Credit Card
51037,414,2025-01-23,Delivered,UPI
54669,341,2026-01-01,Delivered,Debit Card
54255,71,01-06-2026,Delivered,COD
52612,236,2026-03-26,Pending,UPI
50525,934,14-09-2024,Delivered,COD
52827,127,2024-12-10,Pending,Credit Card
53816,336,2025-02-17,Delivered,Net Banking
51723,747,12-03-2026,Pending,UPI
55218,857,2025-12-18,Delivered,Net Banking
55555,724,23-06-2024,Delivered,COD
54652,3,2025-03-22,Delivered,COD
52595,860,10-02-2025,Delivered,Debit Card
50849,2,09/05/2025,Pending,Debit Card
55662,703,2024-05-26,Delivered,Debit Card
56345,982,27-02-2026,Pending,UPI
52026,25,2026-05-07,Delivered,Net Banking
50145,65,05-04-2026,Delivered,Credit Card
57556,546,25-01-2024,Delivered,Net Banking
51938,101,2024-03-24,Delivered,COD
51761,793,10-05-2026,,COD
51637,82,2025-10-21,Delivered,Credit Card
53628,179,20/06/2026,Returned,COD
54179,492,2026-06-29,Delivered,Upi
54792,238,2026-06-08,Delivered,Net Banking
51133,67,2024-05-03,Delivered,Credit Card
57295,258,2025-09-20,Delivered,Debit Card
50629,673,23/09/2024,Pending,Debit Card
54927,62,05/05/2024,Delivered,debit card
50278,1056,23-04-2024,PENDING,UPI
52863,696,2024-04-23,DELIVERED,UPI
52739,246,2024-07-06,Delivered,COD
50218,95,08/11/2025,Delivered,Credit Card
55630,654,03/08/2026,Cancelled,UPI
55813,157,2024-08-23,Delivered,COD
55526,166,20/04/2024,DELIVERED,Debit Card
57581,177,28/04/2025,Delivered,Upi
53306,1021,11-06-2025,Delivered,UPI
56383,362,04/01/2025,Delivered,Credit Card
53478,82,04/04/2026,Delivered,debit card
54134,901,09/08/2026,Delivered,UPI
56233,190,19-11-2024,DELIVERED,Upi
52662,442,03/12/2025,Cancelled,UPI
57656,443,2024-04-12,Delivered,Credit Card
53435,21,2025-07-15,Delivered,Credit Card
52173,9,16-02-2025,Delivered,Credit Card
52136,392,2024-06-16,Delivered,UPI
55851,441,2026-05-23,Cancelled,Debit Card
51337,463,2025-05-16,Delivered,Debit Card
54590,953,12-02-2025,Delivered,UPI
56938,1012,01/04/2026,Pending,COD
55425,561,2024-01-31,Delivered,Debit Card
57937,10,2026-04-05,Returned,COD
56269,101,2024-02-15,Pending,UPI
51511,458,2025-01-28,Returned,UPI
51359,701,25/11/2024,Returned,Debit Card
55069,914,16-11-2024,Delivered,UPI
54206,297,24/06/2025,Delivered,Debit Card
57661,379,15/06/2025,Pending,Credit Card
53614,63,2025-03-27,Delivered,Debit Card
56135,94,03/01/2024,Delivered,Credit Card
57315,366,2025-12-05,Delivered,UPI
52759,221,2024-05-04,Delivered,Debit Card
53719,804,08/12/2024,Delivered,UPI
52298,455,15-04-2024,Cancelled,UPI
53231,405,2024-11-29,Pending,UPI
53721,716,18/04/2024,Delivered,UPI
57338,809,2024-06-11,Cancelled,COD
52293,477,22/08/2024,Delivered,Credit Card
51197,538,2025-07-05,Delivered,
52067,135,13/12/2025,Delivered,COD
50361,444,23-11-2025,Delivered,COD
50184,248,2024-02-25,Delivered,Credit Card
53893,120,05/11/2025,DELIVERED,Credit Card
57341,14,2026-02-26,Delivered,Net Banking
52517,421,2024-03-09,Delivered,Upi
56430,512,19-01-2024,Delivered,UPI
54414,90,24/09/2025,Delivered,Debit Card
57256,260,20-07-2025,Delivered,Credit Card
54695,258,12-01-2026,Delivered,UPI
56252,82,2025-09-05,Pending,UPI
56518,105,2026-03-16,Pending,UPI
50940,124,2024-07-18,Delivered,UPI
56531,50,17/02/2026,Cancelled,UPI
53069,281,08/04/2025,Delivered,Credit Card
52279,198,2025-11-25,Delivered,UPI
50092,561,22-03-2026,Delivered,UPI
55563,124,02/11/2024,Delivered,UPI
57031,694,2024-11-20,Delivered,UPI
55952,280,03/03/2024,Cancelled,Net Banking
57565,716,20-12-2025,Delivered,UPI
51171,759,2024-06-10,Cancelled,
53502,55,20-12-2025,Delivered,debit card
53692,100,21/06/2026,delivered,Cod
53000,1038,2024-04-17,Delivered,Debit Card
51468,322,24-05-2024,Delivered,UPI
52946,267,2025-03-17,Returned,UPI
50425,197,12-07-2026,Delivered,UPI
50054,55,10/03/2024,Delivered,Net Banking
54546,995,02/01/2025,Delivered,UPI
57652,293,12-06-2024,Delivered,Net Banking
57019,86,2025-07-16,Pending,UPI
56429,77,2026-01-17,Delivered,UPI
53476,102,2026-05-30,delivered,COD
52891,273,17/05/2024,Delivered,Net Banking
51807,229,05/05/2024,Delivered,UPI
54716,313,13/06/2024,Delivered,Debit Card
55714,81,08/06/2025,Delivered,Debit Card
55291,6,09-07-2024,DELIVERED,UPI
54996,522,2025-04-18,Delivered,Credit Card
54722,110,2025-02-08,Delivered,COD
56024,980,07/02/2025,Delivered,Net Banking
55898,751,2025-01-20,Delivered,Debit Card
57062,170,2025-05-15,Returned,Debit Card
57074,3,2024-07-08,Delivered,COD
55533,380,20-01-2026,Delivered,COD
56466,382,08/05/2024,Delivered,COD
54859,493,23/05/2025,DELIVERED,UPI
57842,1039,13-11-2025,Delivered,
53771,73,2025-11-04,Pending,Debit Card
50414,135,13/10/2024,Delivered,UPI
51243,843,2025-06-19,Delivered,Debit Card
51726,96,20-04-2026,Delivered,DEBIT CARD
55547,1010,30/09/2024,,UPI
54167,392,05-11-2025,Delivered,COD
53964,126,2026-07-09,Pending,credit card
50512,441,06-01-2026,Delivered,Credit Card
53357,85,2025-09-09,Pending,UPI
54571,1070,14/07/2025,DELIVERED,CREDIT CARD
54699,307,2025-01-29,Delivered,Debit Card
51136,186,05-06-2024,Delivered,Debit Card
55409,668,2025-04-18,Delivered,Debit Card
55581,112,2024-05-23,Delivered,Debit Card
55198,980,04-11-2024,Delivered,Credit Card
52248,149,2026-05-22,Delivered,upi
53161,18,08/12/2025,Delivered,UPI
56001,285,15-01-2025,Delivered,Credit Card
56046,114,2025-04-23,Delivered,UPI
52152,206,2026-05-09,Delivered,Cod
56266,741,2024-02-07,Pending,Credit Card
55276,25,28/03/2026,Delivered,UPI
52714,230,2025-05-13,Delivered,UPI
50408,134,2024-05-16,Delivered,Credit Card
57625,689,2026-03-23,Cancelled,Net Banking
51966,157,23-03-2026,Delivered,Debit Card
53817,389,05/06/2024,Delivered,COD
51389,379,2025-03-04,Returned,UPI
55383,686,2026-01-09,delivered,Net Banking
56162,868,2026-01-18,Delivered,Credit Card
56964,359,04/06/2025,Delivered,UPI
54303,73,2024-03-28,Cancelled,UPI
51554,926,26/05/2025,Delivered,Debit Card
51047,629,05-05-2025,Delivered,UPI
50046,84,26-07-2025,Delivered,CREDIT CARD
50416,402,2026-07-23,Cancelled,UPI
54890,321,2024-01-02,Delivered,Credit Card
51450,962,17-05-2026,pending,Credit Card
57739,117,23-09-2025,Delivered,COD
52112,488,23-03-2024,Returned,Credit Card
55675,80,2025-09-24,Returned,NET BANKING
54045,87,20/04/2025,DELIVERED,Credit Card
51680,266,26-10-2024,Delivered,Debit Card
52969,304,12-08-2025,DELIVERED,Upi
52402,352,24-05-2024,Delivered,COD
50460,199,07-01-2025,Delivered,UPI
50842,455,17/12/2025,Delivered,
53699,3,2026-03-17,Delivered,cod
57235,1066,08/08/2025,Delivered,Upi
50706,946,15-07-2025,Delivered,Credit Card
57778,946,2024-04-24,Pending,Debit Card
57101,193,2026-04-22,Delivered,UPI
54814,88,18-06-2026,Delivered,Net Banking
51605,486,2025-01-25,Delivered,debit card
50962,536,2025-01-13,Delivered,UPI
57445,63,2026-05-27,Delivered,Credit Card
54453,31,2025-11-27,Delivered,UPI
50315,292,2025-09-09,Delivered,UPI
57385,560,2026-06-30,Pending,UPI
50845,884,02/11/2025,Delivered,Credit Card
53997,53,2025-03-20,Delivered,UPI
56105,314,11-11-2025,Cancelled,UPI
56305,587,2026-08-23,Delivered,Debit Card
52423,78,2025-11-04,Delivered,Credit Card
53821,296,2025-09-20,Delivered,Debit Card
52563,105,06-06-2025,Pending,COD
54421,316,2025-08-02,Pending,COD
57040,121,2026-05-22,Cancelled,UPI
54481,487,13-05-2024,Delivered,UPI
53820,42,09/11/2025,Delivered,
55082,888,26/09/2024,Delivered,Debit Card
52628,880,13/12/2024,Delivered,COD
55543,18,30/03/2026,Delivered,
50740,11,2024-05-11,Pending,UPI
50032,577,2026-08-19,DELIVERED,UPI
53605,430,2024-11-13,delivered,COD
57750,359,06-01-2025,Pending,UPI
57535,141,2026-02-01,Returned,UPI
55817,151,2025-01-16,Delivered,COD
52463,119,24/12/2024,Delivered,Upi
54294,322,2025-07-15,Returned,UPI
55967,151,2025-08-02,Delivered,Credit Card
54184,48,23/09/2024,Delivered,Net Banking
51574,142,2026-03-03,Delivered,UPI
52258,1021,10-06-2026,Delivered,Credit Card
53439,390,13-04-2025,Delivered,Credit Card
51117,1040,16/03/2024,Delivered,UPI
52966,460,2024-12-13,Delivered,Credit Card
53642,3,2025-03-12,,upi
54558,220,06/04/2026,Delivered,Credit Card
52073,609,2024-10-02,Delivered,upi
52872,240,2025-12-26,Delivered,Debit Card
52056,137,29-05-2026,delivered,Debit Card
54845,381,06-11-2025,Delivered,UPI
51589,252,09-12-2024,Delivered,
50558,98,2026-05-08,Delivered,COD
52582,243,16/03/2025,Delivered,Credit Card
56510,1,13-04-2025,Delivered,COD
50685,476,16/04/2024,Pending,COD
52996,827,2026-08-14,Delivered,UPI
50859,92,2026-08-04,Pending,Net Banking
52123,919,22-03-2026,Delivered,COD
52902,201,02-10-2024,Cancelled,Debit Card
51514,371,2026-07-01,Delivered,Credit Card
55281,210,2024-09-21,Pending,Debit Card
57626,1064,03/06/2026,Pending,COD
54120,869,2026-07-02,Delivered,Debit Card
50860,655,04/02/2026,,UPI
57990,830,2025-02-13,Delivered,COD
50481,158,2025-01-27,Delivered,Debit Card
55470,49,23-06-2024,Delivered,NET BANKING
53902,482,11/05/2026,Delivered,UPI
55744,294,11/04/2026,Delivered,UPI
53704,576,30/08/2026,Delivered,DEBIT CARD
50628,558,12/03/2024,Delivered,COD
54705,319,05/01/2024,Returned,Credit Card
55615,377,2024-12-28,Pending,upi
55326,30,2024-09-24,Delivered,Credit Card
55525,113,10/01/2026,Delivered,debit card
56215,908,13/03/2024,DELIVERED,UPI
52482,280,27-11-2024,cancelled,Credit Card
51907,703,22/09/2024,Returned,Debit Card
53243,121,09/04/2024,Pending,Credit Card
56275,20,31-03-2025,Delivered,COD
50990,241,26-04-2025,Delivered,
54819,281,22-04-2024,Delivered,Credit Card
50707,1006,17/05/2025,Delivered,Credit Card
56489,321,13/05/2026,Delivered,Credit Card
57251,675,26/02/2024,Delivered,UPI
54519,3,2026-01-31,Delivered,UPI
52865,621,27-03-2026,delivered,UPI
54667,355,10/01/2024,Pending,Credit Card
50802,1034,29/06/2025,Delivered,Debit Card
56198,393,25/05/2024,Returned,COD
51265,1076,2024-09-02,Delivered,Net Banking
57767,247,04/02/2024,Delivered,COD
52778,573,2025-02-03,Delivered,DEBIT CARD
50666,358,19/02/2026,Delivered,COD
51634,316,2024-04-27,Delivered,Net Banking
56749,594,2026-08-29,Delivered,Credit Card
51000,444,2024-01-08,delivered,COD
52815,303,2026-04-03,Delivered,COD
56351,891,2024-03-27,Returned,UPI
56966,726,19/06/2026,Delivered,upi
54052,717,2025-10-02,Delivered,
51906,209,17-07-2024,Delivered,UPI
54864,134,23-06-2025,Delivered,Credit Card
52982,1017,15/07/2025,Delivered,Cod
54553,1029,2025-06-28,Cancelled,Net Banking
52768,250,22-06-2026,Delivered,UPI
50585,68,2025-05-01,DELIVERED,UPI
56316,370,2024-03-18,Pending,Debit Card
52321,365,16/01/2025,Pending,UPI
57360,1069,2025-06-20,Delivered,Credit Card
57695,852,2025-03-24,Delivered,UPI
51428,75,2025-12-15,Delivered,UPI
57335,13,2025-08-17,Delivered,Debit Card
50905,579,2026-05-27,Cancelled,UPI
51366,466,07/02/2025,Delivered,COD
50916,572,22-04-2026,Delivered,UPI
54981,465,24/07/2025,Delivered,Debit Card
50117,439,30-04-2024,Delivered,UPI
56327,94,03-02-2026,Delivered,UPI
50448,99,2025-09-17,Delivered,UPI
51027,353,2025-06-29,returned,Debit Card
51291,464,2025-06-09,Delivered,Debit Card
56321,18,24-01-2025,Delivered,DEBIT CARD
55171,109,2025-09-19,Delivered,Credit Card
54202,45,2025-06-26,Delivered,Credit Card
55881,286,29/12/2024,DELIVERED,UPI
56803,107,24-10-2024,Delivered,UPI
56428,723,2025-01-05,Cancelled,UPI
50779,69,2026-01-22,Cancelled,Credit Card
51288,44,10/09/2025,Delivered,NET BANKING
51034,514,18/08/2025,Delivered,COD
52554,299,2024-09-21,Returned,credit card
55162,154,2026-01-06,Delivered,Credit Card
52665,200,27-05-2024,Delivered,UPI
56621,443,2025-01-08,Delivered,Debit Card
51603,227,17-01-2026,DELIVERED,UPI
54158,764,28/03/2026,Delivered,Credit Card
53442,876,04-09-2025,Delivered,Credit Card
50820,809,23/02/2026,Delivered,Debit Card
54175,81,2024-07-02,Returned,
51441,422,13-12-2024,Delivered,COD
54216,839,14/03/2025,Delivered,Credit Card
54437,299,26/08/2025,Delivered,UPI
52839,691,2025-04-09,Delivered,UPI
55372,664,29-09-2025,Delivered,COD
53159,503,06/02/2025,Cancelled,Credit Card
51980,74,14-07-2024,Delivered,COD
55858,532,2025-06-19,Delivered,UPI
51466,36,2026-06-06,Delivered,Credit Card
55046,447,2024-01-30,Delivered,Credit Card
51043,32,29/01/2024,Delivered,UPI
51180,699,2024-10-26,Delivered,Credit Card
54855,621,2025-07-31,Returned,COD
55301,429,04-07-2026,Delivered,CREDIT CARD
55659,79,2026-04-20,Delivered,Net Banking
52609,155,01-01-2026,Delivered,UPI
50119,375,25-04-2026,Delivered,UPI
57179,134,2026-02-06,Delivered,Net Banking
57969,48,01/02/2025,Pending,COD
57506,933,2026-07-13,Delivered,Credit Card
57914,790,13/03/2024,Delivered,COD
56100,32,22-05-2024,Cancelled,Credit Card
53890,366,2026-01-19,Delivered,UPI
57873,115,26/12/2024,Delivered,credit card
57328,78,2026-02-16,Cancelled,UPI
51322,814,17/02/2024,Delivered,UPI
52065,229,2025-09-03,Delivered,credit card
51903,804,2024-04-14,Delivered,credit card
51352,268,07-12-2024,Pending,Debit Card
53473,265,07/08/2025,Delivered,Net Banking
51738,669,2025-01-21,Pending,
56609,254,2025-07-19,Delivered,credit card
55006,652,29/09/2024,Delivered,Credit Card
50095,43,18-03-2025,delivered,credit card
55399,119,13/02/2025,Cancelled,COD
55452,326,2024-03-07,Delivered,UPI
56338,841,12-12-2025,Pending,Debit Card
52529,173,15-05-2026,Returned,Credit Card
57888,941,2024-09-17,Pending,COD
57377,7,2024-02-21,Delivered,UPI
55315,995,2025-01-25,Cancelled,Credit Card
53904,155,28/02/2025,delivered,COD
51796,72,2025-11-24,Returned,UPI
56494,110,2026-07-23,Delivered,UPI
57095,109,2026-04-06,Delivered,Debit Card
53178,669,2026-05-23,Delivered,Credit Card
55422,356,04/02/2026,Delivered,Debit Card
50293,314,2026-02-09,delivered,Credit Card
54698,382,2026-08-19,Delivered,Debit Card
55384,302,14-02-2026,Cancelled,upi
56386,105,2025-01-09,Pending,DEBIT CARD
55460,27,10/12/2025,Delivered,COD
55050,75,2025-08-16,Delivered,UPI
57689,377,28/02/2025,Delivered,Cod
54272,94,2024-08-17,Delivered,COD
53926,6,2024-02-07,Delivered,Debit Card
55509,279,26-07-2024,Pending,UPI
56821,141,21-02-2024,Delivered,UPI
52763,214,30-07-2024,Cancelled,UPI
52215,186,05-04-2024,DELIVERED,UPI
52779,447,25-06-2024,Delivered,UPI
55561,423,2025-02-03,Cancelled,UPI
57613,11,2026-03-05,Delivered,UPI
53488,114,23/06/2025,Pending,Cod
56842,107,2024-09-20,Delivered,COD
57127,305,31-05-2025,Delivered,COD
57143,639,07/08/2026,Delivered,UPI
53072,302,2024-01-01,Pending,Credit Card
51145,183,15-05-2026,Delivered,UPI
53215,1022,10-01-2026,Delivered,Credit Card
57693,48,03/11/2025,Cancelled,UPI
53399,228,2026-05-12,Delivered,UPI
56808,111,09/06/2025,Pending,UPI
53220,50,27-05-2026,Delivered,UPI
51384,236,2026-05-28,Delivered,Debit Card
55807,810,2026-01-15,Returned,upi
55002,390,2025-02-08,Pending,Credit Card
51213,140,2024-05-19,Delivered,DEBIT CARD
53563,154,2025-03-04,Cancelled,Debit Card
52118,482,2024-08-14,Returned,COD
55513,484,2026-07-24,Delivered,Credit Card
57065,907,20/10/2024,Cancelled,UPI
56340,172,2024-08-28,Delivered,UPI
52642,246,31-07-2025,Delivered,Credit Card
51820,341,22-07-2024,Delivered,upi
53595,270,15-03-2025,Delivered,Debit Card
52691,299,2024-10-11,Delivered,Credit Card
55904,747,18-09-2025,Delivered,UPI
55567,339,06/07/2024,Delivered,UPI
52399,322,2024-11-27,DELIVERED,Debit Card
55251,266,2024-04-30,Pending,Debit Card
55603,756,2026-06-24,Delivered,UPI
52348,372,30/08/2025,Delivered,Credit Card
52078,109,11/01/2025,Cancelled,UPI
57508,36,10-03-2026,Delivered,COD
52897,75,19/08/2024,Pending,Upi
52395,160,24/11/2024,Delivered,UPI
55005,1025,01/04/2026,Delivered,Debit Card
57894,427,15/07/2026,Delivered,UPI
53713,1005,24-03-2025,Delivered,Credit Card
53735,826,09/01/2025,Returned,Credit Card
56092,426,13-07-2026,Delivered,COD
55397,384,05/10/2024,Delivered,COD
51509,108,20/02/2026,Delivered,
56704,35,26/02/2024,Cancelled,Debit Card
51372,6,17/08/2026,CANCELLED,UPI
56240,344,23/09/2025,Cancelled,UPI
50633,161,2025-04-06,Returned,UPI
56778,349,2024-03-17,Delivered,Debit Card
54109,904,07-01-2026,Delivered,Debit Card
52486,9,12-05-2025,Delivered,Upi
52635,347,27/05/2024,Pending,COD
52010,552,2025-03-27,Delivered,upi
52373,156,30/11/2025,Delivered,Credit Card
53474,43,2026-03-03,Delivered,Credit Card
56192,88,23-11-2025,Delivered,Credit Card
50451,124,2026-06-15,Returned,UPI
51052,92,30-01-2025,Delivered,UPI
56732,407,09-10-2024,Delivered,UPI
54484,332,25-06-2026,Delivered,COD
50407,293,18-01-2025,Delivered,Credit Card
50642,5,2025-03-16,Delivered,Cod
53728,384,2025-06-29,cancelled,Debit Card
53391,897,05-10-2024,Delivered,UPI
57355,123,2024-02-05,CANCELLED,UPI
51285,701,2024-01-24,Delivered,UPI
57878,573,2025-01-27,Delivered,UPI
56330,39,2025-02-07,Delivered,COD
56065,75,2026-08-10,Pending,COD
55359,122,2024-08-06,Cancelled,Debit Card
57840,863,10-12-2025,cancelled,Credit Card
57956,292,12/07/2025,Returned,UPI
51041,702,15/06/2026,DELIVERED,UPI
57333,167,06/09/2025,Delivered,UPI
56715,53,05/03/2026,Delivered,credit card
54946,71,2025-08-26,Delivered,UPI
50217,419,2024-11-30,Delivered,UPI
56837,405,2024-04-09,delivered,COD
54869,765,27/01/2024,Delivered,UPI
53169,363,03-01-2024,Delivered,Debit Card
57277,44,2026-04-01,Returned,credit card
52270,260,04-01-2024,Delivered,Net Banking
54318,448,25/09/2025,Delivered,Credit Card
54333,741,10-12-2024,Pending,UPI
54438,452,27/11/2025,Delivered,UPI
53596,1005,03/08/2024,Delivered,COD
50342,18,2024-09-13,Delivered,COD
50723,494,23-02-2025,Delivered,Debit Card
52282,395,2024-03-25,Delivered,Net Banking
53040,416,07/07/2025,Delivered,Net Banking
54187,321,09/01/2025,Delivered,Debit Card
56898,988,14/06/2025,Delivered,
52304,932,08/02/2025,Delivered,Credit Card
55453,50,24-10-2025,Delivered,COD
53374,356,13/02/2025,Delivered,Credit Card
54238,405,2026-05-23,Delivered,COD
52990,849,2024-04-01,Delivered,Debit Card
53085,170,14/04/2026,Cancelled,UPI
53003,375,15-02-2026,Cancelled,Credit Card
55318,671,25/07/2024,Delivered,UPI
57879,150,05-02-2025,Delivered,COD
54635,1055,26-09-2025,Delivered,CREDIT CARD
55269,672,2025-01-03,Delivered,Debit Card
50212,212,2025-04-12,Delivered,Cod
54610,462,13/07/2026,Delivered,Debit Card
53886,467,2025-03-16,Delivered,UPI
54477,320,2025-01-24,Delivered,UPI
52971,452,2026-06-08,Delivered,Credit Card
51896,162,2026-03-20,Delivered,UPI
53249,1023,2024-03-04,Delivered,Credit Card
57316,153,17/02/2024,Delivered,UPI
55544,510,2025-10-18,Delivered,UPI
56620,594,2024-06-27,Delivered,COD
54976,340,2025-09-01,Delivered,Credit Card
56409,122,09-07-2024,Cancelled,Credit Card
51995,91,11-06-2024,Returned,Net Banking
57298,65,30-10-2025,Delivered,Debit Card
50487,114,2025-05-04,Cancelled,Credit Card
50998,109,21/05/2025,Delivered,UPI
51250,317,2025-01-23,Pending,Credit Card
57498,1063,18-05-2026,Pending,UPI
57058,579,2024-08-07,Delivered,Debit Card
55209,925,2024-07-24,Delivered,UPI
52465,391,14/02/2025,Cancelled,Credit Card
55661,162,24-01-2025,Delivered,Net Banking
53469,485,08-08-2024,Delivered,UPI
55448,341,17/06/2024,Pending,UPI
52828,668,03/12/2025,Delivered,UPI
54720,359,2024-04-04,Delivered,Debit Card
50321,681,23-04-2024,Delivered,UPI
51419,80,23/05/2025,Delivered,upi
52540,1057,04/07/2026,Delivered,Net Banking
55431,178,20-07-2024,Pending,UPI
54536,54,2025-03-21,Returned,Credit Card
54422,394,02-05-2024,Delivered,Debit Card
52719,1072,2025-01-13,Delivered,UPI
51315,271,05-03-2025,Delivered,upi
54499,806,26/06/2024,Delivered,COD
50703,80,25/06/2025,,UPI
57518,163,23/03/2024,Delivered,Credit Card
52174,828,04/07/2024,Returned,Net Banking
50137,161,31-05-2026,Delivered,Credit Card
53718,304,11/11/2025,Delivered,UPI
54598,178,14-05-2024,Delivered,UPI
54640,11,21/03/2025,Cancelled,UPI
51594,712,2024-06-16,Returned,Credit Card
53359,480,2026-06-02,Delivered,Debit Card
50393,250,2025-12-12,Delivered,Debit Card
50631,264,2026-03-17,delivered,UPI
50950,463,2026-08-17,Delivered,UPI
53043,132,18-05-2025,Delivered,UPI
50538,15,20/02/2026,Delivered,UPI
52890,23,14-01-2026,Delivered,Credit Card
57412,379,2024-07-13,delivered,UPI
53209,66,2025-02-21,Cancelled,UPI
51551,687,28-04-2024,Delivered,UPI
50850,426,18-09-2025,Delivered,Credit Card
57682,961,2024-12-04,Delivered,UPI
51562,83,2024-06-07,Delivered,UPI
56476,220,2025-05-25,DELIVERED,Net Banking
57869,466,31/10/2025,Delivered,Credit Card
55657,49,01/02/2024,Delivered,UPI
52997,105,28-01-2025,Delivered,Net Banking
54105,61,07/06/2024,Delivered,UPI
56449,133,2024-11-27,Pending,credit card
56500,82,14-11-2024,Delivered,UPI
54584,14,23-02-2026,Returned,Debit Card
56650,316,22/11/2024,Delivered,Net Banking
51769,66,29-03-2026,Cancelled,Net Banking
56584,417,02-02-2026,Delivered,
53557,157,2025-12-31,Pending,Credit Card
56393,325,26-08-2025,Delivered,DEBIT CARD
55751,437,2025-10-16,Pending,COD
57699,637,09-11-2024,Delivered,UPI
57800,252,09/08/2024,Delivered,Credit Card
51304,618,2025-07-14,Delivered,UPI
51967,237,2024-05-26,delivered,UPI
54759,297,2024-09-02,Cancelled,UPI
50540,907,2024-10-14,Returned,UPI
50107,87,2026-05-09,Delivered,COD
53825,434,2025-03-29,Delivered,Credit Card
55011,43,2024-09-27,Delivered,Net Banking
51687,241,2024-01-10,Delivered,Debit Card
52583,64,2026-02-06,Delivered,UPI
50595,289,2026-05-06,Returned,UPI
54121,129,31-07-2025,Delivered,Credit Card
55848,35,28/07/2024,Cancelled,NET BANKING
51734,357,11/06/2026,Returned,Credit Card
55822,42,05/05/2024,Delivered,COD
55294,550,10-05-2026,Delivered,Credit Card
53650,124,31-12-2025,Pending,UPI
55580,438,20/12/2025,Pending,Debit Card
51544,138,2025-04-16,Delivered,Net Banking
51691,295,23-09-2025,Delivered,Credit Card
56674,957,2025-03-05,Pending,COD
53715,528,2024-10-14,Cancelled,Upi
53900,108,03-07-2024,Delivered,UPI
56956,150,2026-01-02,DELIVERED,UPI
56677,419,01-02-2025,Delivered,COD
52476,239,2026-02-06,Delivered,UPI
50972,1002,2024-05-14,Cancelled,UPI
51793,193,13-02-2024,Delivered,UPI
52701,57,14/04/2025,Delivered,UPI
50986,864,15/06/2025,Delivered,Debit Card
50459,340,2024-01-04,Delivered,UPI
53547,280,2025-01-25,Delivered,Credit Card
53632,786,2026-07-21,Delivered,Credit Card
56979,197,2024-10-29,Delivered,UPI
56832,98,06/07/2026,Delivered,Credit Card
54952,606,10-03-2024,Delivered,Debit Card
50557,47,18/10/2024,Delivered,UPI
51521,30,2026-06-14,Returned,UPI
52567,214,2025-12-02,Returned,Debit Card
52849,430,2024-06-10,Delivered,COD
53172,447,15-06-2024,Pending,UPI
55883,360,19/08/2024,Delivered,cod
55998,6,27/05/2026,PENDING,Credit Card
53280,176,2024-11-18,Delivered,UPI
50811,59,09/09/2024,Delivered,UPI
56050,74,04-04-2025,Delivered,Credit Card
56118,165,2024-05-01,Delivered,CREDIT CARD
52599,888,29/05/2025,Cancelled,Debit Card
53047,669,16-07-2026,Delivered,UPI
51960,2,2024-05-12,Delivered,UPI
57502,431,2026-06-12,Delivered,COD
50329,746,14-02-2026,Cancelled,
53184,113,14-01-2025,DELIVERED,Debit Card
57294,560,2025-05-01,Delivered,UPI
57122,148,04-11-2025,Delivered,Net Banking
52386,232,31/10/2025,Delivered,UPI
52446,147,2026-01-06,Delivered,UPI
53230,482,2026-03-21,Delivered,Credit Card
57474,117,2026-05-25,,UPI
56963,300,2025-09-27,Delivered,UPI
55997,455,15-03-2025,Delivered,Debit Card
53183,194,27-06-2025,Delivered,UPI
55316,584,2025-03-21,Delivered,UPI
56247,40,01/11/2025,Delivered,COD
51159,16,20/02/2025,Delivered,Credit Card
56502,447,10-03-2025,Returned,UPI
52084,168,2025-02-18,Delivered,COD
56639,1058,2024-12-10,Delivered,Credit Card
57532,1034,06/10/2025,Delivered,UPI
51013,138,24/02/2025,Delivered,UPI
50971,1020,2026-04-11,Returned,Credit Card
57493,20,2026-07-09,Returned,COD
53658,128,2025-03-31,Delivered,Credit Card
53916,415,2024-06-19,Delivered,
52473,287,2026-04-08,Delivered,UPI
54357,566,14-06-2025,Pending,Upi
53855,117,18-03-2025,Delivered,COD
55112,138,05/05/2026,Delivered,UPI
51955,153,06/06/2024,Pending,NET BANKING
55990,680,14/05/2024,Delivered,Credit Card
55029,990,18/02/2024,Delivered,COD
50345,473,06-11-2025,Delivered,Credit Card
52040,481,2025-05-26,Pending,UPI
57722,405,28-09-2025,Delivered,UPI
57947,269,2024-10-30,Delivered,Credit Card
57172,107,05/04/2025,Delivered,Credit Card
55127,48,2024-07-22,Delivered,Credit Card
50910,321,2024-07-01,Delivered,Credit Card
52333,962,2026-05-19,Delivered,Credit Card
54389,132,2025-05-28,Returned,Debit Card
54467,1072,02/11/2024,RETURNED,Debit Card
52751,321,2024-10-16,Delivered,UPI
51864,398,2024-06-11,Delivered,UPI
52334,19,2026-03-09,Delivered,Net Banking
50324,546,2025-05-21,Delivered,UPI
56007,39,2025-03-02,Delivered,Credit Card
50931,757,2026-07-07,Delivered,Credit Card
57181,693,01/09/2025,Pending,COD
57340,473,20-09-2025,Pending,UPI
53766,308,05-08-2025,Delivered,UPI
54947,173,23/09/2024,,UPI
56195,564,18/07/2026,Cancelled,upi
55358,402,03/07/2024,Delivered,Debit Card
54139,7,2025-11-18,Delivered,Debit Card
50246,481,15-05-2024,Delivered,UPI
55650,14,03/12/2025,Pending,UPI
56012,868,2024-10-24,Delivered,Credit Card
54784,102,2026-06-17,Delivered,Debit Card
56258,859,2026-02-09,Delivered,UPI
54043,149,2024-06-18,Delivered,UPI
50152,1068,2026-02-27,Delivered,UPI
52188,27,05-06-2025,Delivered,Debit Card
57178,90,08/03/2025,Delivered,Debit Card
50934,662,2025-02-12,Delivered,Upi
51971,221,2024-02-19,Delivered,UPI
52168,107,05-09-2024,Delivered,DEBIT CARD
57283,404,2025-02-15,Delivered,Credit Card
55298,139,12-05-2024,Cancelled,COD
53993,71,01/05/2025,Delivered,Net Banking
56356,748,29/09/2024,Delivered,Credit Card
50884,97,26-02-2025,Delivered,COD
54668,122,2026-08-06,Delivered,UPI
51235,182,27/06/2024,Delivered,debit card
56399,200,15/10/2025,Delivered,Debit Card
57874,64,26/03/2026,Delivered,Debit Card
56761,792,2024-11-13,Delivered,Credit Card
54185,75,2025-12-12,Delivered,UPI
54523,74,2025-07-19,Delivered,UPI
54729,638,2024-03-16,Delivered,UPI
53552,407,28/12/2025,Returned,Debit Card
50662,90,02-04-2024,Delivered,
52001,971,04-02-2024,Delivered,Credit Card
56288,514,20-08-2024,Delivered,Debit Card
55706,930,2024-07-02,Delivered,Credit Card
52552,28,08/06/2024,Delivered,Credit Card
53592,700,18/01/2026,Pending,UPI
52036,120,06/08/2024,Delivered,Debit Card
50401,487,12/08/2026,Pending,UPI
52320,324,2024-06-14,Delivered,UPI
53774,1031,2024-11-18,Delivered,Credit Card
54580,160,2024-02-04,Returned,UPI
52633,116,2024-03-21,Pending,UPI
56589,127,2026-08-05,Delivered,Credit Card
53540,337,01-08-2025,Delivered,UPI
53575,986,20/08/2026,Delivered,Credit Card
52360,897,14/06/2024,Delivered,debit card
55770,5,11-05-2025,Delivered,UPI
52859,37,28-09-2024,Delivered,credit card
57159,97,2025-04-18,Delivered,Credit Card
50874,2,2024-08-03,Pending,UPI
53581,217,2024-03-23,Cancelled,Credit Card
53170,144,2025-05-06,Delivered,COD
57242,432,2026-01-17,Delivered,Net Banking
51895,404,2024-05-30,Delivered,COD
53950,725,2026-06-18,Delivered,UPI
54426,565,22-08-2024,Delivered,Credit Card
55962,982,27/04/2026,Delivered,Credit Card
52576,887,2026-03-03,Delivered,Debit Card
53738,557,13-12-2024,Delivered,Credit Card
56090,234,2024-02-08,Pending,Debit Card
57096,317,25/04/2024,Delivered,cod
52411,114,2026-08-08,Delivered,COD
52926,434,2025-09-28,DELIVERED,UPI
55166,42,2024-09-08,Pending,UPI
54867,327,08/01/2026,Delivered,Credit Card
55588,462,2024-11-04,Delivered,UPI
51056,395,2025-08-23,Delivered,Debit Card
50815,31,2025-12-31,Delivered,Credit Card
55466,498,2025-04-26,Delivered,UPI
55418,646,12/07/2024,Delivered,Net Banking
57748,11,2025-01-09,Delivered,Debit Card
51200,9,07/12/2025,Delivered,UPI
54218,622,24/01/2025,Delivered,Debit Card
50496,435,2026-01-26,delivered,COD
53822,80,30/04/2024,DELIVERED,debit card
56394,376,2024-04-12,Delivered,UPI
54034,65,17/10/2025,Pending,UPI
53316,606,06/02/2026,Delivered,Credit Card
56759,562,2024-02-20,Delivered,Debit Card
56364,191,2024-11-19,Delivered,Credit Card
50189,60,2024-09-23,Delivered,UPI
51075,236,2026-08-31,DELIVERED,Credit Card
52737,587,21/09/2025,Cancelled,credit card
52979,72,2024-05-24,delivered,Credit Card
53550,150,17-03-2026,Pending,Credit Card
53119,353,22-06-2025,Cancelled,Credit Card
54148,178,28/10/2024,Delivered,Debit Card
51662,165,2024-12-25,Delivered,Credit Card
53572,453,2024-02-20,delivered,UPI
54881,360,2025-04-04,Delivered,UPI
50441,100,2025-09-25,Delivered,UPI
57331,526,2024-04-20,Delivered,UPI
50517,344,09-06-2025,Delivered,UPI
56522,71,08-06-2025,Cancelled,UPI
56017,906,17/05/2024,Delivered,UPI
50870,103,26/12/2025,Delivered,UPI
52166,686,2024-09-26,Delivered,UPI
52020,132,08-11-2024,Delivered,UPI
50799,414,21/10/2024,Delivered,COD
54689,992,09/03/2026,Returned,UPI
56437,689,30/05/2025,Delivered,COD
55653,756,2025-07-17,Delivered,Credit Card
55730,1038,2025-04-14,Delivered,Debit Card
52089,309,2025-08-13,Delivered,UPI
53914,683,15/01/2026,,UPI
52442,192,2024-08-09,DELIVERED,UPI
55438,447,22/08/2026,Returned,Credit Card
54876,125,25-01-2026,Delivered,Debit Card
51622,692,25-04-2025,Delivered,COD
53369,524,24-12-2025,delivered,UPI
55832,232,13/09/2024,Pending,UPI
54374,42,03/08/2026,delivered,Net Banking
53486,111,2026-06-24,Delivered,Debit Card
50213,313,17-04-2024,Delivered,Credit Card
54933,470,2026-04-19,Cancelled,Credit Card
56823,41,2025-11-01,Delivered,Net Banking
53343,224,04-08-2025,Delivered,Net Banking
52904,37,2026-04-21,Delivered,Credit Card
54036,488,05/12/2024,Returned,Credit Card
52613,48,2026-07-19,Pending,Credit Card
57068,970,19-08-2025,Delivered,COD
56750,101,30-01-2024,Delivered,UPI
56580,580,28/05/2024,Delivered,Credit Card
53577,132,24/11/2025,Delivered,UPI
51308,709,2024-07-09,Delivered,UPI
52198,336,2026-06-09,Delivered,Credit Card
55914,265,2025-10-28,Delivered,UPI
55902,183,2024-07-03,Delivered,Credit Card
50127,303,04/10/2025,Delivered,Debit Card
53570,951,26/08/2025,Returned,UPI
52460,77,15-03-2026,Delivered,UPI
51830,653,11/01/2025,Delivered,UPI
51588,41,18/12/2025,Cancelled,UPI
53680,114,29-09-2024,Delivered,Net Banking
50343,987,23/05/2024,Delivered,UPI
55578,448,05-08-2025,Delivered,COD
56936,162,02-05-2026,,UPI
52975,71,2026-03-12,PENDING,UPI
50768,99,19-08-2025,Delivered,UPI
50423,558,22/02/2025,Cancelled,UPI
52080,82,2025-05-13,Delivered,CREDIT CARD
50358,65,25/04/2025,Delivered,UPI
54449,160,28/05/2026,Delivered,UPI
57605,130,2026-03-18,Pending,UPI
52432,139,2025-05-25,Delivered,Credit Card
50612,126,2024-10-27,Delivered,credit card
52437,963,2024-11-01,Delivered,COD
54282,695,2025-01-02,Delivered,UPI
57491,152,2025-05-08,Delivered,UPI
52625,267,2025-09-22,Delivered,Debit Card
51549,322,30/01/2026,Delivered,UPI
57779,206,17/07/2024,Pending,UPI
55211,29,2024-06-20,delivered,UPI
51467,911,16/04/2026,DELIVERED,Debit Card
51073,576,29-09-2024,Delivered,UPI
53094,1026,31/05/2025,Delivered,Credit Card
56807,337,2024-09-15,Delivered,Debit Card
52296,91,21/11/2025,Delivered,Credit Card
52835,182,2025-09-17,Cancelled,UPI
50277,331,2024-11-15,Delivered,Credit Card
50526,27,2025-12-15,delivered,Debit Card
53006,293,18/11/2024,Delivered,UPI
54600,719,2026-01-16,Delivered,Credit Card
52998,48,25-05-2024,Returned,Credit Card
54608,928,21-09-2025,Pending,Credit Card
53788,49,2026-05-09,Delivered,Credit Card
55886,84,2025-10-19,Delivered,DEBIT CARD
57875,10,11-01-2024,Delivered,UPI
57785,664,30-07-2025,Delivered,COD
52220,789,2024-09-25,Pending,Debit Card
54702,383,2024-08-15,Delivered,upi
50108,267,14/08/2026,Cancelled,COD
55958,454,29-12-2024,Delivered,Credit Card
57732,636,15-09-2024,Cancelled,COD
55106,329,10/06/2024,Delivered,COD
55012,107,2024-05-05,Delivered,Credit Card
55120,209,24-02-2025,CANCELLED,UPI
53981,194,2026-05-18,Delivered,Credit Card
50896,491,17/05/2026,Delivered,UPI
52740,50,11/03/2026,Delivered,COD
54743,881,06/01/2025,Delivered,Credit Card
52807,381,27/06/2024,Delivered,UPI
51356,595,2025-06-29,Delivered,UPI
56414,975,01/07/2026,Delivered,UPI
53314,899,16/01/2026,Delivered,UPI
54681,798,22-04-2025,Delivered,Credit Card
54203,210,2025-02-04,Delivered,COD
51110,130,2026-06-22,Delivered,UPI
54197,128,2025-02-04,Delivered,Credit Card
53756,571,2024-06-15,Delivered,Credit Card
55175,87,2026-07-04,cancelled,
56253,102,2024-10-14,Delivered,Credit Card
54429,192,2024-03-05,Delivered,net banking
50488,459,26/05/2026,Delivered,COD
56405,403,2026-04-25,Cancelled,Debit Card
54604,536,11/07/2025,Returned,Credit Card
57686,53,2024-01-15,Delivered,UPI
52259,675,2025-10-05,Returned,Credit Card
56889,884,2025-01-18,Delivered,Net Banking
56831,56,17/04/2024,Cancelled,UPI
56560,180,30/09/2025,Delivered,Net Banking
57692,961,17/03/2025,Delivered,Debit Card
52983,14,2025-10-27,Delivered,Debit Card
50445,324,29-05-2025,Pending,UPI
51400,414,04-07-2026,Delivered,UPI
54601,579,05-03-2024,Delivered,UPI
56332,808,29-08-2026,Pending,DEBIT CARD
53722,48,12-12-2024,Delivered,cod
53342,555,2025-09-29,Delivered,UPI
53909,71,25/07/2024,Delivered,Credit Card
51314,665,2025-04-26,Delivered,UPI
50194,806,13/01/2025,Delivered,Credit Card
53708,200,20/07/2025,Delivered,UPI
56339,424,01-02-2024,Cancelled,UPI
53585,76,10-10-2024,DELIVERED,Credit Card
56336,158,21-06-2024,Delivered,Credit Card
56408,950,28/08/2025,Delivered,UPI
51804,910,2025-10-05,Cancelled,UPI
55775,204,2025-11-13,Delivered,UPI
56308,233,2025-10-17,Delivered,Net Banking
53153,470,29-10-2025,Delivered,UPI
57230,109,28-02-2024,Delivered,COD
57293,7,27-08-2024,Delivered,Debit Card
55900,444,13/08/2025,DELIVERED,UPI
53976,501,2026-03-19,Delivered,Debit Card
57120,53,18-03-2024,Delivered,UPI
56053,775,03/06/2024,Delivered,Upi
53388,647,23-05-2024,Delivered,Credit Card
57250,303,29-06-2025,Delivered,upi
55257,395,10/06/2025,Delivered,UPI
56228,326,2024-09-27,Delivered,credit card
56224,116,19-05-2025,delivered,Debit Card
51962,155,07-05-2026,DELIVERED,upi
50055,136,12/02/2025,Returned,
57501,787,01/06/2025,Delivered,Net Banking
55529,236,2024-04-12,Pending,Credit Card
50862,821,2024-03-28,Delivered,UPI
54801,895,2026-05-04,Delivered,CREDIT CARD
56490,343,2024-08-05,Delivered,Credit Card
57075,224,01/05/2025,Delivered,Credit Card
57920,6,30/04/2024,Pending,UPI
55021,422,2024-03-25,Delivered,COD
55094,857,2025-06-16,Delivered,UPI
56424,73,06-04-2025,Pending,UPI
55831,1072,2026-02-08,Cancelled,Credit Card
55624,620,13/05/2025,Delivered,
57366,295,12/12/2024,Cancelled,Debit Card
55428,340,09/04/2024,Pending,upi
54462,408,20/02/2025,Delivered,COD
50584,699,2025-08-24,Cancelled,cod
55909,714,18/10/2024,Delivered,Net Banking
51407,658,2025-06-25,Delivered,UPI
54157,1,14-02-2026,Delivered,COD
57441,460,2024-01-20,Pending,UPI
56016,508,2025-01-18,Delivered,credit card
52644,102,30-08-2026,Delivered,COD
55903,70,19/11/2024,Delivered,COD
50570,74,2024-11-04,Delivered,UPI
56868,108,21/10/2025,Delivered,Credit Card
57151,144,2025-02-25,Delivered,UPI
52945,162,2024-03-01,delivered,UPI
55597,914,17/01/2026,Delivered,UPI
55682,32,18/03/2024,Delivered,Credit Card
54586,75,30/05/2025,Delivered,credit card
51002,134,13-05-2026,Delivered,UPI
52109,8,2025-10-30,Cancelled,Credit Card
53879,465,09-03-2025,Delivered,Debit Card
52548,18,09/10/2025,Delivered,UPI
54234,531,2024-12-28,Delivered,Credit Card
57208,208,24-06-2026,Delivered,UPI
56785,620,2025-09-18,Delivered,Debit Card
57934,614,2025-07-10,Delivered,UPI
57897,843,07-09-2025,Delivered,Net Banking
54479,1076,2025-01-29,Pending,UPI
54492,1064,07/04/2025,Delivered,Net Banking
56923,508,2026-01-07,Delivered,Debit Card
53988,89,2026-08-05,Delivered,Credit Card
57397,398,08/10/2025,Delivered,UPI
50574,723,26-03-2024,Delivered,Debit Card
54441,158,27/02/2026,Delivered,Debit Card
50668,479,08-04-2024,Delivered,Credit Card
50784,88,2026-03-05,returned,UPI
52236,138,11/10/2024,Delivered,COD
54762,272,12-09-2025,Delivered,UPI
51583,11,2025-12-26,Delivered,NET BANKING
52848,955,20-05-2026,Delivered,UPI
50542,1016,2025-05-06,Cancelled,Debit Card
55692,155,25-06-2025,Cancelled,UPI
56726,594,02/07/2024,Delivered,UPI
55310,170,2024-01-19,Delivered,Debit Card
56511,402,02-07-2026,delivered,
56059,473,18-06-2024,Delivered,Debit Card
55205,855,26-04-2026,Delivered,Credit Card
54997,945,06/08/2024,Delivered,UPI
54416,144,2025-04-20,Delivered,Credit Card
50625,387,2025-02-22,Delivered,UPI
56678,477,2026-06-20,Delivered,UPI
57476,733,19/04/2026,Delivered,UPI
51070,957,21/08/2026,Delivered,Credit Card
56244,91,22/06/2025,Delivered,COD
50601,364,2026-02-09,Delivered,Credit Card
57473,172,05/07/2025,Returned,UPI
56008,633,13/02/2024,Returned,Debit Card
50471,203,17-11-2024,Cancelled,Credit Card
51492,495,2025-02-12,Delivered,UPI
51369,507,2025-03-05,Delivered,Debit Card
50864,734,05/06/2024,Delivered,Credit Card
53327,100,20-02-2025,Delivered,Credit Card
51981,89,2024-03-30,Pending,UPI
53424,958,2024-11-29,Delivered,UPI
51570,645,2025-07-11,Pending,UPI
54144,688,2026-03-26,Delivered,UPI
52330,439,25/03/2026,Delivered,Credit Card
53676,26,08-11-2025,Pending,UPI
52842,327,06-05-2025,Delivered,Credit Card
53236,147,2024-03-20,Delivered,Debit Card
57236,413,06/06/2024,returned,Debit Card
56369,748,2026-04-23,Delivered,Credit Card
52223,270,05/03/2026,Delivered,UPI
51836,125,21/03/2026,Delivered,COD
57837,53,18-08-2024,Delivered,UPI
56329,193,2026-06-15,Delivered,UPI
55191,633,30/11/2025,Delivered,Debit Card
51754,949,03/02/2026,Returned,UPI
52753,496,31/07/2024,Delivered,Credit Card
52247,390,08-08-2025,DELIVERED,Credit Card
51210,421,23/02/2025,Delivered,Credit Card
51218,896,19/01/2024,Delivered,UPI
53931,935,2024-06-04,Pending,UPI
56680,297,2026-08-30,Delivered,DEBIT CARD
51823,790,2025-02-08,Delivered,UPI
56210,994,2025-11-27,Cancelled,Credit Card
52172,1044,2026-01-19,Pending,debit card
50915,51,08/03/2026,Delivered,UPI
50616,1071,2025-09-22,delivered,Debit Card
52569,49,2024-06-10,Pending,Credit Card
56254,435,12-06-2026,Delivered,UPI
56662,254,2025-03-25,delivered,UPI
52824,406,18/11/2025,Delivered,Credit Card
52538,246,01-01-2024,Delivered,Net Banking
53022,937,2024-09-28,Delivered,COD
56454,66,2024-08-08,Delivered,UPI
51207,326,12/10/2025,Delivered,NET BANKING
51411,729,07/04/2024,Delivered,UPI
57051,130,04/11/2025,Delivered,Debit Card
54914,241,2026-03-27,PENDING,UPI
50041,817,2025-05-31,Returned,Credit Card
55089,115,2026-01-31,Delivered,UPI
56133,787,20/11/2024,Delivered,UPI
55435,142,2024-12-24,Delivered,Net Banking
54330,329,2025-06-03,Delivered,UPI
53559,353,17-07-2024,Delivered,Upi
51591,277,2024-12-10,Pending,UPI
57269,393,2024-07-29,Delivered,Credit Card
53428,778,2025-12-10,Cancelled,CREDIT CARD
57384,459,2025-02-22,Delivered,Credit Card
52761,959,30/03/2025,Delivered,COD
55482,19,15/02/2026,Delivered,UPI
51630,43,2024-09-15,Delivered,UPI
51402,443,2024-07-07,Cancelled,UPI
54066,10,2025-11-17,,UPI
55894,56,2025-01-15,Delivered,UPI
57125,85,10/04/2026,Delivered,Debit Card
54993,539,2025-04-06,Delivered,Credit Card
57578,254,08-11-2024,Delivered,Net Banking
55737,130,05-09-2024,Delivered,UPI
53500,915,14-04-2026,Delivered,Credit Card
50021,34,21/04/2026,Delivered,UPI
56185,79,2025-03-29,Cancelled,UPI
52489,276,17-01-2026,Delivered,
53472,957,20/03/2024,Delivered,UPI
53972,116,2026-01-10,Pending,Debit Card
56267,66,2024-03-13,delivered,Debit Card
53487,101,16-10-2025,Delivered,Debit Card
51856,271,2024-10-09,Delivered,
52475,597,01/07/2025,Cancelled,COD
53211,1057,2024-06-16,Delivered,UPI
51412,24,05/11/2025,Returned,Credit Card
54261,507,2025-02-10,Delivered,COD
55404,447,2024-10-26,Delivered,COD
55398,772,2026-05-17,Delivered,Debit Card
56158,1054,22-04-2025,Delivered,UPI
52237,338,2025-11-30,Returned,Debit Card
52564,831,07/04/2024,Delivered,Credit Card
51707,292,2026-05-31,Delivered,Credit Card
50814,682,2024-07-31,Delivered,UPI
54576,414,15-02-2026,Delivered,Credit Card
52171,838,2024-11-25,Delivered,Debit Card
50504,136,29-03-2026,Delivered,UPI
57955,593,17/12/2024,Delivered,Credit Card
53578,97,16/04/2026,Cancelled,UPI
54489,443,13/09/2025,Delivered,Credit Card
57856,50,12/06/2025,Delivered,Credit Card
57943,62,11/07/2026,,UPI
53567,435,2024-09-08,Delivered,COD
56297,407,2024-04-09,Delivered,COD
51385,720,2024-02-17,Delivered,Credit Card
56080,14,27/08/2025,Delivered,Debit Card
57007,141,2024-08-26,Delivered,UPI
50792,297,2025-06-03,Delivered,UPI
50094,382,30/11/2024,Delivered,COD
57105,406,2024-10-14,,Credit Card
50970,1049,03/07/2026,Cancelled,
51819,358,2025-12-07,Delivered,UPI
50964,94,03-05-2026,Returned,Credit Card
55252,69,04-03-2026,Delivered,Net Banking
51108,524,06-04-2024,Delivered,Debit Card
50440,223,2025-03-09,Returned,Credit Card
52710,986,2026-02-20,Delivered,Debit Card
53647,813,2025-01-27,Delivered,UPI
57667,1011,2025-09-05,Delivered,NET BANKING
50047,48,04/06/2025,Delivered,Credit Card
50572,143,14-04-2025,Delivered,Upi
53190,1035,06-06-2024,Delivered,Credit Card
52922,1028,07/06/2025,Delivered,UPI
52798,598,01/04/2025,Pending,UPI
50627,418,2024-09-04,Delivered,Credit Card
53751,814,2024-08-04,Delivered,COD
52269,274,2025-08-17,,Upi
57933,1044,01/07/2025,Delivered,UPI
54385,712,2025-11-22,Delivered,UPI
56506,92,2025-02-06,Delivered,COD
50337,96,03/01/2026,Returned,Credit Card
52219,838,08/01/2025,Cancelled,Credit Card
56120,89,14-10-2024,Delivered,Debit Card
52527,219,07-01-2026,Cancelled,UPI
54213,5,2024-07-13,Delivered,UPI
57644,294,10/08/2026,Delivered,Net Banking
54211,780,05/05/2026,Delivered,UPI
50154,926,14-10-2025,Delivered,CREDIT CARD
51989,87,03/12/2025,delivered,UPI
53454,126,2025-04-13,Pending,Net Banking
52688,613,28/01/2024,Cancelled,Credit Card
51221,629,2025-02-16,Delivered,Debit Card
50946,496,2025-03-24,Delivered,COD
52909,478,08-02-2026,Delivered,UPI
52947,949,2025-01-31,Returned,UPI
53389,148,07-12-2025,Delivered,Credit Card
56261,43,21-09-2025,Delivered,UPI
52012,141,2026-01-10,Delivered,Debit Card
51565,136,16/10/2025,Returned,
57395,406,2024-06-28,Delivered,Debit Card
50676,8,21/01/2026,Pending,Credit Card
51089,285,2025-06-03,Delivered,UPI
55491,862,2025-10-29,Delivered,COD
57458,141,2024-12-31,Cancelled,UPI
52574,244,2024-01-19,Cancelled,upi
51394,746,18-03-2024,Delivered,COD
51229,1024,21-05-2025,Delivered,Credit Card
51975,1068,2024-04-21,Returned,Credit Card
57907,18,25-04-2025,Delivered,Credit Card
53858,830,01-07-2026,Cancelled,Net Banking
53700,727,2026-04-29,Delivered,UPI
50366,610,2026-04-08,Pending,UPI
50176,903,2025-08-14,Delivered,UPI
50521,205,14-10-2025,Delivered,Debit Card
51694,103,2025-11-02,Pending,COD
57218,321,2026-08-06,Pending,UPI
50927,990,2024-09-11,Delivered,Credit Card
51939,917,2025-09-16,Delivered,UPI
55367,5,2024-04-21,Cancelled,UPI
52471,112,2024-04-22,Delivered,UPI
53322,63,2025-05-04,Delivered,UPI
57763,547,06/12/2024,Delivered,COD
51307,231,2026-06-05,Pending,UPI
52855,27,2025-07-23,Delivered,UPI
50682,846,2026-08-30,Delivered,Credit Card
50935,615,02/01/2024,Delivered,Net Banking
51012,322,07/04/2026,Delivered,UPI
54986,249,2026-02-18,Delivered,UPI
51575,38,27/12/2025,Delivered,UPI
57281,828,29/07/2025,Cancelled,UPI
57408,135,2024-05-09,Delivered,UPI
55797,59,16-07-2025,Delivered,Credit Card
52355,784,31-01-2026,Delivered,Credit Card
57642,308,2025-05-10,Delivered,Credit Card
52650,135,05-12-2024,Returned,Net Banking
54084,366,2024-05-26,Delivered,COD
52733,74,06-06-2026,,COD
55141,888,29-12-2024,DELIVERED,Net Banking
52813,84,04/11/2025,Delivered,upi
52359,823,2026-03-31,Delivered,Credit Card
56990,700,23/03/2025,Delivered,CREDIT CARD
52959,818,15-03-2025,Cancelled,Credit Card
57614,68,19/09/2024,Delivered,UPI
55049,80,04-10-2024,Delivered,UPI
53340,60,2024-10-08,Delivered,UPI
52680,710,2025-09-04,Cancelled,Credit Card
52349,847,24/06/2024,Delivered,DEBIT CARD
53037,353,2024-02-04,Delivered,UPI
57841,464,26/01/2026,Delivered,UPI
54660,1059,05-07-2024,Delivered,Credit Card
52281,54,2025-07-25,Delivered,Credit Card
56878,235,27/01/2026,,UPI
55327,709,2026-04-07,Returned,UPI
53965,39,2026-02-14,Delivered,Debit Card
52493,43,07-08-2025,pending,UPI
53829,727,10-03-2025,Returned,Credit Card
55286,218,15-08-2026,Delivered,Credit Card
54299,51,2026-05-22,Delivered,COD
52425,148,2026-02-13,Delivered,Debit Card
57551,363,22-05-2025,Delivered,COD
55314,78,2024-12-29,Cancelled,UPI
51736,40,2026-04-05,Cancelled,Net Banking
56734,580,2024-02-14,Delivered,UPI
55357,458,2024-05-16,Delivered,Credit Card
52064,1037,2024-02-26,Delivered,COD
56172,93,23/03/2025,Delivered,DEBIT CARD
56917,444,2026-04-04,Cancelled,UPI
54790,150,22/11/2025,Cancelled,DEBIT CARD
56115,278,28/01/2026,Delivered,UPI
56132,358,2024-10-22,Delivered,cod
51764,148,12/04/2025,Delivered,COD
54735,920,2024-02-18,Pending,Debit Card
51349,54,24/06/2026,Pending,UPI
53525,723,03-03-2025,Pending,Upi
55366,1017,04/03/2025,Delivered,UPI
52398,744,07/07/2026,Delivered,UPI
56582,315,2026-06-20,Delivered,Credit Card
53568,100,2025-11-11,Delivered,Credit Card
56523,439,06-12-2024,Delivered,UPI
53921,899,2024-05-12,Delivered,Credit Card
50858,713,23-03-2026,Pending,UPI
51417,638,2026-07-26,Pending,Net Banking
53007,382,20/08/2026,Delivered,Upi
54560,248,28-07-2026,Delivered,Debit Card
50450,849,2025-10-27,Delivered,UPI
50921,42,2026-06-11,Pending,UPI
50307,149,05/02/2025,Delivered,Credit Card
55709,363,28/06/2026,Delivered,UPI
54223,151,05-02-2025,Delivered,UPI
56088,319,13/08/2025,Delivered,UPI
51609,329,2025-10-16,PENDING,COD
54749,375,24-06-2024,Delivered,UPI
54746,474,2025-12-31,Returned,Credit Card
50830,264,09-01-2026,Cancelled,UPI
50392,417,09/08/2024,Delivered,Credit Card
54780,996,16-06-2024,Delivered,UPI
56023,251,19/08/2026,Delivered,Credit Card
53114,38,2025-04-27,Delivered,Net Banking
53493,379,2025-08-30,delivered,Credit Card
51332,243,2024-05-21,Delivered,Debit Card
52038,105,2025-08-15,Delivered,Credit Card
51325,369,2024-11-24,Pending,COD
51787,41,24/01/2026,Delivered,Debit Card
51358,925,17/04/2025,Cancelled,UPI
54396,397,2024-11-26,Delivered,
52516,385,14/01/2025,Delivered,UPI
52989,727,2024-01-25,Delivered,UPI
53441,29,2025-02-23,Delivered,Net Banking
52182,221,13-08-2025,Delivered,UPI
54838,805,06/05/2026,Cancelled,Credit Card
50976,437,01/03/2024,Delivered,cod
57091,380,25-03-2025,Delivered,UPI
53061,77,21/03/2026,Delivered,Upi
57848,683,07/09/2025,delivered,
57073,324,2024-03-16,Cancelled,Credit Card
54521,761,18-01-2025,Delivered,Credit Card
53920,434,23/08/2025,delivered,UPI
54676,723,18/07/2024,Pending,UPI
57176,61,12-02-2026,Delivered,UPI
57892,408,11/01/2025,Delivered,UPI
53093,938,13-07-2025,Returned,upi
56326,88,01/02/2025,PENDING,UPI
51923,131,2024-01-25,Delivered,UPI
51790,606,18-01-2025,Delivered,Credit Card
52697,403,25-04-2025,Delivered,UPI
52102,95,17/02/2026,Cancelled,Debit Card
50857,54,07-04-2025,Delivered,UPI
51185,62,2024-03-29,DELIVERED,UPI
57880,148,04/12/2025,Delivered,Credit Card
52343,449,2024-04-26,Delivered,UPI
57742,241,23/12/2025,Delivered,UPI
52913,937,07/10/2024,Pending,UPI
57716,1019,13/02/2026,Delivered,UPI
52787,399,28-03-2024,Delivered,UPI
51772,995,12/02/2025,Returned,Debit Card
51371,470,27/05/2026,Delivered,Net Banking
52619,624,2026-07-23,Cancelled,Debit Card
51612,52,2026-05-10,Delivered,Debit Card
51731,257,29/11/2024,Delivered,Net Banking
54007,364,04/12/2024,Delivered,Credit Card
51757,174,29-09-2025,Cancelled,UPI
57830,755,2025-11-24,Delivered,UPI
56487,834,09-01-2025,Delivered,COD
56687,885,13/11/2025,Delivered,UPI
54932,53,2026-07-21,Delivered,UPI
56973,578,24-05-2026,Delivered,UPI
55944,257,2025-10-28,Delivered,Debit Card
54258,52,2024-08-28,Delivered,UPI
54174,930,03/11/2025,Delivered,COD
57974,637,20/02/2026,Cancelled,Credit Card
56708,163,2025-07-03,CANCELLED,UPI
57773,41,2024-10-30,Delivered,Debit Card
57803,55,15/02/2025,delivered,Debit Card
52366,298,24/04/2024,Delivered,credit card
54971,180,17/08/2026,Delivered,Credit Card
55185,332,2024-02-15,Delivered,COD
52023,241,30/06/2026,Delivered,COD
57790,957,24/01/2024,Delivered,Credit Card
57271,51,2026-08-09,DELIVERED,UPI
55111,484,18-04-2026,Delivered,Credit Card
50686,396,27-12-2025,Delivered,
50841,126,25-10-2024,Cancelled,Debit Card
53490,349,27-03-2026,Delivered,UPI
57016,850,2024-02-19,Delivered,
55771,605,16-09-2025,Delivered,NET BANKING
52427,121,2024-05-23,Delivered,UPI
52572,77,11/08/2025,Delivered,
52911,328,2025-12-18,DELIVERED,Credit Card
52513,708,02/02/2026,Delivered,Credit Card
50302,720,14/08/2024,Delivered,Credit Card
54990,26,19/06/2026,Delivered,UPI
53955,337,16/03/2026,Delivered,Credit Card
50292,542,01-11-2024,Delivered,UPI
54811,518,2026-08-23,Delivered,Credit Card
57673,238,2025-03-15,DELIVERED,Upi
56836,857,09/04/2026,Delivered,COD
52831,257,17/08/2024,Delivered,Credit Card
57788,36,2025-09-20,Delivered,UPI
53841,71,2024-03-21,Delivered,UPI
55114,126,13-01-2025,Delivered,Net Banking
51909,444,11/04/2026,DELIVERED,UPI
57012,80,2026-03-18,Delivered,credit card
56063,65,22-01-2026,Delivered,UPI
56656,664,2026-02-18,Delivered,UPI
53403,25,26/05/2024,Delivered,UPI
55819,133,2025-09-03,Delivered,Debit Card
51604,745,2026-05-11,Delivered,COD
54353,349,2026-05-04,Delivered,COD
50121,395,2026-08-11,Delivered,UPI
52734,224,2026-07-12,Pending,COD
57764,87,09-01-2026,Delivered,UPI
54815,936,28-03-2025,Delivered,UPI
50305,964,18-10-2025,Returned,Net Banking
57388,222,2026-07-12,Delivered,UPI
57311,42,19/08/2025,Cancelled,Net Banking
57809,74,2025-05-11,Cancelled,UPI
56863,578,01-05-2025,Delivered,Net Banking
54982,684,30/10/2024,Delivered,Debit Card
57593,463,2024-10-11,Delivered,UPI
56031,39,2024-01-31,Delivered,Credit Card
51841,785,23-01-2025,Pending,Debit Card
54054,29,19-02-2024,Delivered,Net Banking
50583,230,17/09/2024,Delivered,Debit Card
56547,170,2025-10-07,Pending,COD
50529,143,20/05/2026,Delivered,UPI
50461,1032,2024-12-09,Delivered,UPI
55923,153,07-11-2025,Returned,UPI
56123,53,21/08/2026,Delivered,UPI
55880,694,28/03/2024,Delivered,UPI
52777,510,2024-10-02,Cancelled,UPI
55419,214,2025-11-21,Delivered,Net Banking
55500,322,2024-01-24,Cancelled,UPI
52225,261,2024-05-15,Delivered,Net Banking
50263,1013,27-04-2025,Delivered,Credit Card
54474,67,2024-04-04,Delivered,UPI
54210,522,2025-06-16,Pending,Debit Card
53959,1,03/08/2026,Delivered,Credit Card
56194,830,2025-01-07,Delivered,CREDIT CARD
51088,20,06/10/2025,Returned,UPI
55370,243,2024-05-19,Returned,COD
56285,684,02/04/2025,Delivered,Upi
53760,876,12/10/2024,Delivered,Debit Card
57477,701,2025-08-14,Delivered,Net Banking
50269,886,23-05-2026,Returned,Debit Card
53164,1054,27-05-2025,Delivered,Debit Card
50756,670,09-08-2025,Delivered,COD
51683,4,10-03-2026,PENDING,UPI
54764,928,01-04-2025,Delivered,COD
53483,622,28-10-2024,PENDING,COD
51431,746,06-10-2025,Delivered,UPI
56910,257,11/12/2024,Delivered,COD
56716,9,2026-02-10,Delivered,Credit Card
57854,892,2025-10-15,Cancelled,UPI
57203,731,2024-02-15,Delivered,Net Banking
52686,992,2025-08-14,Delivered,UPI
53115,999,2025-12-02,Delivered,UPI
55229,345,2026-05-01,Delivered,Debit Card
53852,100,2026-08-03,Cancelled,Net Banking
51278,996,2025-07-03,DELIVERED,upi
50373,79,2025-04-01,Delivered,Credit Card
53393,621,09/07/2024,Delivered,UPI
56141,144,2026-06-28,delivered,UPI
54607,679,2024-07-06,Delivered,UPI
53975,53,24/11/2024,cancelled,Credit Card
55338,420,22-05-2026,Delivered,Credit Card
52379,425,20/11/2024,Delivered,
56937,556,06-06-2026,Delivered,UPI
57729,149,31-12-2024,Pending,Net Banking
56463,890,2024-12-13,Delivered,Net Banking
55345,81,21-08-2024,cancelled,Credit Card
51543,326,11-11-2025,delivered,Net Banking
50242,519,21/06/2024,Delivered,Credit Card
52600,16,2025-07-04,delivered,Credit Card
57562,501,2025-10-02,Delivered,Debit Card
57204,82,17/07/2024,DELIVERED,UPI
55636,249,2026-07-02,Pending,Debit Card
50513,12,2025-06-01,delivered,Credit Card
55930,458,2025-11-19,Delivered,Debit Card
53695,862,2025-04-08,Delivered,UPI
57289,443,27/01/2025,Returned,Debit Card
52353,217,2025-07-13,Delivered,UPI
55335,349,18-02-2026,Pending,Credit Card
56181,280,2026-05-29,Delivered,Credit Card
54719,1033,2024-09-16,Delivered,UPI
50564,349,03-07-2024,Delivered,UPI
51498,336,28-12-2025,Delivered,Upi
51648,351,23/03/2024,Cancelled,UPI
51638,267,2025-03-10,Delivered,UPI
50132,2,12-08-2026,Delivered,COD
54594,912,30/01/2024,pending,COD
50554,136,03-05-2025,Returned,UPI
50073,52,2025-04-11,Cancelled,Credit Card
52428,446,2026-05-09,Pending,UPI
55983,196,2026-08-26,Delivered,UPI
55297,241,28/08/2026,Pending,COD
57368,44,13/06/2026,Delivered,COD
57860,135,2025-02-17,Pending,Debit Card
53214,53,05/06/2025,Delivered,UPI
50996,411,2024-05-11,Pending,COD
50656,75,09/06/2025,Delivered,Debit Card
57808,418,2025-09-15,Delivered,Credit Card
54209,394,27/12/2024,Delivered,Debit Card
55289,26,12-05-2025,Delivered,Debit Card
50427,47,28/01/2025,Delivered,UPI
52738,306,23-09-2024,Delivered,UPI
53051,556,01-08-2024,Pending,UPI
56976,124,05/05/2025,Delivered,Credit Card
51539,506,31-03-2024,Delivered,UPI
57950,186,2026-03-16,Returned,UPI
57202,410,25-09-2024,Delivered,Credit Card
51368,199,24-07-2024,Delivered,Net Banking
51111,1,2024-06-30,Delivered,UPI
56578,102,2024-12-22,Returned,UPI
50087,90,2025-06-22,Cancelled,UPI
51958,911,06-03-2024,Delivered,Credit Card
51396,207,2026-05-21,Delivered,COD
52708,48,04/01/2024,Delivered,cod
52539,812,17-05-2025,Delivered,UPI
54848,442,06/01/2026,Delivered,UPI
57887,709,08/12/2025,Pending,Debit Card
51546,468,29/07/2024,Returned,UPI
54884,249,13-10-2024,Cancelled,Debit Card
52520,402,05-01-2026,Pending,UPI
54893,290,05-08-2024,Delivered,Credit Card
54718,583,2024-11-15,Delivered,Upi
55815,364,26-09-2025,Delivered,Debit Card
53335,741,21-03-2026,Delivered,UPI
51415,15,12/08/2026,Delivered,Credit Card
50984,395,2025-07-25,Delivered,UPI
57028,91,14-01-2025,Delivered,upi
53629,127,2025-12-02,Delivered,COD
57912,389,2026-07-18,Delivered,Upi
52722,210,24-08-2026,Delivered,UPI
54615,143,2024-02-23,Delivered,UPI
56206,551,19/01/2026,Delivered,COD
57776,440,2026-04-07,Delivered,UPI
54775,866,2024-08-03,Delivered,Debit Card
51003,19,2024-01-28,Pending,Credit Card
54885,266,24-01-2025,Delivered,Debit Card
54381,400,15/04/2026,Delivered,Debit Card
56312,130,07-05-2024,pending,Credit Card
50904,945,05-06-2026,Delivered,Upi
54246,59,2026-03-19,Cancelled,UPI
56470,440,31-08-2025,Returned,Debit Card
54954,713,2025-05-05,Delivered,Upi
55447,472,2025-02-01,delivered,UPI
55763,767,30/05/2024,Delivered,UPI
54358,286,2025-07-08,Delivered,Credit Card
56438,600,01-03-2024,Delivered,UPI
52406,754,2026-04-15,Pending,UPI
53027,52,2024-10-20,Delivered,Credit Card
54752,696,2025-04-10,Delivered,Debit Card
56779,507,2025-10-18,Delivered,COD
50181,251,03/10/2024,Returned,Debit Card
57451,405,14/12/2025,delivered,Credit Card
53770,428,19-04-2025,delivered,UPI
52202,479,2026-02-25,Cancelled,COD
53545,636,06/04/2025,Pending,Credit Card
57646,233,2024-06-20,Delivered,UPI
54178,231,17-09-2024,Delivered,Debit Card
57724,965,2025-09-26,Delivered,Debit Card
57953,18,2024-01-27,Delivered,COD
54225,1027,11/01/2024,Delivered,COD
52451,79,2025-01-30,Delivered,NET BANKING
55062,998,2024-12-21,Delivered,COD
54308,580,2024-10-26,Delivered,UPI
53271,126,26-01-2024,Delivered,Debit Card
53166,136,2024-01-07,Delivered,UPI
53844,85,02-04-2026,,
53127,951,07-10-2024,delivered,UPI
56395,189,2024-07-08,DELIVERED,UPI
50919,603,18-01-2026,Delivered,UPI
51348,117,26-06-2024,Delivered,UPI
55203,493,2024-02-10,Returned,Credit Card
52346,434,02/01/2026,Cancelled,
54552,263,2026-07-17,Delivered,Credit Card
53290,487,11/01/2025,Cancelled,Credit Card
55362,900,2024-09-06,Delivered,UPI
52043,978,2025-05-25,Delivered,Cod
53192,113,01-06-2024,Delivered,COD
57414,120,2026-06-28,Delivered,DEBIT CARD
53418,367,22-04-2025,Delivered,UPI
53631,409,15/09/2024,Delivered,Credit Card
56623,48,08/10/2025,delivered,COD
56711,664,29-12-2025,Returned,Debit Card
51976,932,2025-06-12,Delivered,Net Banking
53945,3,08/06/2025,Pending,Debit Card
54776,126,2025-01-20,Delivered,Credit Card
50456,33,2025-02-18,Delivered,Upi
54572,26,30-10-2024,Pending,UPI
51994,863,07-06-2025,Delivered,Net Banking
50231,470,2024-06-29,Cancelled,UPI
51928,727,2025-07-20,Delivered,Net Banking
51571,499,02/01/2025,Delivered,Debit Card
55790,748,06-04-2025,Delivered,COD
53885,519,11/07/2024,Delivered,UPI
51425,403,2026-07-02,Delivered,COD
55349,746,2025-01-19,Delivered,COD
57627,121,05-12-2024,Cancelled,Net Banking
52276,421,2025-01-17,Cancelled,Net Banking
50608,17,07-03-2025,Delivered,upi
56213,29,12-03-2025,Cancelled,Net Banking
54354,448,08-08-2026,Delivered,Credit Card
52443,38,2025-05-11,Delivered,UPI
51718,512,11-11-2024,Delivered,Credit Card
56015,136,2025-12-24,Delivered,UPI
56477,72,2025-07-09,Delivered,Debit Card
55250,159,2024-08-09,Delivered,cod
56147,353,2024-05-02,Delivered,Credit Card
50579,66,2026-06-14,Delivered,Credit Card
55971,340,02-11-2024,Delivered,UPI
55016,129,2026-08-07,Delivered,Credit Card
54964,804,09/05/2026,Delivered,Upi
55638,870,18-06-2025,Delivered,Credit Card
53866,2,21-12-2025,Delivered,UPI
54991,95,2026-05-16,Delivered,COD
57702,282,29/07/2025,Delivered,Upi
51568,1045,2025-07-26,Cancelled,COD
56342,115,2026-04-20,Delivered,UPI
51894,250,28/12/2024,DELIVERED,UPI
57406,573,2024-11-05,Delivered,Debit Card
52736,332,2024-04-17,Delivered,CREDIT CARD
50089,368,28-11-2024,Delivered,Credit Card
57883,108,16/12/2025,Delivered,UPI
50364,127,2024-08-02,Pending,Credit Card
55601,405,13/06/2026,Delivered,UPI
57421,896,2025-12-22,Delivered,UPI
51323,822,2024-08-26,Delivered,Debit Card
53224,78,06/01/2026,Cancelled,Credit Card
52980,519,25/03/2026,Delivered,COD
54909,995,2026-07-02,Cancelled,Debit Card
50434,131,02/04/2024,Delivered,UPI
51497,902,01-01-2025,Delivered,Net Banking
50379,413,2024-11-12,Delivered,COD
57696,37,01-02-2024,Delivered,UPI
52294,266,2026-03-03,Delivered,UPI
53949,206,2024-08-30,Delivered,upi
53795,111,2026-01-05,Delivered,Credit Card
54432,1034,2026-01-22,Delivered,Credit Card
57814,95,18/08/2026,Delivered,UPI
55542,345,19-03-2026,Cancelled,UPI
52381,1054,2026-07-10,Returned,Debit Card
52025,526,19-12-2025,delivered,UPI
56491,59,2026-02-11,Pending,COD
52958,10,27/05/2025,DELIVERED,Net Banking
57382,789,2025-08-17,Delivered,Credit Card
53328,198,12/07/2025,Delivered,UPI
54924,616,09-05-2026,Delivered,Cod
52214,264,20-10-2025,Delivered,UPI
55440,43,27-04-2024,Delivered,Credit Card
57207,19,22/03/2026,Delivered,Net Banking
55743,773,2026-04-24,Delivered,DEBIT CARD
53982,111,31-03-2026,RETURNED,Net Banking
51401,438,12/04/2025,Delivered,Net Banking
54409,89,29-08-2024,Delivered,COD
53032,373,11/03/2026,Delivered,Credit Card
52964,100,12-08-2026,Cancelled,UPI
54264,841,2024-12-05,cancelled,UPI
55875,419,08-04-2024,Delivered,UPI
54717,745,12-09-2025,,Debit Card
50131,577,2025-06-20,Delivered,COD
53273,82,2024-06-18,Delivered,Credit Card
53633,432,2024-02-16,Delivered,NET BANKING
50285,87,27-01-2026,Delivered,UPI
54644,29,2026-08-14,Delivered,Credit Card
52438,128,2024-09-13,Delivered,UPI
54593,126,2026-05-27,Delivered,UPI
56926,242,2025-01-23,Delivered,UPI
54874,163,29-10-2024,,UPI
57185,78,06-03-2024,Delivered,UPI
50298,374,13/10/2024,Delivered,UPI
52605,646,2025-09-13,Delivered,UPI
57085,135,2024-11-04,Delivered,Debit Card
53537,886,2026-03-05,Delivered,Credit Card
51282,358,06/06/2025,Delivered,UPI
52137,73,2025-04-04,Delivered,debit card
51170,189,01/11/2024,Delivered,UPI
52028,375,2025-05-14,DELIVERED,COD
57286,16,2024-04-04,Delivered,cod
52280,152,06-02-2025,DELIVERED,UPI
53935,159,21-03-2025,Delivered,UPI
52250,705,22/09/2025,,COD
53067,485,31/01/2025,Delivered,UPI
52585,411,29-08-2025,Delivered,UPI
52410,12,28/09/2024,Delivered,UPI
52695,96,2026-06-17,Delivered,COD
53668,220,11-12-2024,Delivered,UPI
51451,316,04-10-2025,Cancelled,
50819,540,09/03/2024,Pending,UPI
51406,275,2025-05-25,Delivered,Debit Card
57266,765,27/09/2025,Delivered,DEBIT CARD
50314,60,2025-06-05,Delivered,Credit Card
55369,395,11/03/2026,Delivered,Credit Card
53860,122,2024-10-16,Returned,UPI
54679,17,2026-01-04,Delivered,UPI
50045,235,19-04-2024,Delivered,Credit Card
50543,85,23/02/2026,Delivered,UPI
55176,129,16/11/2025,Delivered,Net Banking
50796,370,2025-10-04,,UPI
55560,5,19/03/2026,Delivered,Net Banking
55147,122,15-07-2025,Delivered,UPI
50409,60,2026-02-08,Pending,COD
57391,122,2024-12-10,Delivered,UPI
57836,123,31/08/2026,Delivered,COD
57710,387,2024-12-07,Delivered,UPI
56168,471,2026-08-04,delivered,COD
55776,434,2026-03-26,Delivered,Debit Card
56934,98,19/08/2024,Delivered,Credit Card
54638,274,18-09-2024,Delivered,UPI
57225,140,2024-07-03,Cancelled,Credit Card
52978,922,2025-03-18,Delivered,
55550,603,25/04/2024,Delivered,UPI
56986,892,29/04/2026,Cancelled,UPI
55829,79,07/08/2025,Returned,UPI
54868,687,2025-10-27,Delivered,Credit Card
56018,935,01/12/2025,Delivered,debit card
55893,18,25/07/2024,Delivered,UPI
54386,261,03-05-2025,Delivered,
57766,130,02/07/2025,Delivered,Credit Card
53755,944,2025-10-10,Cancelled,Debit Card
50078,824,2024-08-11,Delivered,UPI
53785,865,2024-10-11,Pending,Credit Card
50043,349,22-08-2024,Delivered,COD
52413,876,09-09-2024,Delivered,UPI
57590,961,21/08/2025,Delivered,Net Banking
52405,818,09-01-2025,Cancelled,UPI
51997,74,2025-10-04,Delivered,Credit Card
52512,114,2025-12-18,Delivered,UPI
55605,394,2024-01-21,Pending,UPI
57015,307,17-07-2025,Delivered,Credit Card
57890,918,2024-03-11,Delivered,COD
50868,65,06/04/2024,Delivered,UPI
56899,370,10/03/2026,Delivered,Credit Card
52929,108,2026-03-23,cancelled,UPI
50241,86,2026-06-16,Delivered,Debit Card
50822,1048,19-05-2024,Delivered,UPI
50978,41,11/04/2025,Delivered,UPI
51693,265,2024-08-12,Delivered,Credit Card
54711,212,14/01/2026,Cancelled,UPI
54379,1074,25/01/2026,Returned,Credit Card
52377,867,2025-04-04,Delivered,UPI
52689,613,2025-05-11,Pending,UPI
50067,79,15-04-2024,Delivered,UPI
50476,78,2024-07-29,Pending,Credit Card
54597,20,2026-03-10,Pending,Credit Card
54873,90,23-09-2025,Cancelled,Credit Card
56284,820,15/01/2025,Delivered,COD
53937,460,08/03/2026,Pending,Debit Card
50234,516,2024-04-25,Delivered,Debit Card
54674,594,21-01-2026,Delivered,Debit Card
57026,75,2026-03-02,Delivered,Credit Card
51713,658,2025-09-28,Delivered,net banking
54256,489,13-07-2026,Delivered,Net Banking
55746,56,2025-01-15,Delivered,UPI
53182,17,2024-11-23,Pending,Credit Card
51154,285,2025-08-03,Cancelled,Credit Card
52579,149,18/09/2024,Pending,UPI
50944,97,13/09/2024,Delivered,Credit Card
51626,540,19/07/2024,Pending,Credit Card
53402,566,2024-10-05,Delivered,COD
56544,141,2025-11-03,Delivered,UPI
57861,168,2026-04-02,Delivered,UPI
51621,251,01/09/2024,Delivered,debit card
52419,42,2024-01-04,PENDING,UPI
51292,107,2026-07-23,DELIVERED,Net Banking
52449,84,15-12-2025,Delivered,Debit Card
54565,27,2026-07-23,Returned,COD
56854,101,20/02/2025,Delivered,UPI
56977,66,31/05/2024,Delivered,COD
56480,573,2025-07-23,Delivered,UPI
53999,87,08/07/2025,Delivered,Debit Card
52462,36,2026-07-10,Delivered,Credit Card
53368,1072,2026-03-07,Delivered,Credit Card
57404,310,2024-08-17,Delivered,UPI
53602,355,2026-03-09,delivered,UPI
50135,81,14/11/2024,Cancelled,credit card
54550,408,2024-10-13,Delivered,Credit Card
57712,801,04-07-2025,Delivered,Credit Card
54268,183,20-06-2026,Delivered,Debit Card
57459,693,2024-07-09,Delivered,COD
51538,37,2024-04-08,Delivered,UPI
57649,402,16-05-2024,Delivered,Net Banking
56081,597,2026-02-07,Delivered,Net Banking
50022,187,29/05/2025,Delivered,UPI
53259,253,02/04/2025,Delivered,Credit Card
53410,347,2025-01-20,Delivered,Net Banking
57547,482,2024-08-22,Delivered,UPI
56630,143,2024-12-26,Pending,Net Banking
53274,310,2025-01-22,Delivered,UPI
50197,747,05-11-2024,Delivered,UPI
50025,92,04/07/2024,Cancelled,Debit Card
51951,178,07/07/2024,,Credit Card
53080,799,2026-04-03,delivered,Upi
55540,997,2025-10-22,Delivered,UPI
54984,452,07/10/2024,delivered,UPI
51752,145,10/11/2024,Delivered,UPI
50953,176,03/10/2025,Delivered,Debit Card
54094,296,25-12-2025,Delivered,Credit Card
56700,165,2026-02-17,Returned,UPI
57510,458,2024-07-26,Delivered,UPI
55613,322,28/12/2025,Cancelled,UPI
57318,573,11-10-2025,,COD
52544,50,2024-04-19,Delivered,Debit Card
54829,791,10-11-2024,Delivered,Credit Card
55826,48,16/04/2025,Delivered,COD
55473,738,2025-10-22,Delivered,
50144,136,2026-06-12,Cancelled,UPI
54905,831,2024-05-08,Delivered,Credit Card
55823,311,2024-07-17,Delivered,UPI
50253,120,2024-09-02,Pending,CREDIT CARD
51508,983,08-07-2026,Delivered,UPI
55913,241,20-04-2024,PENDING,Credit Card
53319,115,2024-09-26,Delivered,UPI
57855,19,28/11/2024,delivered,Debit Card
56128,878,2024-09-04,Pending,COD
55828,128,14/09/2025,Delivered,UPI
56864,501,2024-08-29,Cancelled,UPI
56826,343,2026-08-27,Delivered,Credit Card
54724,1012,07/07/2025,Delivered,upi
50750,834,20/04/2025,Delivered,UPI
51258,244,2025-02-15,Delivered,COD
52521,387,2025-05-29,Delivered,UPI
54603,53,23/11/2025,Pending,UPI
55133,124,23-05-2025,Cancelled,UPI
55280,309,2025-04-16,Returned,UPI
52131,401,2026-03-15,,UPI
56519,300,2026-05-01,Pending,COD
54626,529,12/03/2024,Delivered,cod
50372,812,2026-07-15,Delivered,COD
57436,19,01/01/2025,Delivered,UPI
55479,205,21/11/2025,Delivered,UPI
50751,226,15-01-2024,Delivered,Net Banking
55654,56,23/09/2025,Cancelled,Credit Card
56145,969,15/01/2024,Delivered,Debit Card
56485,675,08/06/2024,Pending,Credit Card
55263,298,2026-05-23,Delivered,UPI
50227,474,16-11-2024,Delivered,Credit Card
55994,867,2024-11-02,DELIVERED,Credit Card
57929,15,2025-01-10,Delivered,UPI
54696,102,2025-01-09,Delivered,Net Banking
52679,422,16/08/2024,Delivered,Credit Card
56773,388,07-12-2024,Delivered,UPI
53128,45,03/07/2025,Delivered,COD
57507,542,10/07/2024,Delivered,UPI
57838,105,2025-08-19,,
54999,828,21-07-2026,Delivered,Debit Card
50645,349,2024-04-15,Returned,UPI
56585,99,07/10/2024,Cancelled,UPI
54953,236,07/10/2024,Delivered,UPI
51899,401,17-07-2025,delivered,Debit Card
52086,816,05-11-2025,Delivered,Debit Card
51526,911,20-01-2024,Returned,UPI
55668,866,2026-02-19,Cancelled,Credit Card
55462,30,2024-04-30,Delivered,Debit Card
52062,255,19-05-2025,Delivered,Upi
57255,160,11-04-2025,Cancelled,UPI
51716,45,23/09/2025,Delivered,cod
53536,33,12-08-2026,Delivered,UPI
55472,187,28/04/2026,delivered,Debit Card
54286,385,19/03/2026,Delivered,UPI
50520,50,20/06/2026,Delivered,COD
57540,987,2026-06-15,Delivered,Debit Card
51700,395,24-03-2024,Delivered,credit card
51781,630,2024-04-23,delivered,UPI
53621,516,11-09-2024,Delivered,
55451,33,2025-03-22,Delivered,Credit Card
52604,198,16/02/2024,Delivered,UPI
51062,115,24/08/2026,Delivered,Debit Card
50130,83,18/01/2025,Delivered,COD
51728,18,2025-08-29,Delivered,Credit Card
51650,7,21/10/2025,Delivered,Credit Card
52577,496,2026-02-13,Delivered,Debit Card
55026,536,11/04/2025,Delivered,Credit Card
53122,76,15-11-2025,Cancelled,UPI
51645,515,2024-07-18,Delivered,Net Banking
51668,896,2024-11-07,Delivered,Credit Card
57998,782,2026-03-21,Pending,DEBIT CARD
56516,457,12/04/2026,Pending,Debit Card
54149,344,21-02-2026,Delivered,Cod
50597,771,2024-10-06,Delivered,UPI
56707,81,24-11-2025,Delivered,COD
52361,15,13-11-2025,Delivered,UPI
57828,584,29/08/2025,Delivered,Net Banking
53922,886,11/01/2026,DELIVERED,Cod
53425,1041,28-06-2024,Delivered,Credit Card
53002,446,01-04-2026,Delivered,UPI
51465,521,2025-11-08,Delivered,UPI
51131,1076,2024-09-28,Cancelled,Debit Card
51302,330,14-05-2026,Delivered,Net Banking
51287,20,2024-01-24,Delivered,Debit Card
51269,690,2025-02-04,Delivered,COD
55754,342,2025-01-09,Delivered,UPI
53861,116,11-05-2024,Delivered,UPI
56085,244,2024-08-11,Delivered,Credit Card
52193,178,2026-05-12,Cancelled,cod
53740,358,2024-08-10,Delivered,UPI
50624,2,2026-04-29,Delivered,COD
52630,11,20/05/2024,Cancelled,UPI
52903,528,2026-05-02,Pending,Debit Card
53068,18,12/01/2026,cancelled,UPI
51301,673,2024-06-05,Delivered,UPI
54087,283,2025-07-27,delivered,UPI
57885,196,24/08/2026,delivered,Debit Card
53426,307,05/01/2024,Delivered,UPI
52756,52,29-10-2025,Delivered,UPI
52339,266,01/09/2025,Pending,Debit Card
55235,1,2024-07-15,Pending,Credit Card
53793,104,08-11-2025,Pending,UPI
57596,295,07/02/2026,Delivered,UPI
56246,412,27/05/2025,Pending,COD
51624,102,2025-11-25,Delivered,Credit Card
51326,160,10-04-2024,Delivered,UPI
56423,130,08/10/2025,Cancelled,UPI
51661,148,12-10-2025,Delivered,Net Banking
54442,211,2024-01-11,Delivered,UPI
53619,460,12-11-2024,Delivered,Net Banking
57337,331,31/08/2024,Delivered,UPI
51150,27,14-03-2026,Delivered,net banking
50593,80,2025-08-23,Pending,Credit Card
50160,270,2026-07-07,Delivered,UPI
57881,60,04-05-2024,Delivered,UPI
56363,158,2024-12-10,,UPI
53001,640,2024-02-03,Delivered,Credit Card
53165,173,2024-09-24,Delivered,Net Banking
56974,4,14/05/2025,Delivered,COD
50516,396,2024-02-04,Cancelled,Net Banking
57829,69,09-04-2024,Delivered,Debit Card
54835,975,2026-08-01,Delivered,UPI
51194,554,2024-06-06,Cancelled,Credit Card
51299,42,30-08-2024,Delivered,Credit Card
52678,13,2026-07-08,Delivered,UPI
52729,511,25-03-2025,Delivered,Credit Card
50613,186,07-02-2024,Delivered,COD
51294,679,2024-12-01,Delivered,Debit Card
54503,507,19/11/2025,Delivered,UPI
51161,141,2024-03-21,Delivered,Debit Card
56709,980,2024-03-28,Pending,COD
56455,808,2024-12-23,Delivered,COD
57558,882,18-10-2024,Delivered,UPI
56319,945,2025-01-23,Delivered,upi
54325,14,20/12/2024,Delivered,COD
52963,128,13-05-2026,Delivered,Debit Card
54636,131,17-04-2024,Delivered,COD
52412,374,19/04/2024,Delivered,Credit Card
56220,255,2026-08-19,Cancelled,Debit Card
51515,430,04/08/2024,Delivered,COD
56222,349,31/03/2025,Pending,UPI
57411,360,2026-03-19,Delivered,UPI
54910,997,01/05/2024,DELIVERED,COD
55551,1024,14-01-2024,Delivered,UPI
50002,753,2026-03-21,Delivered,Net Banking
50961,173,14-09-2025,Returned,Credit Card
53125,88,2026-01-22,Pending,Debit Card
54014,621,2024-09-13,Delivered,COD
50739,166,02/04/2026,Delivered,Credit Card
51167,816,2024-05-08,Delivered,UPI
52307,114,11-08-2024,Returned,UPI
57261,73,22/05/2025,Pending,UPI
52164,265,29-04-2025,Delivered,credit card
55840,764,2025-08-24,Cancelled,COD
54452,134,04/01/2024,Delivered,Net Banking
50093,836,2024-08-20,Pending,Net Banking
51973,134,19/08/2025,Cancelled,COD
53895,503,2025-08-24,Delivered,Credit Card
56959,944,14-12-2025,Delivered,Credit Card
57496,73,2025-03-20,Delivered,Credit Card
57150,25,2026-05-02,Delivered,Debit Card
57020,119,2025-12-25,DELIVERED,cod
51481,340,2025-09-17,Delivered,Credit Card
51832,913,2024-09-07,Delivered,UPI
52514,630,2026-02-11,Delivered,Credit Card
50749,187,10/04/2026,Delivered,Credit Card
56813,228,30-10-2024,Delivered,
53894,218,17-09-2024,Delivered,Debit Card
51173,209,19/08/2025,Delivered,UPI
55853,468,2025-11-06,Delivered,UPI
53334,446,2024-04-14,Cancelled,Debit Card
56274,640,10-07-2026,Delivered,Debit Card
53675,40,18-12-2025,Cancelled,UPI
50805,339,2024-04-30,Pending,COD
50013,660,17/07/2024,Delivered,Credit Card
54483,168,2024-10-06,Pending,UPI
57902,618,2025-06-18,Delivered,UPI
52804,570,28/09/2025,Delivered,Credit Card
51334,1000,01-12-2024,Delivered,Credit Card
57067,832,02/07/2024,Delivered,COD
55885,292,28/02/2026,Delivered,UPI
55295,199,2026-04-06,Delivered,
56901,327,13-02-2025,Delivered,Credit Card
55766,236,13/11/2025,Delivered,Credit Card
50878,498,2024-10-09,Delivered,Credit Card
51262,577,2024-08-07,Delivered,UPI
57872,411,28-11-2024,Delivered,Credit Card
54700,79,2025-11-28,Cancelled,Credit Card
51404,118,2025-01-20,Cancelled,COD
56373,52,2026-02-24,Delivered,Debit Card
50384,941,08-04-2024,Delivered,Credit Card
51647,970,2024-10-24,Delivered,COD
56426,43,2024-03-24,Delivered,COD
54684,990,2024-12-15,Returned,UPI
51318,636,18/07/2025,Delivered,Credit Card
54568,126,25/09/2024,DELIVERED,
51890,544,09-06-2024,Delivered,COD
52262,91,18/12/2025,Delivered,Upi
55108,648,30-05-2024,Delivered,UPI
51552,143,20/04/2025,Cancelled,UPI
57850,56,28/12/2024,DELIVERED,Credit Card
50843,694,2026-05-17,delivered,Net Banking
51189,152,2026-04-10,Delivered,Debit Card
51631,193,08-03-2026,delivered,UPI
51821,222,2024-10-25,Delivered,Credit Card
57896,60,2025-11-25,Delivered,Credit Card
57224,584,18-06-2025,,UPI
51875,147,29/05/2024,Delivered,Debit Card
53712,5,05-01-2024,Delivered,UPI
50518,469,2026-08-03,Delivered,
54940,38,14/06/2026,Delivered,UPI
57719,59,19/02/2025,PENDING,DEBIT CARD
51998,123,2025-03-28,Delivered,COD
53768,652,20-12-2024,DELIVERED,UPI
53200,88,07-06-2024,Delivered,Credit Card
52157,107,21-04-2024,Delivered,COD
54950,570,2026-02-17,,COD
53173,66,05/10/2025,Delivered,COD
53148,489,2024-05-09,Delivered,COD
50670,339,14/08/2025,Delivered,COD
52129,21,2026-02-11,Delivered,COD
52986,132,2024-06-19,Delivered,UPI
57835,32,18-05-2026,Delivered,Net Banking
51766,210,18/10/2025,Delivered,COD
54510,127,25/03/2026,Delivered,UPI
54349,34,2024-07-19,Delivered,COD
53565,738,2025-10-08,Delivered,UPI
56921,276,2025-07-19,DELIVERED,Credit Card
56149,302,2026-07-07,Pending,UPI
54322,364,07/06/2026,DELIVERED,UPI
50519,22,22/05/2026,Pending,UPI
54057,818,04/06/2025,Cancelled,
57393,128,02/07/2026,Returned,UPI
56550,135,2024-05-04,Delivered,Credit Card
55022,520,2025-04-21,Returned,Debit Card
50532,110,25/08/2025,Delivered,UPI
51231,802,18-02-2024,Delivered,UPI
55146,17,2025-08-23,Delivered,Credit Card
51559,450,29-03-2024,Delivered,UPI
50958,664,16-12-2024,Delivered,UPI
52158,332,2024-09-28,Returned,UPI
53029,229,2025-04-29,Cancelled,COD
51491,539,03-02-2025,Delivered,Credit Card
55587,750,10/08/2026,Cancelled,Credit Card
53247,899,2026-06-13,Cancelled,debit card
54582,430,2026-04-19,delivered,UPI
52435,718,07-03-2026,Delivered,UPI
50133,470,15/11/2024,DELIVERED,Debit Card
55150,87,2025-07-12,Pending,Credit Card
55635,427,29-05-2026,Cancelled,Upi
52235,47,2026-02-13,Delivered,COD
51040,274,11/11/2024,Pending,UPI
50938,565,2026-02-20,Delivered,Net Banking
50381,916,12-06-2024,Delivered,Debit Card
50084,843,2024-07-25,Delivered,Credit Card
55378,532,2024-08-17,Delivered,UPI
53857,92,2024-05-13,Delivered,Credit Card
55188,373,2026-03-30,Delivered,UPI
50351,324,2025-12-22,Delivered,UPI
55953,111,16/02/2024,Delivered,
55719,753,2025-12-21,Delivered,debit card
50956,93,06/02/2026,Delivered,Net Banking
57630,490,2025-06-07,Pending,COD
52601,453,2025-06-30,Delivered,Credit Card
51340,7,30-06-2026,Delivered,UPI
56581,150,12/12/2025,Delivered,UPI
57063,119,15-06-2024,Delivered,UPI
56160,614,12/03/2024,Delivered,UPI
51166,818,2026-02-18,Delivered,Credit Card
57604,22,05/10/2025,Delivered,Net Banking
51999,144,12/02/2025,Delivered,UPI
50769,373,07/06/2025,Delivered,UPI
57917,482,2024-03-08,DELIVERED,COD
52830,491,2024-11-09,Delivered,Debit Card
54739,39,01-01-2026,Delivered,Credit Card
54948,851,2025-04-20,Delivered,UPI
50111,869,13-03-2025,delivered,Cod
53297,1059,28-07-2025,Delivered,COD
50265,879,2025-03-03,Delivered,UPI
50038,19,09/08/2025,Delivered,UPI
53623,34,21-02-2026,Pending,UPI
57052,891,2024-07-31,Pending,Credit Card
50568,419,2024-01-21,Pending,UPI
52894,140,23-11-2024,CANCELLED,Debit Card
53432,198,04-04-2026,Delivered,Debit Card
51346,11,2026-01-10,Delivered,Debit Card
56379,112,03-03-2025,Delivered,Credit Card
51913,512,25/08/2024,,UPI
55745,32,11/07/2025,Pending,Credit Card
52378,725,23-03-2025,Delivered,Net Banking
55140,2,09-07-2024,Delivered,UPI
55192,501,2024-12-07,Cancelled,UPI
53767,293,2024-10-30,delivered,UPI
55736,129,09/08/2024,Delivered,UPI
54808,252,17/12/2025,returned,Credit Card
53104,43,11/06/2024,Delivered,UPI
50718,158,2026-08-24,Pending,UPI
57116,457,08/07/2025,Delivered,UPI
54343,37,27/12/2025,Cancelled,UPI
51097,224,14/03/2025,Delivered,UPI
53282,178,09/01/2024,delivered,CREDIT CARD
56200,30,09/03/2025,Delivered,COD
56772,139,21-07-2024,Cancelled,net banking
53608,637,10/12/2025,Delivered,COD
57798,86,2024-06-24,Delivered,UPI
50530,818,29/11/2025,Returned,COD
57138,140,2024-05-28,Delivered,Net Banking
51740,356,14/12/2025,Delivered,
52364,339,09/08/2024,Delivered,CREDIT CARD
57851,129,15/06/2025,Delivered,Debit Card
50699,641,2025-11-28,Delivered,UPI
53898,674,2024-03-08,Delivered,UPI
52696,524,2025-08-31,Delivered,UPI
54793,950,2026-03-27,Delivered,UPI
54945,550,2024-08-20,Delivered,Net Banking
50907,285,11/02/2024,Delivered,UPI
53957,262,27/01/2024,Delivered,Credit Card
57859,120,2024-04-23,DELIVERED,Net Banking
54338,456,06/02/2025,Delivered,
52887,28,2025-07-22,Pending,Debit Card
53951,365,2024-11-18,Delivered,Net Banking
52758,293,25-05-2025,Delivered,UPI
57537,786,27/04/2024,Pending,Net Banking
57574,406,12-02-2025,Delivered,credit card
53564,452,2024-09-26,DELIVERED,UPI
55004,1023,2024-09-15,Delivered,UPI
57899,922,02/09/2024,Delivered,COD
53968,1063,2026-04-01,Delivered,COD
56390,534,2026-02-22,Returned,Credit Card
50036,191,04/01/2026,Delivered,Net Banking
56762,120,2025-09-07,Delivered,UPI
50969,874,15-08-2026,Delivered,Debit Card
54712,953,01/06/2024,Delivered,UPI
53016,17,23/12/2024,Delivered,Debit Card
55309,30,2024-11-19,Pending,UPI
50895,366,2026-04-27,delivered,UPI
51303,143,2025-08-02,Delivered,UPI
57186,999,24/01/2025,Delivered,UPI
54686,409,2024-03-27,Delivered,Debit Card
52093,10,08/07/2025,Delivered,Credit Card
51880,745,30/11/2024,DELIVERED,Upi
51737,283,2025-06-20,Delivered,COD
57275,11,18/06/2025,Delivered,
56144,66,2025-08-26,Delivered,Credit Card
57043,728,2024-05-22,Delivered,UPI
57110,22,2026-08-15,Delivered,UPI
50527,314,04/04/2026,DELIVERED,Debit Card
55136,595,2025-02-12,Delivered,Upi
52541,248,2026-06-22,Delivered,UPI
57967,191,12/04/2024,Delivered,UPI
56718,131,2024-05-03,DELIVERED,Credit Card
55652,425,2024-09-16,Pending,Net Banking
54813,136,2025-09-18,Delivered,UPI
52973,40,21/07/2024,Delivered,Net Banking
51281,261,2024-02-14,DELIVERED,Credit Card
54153,897,08-06-2026,Delivered,COD
54478,17,03/12/2025,Returned,UPI
51917,432,2025-08-17,Cancelled,Debit Card
53815,104,2025-07-29,Delivered,UPI
53654,46,2025-11-24,Cancelled,Credit Card
50553,374,30-12-2025,Delivered,UPI
56781,10,2025-09-02,DELIVERED,Credit Card
51424,571,2026-04-07,delivered,UPI
55342,103,2025-03-13,Pending,COD
50143,820,05/06/2026,Delivered,UPI
55412,326,2025-02-08,Delivered,Credit Card
52097,325,31/08/2025,Delivered,NET BANKING
54108,93,28-08-2024,DELIVERED,COD
50602,958,07/08/2026,delivered,UPI
50068,439,14/05/2024,Delivered,UPI
50651,262,18-10-2024,Delivered,Credit Card
53097,694,19-07-2025,Delivered,Net Banking
57288,778,2025-01-23,Delivered,Net Banking
54433,590,29/07/2024,Delivered,UPI
52019,933,2025-07-15,Delivered,COD
52681,494,07/07/2026,Delivered,UPI
51343,29,2026-06-21,Delivered,Debit Card
57884,311,22-11-2024,Delivered,COD
54162,100,2026-05-08,Returned,Debit Card
51618,166,14-02-2024,Delivered,COD
52677,477,2026-07-17,Delivered,
52338,14,07/09/2024,Delivered,UPI
54535,307,04/09/2024,Delivered,Net Banking
50891,891,2026-07-28,Delivered,Credit Card
53459,424,05-07-2026,Delivered,UPI
55038,947,2024-11-15,Delivered,UPI
55410,463,2024-02-23,Delivered,Debit Card
51477,6,2026-02-27,Delivered,Net Banking
56484,152,01-10-2025,Delivered,UPI
56940,55,25/07/2024,Delivered,Credit Card
57139,737,30/10/2025,Returned,UPI
56559,240,09/11/2025,Delivered,upi
50035,859,26-03-2025,Delivered,UPI
56824,109,03-05-2025,Delivered,UPI
57223,458,2024-09-03,Pending,UPI
54522,276,2024-04-06,Delivered,Upi
54767,214,2024-10-11,Delivered,Credit Card
51163,616,05/09/2024,Returned,UPI
50049,212,14/02/2025,Cancelled,Net Banking
54809,240,2026-06-02,Delivered,UPI
54373,536,06/08/2024,Delivered,Credit Card
56371,163,21-11-2025,Delivered,Credit Card
55816,121,2024-01-15,Cancelled,UPI
52415,86,2024-10-21,Delivered,Credit Card
51991,32,14-12-2024,Returned,UPI
55489,166,2025-06-06,Returned,Credit Card
55075,707,28/12/2024,Delivered,UPI
56532,136,2026-01-09,Delivered,COD
50310,659,2025-09-26,,COD
54055,424,2024-12-17,Delivered,UPI
56914,39,2025-10-21,Delivered,Cod
55446,60,2024-02-24,Delivered,Credit Card
55043,317,07-05-2025,Pending,
51715,1011,26/04/2025,Delivered,Credit Card
51561,1058,03-04-2026,Pending,UPI
53451,357,2026-03-10,Cancelled,UPI
56634,77,2026-01-20,Returned,Credit Card
51211,117,10-12-2025,Delivered,Credit Card
54847,103,26-03-2024,Delivered,upi
54975,13,2025-05-16,Delivered,Net Banking
52785,68,2024-02-21,Cancelled,
54053,88,2025-02-28,Delivered,upi
54653,149,2026-03-12,delivered,UPI
56402,54,2026-07-18,Delivered,UPI
51684,21,2026-06-28,Delivered,Debit Card
56064,1,26/02/2024,Delivered,UPI
54751,22,21-10-2024,Delivered,COD
55918,161,2026-06-19,Delivered,UPI
56710,1042,14-03-2024,Delivered,upi
51138,792,2024-07-18,Delivered,Credit Card
53625,426,04/07/2025,Delivered,UPI
53481,131,2025-01-20,Delivered,UPI
54222,431,13/11/2025,Delivered,UPI
52291,44,07-05-2026,Delivered,UPI
51659,150,02/03/2024,Delivered,COD
53952,78,2026-08-04,Delivered,Debit Card
56517,2,07/01/2024,Pending,Debit Card
57081,1065,18/04/2026,cancelled,Debit Card
53268,160,2025-02-12,Cancelled,UPI
51071,416,2026-03-13,Delivered,UPI
52834,395,2024-05-24,Delivered,COD
57231,456,23/08/2025,Delivered,UPI
56957,569,04/06/2024,delivered,Debit Card
53498,27,21-04-2025,Delivered,COD
51409,984,05-08-2025,Delivered,Credit Card
55814,471,24/05/2025,Delivered,UPI
50311,205,30/06/2026,Returned,UPI
51808,50,2026-02-06,Delivered,Credit Card
53672,5,2024-05-25,DELIVERED,UPI
54871,296,11/01/2025,Delivered,COD
55131,469,2026-07-24,Delivered,UPI
50429,96,2025-05-06,Pending,Debit Card
57343,191,2025-08-03,Delivered,Net Banking
53799,73,08/11/2024,Delivered,UPI
51729,273,05/07/2025,Cancelled,Debit Card
53189,499,10-08-2025,Delivered,UPI
50851,1074,2025-04-12,Delivered,UPI
52303,103,02/01/2025,DELIVERED,Debit Card
53100,492,29-08-2024,Cancelled,Upi
53747,285,2025-07-06,Delivered,COD
53864,494,2025-11-25,Delivered,UPI
50582,356,2024-12-04,Delivered,UPI
50075,292,15-07-2024,Delivered,Credit Card
53600,1049,2024-02-16,Delivered,Net Banking
57845,656,2024-09-10,Pending,Credit Card
52221,330,2024-05-19,Cancelled,UPI
50772,818,2024-07-30,Delivered,COD
53873,310,27/04/2025,Delivered,COD
57721,482,23-10-2024,Delivered,UPI
56225,47,2026-03-20,Delivered,UPI
52917,11,02/09/2025,Delivered,Credit Card
50365,83,2024-07-09,Returned,UPI
53838,205,19-09-2024,Delivered,Credit Card
57113,55,17/01/2026,,UPI
57618,35,2025-06-19,Delivered,Credit Card
54450,214,2024-12-03,Returned,UPI
51756,334,19/07/2024,DELIVERED,Credit Card
54132,202,2025-07-11,Returned,UPI
57228,187,20/06/2024,Delivered,UPI
57563,477,2026-07-31,DELIVERED,Credit Card
56459,144,30/01/2024,Delivered,UPI
50048,294,06/09/2025,Delivered,UPI
53219,56,17/07/2026,Returned,Credit Card
54937,298,17-06-2026,Cancelled,UPI
51569,69,15/08/2024,Cancelled,Net Banking
56102,528,2025-12-18,Delivered,UPI
54050,175,14-10-2025,Delivered,Debit Card
51727,117,2025-03-13,Delivered,Credit Card
51745,809,2025-08-07,Pending,UPI
55265,506,28/03/2026,Delivered,COD
51246,443,2024-06-19,Delivered,Credit Card
55847,128,05/06/2025,Delivered,COD
52156,8,2025-09-19,Cancelled,upi
57042,563,2025-08-23,Delivered,Credit Card
51426,84,03/04/2026,Delivered,UPI
54886,324,06/01/2025,Delivered,Credit Card
56302,190,18/07/2024,Returned,UPI
52901,1060,22-09-2025,Delivered,UPI
51974,903,2024-06-23,,Credit Card
55549,633,2026-08-11,Cancelled,UPI
51036,356,2026-02-28,Delivered,Credit Card
53881,887,10-09-2024,Delivered,UPI
54435,369,2024-12-05,,UPI
54122,469,2024-03-30,Delivered,COD
56616,33,2024-10-07,Delivered,UPI
51286,547,2024-02-15,Delivered,UPI
54181,236,14/02/2024,Delivered,UPI
50883,107,2025-07-29,Delivered,COD
54046,99,2026-04-03,Delivered,
56226,491,2025-10-19,Delivered,UPI
50763,31,2024-03-10,Delivered,
51755,516,2026-05-30,Delivered,Credit Card
57707,33,2026-06-13,Delivered,UPI
54514,380,22/06/2026,Delivered,Credit Card
56981,1014,02/01/2026,Pending,COD
57664,370,30/11/2025,Delivered,UPI
52445,744,2024-06-27,Delivered,UPI
57705,871,09/04/2024,Delivered,Credit Card
55375,35,2024-07-29,Delivered,Debit Card
55256,382,09/05/2025,pending,UPI
57487,996,06/07/2025,Delivered,Credit Card
51744,994,24-07-2026,Delivered,Net Banking
57485,4,26-06-2026,Delivered,UPI
51330,86,21/02/2024,Delivered,Debit Card
52542,139,2024-05-05,Delivered,Debit Card
50596,145,2025-11-28,Cancelled,UPI
50085,121,10/01/2025,Delivered,Debit Card
51055,51,19/10/2025,Returned,Net Banking
53326,67,2025-12-17,Delivered,Debit Card
56669,67,20/10/2025,Delivered,COD
50287,437,2025-01-31,DELIVERED,Credit Card
56159,83,11-03-2024,Delivered,
52191,321,05-05-2025,Delivered,Upi
51834,359,2024-08-25,Pending,Net Banking
56286,877,2025-07-20,Pending,Credit Card
51664,161,2024-03-21,Pending,COD
53555,264,12/05/2026,Delivered,COD
54574,676,16/03/2026,Delivered,Debit Card
54100,69,2024-09-14,Delivered,Credit Card
52347,1026,15/02/2025,DELIVERED,UPI
56416,102,16-03-2025,Delivered,COD
52477,412,2025-12-17,Cancelled,UPI
54040,191,06-08-2024,Delivered,UPI
51657,365,2025-03-15,Cancelled,UPI
56592,204,2026-05-15,Delivered,UPI
52883,519,19-03-2026,Cancelled,UPI
57587,84,15/07/2025,Cancelled,Debit Card
54562,667,12-04-2024,Delivered,Net Banking
51391,650,2024-11-30,Delivered,COD
52519,440,23-09-2024,Returned,UPI
54633,384,18/03/2026,Delivered,UPI
53729,245,07-01-2026,Pending,Debit Card
55139,64,13/06/2025,Delivered,UPI
51057,129,05-04-2025,Returned,UPI
57499,127,2026-05-10,Delivered,Debit Card
55415,151,09-10-2025,Delivered,Credit Card
52143,387,18-02-2025,Delivered,UPI
50322,695,15-07-2024,Delivered,Credit Card
57512,110,28/01/2025,Delivered,Debit Card
52494,171,2025-12-25,Delivered,Net Banking
57725,150,2024-06-14,Pending,UPI
54588,375,2024-08-16,delivered,UPI
54083,271,2024-09-27,Delivered,COD
57611,503,2025-02-17,Cancelled,UPI
