order_item_id,order_id,product_id,quantity,unit_price,discount
2540,50997,1007,1.0,1100.0,0.0
12219,54809,1060,1.0,5950.0,10.0
16705,56592,1065,2.0,7400.0,0.0
8018,53161,1059,1.0,4580.0,10.0
9768,53851,1028,1.0,4510.0,0.0
17350,56839,1062,1.0,280.0,0.0
6656,52616,1056,1.0,,5.0
14277,55634,1008,2.0,6630.0,0.0
18435,57274,1014,2.0,2270.0,15.0
13838,55453,1006,1.0,4150.0,5.0
12209,54804,1018,1.0,3890.0,25.0
8375,53295,1026,2.0,7010.0,20.0
13130,55167,1070,4.0,2320.0,0.0
4749,51877,1066,1.0,3610.0,0.0
4306,51704,1053,1.0,3470.0,20.0
15915,56287,1002,1.0,3080.0,5.0
3355,51327,1038,1.0,4270.0,10.0
7016,52759,1032,1.0,1990.0,25.0
16221,56401,1043,2.0,4500.0,0.0
13979,55507,1003,1.0,2040.0,0.0
6671,52621,1050,2.0,7140.0,0.0
19449,57690,1034,3.0,10530.0,0.0
5632,52228,1028,1.0,4510.0,15.0
17586,56932,1009,2.0,6030.0,20.0
12241,54817,1051,3.0,7060.0,10.0
16082,56350,1024,2.0,9110.0,20.0
14854,55867,1004,1.0,9380.0,5.0
19158,57573,1062,1.0,280.0,0.0
8350,53287,1018,2.0,3890.0,0.0
1000,50395,1049,4.0,2810.0,0.0
2243,50879,1067,1.0,4370.0,0.0
3728,51471,1013,1.0,220.0,0.0
1325,50521,1026,1.0,7010.0,5.0
14731,55820,1004,4.0,9380.0,25.0
5007,51983,1051,1.0,7060.0,0.0
14878,55876,1054,1.0,1830.0,0.0
19715,57798,1061,1.0,8080.0,10.0
9373,53691,1054,3.0,1830.0,10.0
12775,55029,1028,1.0,4510.0,0.0
6919,52721,1012,2.0,6600.0,10.0
8538,53363,1028,3.0,4510.0,0.0
1384,50545,1055,3.0,1380.0,0.0
18275,57212,1048,1.0,7870.0,0.0
5832,52304,1033,1.0,2910.0,5.0
11939,54691,1075,1.0,2140.0,0.0
12836,55055,1062,1.0,280.0,20.0
3374,51333,1019,1.0,4560.0,5.0
13753,55419,1032,3.0,1990.0,15.0
5354,52120,1020,1.0,720.0,0.0
2666,51051,1009,2.0,6030.0,0.0
16778,56620,1030,1.0,4290.0,5.0
2947,51164,1062,2.0,280.0,0.0
19861,57859,1023,1.0,4290.0,0.0
11795,54638,1041,4.0,700.0,0.0
9518,53753,1032,4.0,1990.0,0.0
17378,56849,1011,2.0,4590.0,0.0
14479,55720,1017,4.0,3470.0,5.0
8761,53452,1012,1.0,6600.0,0.0
5579,52209,1050,3.0,7140.0,0.0
11208,54409,1055,3.0,1380.0,0.0
15707,56209,1070,3.0,2320.0,5.0
12704,55000,1039,1.0,8680.0,0.0
19745,57810,1031,1.0,9170.0,0.0
3295,51302,1021,2.0,5530.0,10.0
16913,56668,1045,1.0,8330.0,20.0
9966,53928,1009,1.0,6030.0,0.0
14077,55548,1057,3.0,2370.0,20.0
18064,57120,1046,1.0,3450.0,0.0
7288,52867,1010,1.0,8870.0,5.0
10804,54247,1050,1.0,7140.0,20.0
11879,54671,1065,1.0,7400.0,15.0
9398,53702,1066,3.0,3610.0,15.0
1401,50551,1064,2.0,7500.0,10.0
2120,50824,1060,1.0,5950.0,0.0
6094,52402,1040,2.0,3060.0,5.0
303,50122,1068,5.0,10570.0,5.0
6755,52655,1018,1.0,3890.0,5.0
3299,51304,1012,1.0,6600.0,10.0
11170,54391,1035,2.0,6470.0,0.0
12568,54946,1032,1.0,1990.0,5.0
3650,51443,1012,1.0,6600.0,0.0
16965,56690,1055,1.0,1380.0,0.0
7930,53124,1030,1.0,4290.0,10.0
19103,57552,1068,2.0,10570.0,10.0
8262,53252,1039,2.0,8680.0,10.0
14468,55715,1046,1.0,3450.0,0.0
10171,54010,1067,1.0,4370.0,0.0
14598,55768,1053,5.0,3470.0,
2370,50930,1067,1.0,4370.0,20.0
6305,52483,1013,1.0,220.0,5.0
10750,54228,1005,1.0,5510.0,5.0
14481,55722,1058,1.0,5550.0,5.0
14564,55753,1046,3.0,3450.0,5.0
19320,57640,1061,1.0,8080.0,5.0
12837,55055,1031,1.0,9170.0,5.0
10245,54036,1049,1.0,2810.0,10.0
16971,56692,1003,2.0,2040.0,5.0
3987,51571,1050,1.0,7140.0,5.0
4905,51942,1029,1.0,3490.0,5.0
7191,52832,1045,1.0,8330.0,5.0
3248,51284,1052,1.0,,5.0
11698,54596,1011,4.0,4590.0,10.0
6885,52708,1071,1.0,1670.0,10.0
14989,55923,1004,,9380.0,0.0
13600,55359,1075,1.0,2140.0,5.0
10211,54023,1033,1.0,2910.0,10.0
4974,51970,1074,2.0,1880.0,10.0
14483,55724,1051,2.0,7060.0,0.0
8150,53209,1029,1.0,3490.0,0.0
6158,52430,1005,1.0,5510.0,25.0
28,50010,1072,3.0,4390.0,10.0
3858,51523,1006,2.0,4150.0,5.0
12274,54831,1030,1.0,4290.0,0.0
17832,57030,1072,2.0,4390.0,0.0
2653,51047,1045,2.0,8330.0,10.0
15411,56086,1045,1.0,8330.0,0.0
5839,52307,1064,4.0,7500.0,0.0
13264,55223,1007,3.0,1100.0,10.0
6879,52707,1052,1.0,6950.0,0.0
14647,55787,1073,1.0,6680.0,0.0
5804,52294,1011,2.0,4590.0,0.0
13165,55182,1063,1.0,1660.0,15.0
9116,53593,1055,1.0,1380.0,25.0
20112,57968,1038,3.0,4270.0,0.0
1755,50685,1006,2.0,4150.0,5.0
14405,55691,1028,1.0,4510.0,0.0
14071,55546,1008,1.0,6630.0,10.0
16947,56684,1048,4.0,7870.0,5.0
2822,51117,1070,3.0,2320.0,0.0
11481,54512,1021,3.0,5530.0,5.0
416,50164,1044,1.0,3230.0,15.0
2397,50942,1017,1.0,3470.0,5.0
11074,54351,1024,4.0,9110.0,5.0
6568,52583,1022,1.0,3830.0,10.0
18790,57423,1030,3.0,4290.0,15.0
5249,52078,1074,1.0,1880.0,10.0
3733,51472,1001,1.0,6530.0,0.0
17370,56846,1043,1.0,4500.0,5.0
15877,56272,1002,1.0,3080.0,0.0
8604,53391,1017,3.0,3470.0,5.0
7429,52917,1022,2.0,3830.0,0.0
10007,53946,1040,2.0,3060.0,15.0
2388,50937,1051,1.0,7060.0,10.0
16112,56360,1020,3.0,720.0,0.0
11590,54557,1019,2.0,4560.0,0.0
8039,53168,1060,2.0,5950.0,0.0
3140,51239,1037,1.0,2640.0,0.0
2040,50793,1062,1.0,280.0,15.0
3369,51332,1028,3.0,4510.0,5.0
13722,55406,1011,1.0,4590.0,0.0
11147,54380,1007,1.0,1100.0,0.0
16040,56335,1006,3.0,4150.0,5.0
14456,55709,1012,1.0,6600.0,5.0
7913,53117,1001,2.0,6530.0,20.0
558,50220,1061,2.0,8080.0,0.0
4111,51624,1058,5.0,5550.0,0.0
14179,55590,1069,1.0,4090.0,25.0
15405,56083,1050,4.0,7140.0,5.0
11769,54628,1061,1.0,8080.0,0.0
5919,52336,1033,4.0,2910.0,0.0
11080,54354,1072,1.0,4390.0,0.0
9467,53732,1074,1.0,1880.0,0.0
9784,53858,1058,5.0,5550.0,
9150,53604,1056,3.0,1230.0,20.0
5540,52194,1022,2.0,3830.0,0.0
18105,57137,1057,2.0,2370.0,5.0
3446,51361,1065,2.0,7400.0,0.0
11943,54693,1016,2.0,3350.0,20.0
12217,54808,1023,3.0,4290.0,10.0
15032,55943,1017,1.0,3470.0,0.0
16317,56440,1048,3.0,7870.0,5.0
1381,50544,1070,2.0,2320.0,10.0
9854,53885,1031,2.0,9170.0,5.0
8578,53380,1057,4.0,2370.0,10.0
19623,57759,1074,1.0,1880.0,5.0
793,50312,1044,2.0,3230.0,10.0
599,50234,1005,3.0,5510.0,10.0
4352,51724,1025,1.0,4730.0,0.0
3229,51275,1024,1.0,9110.0,10.0
18235,57194,1041,1.0,700.0,5.0
2105,50820,1065,1.0,7400.0,0.0
6254,52465,1069,1.0,4090.0,0.0
9128,53596,1043,1.0,4500.0,15.0
5421,52148,1038,2.0,4270.0,5.0
694,50268,1044,2.0,3230.0,10.0
13073,55147,1036,1.0,6710.0,0.0
15503,56126,1005,1.0,5510.0,10.0
17062,56731,1067,1.0,4370.0,10.0
18445,57278,1059,3.0,4580.0,5.0
1030,50407,1046,3.0,3450.0,10.0
6956,52736,1016,3.0,3350.0,0.0
1386,50546,1004,1.0,9380.0,0.0
19612,57755,1050,2.0,7140.0,0.0
1150,50454,1061,1.0,8080.0,5.0
397,50157,1060,2.0,5950.0,0.0
7198,52835,1023,2.0,4290.0,0.0
18467,57289,1031,3.0,9170.0,10.0
13207,55200,1066,2.0,3610.0,0.0
3886,51534,1029,1.0,3490.0,15.0
15680,56196,1032,2.0,1990.0,5.0
19525,57720,1053,1.0,3470.0,5.0
19505,57713,1071,1.0,1670.0,10.0
17223,56788,1073,3.0,6680.0,0.0
14387,55682,1047,1.0,5950.0,15.0
3532,51395,1015,1.0,3850.0,10.0
9726,53837,1001,2.0,6530.0,25.0
15523,56133,1060,4.0,5950.0,0.0
7102,52798,1053,1.0,3470.0,20.0
14532,55741,1052,3.0,6950.0,0.0
17584,56932,1004,2.0,9380.0,20.0
7532,52960,1063,2.0,1660.0,5.0
12883,55071,1059,1.0,4580.0,0.0
9755,53846,1041,1.0,700.0,20.0
18712,57389,1014,1.0,2270.0,5.0
2926,51158,1064,1.0,7500.0,5.0
13407,55277,1009,3.0,6030.0,10.0
14772,55835,1004,4.0,9380.0,10.0
18837,57445,1058,1.0,5550.0,0.0
19674,57779,1045,2.0,8330.0,20.0
4870,51929,1050,1.0,7140.0,0.0
802,50316,1061,2.0,8080.0,25.0
4787,51893,1062,1.0,280.0,0.0
13235,55214,1046,1.0,3450.0,0.0
19066,57538,1021,2.0,5530.0,0.0
8840,53482,1002,1.0,3080.0,0.0
4007,51578,1017,1.0,3470.0,0.0
14934,55898,1057,1.0,2370.0,5.0
1163,50457,1019,1.0,4560.0,25.0
2215,50866,1036,1.0,6710.0,10.0
2729,51077,1012,1.0,6600.0,5.0
9702,53825,1014,1.0,2270.0,5.0
14440,55703,1072,1.0,4390.0,5.0
6808,52680,1063,4.0,1660.0,5.0
19511,57714,1049,1.0,2810.0,20.0
14801,55846,1023,1.0,4290.0,10.0
5381,52129,1053,2.0,3470.0,10.0
14065,55543,1005,1.0,5510.0,15.0
9041,53564,1058,1.0,5550.0,0.0
3724,51469,1066,1.0,3610.0,5.0
5503,52181,1014,1.0,2270.0,15.0
366,50145,1058,1.0,5550.0,0.0
10496,54133,1015,2.0,3850.0,0.0
2028,50789,1021,1.0,5530.0,10.0
11053,54344,1054,1.0,1830.0,0.0
16499,56511,1025,2.0,4730.0,0.0
5236,52074,1052,2.0,6950.0,0.0
2644,51042,1058,1.0,5550.0,20.0
6784,52666,1034,2.0,10530.0,10.0
3332,51316,1002,1.0,3080.0,0.0
4377,51732,1036,1.0,6710.0,20.0
258,50104,1033,3.0,2910.0,20.0
9387,53698,1054,1.0,1830.0,20.0
16386,56464,1060,1.0,5950.0,0.0
1142,50450,1006,1.0,4150.0,0.0
19032,57524,1064,1.0,7500.0,5.0
6184,52440,1075,1.0,2140.0,0.0
242,50097,1045,1.0,8330.0,0.0
16316,56440,1020,1.0,720.0,5.0
14008,55518,1049,1.0,2810.0,0.0
11522,54527,1001,1.0,6530.0,0.0
3089,51221,1046,1.0,3450.0,0.0
1481,50580,1018,1.0,3890.0,10.0
1722,50672,1059,2.0,4580.0,5.0
18943,57485,1054,1.0,1830.0,0.0
15432,56095,1008,1.0,6630.0,10.0
16793,56625,1040,2.0,3060.0,5.0
3546,51401,1054,1.0,1830.0,20.0
6669,52621,1051,2.0,7060.0,15.0
8249,53249,1044,1.0,3230.0,10.0
2877,51141,1048,4.0,7870.0,0.0
5726,52263,1029,3.0,3490.0,20.0
2732,51079,1041,1.0,700.0,0.0
10625,54184,1003,1.0,2040.0,0.0
3343,51320,1074,1.0,1880.0,5.0
10327,54065,1001,3.0,6530.0,25.0
16059,56341,1041,4.0,700.0,0.0
16695,56588,1011,1.0,4590.0,5.0
3045,51204,1013,1.0,220.0,10.0
12914,55082,1028,1.0,4510.0,10.0
9760,53848,1014,3.0,2270.0,5.0
4995,51980,1037,1.0,2640.0,20.0
19670,57778,1005,3.0,5510.0,0.0
11504,54521,1020,1.0,720.0,15.0
8838,53482,1053,3.0,3470.0,5.0
20064,57946,1047,1.0,5950.0,0.0
13659,55380,1028,2.0,4510.0,10.0
7504,52946,1074,4.0,1880.0,5.0
8616,53395,1013,1.0,220.0,15.0
10050,53963,1023,2.0,4290.0,0.0
16054,56339,1006,1.0,4150.0,10.0
18688,57378,1024,1.0,9110.0,0.0
8376,53295,1064,1.0,7500.0,0.0
10955,54304,1042,1.0,590.0,10.0
4581,51810,1030,3.0,4290.0,15.0
4332,51715,1002,2.0,3080.0,0.0
5428,52150,1050,1.0,7140.0,15.0
11259,54429,1046,1.0,3450.0,0.0
10588,54169,1028,,4510.0,15.0
13524,55330,1022,1.0,3830.0,20.0
2928,51158,1012,1.0,6600.0,0.0
10101,53983,1049,2.0,2810.0,20.0
1022,50405,1008,1.0,6630.0,10.0
6616,52600,1021,1.0,5530.0,0.0
2602,51025,1020,1.0,720.0,0.0
3577,51412,1019,3.0,4560.0,10.0
1342,50527,1045,5.0,8330.0,20.0
10354,54077,1034,2.0,10530.0,0.0
9130,53597,1049,4.0,2810.0,0.0
11243,54422,1072,1.0,4390.0,0.0
1388,50547,1028,1.0,4510.0,5.0
17985,57087,1060,2.0,5950.0,5.0
13450,55298,1029,1.0,3490.0,20.0
17616,56943,1027,1.0,7200.0,0.0
2572,51012,1064,2.0,7500.0,10.0
11534,54533,1032,2.0,1990.0,15.0
10234,54033,1038,4.0,4270.0,0.0
15574,56152,1015,3.0,3850.0,10.0
6142,52423,1031,1.0,9170.0,15.0
528,50204,1019,2.0,4560.0,0.0
11669,54585,1032,2.0,1990.0,0.0
14188,55594,1004,1.0,9380.0,15.0
11163,54388,1073,1.0,6680.0,15.0
6634,52607,1072,2.0,4390.0,20.0
4248,51679,1062,1.0,280.0,0.0
49,50020,1004,1.0,9380.0,0.0
5398,52135,1029,1.0,3490.0,0.0
14303,55645,1004,1.0,9380.0,0.0
7931,53124,1038,1.0,4270.0,0.0
3847,51520,1011,1.0,4590.0,5.0
15388,56076,1011,2.0,4590.0,5.0
15579,56155,1042,1.0,590.0,15.0
16613,56556,1009,2.0,6030.0,0.0
15941,56295,1036,1.0,6710.0,5.0
17606,56939,1031,1.0,9170.0,5.0
18430,57273,1005,2.0,5510.0,20.0
6511,52560,1060,1.0,5950.0,0.0
19978,57912,1045,3.0,8330.0,0.0
2326,50913,1018,1.0,3890.0,0.0
16649,56573,1001,1.0,6530.0,0.0
653,50254,1040,3.0,3060.0,10.0
12944,55093,1030,1.0,4290.0,10.0
3710,51465,1071,2.0,1670.0,20.0
5679,52245,1008,1.0,6630.0,0.0
18900,57468,1047,2.0,5950.0,5.0
4215,51665,1020,2.0,720.0,15.0
4404,51740,1048,2.0,7870.0,10.0
5472,52168,1022,2.0,3830.0,15.0
4988,51976,1060,3.0,5950.0,10.0
18643,57356,1017,1.0,3470.0,0.0
7530,52959,1007,2.0,1100.0,0.0
6816,52684,1058,1.0,5550.0,10.0
2633,51038,1038,4.0,4270.0,25.0
9936,53917,1022,2.0,3830.0,0.0
8297,53267,1034,1.0,,10.0
16566,56540,1046,2.0,3450.0,0.0
7685,53022,1051,1.0,7060.0,15.0
2287,50895,1070,1.0,2320.0,10.0
3400,51343,1064,1.0,7500.0,15.0
18611,57344,1032,1.0,1990.0,0.0
4014,51583,1056,1.0,1230.0,0.0
14033,55530,1009,1.0,6030.0,5.0
2910,51152,1021,2.0,5530.0,0.0
6524,52564,1068,3.0,10570.0,20.0
19996,57918,1045,2.0,8330.0,20.0
17038,56721,1012,2.0,6600.0,10.0
12152,54783,1026,1.0,7010.0,5.0
15117,55974,1025,1.0,4730.0,5.0
12916,55083,1012,3.0,6600.0,20.0
6541,52570,1029,3.0,3490.0,10.0
5544,52195,1068,1.0,10570.0,0.0
19973,57909,1013,2.0,220.0,5.0
10029,53955,1043,1.0,4500.0,10.0
6347,52501,1007,1.0,1100.0,10.0
17491,56896,1045,4.0,8330.0,0.0
9346,53680,1021,4.0,5530.0,10.0
19475,57703,1049,1.0,2810.0,10.0
4341,51718,1054,5.0,1830.0,0.0
1442,50566,1057,1.0,2370.0,0.0
11199,54405,1012,1.0,6600.0,0.0
14192,55596,1026,1.0,,15.0
19236,57603,1021,3.0,5530.0,10.0
10794,54243,1051,1.0,7060.0,5.0
5888,52326,1060,1.0,5950.0,0.0
12863,55063,1032,2.0,1990.0,0.0
5633,52229,1066,1.0,3610.0,15.0
12972,55104,1013,4.0,220.0,
10936,54297,1004,3.0,9380.0,25.0
9671,53815,1049,1.0,2810.0,20.0
10382,54085,1037,1.0,2640.0,0.0
6572,52585,1004,1.0,9380.0,10.0
17057,56728,1027,3.0,7200.0,10.0
16816,56633,1050,1.0,,5.0
4522,51787,1028,1.0,4510.0,10.0
3628,51432,1016,1.0,3350.0,10.0
18160,57162,1062,3.0,280.0,10.0
10845,54262,1048,1.0,7870.0,15.0
12943,55092,1073,4.0,6680.0,0.0
18766,57412,1067,1.0,4370.0,0.0
15692,56203,1071,4.0,1670.0,0.0
8657,53412,1055,1.0,1380.0,10.0
17609,56940,1023,4.0,4290.0,10.0
19188,57585,1009,1.0,6030.0,5.0
8876,53498,1061,1.0,8080.0,10.0
1535,50602,1055,2.0,1380.0,20.0
15144,55985,1021,2.0,5530.0,0.0
7649,53007,1056,2.0,1230.0,5.0
7197,52834,1001,1.0,6530.0,0.0
9057,53569,1038,1.0,4270.0,10.0
14353,55669,1028,1.0,4510.0,0.0
15006,55931,1033,2.0,2910.0,0.0
17191,56777,1013,2.0,220.0,10.0
6417,52528,1004,3.0,9380.0,5.0
8009,53158,1024,1.0,9110.0,10.0
2782,51100,1014,1.0,2270.0,0.0
3366,51331,1058,2.0,5550.0,0.0
14919,55891,1037,2.0,2640.0,10.0
14942,55902,1010,2.0,8870.0,15.0
19229,57599,1029,1.0,3490.0,10.0
9047,53566,1008,3.0,6630.0,0.0
17111,56749,1066,1.0,3610.0,0.0
9298,53663,1033,1.0,2910.0,25.0
6024,52377,1054,2.0,1830.0,10.0
18569,57328,1042,,590.0,0.0
8120,53198,1026,1.0,7010.0,20.0
3755,51481,1040,1.0,3060.0,0.0
4773,51886,1006,2.0,4150.0,5.0
11825,54651,1011,2.0,4590.0,0.0
19920,57883,1009,2.0,6030.0,10.0
5278,52090,1063,1.0,1660.0,10.0
12366,54870,1020,1.0,720.0,10.0
8523,53355,1052,1.0,6950.0,0.0
16679,56583,1038,2.0,4270.0,5.0
4112,51624,1055,4.0,1380.0,10.0
6643,52611,1057,1.0,2370.0,10.0
5218,52067,1022,1.0,3830.0,0.0
13237,55214,1009,3.0,6030.0,0.0
10600,54172,1026,4.0,7010.0,0.0
12421,54892,1040,1.0,3060.0,0.0
5197,52058,1057,4.0,2370.0,0.0
6978,52745,1058,2.0,5550.0,10.0
6662,52618,1029,1.0,3490.0,0.0
3051,51206,1065,2.0,7400.0,0.0
12958,55097,1001,4.0,6530.0,0.0
5873,52320,1043,2.0,4500.0,5.0
18034,57111,1025,1.0,4730.0,0.0
4178,51648,1024,1.0,9110.0,5.0
5700,52254,1006,1.0,4150.0,0.0
15219,56014,1021,1.0,5530.0,20.0
4093,51616,1045,1.0,8330.0,5.0
3771,51486,1031,1.0,9170.0,10.0
14936,55900,1010,1.0,8870.0,0.0
10126,53993,1037,2.0,2640.0,20.0
8303,53269,1060,1.0,5950.0,10.0
13904,55477,1020,2.0,720.0,5.0
19593,57749,1047,1.0,5950.0,10.0
10172,54010,1035,2.0,6470.0,15.0
12363,54870,1019,1.0,4560.0,10.0
18479,57292,1010,1.0,8870.0,0.0
1345,50529,1004,2.0,9380.0,15.0
6193,52443,1062,1.0,280.0,15.0
331,50134,1070,1.0,2320.0,0.0
1773,50692,1051,1.0,7060.0,0.0
15842,56259,1061,1.0,8080.0,0.0
17439,56877,1030,1.0,4290.0,5.0
12261,54824,1064,2.0,7500.0,0.0
15644,56182,1066,2.0,3610.0,0.0
2244,50879,1040,2.0,3060.0,0.0
14743,55825,1063,2.0,1660.0,0.0
2671,51053,1057,1.0,2370.0,0.0
5871,52319,1012,1.0,6600.0,15.0
20184,57996,1039,2.0,8680.0,15.0
15988,56314,1059,1.0,4580.0,10.0
1967,50769,1033,1.0,2910.0,0.0
12906,55080,1025,1.0,4730.0,10.0
17870,57047,1053,2.0,3470.0,5.0
19125,57562,1062,2.0,280.0,0.0
6576,52587,1072,1.0,4390.0,0.0
13349,55255,1060,2.0,5950.0,0.0
3839,51516,1073,2.0,6680.0,10.0
19875,57865,1050,2.0,7140.0,25.0
16659,56577,1036,1.0,6710.0,10.0
5368,52125,1006,2.0,4150.0,5.0
17861,57044,1013,1.0,220.0,10.0
18656,57364,1061,1.0,8080.0,5.0
7940,53128,1064,1.0,7500.0,10.0
19263,57615,1044,2.0,3230.0,15.0
17079,56736,1063,1.0,1660.0,
12555,54942,1046,1.0,3450.0,10.0
2630,51036,1054,1.0,1830.0,5.0
1088,50429,1032,1.0,1990.0,10.0
12913,55082,1062,2.0,280.0,10.0
7089,52793,1070,1.0,2320.0,5.0
3723,51469,1051,1.0,7060.0,10.0
8084,53185,1045,2.0,8330.0,5.0
16594,56550,1008,4.0,6630.0,10.0
10922,54291,1015,1.0,3850.0,0.0
19453,57691,1043,3.0,4500.0,0.0
18238,57196,1007,3.0,1100.0,0.0
14800,55846,1015,4.0,3850.0,0.0
788,50311,1008,3.0,6630.0,5.0
7632,53000,1052,2.0,6950.0,15.0
1349,50532,1069,2.0,4090.0,25.0
10150,54003,1009,2.0,6030.0,0.0
8288,53262,1051,1.0,7060.0,5.0
7824,53079,1058,3.0,5550.0,10.0
712,50276,1011,1.0,4590.0,0.0
11395,54480,1050,3.0,7140.0,25.0
13526,55331,1054,1.0,1830.0,5.0
15114,55972,1044,2.0,3230.0,20.0
13088,55152,1009,1.0,6030.0,5.0
16271,56423,1005,1.0,5510.0,0.0
9576,53774,1071,2.0,1670.0,10.0
17997,57091,1014,3.0,2270.0,0.0
5615,52223,1035,1.0,6470.0,15.0
3281,51297,1034,4.0,10530.0,10.0
19054,57534,1071,1.0,1670.0,20.0
10547,54153,1020,3.0,720.0,10.0
7430,52917,1049,2.0,2810.0,0.0
3836,51515,1009,1.0,6030.0,15.0
13370,55262,1061,1.0,8080.0,0.0
1294,50510,1014,1.0,2270.0,0.0
6074,52395,1060,1.0,5950.0,10.0
12263,54825,1063,3.0,1660.0,10.0
15389,56076,1003,3.0,2040.0,10.0
11987,54713,1043,1.0,4500.0,5.0
10080,53974,1061,3.0,8080.0,10.0
5727,52264,1049,1.0,2810.0,5.0
16718,56597,1056,1.0,1230.0,25.0
4554,51801,1034,1.0,10530.0,0.0
17221,56787,1061,1.0,8080.0,10.0
17558,56923,1002,1.0,3080.0,0.0
6380,52515,1075,3.0,2140.0,25.0
2239,50877,1059,1.0,4580.0,10.0
3938,51554,1049,1.0,,5.0
15052,55949,1075,1.0,2140.0,5.0
8681,53421,1008,2.0,6630.0,5.0
13871,55464,1030,2.0,4290.0,15.0
6029,52379,1007,1.0,1100.0,0.0
12771,55026,1011,3.0,4590.0,5.0
6931,52726,1056,2.0,1230.0,0.0
9664,53813,1060,1.0,5950.0,15.0
2648,51044,1069,1.0,4090.0,5.0
17891,57053,1034,4.0,10530.0,10.0
3937,51553,1025,2.0,4730.0,0.0
16396,56467,1050,3.0,7140.0,0.0
9449,53726,1072,1.0,4390.0,25.0
7118,52804,1030,1.0,4290.0,25.0
14806,55847,1038,1.0,4270.0,5.0
7773,53059,1050,1.0,7140.0,5.0
19456,57692,1027,2.0,7200.0,5.0
2553,51004,1058,1.0,5550.0,5.0
9406,53706,1074,3.0,1880.0,10.0
17277,56809,1018,2.0,3890.0,25.0
11938,54691,1024,2.0,9110.0,15.0
15302,56045,1023,2.0,4290.0,0.0
17539,56914,1007,2.0,1100.0,10.0
5040,51998,1054,1.0,1830.0,5.0
5532,52191,1025,5.0,4730.0,5.0
19506,57713,1048,1.0,7870.0,0.0
81,50033,1014,2.0,2270.0,5.0
15194,56004,1037,3.0,2640.0,5.0
6903,52715,1052,2.0,6950.0,10.0
4480,51772,1006,2.0,4150.0,0.0
15459,56105,1066,1.0,3610.0,20.0
5788,52288,1001,,6530.0,5.0
10111,53987,1030,1.0,4290.0,5.0
14038,55532,1027,1.0,7200.0,10.0
6624,52603,1033,1.0,2910.0,10.0
17963,57081,1016,2.0,3350.0,15.0
2494,50980,1074,4.0,1880.0,20.0
8560,53374,1053,4.0,3470.0,5.0
14246,55621,1050,2.0,7140.0,15.0
3006,51189,1026,4.0,7010.0,0.0
13055,55140,1053,1.0,3470.0,5.0
19592,57748,1075,5.0,2140.0,20.0
11373,54472,1005,1.0,5510.0,0.0
12279,54833,1047,2.0,5950.0,25.0
15777,56235,1074,1.0,1880.0,20.0
9983,53936,1064,1.0,7500.0,20.0
19447,57689,1069,1.0,4090.0,0.0
17515,56905,1031,,9170.0,5.0
18164,57163,1031,2.0,9170.0,0.0
16877,56657,1053,1.0,3470.0,10.0
5978,52358,1014,1.0,2270.0,15.0
13678,55388,1021,2.0,5530.0,0.0
14093,55555,1021,1.0,5530.0,0.0
2741,51083,1010,1.0,8870.0,0.0
14601,55769,1058,1.0,5550.0,0.0
12035,54731,1035,2.0,6470.0,0.0
7659,53011,1008,2.0,6630.0,20.0
17,50007,1066,1.0,3610.0,10.0
5709,52256,1023,1.0,4290.0,5.0
17250,56799,1033,1.0,2910.0,10.0
2745,51084,1031,1.0,9170.0,20.0
3500,51380,1012,1.0,6600.0,15.0
2162,50843,1027,1.0,7200.0,0.0
16229,56404,1021,2.0,5530.0,0.0
3284,51298,1023,3.0,4290.0,25.0
109,50046,1040,2.0,3060.0,10.0
2472,50971,1048,2.0,7870.0,5.0
1228,50485,1048,,7870.0,5.0
14329,55656,1016,2.0,3350.0,10.0
10260,54043,1016,2.0,3350.0,0.0
10556,54157,1048,1.0,7870.0,15.0
758,50295,1069,4.0,4090.0,25.0
4446,51758,1029,1.0,3490.0,10.0
17990,57088,1066,1.0,3610.0,10.0
3168,51251,1043,1.0,4500.0,25.0
666,50259,1034,1.0,10530.0,20.0
11456,54502,1001,2.0,6530.0,10.0
10479,54125,1066,4.0,3610.0,15.0
20191,57998,1018,1.0,3890.0,0.0
1825,50714,1049,1.0,2810.0,10.0
8148,53207,1055,3.0,1380.0,0.0
948,50375,1049,3.0,2810.0,10.0
15549,56143,1070,1.0,2320.0,0.0
12386,54879,1022,2.0,3830.0,10.0
3320,51311,1046,2.0,3450.0,10.0
18667,57370,1013,3.0,220.0,5.0
15902,56280,1075,1.0,2140.0,0.0
7855,53092,1048,2.0,7870.0,20.0
8058,53175,1042,2.0,590.0,0.0
12706,55002,1067,1.0,4370.0,0.0
1046,50412,1068,1.0,10570.0,
7934,53126,1045,4.0,8330.0,10.0
5027,51993,1004,,9380.0,0.0
4488,51775,1072,1.0,4390.0,20.0
11711,54602,1054,1.0,1830.0,20.0
7851,53091,1072,1.0,4390.0,0.0
13077,55149,1014,1.0,2270.0,5.0
12136,54776,1006,2.0,,10.0
12156,54784,1072,,4390.0,0.0
11181,54397,1042,1.0,590.0,5.0
20163,57988,1053,1.0,3470.0,0.0
12787,55034,1003,2.0,2040.0,25.0
12106,54762,1056,1.0,1230.0,0.0
19759,57815,1063,2.0,1660.0,0.0
6348,52502,1047,2.0,5950.0,25.0
1527,50600,1005,1.0,5510.0,0.0
7676,53018,1040,1.0,3060.0,10.0
15061,55951,1060,3.0,5950.0,15.0
13106,55158,1013,1.0,220.0,0.0
10239,54034,1013,3.0,220.0,0.0
15603,56163,1066,1.0,3610.0,0.0
10215,54025,1047,4.0,5950.0,0.0
12611,54968,1047,1.0,5950.0,0.0
10271,54046,1024,2.0,9110.0,0.0
5513,52184,1001,1.0,6530.0,0.0
5970,52356,1030,2.0,4290.0,25.0
8048,53171,1070,1.0,2320.0,0.0
16657,56576,1070,3.0,,5.0
6357,52505,1030,2.0,4290.0,10.0
11363,54468,1029,1.0,3490.0,5.0
13991,55511,1061,1.0,8080.0,20.0
5356,52121,1047,2.0,5950.0,0.0
18664,57368,1007,1.0,1100.0,10.0
17838,57034,1065,4.0,7400.0,20.0
9129,53596,1031,1.0,9170.0,25.0
13666,55382,1044,2.0,3230.0,10.0
19431,57684,1012,3.0,6600.0,20.0
14709,55814,1073,3.0,6680.0,10.0
8421,53315,1045,2.0,8330.0,20.0
6663,52619,1038,1.0,4270.0,15.0
12715,55004,1016,1.0,3350.0,10.0
10286,54050,1063,2.0,1660.0,20.0
1515,50595,1024,1.0,9110.0,10.0
3429,51354,1052,1.0,6950.0,5.0
2659,51048,1055,1.0,1380.0,10.0
3273,51292,1053,1.0,3470.0,20.0
14313,55650,1044,2.0,3230.0,5.0
6090,52401,1069,1.0,4090.0,0.0
14070,55545,1009,1.0,6030.0,5.0
57,50022,1061,1.0,8080.0,0.0
5172,52047,1059,3.0,4580.0,10.0
12875,55068,1064,1.0,7500.0,0.0
8903,53508,1037,1.0,2640.0,5.0
679,50264,1005,1.0,5510.0,5.0
5487,52173,1058,1.0,5550.0,10.0
10971,54311,1048,1.0,7870.0,0.0
2652,51046,1022,1.0,3830.0,5.0
10348,54074,1032,2.0,1990.0,5.0
5499,52179,1040,,3060.0,10.0
16611,56556,1066,2.0,3610.0,0.0
13858,55460,1068,1.0,10570.0,10.0
12696,54998,1003,3.0,2040.0,25.0
2155,50839,1006,1.0,4150.0,0.0
15272,56033,1062,4.0,280.0,0.0
5985,52362,1005,1.0,5510.0,10.0
17045,56724,1043,3.0,4500.0,10.0
13937,55491,1044,2.0,3230.0,10.0
14162,55584,1066,1.0,3610.0,5.0
1337,50525,1067,4.0,4370.0,5.0
6111,52409,1032,4.0,1990.0,5.0
17865,57045,1057,1.0,2370.0,0.0
16381,56462,1044,3.0,3230.0,10.0
1241,50489,1040,2.0,3060.0,10.0
12394,54882,1029,1.0,3490.0,0.0
6844,52694,1017,3.0,3470.0,10.0
9188,53616,1002,2.0,3080.0,0.0
16876,56656,1043,3.0,4500.0,15.0
10948,54302,1032,,1990.0,10.0
7553,52969,1042,2.0,590.0,0.0
1062,50418,1003,1.0,2040.0,0.0
1778,50693,1028,1.0,4510.0,0.0
6045,52386,1057,3.0,2370.0,15.0
6126,52415,1009,3.0,6030.0,10.0
4991,51978,1008,5.0,6630.0,10.0
2073,50809,1027,1.0,7200.0,10.0
10728,54220,1032,1.0,1990.0,0.0
5876,52320,1066,3.0,3610.0,0.0
19164,57576,1069,5.0,4090.0,0.0
13999,55515,1008,1.0,6630.0,0.0
7651,53008,1023,1.0,4290.0,0.0
8825,53477,1050,1.0,7140.0,0.0
11756,54623,1061,3.0,8080.0,5.0
1271,50502,1054,4.0,1830.0,0.0
7826,53080,1040,3.0,3060.0,0.0
2168,50845,1051,1.0,7060.0,0.0
2089,50814,1052,1.0,6950.0,10.0
17489,56895,1059,1.0,4580.0,10.0
12181,54795,1016,1.0,3350.0,0.0
16187,56390,1042,4.0,590.0,20.0
13424,55285,1030,4.0,4290.0,0.0
18047,57114,1011,2.0,4590.0,10.0
13508,55322,1020,3.0,720.0,0.0
5417,52145,1046,1.0,3450.0,5.0
13352,55257,1064,1.0,7500.0,15.0
7454,52926,1070,2.0,2320.0,25.0
16318,56441,1044,1.0,3230.0,5.0
4963,51966,1012,1.0,6600.0,0.0
2364,50928,1014,1.0,2270.0,15.0
7461,52929,1064,1.0,7500.0,0.0
15743,56221,1069,1.0,4090.0,0.0
6648,52613,1040,1.0,3060.0,0.0
127,50054,1046,1.0,3450.0,0.0
5829,52304,1011,2.0,4590.0,25.0
13647,55375,1061,2.0,8080.0,25.0
18381,57252,1017,1.0,3470.0,10.0
15398,56080,1022,1.0,3830.0,0.0
470,50184,1058,1.0,5550.0,5.0
19337,57646,1031,1.0,9170.0,0.0
15784,56237,1054,1.0,1830.0,15.0
11306,54446,1042,4.0,590.0,0.0
7508,52947,1063,1.0,1660.0,0.0
6143,52424,1053,3.0,3470.0,5.0
19938,57893,1008,3.0,6630.0,0.0
17738,56995,1022,3.0,3830.0,0.0
2609,51029,1027,2.0,7200.0,0.0
18735,57397,1015,3.0,3850.0,0.0
8436,53321,1048,1.0,7870.0,20.0
2357,50925,1038,1.0,4270.0,0.0
7462,52929,1009,2.0,6030.0,5.0
16004,56321,1018,4.0,3890.0,5.0
19945,57894,1032,1.0,1990.0,20.0
6703,52633,1066,2.0,3610.0,0.0
8226,53241,1032,1.0,1990.0,10.0
19560,57734,1070,1.0,2320.0,10.0
11990,54713,1059,1.0,4580.0,10.0
15898,56279,1045,4.0,8330.0,15.0
6333,52496,1025,2.0,,10.0
12479,54912,1026,1.0,7010.0,15.0
18155,57160,1002,1.0,3080.0,10.0
13097,55155,1041,1.0,700.0,0.0
9085,53579,1019,4.0,4560.0,10.0
13113,55162,1051,1.0,7060.0,5.0
17331,56830,1028,1.0,4510.0,0.0
11224,54415,1038,1.0,4270.0,5.0
16195,56392,1015,3.0,3850.0,5.0
12218,54809,1059,2.0,4580.0,10.0
12019,54725,1055,2.0,1380.0,0.0
15852,56263,1043,3.0,4500.0,0.0
1232,50486,1075,1.0,2140.0,0.0
180,50073,1063,1.0,1660.0,0.0
10859,54267,1014,1.0,2270.0,0.0
19893,57873,1049,4.0,2810.0,0.0
8476,53337,1071,1.0,1670.0,5.0
3109,51228,1061,1.0,8080.0,10.0
15461,56106,1075,,2140.0,0.0
14888,55880,1055,2.0,1380.0,5.0
10457,54116,1050,1.0,7140.0,0.0
8820,53475,1029,1.0,3490.0,0.0
9898,53903,1048,1.0,7870.0,0.0
7038,52770,1030,1.0,4290.0,5.0
16285,56430,1044,2.0,3230.0,5.0
13638,55372,1014,2.0,2270.0,5.0
5590,52214,1021,1.0,5530.0,0.0
683,50265,1021,1.0,5530.0,0.0
2193,50856,1010,5.0,8870.0,15.0
7630,52999,1021,1.0,5530.0,5.0
7182,52829,1053,4.0,3470.0,15.0
15788,56238,1025,3.0,4730.0,10.0
3632,51435,1038,1.0,4270.0,0.0
3164,51249,1039,,8680.0,5.0
15002,55928,1070,1.0,2320.0,0.0
8371,53294,1004,3.0,9380.0,25.0
43,50017,1015,1.0,3850.0,5.0
17110,56749,1050,1.0,7140.0,0.0
87,50035,1066,2.0,3610.0,0.0
5232,52073,1057,1.0,2370.0,0.0
2330,50914,1068,3.0,10570.0,0.0
5831,52304,1032,4.0,1990.0,25.0
9118,53593,1008,1.0,6630.0,0.0
4876,51931,1047,1.0,5950.0,15.0
10918,54289,1060,1.0,5950.0,0.0
4845,51919,1038,1.0,4270.0,0.0
8057,53174,1067,2.0,4370.0,0.0
7020,52761,1034,1.0,10530.0,20.0
14174,55589,1016,2.0,3350.0,15.0
9415,53710,1034,2.0,10530.0,0.0
14766,55834,1064,3.0,7500.0,0.0
3202,51264,1035,1.0,6470.0,0.0
14121,55566,1001,3.0,6530.0,5.0
11664,54584,1040,1.0,3060.0,10.0
3996,51575,1043,1.0,4500.0,20.0
16789,56623,1072,1.0,4390.0,5.0
4359,51726,1021,4.0,5530.0,15.0
2163,50843,1020,1.0,720.0,0.0
19942,57894,1060,1.0,5950.0,20.0
4047,51595,1050,2.0,7140.0,25.0
1942,50758,1069,1.0,4090.0,15.0
5317,52106,1002,1.0,3080.0,0.0
9274,53654,1072,2.0,4390.0,5.0
13176,55189,1060,2.0,5950.0,10.0
8155,53211,1036,2.0,6710.0,0.0
12496,54920,1020,1.0,720.0,0.0
5478,52169,1061,1.0,8080.0,0.0
13598,55358,1053,2.0,3470.0,5.0
11339,54460,1013,2.0,220.0,10.0
8921,53514,1055,4.0,1380.0,
4427,51750,1074,2.0,1880.0,5.0
5290,52095,1006,3.0,4150.0,5.0
19629,57763,1021,1.0,5530.0,10.0
8548,53368,1018,1.0,3890.0,0.0
5337,52114,1073,2.0,6680.0,5.0
7792,53068,1037,2.0,2640.0,
3501,51381,1061,4.0,8080.0,0.0
6186,52440,1032,2.0,1990.0,10.0
6465,52542,1041,1.0,700.0,5.0
19128,57563,1026,2.0,7010.0,10.0
6072,52395,1069,1.0,4090.0,5.0
9882,53896,1007,1.0,1100.0,5.0
12084,54752,1006,3.0,4150.0,0.0
239,50096,1074,1.0,1880.0,10.0
13326,55248,1024,2.0,9110.0,0.0
8757,53450,1024,1.0,9110.0,0.0
11508,54523,1054,1.0,1830.0,0.0
14028,55528,1012,1.0,6600.0,5.0
18136,57154,1065,1.0,7400.0,20.0
12591,54956,1064,2.0,7500.0,
2562,51007,1026,2.0,7010.0,0.0
7147,52816,1033,2.0,2910.0,
4013,51582,1063,1.0,1660.0,0.0
14094,55555,1006,1.0,4150.0,0.0
14780,55838,1005,4.0,5510.0,5.0
2159,50842,1044,2.0,3230.0,10.0
17645,56955,1008,1.0,6630.0,0.0
18709,57388,1002,2.0,3080.0,10.0
12067,54744,1026,2.0,7010.0,5.0
14718,55817,1002,,3080.0,5.0
2742,51083,1020,1.0,720.0,
16207,56397,1020,1.0,720.0,10.0
14390,55683,1036,4.0,6710.0,0.0
12266,54828,1063,1.0,1660.0,10.0
584,50229,1033,2.0,2910.0,0.0
13489,55315,1062,2.0,280.0,20.0
1275,50503,1038,2.0,4270.0,10.0
16796,56626,1072,2.0,4390.0,0.0
5103,52022,1009,1.0,6030.0,0.0
227,50091,1030,1.0,4290.0,0.0
14043,55534,1044,1.0,3230.0,5.0
6534,52567,1047,1.0,5950.0,0.0
16290,56431,1061,3.0,8080.0,25.0
9859,53888,1069,1.0,4090.0,0.0
7667,53014,1002,1.0,3080.0,20.0
13775,55429,1030,2.0,4290.0,0.0
10225,54031,1068,2.0,10570.0,5.0
19699,57792,1069,2.0,4090.0,25.0
18002,57094,1041,3.0,700.0,0.0
3949,51558,1052,1.0,6950.0,0.0
5703,52255,1059,4.0,4580.0,20.0
278,50113,1067,2.0,4370.0,25.0
13943,55494,1060,1.0,5950.0,10.0
15446,56101,1043,1.0,4500.0,5.0
2309,50905,1068,2.0,10570.0,0.0
232,50092,1043,1.0,4500.0,15.0
8992,53544,1011,2.0,4590.0,0.0
1550,50607,1025,1.0,4730.0,0.0
602,50235,1057,1.0,2370.0,20.0
9310,53668,1006,1.0,4150.0,10.0
11037,54339,1035,1.0,6470.0,0.0
15670,56193,1058,2.0,5550.0,15.0
4147,51638,1051,1.0,7060.0,20.0
19172,57579,1012,2.0,6600.0,10.0
17288,56813,1056,2.0,1230.0,15.0
4968,51967,1046,4.0,3450.0,5.0
14032,55530,1067,3.0,4370.0,5.0
8396,53305,1002,1.0,3080.0,10.0
19479,57704,1054,3.0,1830.0,0.0
3709,51465,1049,1.0,2810.0,0.0
12449,54902,1017,3.0,3470.0,15.0
1950,50760,1037,1.0,2640.0,0.0
7405,52907,1064,2.0,7500.0,0.0
8028,53164,1061,1.0,8080.0,0.0
19036,57525,1014,3.0,2270.0,25.0
4795,51896,1062,1.0,280.0,0.0
19858,57858,1017,1.0,3470.0,0.0
12285,54836,1007,2.0,1100.0,0.0
16127,56366,1043,2.0,4500.0,15.0
11120,54371,1020,2.0,720.0,0.0
16698,56590,1014,4.0,2270.0,0.0
15653,56186,1015,2.0,3850.0,15.0
19316,57638,1055,1.0,1380.0,0.0
11084,54356,1043,1.0,4500.0,0.0
9487,53739,1002,3.0,3080.0,0.0
1050,50413,1006,1.0,4150.0,10.0
9288,53658,1025,1.0,4730.0,5.0
10963,54308,1045,1.0,8330.0,5.0
2136,50832,1011,2.0,4590.0,15.0
16642,56571,1047,2.0,5950.0,0.0
8583,53382,1018,2.0,3890.0,10.0
7021,52761,1001,2.0,6530.0,5.0
18169,57167,1063,3.0,1660.0,0.0
10520,54143,1064,3.0,7500.0,0.0
8200,53230,1050,2.0,7140.0,0.0
13987,55510,1063,1.0,1660.0,5.0
957,50378,1037,1.0,2640.0,10.0
6807,52679,1064,1.0,7500.0,10.0
1849,50724,1001,2.0,6530.0,15.0
4677,51848,1004,1.0,9380.0,15.0
15367,56066,1045,4.0,8330.0,0.0
11134,54376,1006,4.0,4150.0,10.0
10913,54286,1045,2.0,8330.0,0.0
19118,57559,1049,3.0,2810.0,20.0
14558,55751,1047,1.0,5950.0,20.0
14183,55592,1072,2.0,4390.0,5.0
16264,56420,1010,1.0,8870.0,5.0
17349,56838,1063,2.0,1660.0,15.0
16699,56590,1031,2.0,9170.0,20.0
12695,54997,1075,2.0,2140.0,5.0
11928,54688,1051,3.0,7060.0,5.0
4094,51617,1037,1.0,2640.0,5.0
6242,52461,1004,1.0,9380.0,0.0
6701,52633,1064,2.0,7500.0,15.0
18767,57412,1020,1.0,720.0,15.0
5809,52296,1067,1.0,4370.0,20.0
14059,55541,1021,1.0,5530.0,0.0
3161,51248,1045,1.0,8330.0,10.0
6402,52522,1067,1.0,4370.0,0.0
1047,50413,1007,1.0,1100.0,0.0
11910,54682,1066,1.0,3610.0,25.0
13689,55394,1003,3.0,2040.0,0.0
7501,52943,1049,1.0,2810.0,15.0
15573,56151,1016,2.0,3350.0,0.0
4680,51849,1032,3.0,,20.0
9802,53863,1055,1.0,1380.0,0.0
2597,51023,1071,2.0,1670.0,0.0
18993,57506,1026,2.0,7010.0,15.0
662,50258,1046,1.0,3450.0,0.0
294,50118,1001,1.0,6530.0,5.0
13286,55232,1021,2.0,5530.0,10.0
12288,54836,1053,1.0,3470.0,0.0
19088,57546,1004,1.0,9380.0,10.0
18812,57434,1013,3.0,220.0,0.0
9034,53562,1049,1.0,2810.0,5.0
1762,50687,1033,1.0,2910.0,10.0
15238,56020,1010,5.0,8870.0,20.0
19868,57862,1007,1.0,1100.0,0.0
2183,50852,1068,,10570.0,0.0
16869,56653,1047,2.0,5950.0,0.0
3115,51230,1058,1.0,5550.0,0.0
15855,56263,1024,4.0,9110.0,20.0
5559,52200,1015,1.0,3850.0,25.0
17165,56767,1042,1.0,590.0,10.0
6578,52588,1073,1.0,6680.0,0.0
12718,55006,1029,3.0,3490.0,5.0
3353,51326,1047,1.0,5950.0,0.0
17551,56919,1058,1.0,5550.0,0.0
9685,53819,1057,1.0,2370.0,0.0
2730,51077,1050,4.0,7140.0,5.0
7208,52838,1032,1.0,1990.0,25.0
5994,52365,1049,4.0,2810.0,20.0
10221,54028,1015,1.0,3850.0,0.0
9865,53890,1060,1.0,5950.0,15.0
14864,55871,1053,1.0,3470.0,0.0
14114,55564,1002,2.0,3080.0,10.0
8687,53423,1048,4.0,7870.0,20.0
2800,51106,1047,2.0,5950.0,5.0
15243,56022,1035,2.0,6470.0,0.0
4226,51670,1021,1.0,5530.0,10.0
3137,51238,1071,1.0,1670.0,0.0
15245,56022,1048,4.0,7870.0,0.0
16159,56378,1016,2.0,3350.0,0.0
15244,56022,1031,4.0,9170.0,0.0
19423,57680,1050,1.0,7140.0,0.0
4849,51920,1066,1.0,3610.0,0.0
1200,50471,1024,1.0,9110.0,20.0
8868,53494,1024,1.0,9110.0,10.0
18409,57264,1003,1.0,2040.0,0.0
19386,57665,1027,5.0,7200.0,0.0
7245,52852,1064,5.0,7500.0,10.0
10444,54111,1005,5.0,5510.0,5.0
18553,57321,1069,1.0,4090.0,
18322,57228,1074,2.0,1880.0,10.0
5165,52044,1047,2.0,5950.0,10.0
7730,53044,1052,1.0,6950.0,15.0
7925,53122,1003,3.0,2040.0,0.0
18760,57410,1013,2.0,220.0,25.0
13463,55303,1069,3.0,4090.0,15.0
3998,51576,1004,1.0,9380.0,15.0
14593,55767,1067,2.0,4370.0,5.0
15660,56189,1035,2.0,6470.0,0.0
7538,52963,1074,1.0,1880.0,0.0
19705,57794,1070,1.0,2320.0,20.0
1014,50401,1069,2.0,4090.0,5.0
15059,55950,1004,1.0,9380.0,0.0
15218,56014,1026,2.0,7010.0,15.0
17315,56823,1065,1.0,7400.0,5.0
10372,54083,1068,5.0,10570.0,15.0
6637,52608,1056,2.0,1230.0,5.0
17094,56742,1054,3.0,,10.0
11696,54595,1039,2.0,8680.0,10.0
7653,53009,1074,1.0,1880.0,20.0
11394,54480,1044,1.0,3230.0,0.0
13918,55483,1068,1.0,10570.0,0.0
19918,57883,1071,2.0,1670.0,0.0
2024,50788,1004,4.0,9380.0,5.0
5943,52345,1026,2.0,7010.0,10.0
2473,50972,1041,1.0,700.0,0.0
1911,50748,1002,4.0,3080.0,10.0
16408,56471,1064,1.0,7500.0,0.0
1611,50630,1047,1.0,5950.0,20.0
9303,53665,1034,1.0,10530.0,25.0
19726,57801,1069,4.0,4090.0,0.0
7391,52901,1033,1.0,2910.0,5.0
6061,52392,1066,1.0,3610.0,15.0
1539,50603,1019,3.0,4560.0,5.0
15186,56001,1071,1.0,1670.0,0.0
6199,52445,1066,3.0,3610.0,5.0
5056,52004,1014,2.0,2270.0,0.0
2980,51177,1045,2.0,8330.0,0.0
14945,55903,1037,1.0,2640.0,15.0
5067,52008,1043,2.0,4500.0,15.0
13502,55320,1042,2.0,590.0,15.0
18357,57242,1045,4.0,8330.0,5.0
5851,52312,1071,3.0,1670.0,20.0
2658,51048,1035,1.0,6470.0,10.0
16548,56532,1055,1.0,1380.0,5.0
2788,51102,1029,2.0,3490.0,10.0
18555,57321,1072,3.0,4390.0,10.0
19357,57654,1015,1.0,3850.0,10.0
12446,54900,1036,1.0,6710.0,5.0
11212,54411,1001,4.0,6530.0,0.0
18053,57117,1050,1.0,7140.0,0.0
3049,51206,1032,3.0,1990.0,0.0
753,50293,1035,1.0,6470.0,5.0
18462,57286,1046,1.0,3450.0,0.0
1125,50442,1043,1.0,4500.0,0.0
10984,54315,1028,1.0,4510.0,10.0
19952,57897,1051,1.0,7060.0,20.0
14668,55797,1067,1.0,4370.0,10.0
11985,54712,1029,1.0,3490.0,0.0
17627,56948,1011,1.0,4590.0,10.0
18407,57263,1061,3.0,8080.0,5.0
17218,56786,1005,1.0,5510.0,5.0
13096,55155,1036,1.0,6710.0,5.0
14971,55917,1073,2.0,6680.0,10.0
2594,51021,1062,2.0,280.0,0.0
13359,55259,1023,1.0,4290.0,5.0
18826,57440,1031,1.0,9170.0,15.0
19389,57667,1052,3.0,6950.0,10.0
4579,51809,1046,2.0,3450.0,5.0
10628,54185,1050,1.0,7140.0,10.0
15249,56023,1011,3.0,4590.0,10.0
2701,51065,1029,,3490.0,0.0
15966,56305,1068,1.0,10570.0,0.0
9575,53774,1009,1.0,6030.0,25.0
5175,52048,1048,1.0,,10.0
9383,53695,1052,1.0,6950.0,5.0
8498,53348,1043,3.0,4500.0,5.0
3932,51552,1067,2.0,4370.0,10.0
8258,53251,1055,3.0,1380.0,5.0
6257,52466,1059,1.0,4580.0,15.0
9220,53631,1005,1.0,5510.0,15.0
16315,56440,1029,1.0,3490.0,5.0
1836,50718,1073,1.0,6680.0,10.0
4389,51735,1011,1.0,4590.0,0.0
13504,55321,1075,2.0,2140.0,0.0
12850,55059,1025,1.0,4730.0,0.0
212,50086,1048,2.0,7870.0,0.0
16400,56468,1058,1.0,5550.0,0.0
18972,57496,1068,1.0,10570.0,0.0
4892,51938,1029,3.0,3490.0,0.0
19864,57860,1075,,2140.0,0.0
15112,55972,1053,2.0,3470.0,0.0
5314,52104,1029,1.0,3490.0,0.0
14706,55812,1055,5.0,1380.0,25.0
18758,57409,1054,1.0,1830.0,0.0
16331,56445,1023,5.0,4290.0,5.0
19011,57514,1005,1.0,5510.0,5.0
12724,55009,1030,3.0,4290.0,5.0
8332,53281,1055,4.0,1380.0,10.0
13814,55445,1041,1.0,700.0,15.0
1644,50642,1023,1.0,4290.0,
3907,51542,1025,2.0,4730.0,5.0
1624,50635,1062,2.0,280.0,0.0
10308,54059,1003,2.0,2040.0,5.0
1867,50728,1053,1.0,3470.0,0.0
17877,57048,1071,1.0,1670.0,0.0
16227,56403,1035,1.0,6470.0,0.0
18593,57337,1068,2.0,10570.0,10.0
5617,52223,1017,1.0,3470.0,5.0
14679,55801,1019,2.0,4560.0,15.0
7419,52912,1022,2.0,3830.0,0.0
15679,56196,1011,1.0,4590.0,0.0
14025,55527,1070,1.0,2320.0,20.0
3828,51512,1056,4.0,1230.0,
16737,56605,1058,3.0,5550.0,20.0
1346,50530,1071,1.0,1670.0,0.0
9803,53864,1055,1.0,1380.0,10.0
12602,54962,1007,1.0,1100.0,10.0
18232,57194,1067,5.0,4370.0,10.0
19799,57835,1020,1.0,720.0,0.0
14488,55726,1020,2.0,720.0,20.0
10803,54247,1051,1.0,7060.0,10.0
6448,52537,1026,2.0,7010.0,0.0
16155,56377,1014,2.0,2270.0,0.0
12250,54820,1018,1.0,3890.0,10.0
8758,53450,1036,,6710.0,5.0
13771,55427,1013,1.0,220.0,0.0
223,50089,1051,1.0,7060.0,0.0
7232,52848,1028,1.0,4510.0,5.0
16130,56367,1017,1.0,3470.0,0.0
1090,50429,1014,1.0,2270.0,0.0
17564,56925,1067,1.0,4370.0,10.0
16341,56448,1069,1.0,4090.0,0.0
1725,50673,1013,2.0,220.0,0.0
11404,54483,1011,1.0,4590.0,0.0
16953,56686,1030,1.0,4290.0,0.0
3891,51535,1032,1.0,1990.0,0.0
534,50208,1075,2.0,2140.0,5.0
17821,57026,1030,1.0,4290.0,15.0
11463,54506,1057,2.0,2370.0,15.0
16787,56623,1016,1.0,3350.0,15.0
10652,54194,1051,1.0,7060.0,15.0
179,50072,1053,1.0,3470.0,0.0
4551,51800,1015,1.0,3850.0,0.0
1729,50675,1051,3.0,7060.0,20.0
11766,54627,1007,1.0,1100.0,15.0
11546,54540,1013,1.0,220.0,0.0
19256,57612,1050,1.0,7140.0,0.0
18513,57304,1008,2.0,6630.0,0.0
9376,53692,1040,1.0,3060.0,0.0
14112,55563,1033,1.0,2910.0,0.0
6733,52647,1047,3.0,5950.0,5.0
12700,54999,1056,1.0,1230.0,5.0
9040,53564,1018,2.0,3890.0,10.0
1765,50688,1042,2.0,590.0,10.0
14327,55656,1032,1.0,1990.0,15.0
9562,53769,1033,1.0,2910.0,5.0
9713,53831,1061,1.0,8080.0,20.0
18605,57341,1005,1.0,5510.0,0.0
3505,51382,1005,1.0,5510.0,0.0
4460,51765,1014,1.0,2270.0,25.0
1203,50473,1028,3.0,4510.0,0.0
7407,52909,1012,1.0,6600.0,20.0
9235,53638,1067,5.0,4370.0,20.0
1411,50555,1030,1.0,4290.0,
3652,51444,1043,1.0,4500.0,5.0
5099,52021,1024,1.0,9110.0,15.0
15146,55985,1009,1.0,6030.0,20.0
8023,53162,1024,4.0,9110.0,15.0
17788,57013,1012,2.0,6600.0,0.0
567,50224,1042,2.0,590.0,15.0
5899,52329,1052,2.0,6950.0,10.0
6526,52565,1021,1.0,5530.0,5.0
18225,57190,1036,1.0,6710.0,0.0
13476,55310,1064,2.0,7500.0,20.0
6610,52599,1059,3.0,4580.0,10.0
18541,57316,1055,3.0,1380.0,10.0
15654,56187,1025,3.0,4730.0,5.0
15577,56154,1010,1.0,8870.0,20.0
9264,53651,1031,2.0,9170.0,
13671,55383,1059,2.0,4580.0,0.0
2493,50980,1004,1.0,9380.0,0.0
3334,51317,1075,1.0,2140.0,25.0
7741,53047,1018,2.0,3890.0,0.0
15438,56098,1074,1.0,1880.0,20.0
18695,57381,1063,1.0,1660.0,10.0
19427,57682,1033,1.0,2910.0,5.0
1869,50729,1073,2.0,6680.0,0.0
8407,53309,1052,2.0,6950.0,20.0
1709,50666,1021,1.0,5530.0,0.0
4063,51602,1008,4.0,6630.0,10.0
9692,53821,1068,1.0,10570.0,15.0
1764,50688,1027,2.0,7200.0,15.0
16442,56485,1054,1.0,1830.0,0.0
6882,52708,1062,3.0,280.0,0.0
14026,55527,1069,2.0,4090.0,20.0
17531,56911,1057,1.0,2370.0,0.0
5967,52355,1057,2.0,2370.0,
17149,56762,1032,2.0,1990.0,5.0
9411,53709,1021,1.0,5530.0,25.0
13418,55283,1009,2.0,6030.0,5.0
15184,56000,1070,2.0,2320.0,10.0
14555,55750,1054,3.0,1830.0,10.0
8844,53484,1051,1.0,7060.0,10.0
1528,50600,1046,3.0,3450.0,0.0
15886,56275,1002,2.0,3080.0,0.0
6223,52455,1004,2.0,9380.0,0.0
3096,51223,1033,1.0,2910.0,5.0
13644,55374,1059,2.0,4580.0,5.0
1686,50658,1069,2.0,4090.0,
7069,52784,1062,1.0,280.0,
15790,56239,1070,1.0,2320.0,0.0
3421,51351,1035,2.0,6470.0,0.0
15183,56000,1022,5.0,3830.0,10.0
9208,53625,1048,4.0,7870.0,0.0
19934,57892,1028,2.0,4510.0,5.0
12806,55043,1071,1.0,1670.0,5.0
14340,55661,1053,2.0,,15.0
6905,52715,1034,1.0,10530.0,5.0
5177,52049,1034,1.0,10530.0,0.0
14030,55529,1019,1.0,4560.0,5.0
15838,56258,1074,1.0,1880.0,15.0
10300,54055,1017,2.0,3470.0,10.0
11437,54496,1034,1.0,10530.0,5.0
16089,56353,1001,1.0,6530.0,5.0
15813,56248,1004,1.0,9380.0,25.0
8175,53219,1061,3.0,8080.0,0.0
7901,53111,1037,1.0,2640.0,0.0
6804,52677,1017,2.0,3470.0,0.0
3151,51244,1011,2.0,4590.0,10.0
5176,52049,1061,2.0,8080.0,10.0
19598,57750,1044,4.0,3230.0,5.0
8693,53425,1040,5.0,3060.0,5.0
2960,51169,1074,2.0,1880.0,20.0
761,50296,1049,5.0,2810.0,
5438,52154,1014,1.0,2270.0,15.0
7362,52892,1035,3.0,6470.0,5.0
16962,56689,1055,3.0,1380.0,10.0
15296,56041,1070,1.0,2320.0,5.0
16204,56396,1007,2.0,1100.0,15.0
245,50098,1026,2.0,7010.0,0.0
16889,56661,1073,1.0,6680.0,0.0
10209,54023,1052,1.0,6950.0,0.0
5151,52041,1004,1.0,9380.0,15.0
17783,57011,1011,2.0,4590.0,5.0
13347,55255,1061,1.0,8080.0,0.0
6502,52557,1026,1.0,7010.0,0.0
14608,55772,1066,1.0,3610.0,10.0
7212,52840,1040,2.0,3060.0,10.0
13180,55191,1024,1.0,9110.0,0.0
4895,51939,1060,1.0,5950.0,0.0
17776,57010,1072,3.0,4390.0,10.0
12826,55051,1074,1.0,1880.0,5.0
19385,57665,1026,1.0,7010.0,20.0
18689,57379,1001,1.0,6530.0,5.0
10458,54117,1009,4.0,6030.0,5.0
16731,56601,1051,1.0,7060.0,10.0
16653,56575,1041,2.0,700.0,0.0
20095,57960,1002,1.0,3080.0,0.0
18104,57137,1065,1.0,7400.0,0.0
13781,55431,1003,1.0,2040.0,0.0
5481,52170,1037,2.0,2640.0,0.0
16180,56387,1011,2.0,4590.0,0.0
3529,51393,1036,2.0,6710.0,0.0
115,50049,1064,1.0,7500.0,0.0
19045,57528,1042,1.0,590.0,0.0
8244,53247,1036,1.0,6710.0,15.0
15819,56251,1004,2.0,9380.0,0.0
12898,55076,1057,1.0,2370.0,10.0
6154,52428,1006,1.0,4150.0,0.0
17014,56711,1009,1.0,6030.0,5.0
3220,51271,1010,2.0,8870.0,5.0
20104,57965,1020,1.0,720.0,0.0
330,50133,1016,1.0,3350.0,0.0
12893,55075,1072,1.0,4390.0,25.0
19145,57569,1072,1.0,4390.0,10.0
6852,52696,1061,1.0,8080.0,15.0
6412,52526,1027,2.0,7200.0,5.0
19824,57844,1016,2.0,3350.0,0.0
9099,53583,1064,1.0,7500.0,10.0
5721,52261,1041,1.0,700.0,10.0
10472,54123,1021,1.0,5530.0,10.0
15307,56046,1054,4.0,1830.0,15.0
12495,54920,1057,3.0,2370.0,5.0
15337,56055,1065,1.0,7400.0,10.0
20132,57976,1015,2.0,3850.0,0.0
16755,56611,1070,1.0,2320.0,10.0
10937,54298,1069,1.0,4090.0,0.0
4741,51875,1041,1.0,700.0,20.0
17381,56850,1052,2.0,6950.0,15.0
7973,53143,1050,1.0,7140.0,0.0
8638,53404,1074,1.0,1880.0,0.0
14610,55773,1066,1.0,3610.0,10.0
9110,53589,1050,3.0,7140.0,0.0
6555,52575,1008,3.0,6630.0,20.0
14939,55901,1057,1.0,2370.0,0.0
4173,51647,1043,1.0,4500.0,5.0
16162,56379,1042,5.0,590.0,5.0
11880,54671,1070,1.0,2320.0,10.0
14625,55779,1015,1.0,3850.0,5.0
8474,53336,1003,1.0,2040.0,0.0
6822,52686,1063,1.0,1660.0,5.0
10807,54248,1014,5.0,2270.0,5.0
18600,57339,1037,2.0,2640.0,20.0
2661,51050,1011,1.0,4590.0,20.0
5504,52182,1052,1.0,6950.0,5.0
7645,53005,1003,5.0,2040.0,10.0
11506,54522,1008,2.0,6630.0,0.0
4433,51753,1025,1.0,4730.0,0.0
3785,51493,1013,1.0,220.0,0.0
19019,57519,1025,1.0,4730.0,5.0
16924,56673,1052,1.0,6950.0,0.0
13188,55193,1064,1.0,7500.0,20.0
1336,50525,1037,1.0,2640.0,5.0
5521,52187,1006,3.0,4150.0,10.0
101,50043,1045,2.0,8330.0,10.0
10044,53961,1032,2.0,1990.0,0.0
2724,51073,1017,1.0,3470.0,5.0
10158,54005,1032,3.0,1990.0,15.0
19317,57638,1022,5.0,3830.0,5.0
10736,54223,1035,1.0,6470.0,0.0
1153,50455,1056,4.0,1230.0,0.0
7831,53082,1053,1.0,3470.0,0.0
8845,53485,1014,1.0,2270.0,0.0
13928,55487,1058,1.0,5550.0,20.0
14701,55810,1055,2.0,1380.0,0.0
15375,56069,1017,3.0,3470.0,0.0
9161,53606,1031,1.0,9170.0,0.0
18132,57151,1030,1.0,4290.0,5.0
4555,51801,1069,1.0,4090.0,0.0
5869,52319,1041,4.0,700.0,5.0
12768,55025,1023,2.0,4290.0,5.0
13585,55353,1055,3.0,1380.0,10.0
2657,51048,1047,2.0,5950.0,25.0
18598,57339,1001,2.0,6530.0,0.0
1323,50520,1010,1.0,8870.0,0.0
14210,55605,1032,1.0,1990.0,5.0
1572,50614,1013,1.0,220.0,25.0
12244,54818,1061,1.0,8080.0,5.0
8252,53249,1033,1.0,2910.0,5.0
11772,54630,1056,1.0,1230.0,0.0
7595,52985,1049,1.0,2810.0,15.0
1683,50657,1034,3.0,10530.0,5.0
8769,53454,1044,2.0,3230.0,0.0
58,50023,1039,2.0,8680.0,20.0
660,50257,1067,1.0,4370.0,5.0
6563,52579,1022,1.0,3830.0,10.0
8811,53471,1047,1.0,5950.0,15.0
6153,52428,1017,1.0,3470.0,0.0
9439,53723,1066,1.0,3610.0,5.0
790,50312,1013,2.0,220.0,5.0
1096,50431,1024,2.0,9110.0,0.0
16630,56567,1066,3.0,3610.0,5.0
12291,54838,1059,1.0,4580.0,25.0
15753,56225,1072,1.0,4390.0,25.0
7911,53116,1030,,4290.0,25.0
5072,52010,1012,3.0,6600.0,25.0
12571,54947,1065,1.0,7400.0,0.0
3298,51303,1027,1.0,7200.0,0.0
3091,51222,1073,1.0,6680.0,10.0
1724,50673,1063,2.0,1660.0,5.0
5742,52269,1003,2.0,2040.0,0.0
18294,57219,1070,2.0,2320.0,0.0
13091,55153,1056,2.0,1230.0,20.0
14603,55770,1043,1.0,4500.0,10.0
1650,50644,1024,1.0,9110.0,0.0
7302,52872,1001,1.0,6530.0,5.0
1484,50582,1029,1.0,3490.0,0.0
8737,53441,1018,1.0,3890.0,15.0
15897,56278,1064,1.0,7500.0,5.0
1908,50746,1055,1.0,1380.0,0.0
19915,57882,1048,1.0,7870.0,25.0
2643,51042,1020,1.0,720.0,25.0
724,50282,1055,5.0,1380.0,10.0
17114,56750,1009,1.0,6030.0,0.0
18320,57227,1059,1.0,4580.0,20.0
19792,57831,1040,1.0,3060.0,15.0
6722,52643,1036,1.0,6710.0,20.0
9483,53738,1054,1.0,1830.0,
1646,50643,1057,1.0,2370.0,10.0
14000,55516,1044,1.0,3230.0,5.0
16423,56479,1058,1.0,5550.0,5.0
13861,55460,1052,1.0,6950.0,10.0
10782,54239,1019,1.0,4560.0,20.0
5792,52290,1012,1.0,6600.0,5.0
11352,54465,1001,2.0,6530.0,10.0
14702,55811,1060,2.0,5950.0,
10297,54053,1046,2.0,3450.0,0.0
16102,56357,1064,1.0,7500.0,25.0
17238,56795,1031,1.0,9170.0,0.0
11748,54620,1045,1.0,8330.0,20.0
249,50100,1019,,4560.0,10.0
2770,51095,1037,1.0,2640.0,5.0
20161,57988,1013,2.0,220.0,10.0
4881,51933,1015,2.0,3850.0,10.0
5599,52217,1014,1.0,2270.0,0.0
5245,52077,1035,2.0,6470.0,10.0
2919,51155,1040,1.0,3060.0,10.0
3526,51391,1015,,3850.0,10.0
6073,52395,1072,1.0,4390.0,25.0
8037,53167,1073,1.0,6680.0,0.0
3483,51375,1029,1.0,3490.0,5.0
16356,56453,1023,1.0,4290.0,0.0
13588,55354,1016,1.0,3350.0,10.0
3892,51535,1050,1.0,7140.0,5.0
13325,55247,1008,1.0,6630.0,15.0
5958,52352,1056,1.0,1230.0,5.0
8827,53478,1061,4.0,8080.0,0.0
16175,56386,1069,1.0,4090.0,10.0
2810,51113,1002,1.0,3080.0,10.0
16745,56607,1026,1.0,7010.0,0.0
13925,55487,1055,3.0,1380.0,25.0
14265,55629,1011,2.0,4590.0,5.0
15840,56259,1031,1.0,9170.0,0.0
8624,53398,1010,1.0,8870.0,0.0
342,50137,1062,1.0,280.0,0.0
5770,52281,1038,2.0,4270.0,0.0
4238,51674,1004,2.0,9380.0,10.0
1138,50448,1002,1.0,3080.0,15.0
509,50197,1001,1.0,6530.0,0.0
431,50169,1061,2.0,8080.0,0.0
444,50173,1030,1.0,4290.0,10.0
552,50218,1070,1.0,2320.0,15.0
5925,52338,1055,2.0,1380.0,5.0
605,50236,1053,2.0,3470.0,0.0
15673,56193,1051,2.0,7060.0,5.0
19184,57584,1029,3.0,3490.0,15.0
880,50349,1014,2.0,2270.0,15.0
18326,57230,1051,1.0,7060.0,5.0
19301,57630,1036,1.0,6710.0,0.0
11252,54427,1003,1.0,2040.0,5.0
19681,57781,1016,3.0,3350.0,0.0
5234,52073,1009,1.0,6030.0,5.0
5728,52264,1057,1.0,2370.0,0.0
12165,54790,1055,1.0,,0.0
4666,51844,1031,1.0,9170.0,0.0
4733,51871,1035,1.0,6470.0,0.0
11857,54664,1035,3.0,6470.0,25.0
1282,50506,1050,1.0,7140.0,25.0
8966,53533,1063,2.0,1660.0,0.0
3780,51490,1072,2.0,4390.0,0.0
5860,52315,1004,2.0,9380.0,
7980,53146,1022,4.0,3830.0,0.0
1669,50653,1047,3.0,5950.0,5.0
1691,50660,1052,1.0,6950.0,10.0
19481,57705,1041,5.0,700.0,0.0
8506,53350,1006,1.0,4150.0,15.0
4423,51748,1060,2.0,5950.0,5.0
3970,51565,1063,2.0,1660.0,0.0
13690,55394,1062,1.0,280.0,0.0
13541,55336,1029,3.0,3490.0,0.0
10410,54096,1018,1.0,3890.0,5.0
13480,55311,1020,2.0,720.0,0.0
2854,51131,1032,2.0,1990.0,0.0
17713,56985,1016,2.0,3350.0,5.0
8322,53276,1040,1.0,3060.0,25.0
5013,51986,1053,1.0,3470.0,0.0
18373,57249,1071,1.0,1670.0,15.0
10349,54074,1064,1.0,7500.0,5.0
7007,52756,1068,2.0,10570.0,0.0
11918,54684,1069,1.0,4090.0,15.0
16901,56664,1033,2.0,2910.0,20.0
2379,50935,1051,3.0,7060.0,0.0
17725,56989,1021,1.0,5530.0,20.0
7171,52826,1059,3.0,4580.0,0.0
6387,52517,1019,2.0,4560.0,5.0
11191,54402,1020,2.0,720.0,0.0
10606,54174,1001,1.0,6530.0,20.0
12056,54739,1041,1.0,700.0,5.0
14102,55558,1038,1.0,4270.0,5.0
3967,51564,1025,1.0,4730.0,10.0
19422,57679,1046,2.0,3450.0,0.0
11162,54387,1060,1.0,5950.0,10.0
15140,55984,1068,1.0,10570.0,0.0
13527,55332,1062,1.0,280.0,0.0
19809,57838,1026,3.0,7010.0,0.0
19886,57871,1050,1.0,7140.0,10.0
9469,53732,1075,1.0,2140.0,0.0
2030,50789,1010,1.0,8870.0,5.0
13500,55319,1020,2.0,720.0,25.0
1734,50677,1055,3.0,1380.0,0.0
18786,57421,1051,3.0,7060.0,5.0
2925,51157,1001,1.0,6530.0,25.0
18401,57259,1012,1.0,6600.0,0.0
11870,54668,1036,1.0,6710.0,10.0
1805,50703,1050,1.0,7140.0,15.0
4593,51817,1041,1.0,700.0,0.0
14697,55809,1059,1.0,4580.0,0.0
15530,56135,1060,1.0,5950.0,10.0
7954,53134,1054,1.0,1830.0,5.0
16454,56491,1072,2.0,4390.0,10.0
869,50344,1005,3.0,5510.0,5.0
15697,56204,1058,2.0,5550.0,0.0
3986,51571,1002,1.0,3080.0,10.0
16070,56344,1043,1.0,4500.0,0.0
11786,54635,1021,2.0,5530.0,0.0
1064,50418,1008,2.0,6630.0,10.0
7255,52855,1006,1.0,4150.0,10.0
8889,53503,1015,1.0,3850.0,0.0
9587,53779,1018,2.0,3890.0,0.0
17058,56729,1049,1.0,2810.0,0.0
20021,57927,1024,1.0,9110.0,0.0
14688,55805,1056,4.0,1230.0,10.0
12132,54773,1018,1.0,3890.0,10.0
17240,56796,1018,2.0,3890.0,10.0
10970,54310,1074,4.0,1880.0,20.0
6047,52387,1031,1.0,9170.0,5.0
17080,56736,1009,1.0,6030.0,0.0
4717,51865,1044,3.0,3230.0,10.0
9481,53737,1048,2.0,7870.0,5.0
18651,57361,1033,1.0,2910.0,0.0
9666,53813,1015,1.0,3850.0,10.0
2374,50932,1074,1.0,1880.0,5.0
9535,53758,1042,1.0,590.0,0.0
17568,56927,1052,2.0,6950.0,0.0
18824,57440,1049,2.0,2810.0,0.0
1708,50665,1005,2.0,5510.0,0.0
13216,55204,1027,2.0,7200.0,0.0
11512,54524,1001,,6530.0,0.0
17889,57052,1024,2.0,9110.0,0.0
18710,57388,1009,1.0,6030.0,10.0
3506,51382,1035,3.0,6470.0,5.0
8059,53175,1023,3.0,4290.0,10.0
7360,52892,1034,1.0,10530.0,5.0
9454,53728,1029,1.0,3490.0,20.0
16106,56359,1049,4.0,2810.0,5.0
9767,53851,1074,2.0,1880.0,0.0
2216,50867,1071,2.0,1670.0,0.0
953,50377,1047,2.0,5950.0,20.0
6152,52427,1012,2.0,6600.0,0.0
7791,53067,1039,1.0,8680.0,10.0
14262,55627,1051,2.0,7060.0,5.0
9042,53564,1054,2.0,,20.0
15292,56039,1011,1.0,4590.0,15.0
15689,56200,1008,1.0,,5.0
7398,52904,1056,1.0,1230.0,10.0
11419,54489,1021,1.0,5530.0,10.0
13186,55193,1016,1.0,3350.0,0.0
12350,54863,1073,2.0,6680.0,5.0
5156,52042,1007,1.0,1100.0,20.0
3589,51416,1032,2.0,1990.0,0.0
9813,53869,1060,1.0,5950.0,0.0
14291,55639,1016,2.0,3350.0,0.0
11015,54327,1028,1.0,4510.0,0.0
18152,57159,1005,2.0,5510.0,10.0
3534,51396,1066,1.0,3610.0,0.0
1326,50521,1037,1.0,2640.0,10.0
14056,55539,1048,1.0,7870.0,0.0
120,50051,1072,3.0,4390.0,0.0
5244,52077,1049,2.0,2810.0,5.0
17465,56886,1007,1.0,1100.0,20.0
11350,54464,1034,1.0,10530.0,5.0
17146,56760,1055,3.0,1380.0,0.0
12481,54914,1007,1.0,1100.0,15.0
19758,57815,1003,1.0,2040.0,0.0
15451,56102,1048,2.0,7870.0,0.0
15469,56110,1075,2.0,2140.0,0.0
5397,52135,1013,2.0,220.0,0.0
1952,50761,1071,1.0,1670.0,
7373,52895,1070,4.0,2320.0,0.0
12018,54725,1066,3.0,3610.0,0.0
14360,55673,1041,3.0,700.0,10.0
121,50051,1036,1.0,6710.0,25.0
4262,51686,1067,1.0,4370.0,10.0
14710,55814,1050,1.0,7140.0,5.0
12674,54990,1033,4.0,2910.0,20.0
7552,52969,1034,3.0,10530.0,0.0
14079,55549,1057,3.0,2370.0,20.0
15270,56033,1014,4.0,2270.0,10.0
2899,51149,1010,1.0,8870.0,0.0
5085,52015,1053,2.0,3470.0,20.0
8848,53486,1001,1.0,6530.0,0.0
12187,54797,1033,2.0,2910.0,15.0
3084,51218,1070,2.0,2320.0,0.0
10633,54186,1002,1.0,3080.0,
4927,51951,1003,2.0,2040.0,0.0
1817,50709,1026,1.0,7010.0,10.0
10995,54320,1073,3.0,6680.0,0.0
14015,55523,1064,1.0,7500.0,5.0
5112,52025,1033,1.0,2910.0,15.0
12467,54908,1038,1.0,4270.0,0.0
16132,56369,1012,4.0,6600.0,25.0
11343,54461,1019,1.0,4560.0,10.0
19060,57536,1004,1.0,9380.0,5.0
9306,53667,1064,2.0,7500.0,15.0
7129,52807,1011,1.0,4590.0,
15533,56136,1008,1.0,6630.0,0.0
16283,56429,1040,4.0,3060.0,0.0
14665,55796,1055,1.0,1380.0,0.0
19813,57839,1067,1.0,4370.0,0.0
5553,52198,1035,2.0,6470.0,25.0
5052,52002,1052,2.0,6950.0,0.0
9102,53585,1026,1.0,7010.0,25.0
16487,56506,1041,1.0,700.0,5.0
18676,57373,1056,2.0,1230.0,20.0
8424,53316,1022,2.0,3830.0,0.0
18165,57164,1061,1.0,8080.0,0.0
18911,57471,1022,1.0,3830.0,5.0
550,50216,1009,1.0,6030.0,0.0
12933,55087,1008,1.0,6630.0,5.0
4318,51709,1044,1.0,3230.0,15.0
9921,53911,1046,3.0,3450.0,15.0
14371,55677,1059,2.0,4580.0,15.0
12995,55114,1056,2.0,1230.0,20.0
16223,56402,1017,4.0,3470.0,0.0
9063,53571,1003,1.0,2040.0,
5762,52276,1061,2.0,8080.0,0.0
4519,51786,1008,3.0,6630.0,0.0
11488,54515,1074,1.0,1880.0,10.0
13104,55158,1066,4.0,3610.0,0.0
346,50138,1032,1.0,1990.0,25.0
7303,52872,1007,2.0,1100.0,20.0
7873,53099,1020,1.0,720.0,15.0
7558,52971,1049,1.0,2810.0,0.0
4458,51764,1024,2.0,9110.0,0.0
8036,53167,1047,2.0,5950.0,0.0
55,50022,1012,1.0,6600.0,20.0
7732,53044,1009,1.0,6030.0,0.0
15135,55982,1062,1.0,280.0,10.0
2325,50912,1070,1.0,2320.0,25.0
1079,50424,1051,1.0,7060.0,0.0
1529,50600,1054,1.0,1830.0,0.0
6766,52659,1060,1.0,5950.0,0.0
12427,54893,1024,1.0,9110.0,0.0
10894,54280,1060,1.0,5950.0,0.0
15974,56307,1061,2.0,8080.0,15.0
13005,55116,1015,1.0,3850.0,0.0
17848,57038,1023,2.0,4290.0,10.0
6176,52437,1066,1.0,3610.0,5.0
10004,53945,1010,1.0,8870.0,20.0
8046,53170,1065,1.0,7400.0,0.0
10846,54262,1012,3.0,6600.0,10.0
3899,51538,1013,1.0,220.0,
4567,51806,1016,2.0,3350.0,10.0
9628,53795,1068,2.0,10570.0,0.0
10762,54232,1048,2.0,7870.0,10.0
10759,54232,1018,3.0,3890.0,20.0
3773,51488,1035,3.0,6470.0,10.0
3159,51247,1016,1.0,3350.0,0.0
19242,57605,1058,2.0,5550.0,10.0
10414,54097,1051,5.0,7060.0,10.0
2598,51023,1049,1.0,2810.0,10.0
15067,55954,1004,2.0,9380.0,0.0
12949,55094,1045,1.0,,0.0
7158,52821,1059,1.0,4580.0,0.0
12544,54936,1006,2.0,4150.0,20.0
8551,53370,1073,4.0,6680.0,5.0
10891,54279,1003,2.0,2040.0,0.0
6183,52439,1013,1.0,220.0,5.0
425,50167,1042,3.0,590.0,15.0
6698,52631,1035,2.0,6470.0,15.0
3926,51548,1032,1.0,1990.0,0.0
5718,52260,1070,1.0,2320.0,10.0
875,50347,1042,1.0,590.0,10.0
6064,52393,1054,1.0,1830.0,15.0
10733,54222,1075,1.0,2140.0,0.0
12302,54843,1015,2.0,3850.0,15.0
16042,56336,1023,1.0,4290.0,0.0
1500,50589,1057,1.0,2370.0,0.0
2825,51119,1020,1.0,,5.0
4846,51919,1042,1.0,590.0,0.0
8984,53539,1017,5.0,3470.0,5.0
15571,56151,1056,3.0,1230.0,0.0
3,50002,1059,4.0,4580.0,0.0
13512,55324,1026,2.0,7010.0,0.0
14216,55609,1053,2.0,3470.0,25.0
12451,54902,1024,2.0,9110.0,20.0
2121,50825,1038,1.0,4270.0,0.0
19600,57751,1003,1.0,2040.0,0.0
10198,54018,1048,1.0,7870.0,25.0
1001,50396,1013,1.0,220.0,10.0
3158,51247,1025,1.0,4730.0,0.0
17618,56945,1040,5.0,3060.0,5.0
9404,53705,1010,1.0,8870.0,0.0
14404,55690,1015,1.0,3850.0,15.0
8511,53352,1074,1.0,1880.0,0.0
15470,56111,1052,3.0,6950.0,10.0
2984,51178,1017,1.0,3470.0,5.0
16270,56423,1008,1.0,6630.0,0.0
7044,52773,1072,3.0,4390.0,5.0
18891,57466,1051,1.0,7060.0,0.0
4686,51851,1061,3.0,8080.0,5.0
142,50060,1048,1.0,7870.0,5.0
16323,56442,1028,1.0,4510.0,0.0
16741,56606,1029,2.0,3490.0,
19112,57556,1019,2.0,4560.0,5.0
1370,50539,1049,1.0,2810.0,25.0
135,50057,1074,3.0,1880.0,5.0
13140,55172,1051,1.0,,0.0
2428,50953,1005,2.0,5510.0,5.0
7109,52800,1063,2.0,1660.0,10.0
16014,56324,1065,2.0,7400.0,5.0
4233,51672,1040,1.0,3060.0,15.0
5117,52027,1027,1.0,7200.0,0.0
14361,55673,1047,1.0,5950.0,0.0
372,50147,1070,2.0,2320.0,0.0
301,50121,1038,1.0,4270.0,0.0
6071,52395,1047,1.0,5950.0,5.0
10765,54233,1021,2.0,5530.0,0.0
9257,53647,1010,3.0,8870.0,5.0
14556,55751,1024,4.0,9110.0,20.0
443,50173,1042,1.0,590.0,0.0
12128,54772,1040,2.0,3060.0,5.0
12271,54829,1035,1.0,6470.0,0.0
15167,55993,1045,3.0,8330.0,
17917,57065,1015,1.0,3850.0,0.0
854,50337,1009,3.0,6030.0,10.0
10929,54295,1003,3.0,2040.0,20.0
9247,53642,1039,1.0,8680.0,0.0
6617,52600,1016,1.0,3350.0,5.0
7602,52988,1071,1.0,1670.0,0.0
17733,56992,1072,3.0,4390.0,0.0
16378,56461,1045,3.0,8330.0,5.0
3386,51338,1014,3.0,2270.0,20.0
17336,56831,1045,1.0,8330.0,5.0
1186,50464,1056,1.0,1230.0,25.0
14280,55636,1049,1.0,2810.0,0.0
7879,53101,1051,1.0,7060.0,5.0
13387,55267,1040,1.0,3060.0,0.0
11400,54482,1060,1.0,5950.0,20.0
16626,56563,1009,1.0,6030.0,0.0
5795,52291,1043,3.0,4500.0,0.0
13757,55420,1042,2.0,590.0,15.0
19543,57726,1043,4.0,4500.0,0.0
7499,52942,1038,1.0,4270.0,5.0
13043,55136,1004,1.0,9380.0,0.0
7661,53012,1022,1.0,3830.0,0.0
10117,53988,1030,1.0,4290.0,10.0
3455,51364,1025,2.0,4730.0,0.0
2052,50798,1053,2.0,3470.0,10.0
3342,51320,1015,2.0,3850.0,15.0
2672,51053,1009,3.0,6030.0,0.0
463,50180,1050,3.0,7140.0,0.0
12764,55023,1015,2.0,3850.0,5.0
19393,57668,1029,2.0,3490.0,10.0
9190,53617,1048,1.0,7870.0,5.0
2645,51042,1061,1.0,8080.0,0.0
19388,57666,1032,1.0,1990.0,25.0
2241,50878,1018,1.0,3890.0,0.0
10934,54296,1071,1.0,1670.0,0.0
19870,57863,1025,2.0,4730.0,15.0
849,50334,1059,1.0,4580.0,5.0
7370,52894,1043,2.0,4500.0,15.0
15387,56075,1009,3.0,6030.0,0.0
15859,56265,1050,2.0,7140.0,0.0
3924,51548,1070,5.0,2320.0,10.0
645,50251,1011,1.0,4590.0,10.0
18637,57355,1008,2.0,6630.0,15.0
2359,50926,1074,3.0,1880.0,15.0
8287,53262,1050,1.0,7140.0,15.0
8147,53207,1039,1.0,8680.0,0.0
14900,55884,1071,2.0,1670.0,0.0
13577,55350,1056,2.0,1230.0,0.0
11101,54363,1052,3.0,6950.0,5.0
7806,53074,1030,2.0,4290.0,10.0
1222,50482,1069,3.0,4090.0,0.0
14241,55619,1007,1.0,1100.0,0.0
17906,57058,1071,2.0,1670.0,20.0
2584,51016,1019,,4560.0,0.0
13256,55221,1059,2.0,4580.0,0.0
597,50234,1019,1.0,4560.0,10.0
8316,53274,1068,2.0,10570.0,0.0
4583,51811,1030,1.0,4290.0,15.0
10909,54285,1015,1.0,3850.0,20.0
4169,51646,1064,1.0,7500.0,0.0
7878,53101,1056,1.0,1230.0,10.0
12314,54849,1020,1.0,720.0,0.0
15019,55938,1045,1.0,8330.0,0.0
19409,57673,1064,1.0,7500.0,20.0
13114,55162,1068,1.0,10570.0,5.0
16751,56610,1019,1.0,4560.0,10.0
14214,55608,1073,3.0,6680.0,10.0
15972,56307,1070,2.0,2320.0,
12089,54754,1055,3.0,1380.0,5.0
18234,57194,1052,2.0,6950.0,15.0
5613,52222,1008,1.0,6630.0,10.0
1389,50547,1020,1.0,720.0,25.0
14991,55923,1056,1.0,1230.0,0.0
8106,53194,1053,1.0,3470.0,0.0
1583,50619,1057,1.0,2370.0,15.0
17063,56731,1049,3.0,2810.0,0.0
2298,50901,1012,1.0,6600.0,5.0
13503,55321,1070,1.0,2320.0,10.0
11616,54566,1048,2.0,7870.0,5.0
19554,57730,1022,1.0,3830.0,0.0
3850,51520,1059,1.0,4580.0,5.0
8707,53430,1037,1.0,2640.0,15.0
7644,53005,1007,1.0,1100.0,10.0
15954,56299,1040,3.0,3060.0,10.0
8533,53360,1074,1.0,1880.0,0.0
15151,55987,1049,1.0,2810.0,0.0
11700,54598,1066,1.0,3610.0,0.0
7105,52798,1012,1.0,6600.0,15.0
15350,56060,1011,1.0,4590.0,10.0
17053,56727,1061,2.0,8080.0,10.0
7729,53043,1021,1.0,5530.0,5.0
1994,50778,1059,3.0,4580.0,5.0
16670,56580,1014,1.0,2270.0,0.0
71,50027,1043,3.0,4500.0,5.0
6641,52610,1064,1.0,7500.0,0.0
15152,55988,1029,4.0,3490.0,25.0
17493,56896,1033,1.0,2910.0,10.0
15378,56071,1020,1.0,720.0,25.0
3649,51443,1037,4.0,2640.0,0.0
5225,52071,1033,1.0,2910.0,5.0
9927,53914,1034,1.0,10530.0,
9770,53852,1035,1.0,6470.0,5.0
8690,53424,1047,3.0,5950.0,10.0
18922,57477,1009,1.0,6030.0,0.0
15917,56288,1024,1.0,9110.0,20.0
10088,53979,1025,1.0,4730.0,15.0
17243,56797,1034,3.0,10530.0,0.0
18902,57468,1012,2.0,6600.0,5.0
18109,57140,1034,1.0,10530.0,20.0
8323,53276,1024,1.0,9110.0,5.0
16716,56597,1060,2.0,5950.0,5.0
8014,53160,1063,1.0,1660.0,0.0
2189,50855,1062,1.0,280.0,0.0
11469,54508,1057,2.0,2370.0,0.0
9083,53578,1016,3.0,3350.0,5.0
840,50330,1004,1.0,9380.0,5.0
8659,53412,1045,1.0,8330.0,15.0
2948,51164,1074,,1880.0,5.0
12760,55022,1053,1.0,3470.0,0.0
14536,55742,1019,1.0,4560.0,0.0
11787,54636,1013,1.0,220.0,5.0
2190,50855,1034,1.0,10530.0,0.0
14980,55920,1049,1.0,2810.0,15.0
20141,57979,1033,1.0,2910.0,10.0
10178,54013,1025,1.0,4730.0,
12662,54986,1050,2.0,7140.0,20.0
128,50055,1010,2.0,8870.0,0.0
12080,54750,1031,1.0,9170.0,10.0
7457,52928,1037,1.0,2640.0,15.0
19662,57776,1022,1.0,3830.0,0.0
13905,55478,1074,2.0,1880.0,0.0
5258,52081,1054,4.0,1830.0,
3887,51534,1048,1.0,7870.0,15.0
15992,56317,1034,2.0,10530.0,0.0
5961,52353,1072,1.0,4390.0,10.0
15177,55997,1062,4.0,280.0,10.0
1363,50537,1057,1.0,2370.0,0.0
19839,57851,1015,2.0,,10.0
18642,57356,1031,1.0,9170.0,5.0
11290,54439,1047,2.0,5950.0,0.0
1603,50625,1012,4.0,6600.0,0.0
14609,55772,1013,4.0,220.0,0.0
17002,56707,1056,1.0,1230.0,5.0
6318,52490,1043,1.0,4500.0,0.0
6276,52472,1073,3.0,6680.0,0.0
3139,51239,1053,2.0,3470.0,0.0
10002,53944,1040,1.0,3060.0,0.0
14796,55844,1027,1.0,7200.0,15.0
17087,56739,1013,1.0,220.0,0.0
3786,51493,1004,2.0,9380.0,5.0
17700,56980,1037,1.0,2640.0,10.0
5367,52125,1036,1.0,6710.0,0.0
6787,52667,1075,3.0,2140.0,0.0
7091,52794,1008,2.0,6630.0,5.0
4509,51783,1045,2.0,8330.0,10.0
17251,56799,1017,1.0,3470.0,20.0
15445,56100,1061,1.0,8080.0,0.0
11256,54428,1056,2.0,1230.0,10.0
17803,57020,1003,1.0,2040.0,0.0
16427,56480,1047,1.0,5950.0,0.0
19736,57805,1032,3.0,1990.0,10.0
30,50012,1026,2.0,7010.0,15.0
831,50327,1010,1.0,8870.0,5.0
9134,53599,1057,3.0,2370.0,5.0
14713,55815,1066,1.0,3610.0,20.0
5441,52156,1020,1.0,720.0,0.0
18405,57262,1027,1.0,7200.0,20.0
13411,55279,1064,1.0,7500.0,0.0
14080,55549,1052,3.0,6950.0,5.0
14023,55526,1048,1.0,7870.0,0.0
19194,57587,1071,2.0,1670.0,0.0
1236,50487,1012,1.0,6600.0,0.0
19727,57802,1022,4.0,3830.0,0.0
11455,54502,1033,1.0,2910.0,0.0
15779,56235,1017,2.0,3470.0,0.0
6640,52610,1013,1.0,220.0,0.0
18490,57297,1007,3.0,1100.0,10.0
17656,56962,1075,2.0,2140.0,20.0
3772,51487,1020,3.0,720.0,0.0
16030,56331,1009,4.0,6030.0,5.0
11049,54342,1012,1.0,6600.0,10.0
10490,54130,1027,2.0,7200.0,0.0
5362,52123,1070,1.0,2320.0,5.0
14377,55679,1031,1.0,9170.0,5.0
19081,57544,1057,2.0,2370.0,0.0
10435,54107,1003,2.0,2040.0,0.0
20006,57921,1069,4.0,4090.0,0.0
7614,52994,1024,1.0,9110.0,0.0
455,50177,1054,5.0,1830.0,0.0
7928,53123,1019,1.0,4560.0,10.0
18718,57391,1023,3.0,4290.0,0.0
16041,56335,1074,2.0,1880.0,5.0
15211,56011,1010,1.0,8870.0,15.0
12160,54787,1059,1.0,4580.0,0.0
14648,55787,1066,4.0,3610.0,0.0
7311,52876,1069,1.0,4090.0,0.0
10441,54110,1075,1.0,2140.0,20.0
18003,57094,1047,1.0,5950.0,0.0
18276,57212,1055,1.0,1380.0,5.0
15433,56096,1054,1.0,1830.0,0.0
1841,50720,1006,2.0,4150.0,5.0
15538,56137,1063,1.0,1660.0,0.0
15266,56031,1008,1.0,6630.0,0.0
3582,51413,1056,2.0,1230.0,15.0
3357,51327,1060,1.0,5950.0,0.0
10566,54161,1032,1.0,1990.0,0.0
16437,56483,1052,3.0,6950.0,0.0
15943,56296,1034,1.0,10530.0,0.0
450,50175,1038,2.0,4270.0,15.0
5914,52333,1018,4.0,3890.0,15.0
7525,52957,1021,1.0,5530.0,15.0
15102,55966,1011,2.0,4590.0,10.0
13289,55233,1048,2.0,7870.0,10.0
14771,55835,1019,2.0,4560.0,0.0
6676,52623,1055,2.0,1380.0,0.0
3927,51549,1020,5.0,720.0,0.0
17625,56947,1048,3.0,7870.0,10.0
14728,55819,1047,2.0,5950.0,0.0
11532,54533,1023,3.0,4290.0,15.0
3644,51441,1047,1.0,5950.0,0.0
3260,51287,1058,1.0,5550.0,0.0
18791,57424,1017,1.0,3470.0,0.0
63,50024,1066,1.0,3610.0,0.0
17637,56952,1014,1.0,2270.0,
3310,51307,1048,1.0,7870.0,10.0
15850,56262,1002,1.0,3080.0,10.0
8818,53474,1014,3.0,2270.0,0.0
10978,54313,1042,1.0,590.0,10.0
14591,55766,1011,1.0,4590.0,0.0
18804,57430,1024,5.0,9110.0,25.0
11089,54358,1014,2.0,2270.0,5.0
5602,52219,1068,2.0,10570.0,10.0
15083,55959,1016,2.0,3350.0,0.0
3237,51279,1035,1.0,6470.0,0.0
1934,50756,1032,1.0,1990.0,5.0
18334,57234,1032,3.0,1990.0,0.0
1502,50590,1062,1.0,280.0,25.0
14001,55516,1074,1.0,1880.0,5.0
20162,57988,1009,1.0,6030.0,20.0
6131,52419,1051,1.0,7060.0,0.0
19898,57875,1035,1.0,6470.0,10.0
11405,54484,1047,1.0,5950.0,20.0
56,50022,1049,1.0,2810.0,10.0
4868,51927,1032,3.0,1990.0,0.0
9625,53793,1016,3.0,3350.0,25.0
3486,51376,1048,2.0,7870.0,0.0
7416,52911,1046,2.0,3450.0,20.0
14258,55626,1016,4.0,3350.0,0.0
1763,50687,1046,4.0,3450.0,0.0
6403,52522,1039,3.0,8680.0,15.0
1034,50409,1065,2.0,7400.0,10.0
6772,52661,1012,1.0,6600.0,5.0
12921,55084,1030,1.0,4290.0,5.0
19793,57832,1045,1.0,8330.0,5.0
983,50389,1016,1.0,3350.0,5.0
14040,55533,1074,1.0,1880.0,5.0
2002,50781,1011,3.0,4590.0,20.0
18200,57182,1039,1.0,8680.0,0.0
4166,51645,1069,4.0,4090.0,0.0
88,50036,1054,3.0,1830.0,10.0
2823,51118,1054,1.0,1830.0,5.0
14778,55837,1075,2.0,2140.0,0.0
3303,51305,1064,2.0,7500.0,5.0
4764,51883,1043,2.0,4500.0,15.0
16572,56542,1021,3.0,5530.0,0.0
981,50387,1003,1.0,2040.0,15.0
3677,51454,1049,2.0,2810.0,5.0
2338,50917,1030,1.0,4290.0,5.0
11445,54498,1054,1.0,1830.0,20.0
17460,56885,1058,1.0,5550.0,15.0
12253,54821,1055,1.0,1380.0,15.0
6428,52531,1012,1.0,6600.0,10.0
12231,54814,1005,2.0,5510.0,25.0
9000,53546,1026,1.0,7010.0,5.0
1565,50611,1033,1.0,2910.0,10.0
19953,57898,1054,1.0,1830.0,0.0
4512,51784,1038,4.0,4270.0,0.0
13153,55178,1030,1.0,4290.0,0.0
8069,53179,1023,2.0,4290.0,5.0
6260,52467,1025,1.0,4730.0,10.0
5591,52215,1003,1.0,2040.0,0.0
18393,57257,1034,1.0,10530.0,20.0
2361,50926,1059,1.0,4580.0,5.0
2269,50890,1014,1.0,2270.0,0.0
10368,54081,1048,2.0,7870.0,15.0
11595,54558,1032,1.0,1990.0,0.0
13445,55294,1053,2.0,3470.0,25.0
13516,55326,1062,2.0,280.0,10.0
16859,56649,1070,1.0,2320.0,15.0
16742,56607,1015,5.0,3850.0,10.0
12097,54757,1072,1.0,4390.0,20.0
20046,57939,1040,1.0,3060.0,0.0
4962,51966,1057,1.0,2370.0,5.0
15132,55980,1070,1.0,2320.0,10.0
7326,52880,1039,2.0,8680.0,0.0
9363,53687,1015,1.0,3850.0,0.0
3378,51334,1064,2.0,7500.0,0.0
4635,51833,1065,1.0,7400.0,0.0
12390,54881,1012,1.0,6600.0,0.0
8300,53268,1024,2.0,9110.0,15.0
2674,51053,1047,1.0,5950.0,5.0
13001,55115,1007,1.0,1100.0,5.0
15029,55943,1033,5.0,2910.0,25.0
1497,50588,1056,2.0,1230.0,0.0
15314,56048,1038,1.0,4270.0,0.0
17583,56932,1034,1.0,10530.0,0.0
18650,57361,1010,1.0,8870.0,20.0
8294,53266,1054,3.0,1830.0,15.0
8677,53419,1074,1.0,1880.0,25.0
6105,52406,1031,2.0,9170.0,25.0
16524,56522,1059,2.0,4580.0,0.0
3824,51509,1017,2.0,3470.0,10.0
18194,57180,1032,1.0,1990.0,15.0
19179,57581,1046,1.0,3450.0,15.0
16430,56481,1075,3.0,2140.0,0.0
225,50090,1036,3.0,6710.0,5.0
9307,53667,1011,2.0,4590.0,10.0
20014,57925,1010,,8870.0,5.0
17599,56936,1020,1.0,720.0,20.0
14645,55786,1014,1.0,2270.0,10.0
12873,55067,1028,2.0,4510.0,15.0
11983,54711,1036,1.0,6710.0,0.0
19182,57582,1026,1.0,7010.0,5.0
5002,51982,1005,2.0,5510.0,10.0
13023,55124,1002,2.0,3080.0,10.0
13363,55260,1069,4.0,4090.0,5.0
10314,54060,1014,1.0,2270.0,10.0
1243,50490,1052,1.0,6950.0,0.0
13149,55177,1040,2.0,3060.0,5.0
9897,53903,1070,4.0,2320.0,25.0
11408,54485,1026,1.0,7010.0,20.0
4541,51795,1065,1.0,7400.0,5.0
15258,56027,1007,1.0,1100.0,10.0
4065,51603,1026,1.0,7010.0,0.0
8340,53283,1046,3.0,3450.0,10.0
8017,53160,1004,4.0,9380.0,0.0
5767,52280,1043,1.0,4500.0,10.0
123,50053,1057,4.0,2370.0,5.0
16927,56675,1072,2.0,4390.0,0.0
12525,54930,1030,1.0,4290.0,5.0
661,50257,1071,1.0,1670.0,0.0
7892,53108,1069,2.0,4090.0,10.0
10214,54025,1018,3.0,3890.0,5.0
18731,57395,1014,1.0,2270.0,0.0
895,50354,1027,1.0,7200.0,0.0
2488,50978,1018,1.0,3890.0,15.0
14046,55535,1074,2.0,1880.0,15.0
11569,54549,1038,2.0,4270.0,25.0
2554,51004,1014,4.0,2270.0,10.0
9654,53807,1048,1.0,7870.0,0.0
17915,57063,1024,1.0,9110.0,0.0
9302,53665,1018,1.0,3890.0,5.0
13422,55284,1031,1.0,9170.0,20.0
6819,52685,1036,2.0,6710.0,5.0
1557,50609,1007,1.0,1100.0,0.0
859,50339,1051,2.0,7060.0,0.0
2973,51174,1072,2.0,4390.0,0.0
14128,55570,1047,1.0,5950.0,0.0
3769,51486,1054,2.0,1830.0,5.0
11322,54452,1041,3.0,700.0,0.0
9978,53933,1045,2.0,8330.0,10.0
1279,50504,1007,1.0,1100.0,0.0
16817,56633,1001,2.0,6530.0,5.0
1320,50519,1061,1.0,8080.0,0.0
13656,55379,1017,1.0,3470.0,10.0
14099,55558,1017,1.0,3470.0,0.0
18866,57457,1015,1.0,3850.0,5.0
1362,50537,1050,1.0,7140.0,15.0
17879,57049,1032,1.0,1990.0,10.0
12963,55099,1049,1.0,2810.0,10.0
5972,52357,1072,2.0,4390.0,0.0
10203,54020,1066,1.0,3610.0,10.0
11025,54332,1032,1.0,1990.0,0.0
11907,54681,1066,1.0,3610.0,10.0
1897,50740,1074,3.0,1880.0,10.0
1289,50509,1012,2.0,6600.0,10.0
11129,54374,1019,1.0,4560.0,20.0
14250,55623,1063,2.0,1660.0,0.0
5837,52306,1023,2.0,4290.0,15.0
17935,57071,1058,,5550.0,5.0
9918,53911,1012,1.0,6600.0,0.0
10431,54106,1011,5.0,4590.0,10.0
1703,50664,1054,1.0,1830.0,20.0
1638,50640,1075,1.0,2140.0,0.0
1926,50753,1019,1.0,4560.0,20.0
12927,55086,1032,3.0,1990.0,0.0
18884,57463,1034,1.0,10530.0,0.0
14433,55700,1011,1.0,4590.0,0.0
1224,50483,1011,2.0,4590.0,0.0
5092,52019,1009,3.0,6030.0,15.0
20165,57989,1042,1.0,590.0,5.0
10351,54075,1051,1.0,7060.0,20.0
10949,54303,1067,1.0,4370.0,5.0
16717,56597,1062,1.0,280.0,10.0
7772,53058,1038,2.0,4270.0,0.0
16328,56444,1018,1.0,3890.0,10.0
14254,55624,1055,1.0,1380.0,0.0
14759,55831,1054,1.0,1830.0,0.0
12501,54922,1009,2.0,6030.0,15.0
1081,50425,1023,1.0,,5.0
5942,52344,1040,1.0,3060.0,10.0
11897,54677,1038,2.0,4270.0,15.0
3093,51222,1021,1.0,5530.0,10.0
5680,52246,1048,1.0,7870.0,0.0
1083,50425,1051,2.0,7060.0,0.0
6021,52376,1026,3.0,7010.0,20.0
7252,52855,1043,1.0,4500.0,5.0
14101,55558,1043,1.0,4500.0,5.0
5758,52275,1015,1.0,3850.0,5.0
2797,51104,1057,1.0,2370.0,15.0
16189,56390,1044,1.0,3230.0,0.0
7970,53142,1020,2.0,720.0,0.0
15666,56190,1072,4.0,4390.0,5.0
7099,52797,1066,1.0,3610.0,0.0
9841,53879,1036,1.0,6710.0,0.0
4873,51929,1041,1.0,700.0,0.0
2071,50807,1014,1.0,2270.0,0.0
12821,55049,1032,4.0,1990.0,25.0
5991,52364,1011,3.0,4590.0,0.0
15748,56223,1067,2.0,4370.0,5.0
9457,53729,1034,1.0,10530.0,0.0
20109,57968,1061,3.0,8080.0,15.0
17405,56864,1022,4.0,3830.0,0.0
6742,52651,1068,1.0,10570.0,0.0
11875,54670,1060,1.0,5950.0,10.0
7752,53053,1027,2.0,7200.0,0.0
7874,53100,1011,3.0,4590.0,10.0
1639,50640,1007,1.0,1100.0,10.0
9988,53937,1067,3.0,4370.0,10.0
9032,53562,1008,1.0,6630.0,0.0
13260,55222,1017,2.0,3470.0,5.0
10873,54272,1034,1.0,10530.0,0.0
13365,55261,1063,3.0,1660.0,0.0
3635,51436,1042,2.0,590.0,5.0
19047,57530,1075,4.0,2140.0,5.0
13146,55176,1003,1.0,2040.0,0.0
1665,50651,1010,1.0,8870.0,10.0
9230,53635,1026,1.0,7010.0,0.0
15900,56279,1038,3.0,4270.0,0.0
11944,54693,1009,2.0,6030.0,10.0
1628,50636,1044,1.0,,0.0
2864,51134,1025,,4730.0,0.0
2727,51075,1061,5.0,8080.0,5.0
15277,56035,1070,1.0,2320.0,10.0
9794,53861,1041,3.0,700.0,10.0
8874,53496,1010,4.0,8870.0,5.0
3531,51394,1054,1.0,1830.0,15.0
19082,57544,1055,1.0,1380.0,0.0
17505,56900,1038,1.0,4270.0,20.0
9191,53618,1004,3.0,9380.0,20.0
6585,52590,1038,3.0,4270.0,15.0
9845,53882,1075,1.0,2140.0,10.0
12814,55046,1023,2.0,4290.0,20.0
4528,51790,1045,1.0,8330.0,0.0
4947,51961,1016,1.0,3350.0,0.0
17166,56768,1025,1.0,4730.0,0.0
4580,51810,1035,2.0,6470.0,25.0
159,50065,1057,2.0,2370.0,20.0
16025,56329,1054,4.0,1830.0,15.0
16445,56485,1015,3.0,3850.0,5.0
19802,57835,1049,1.0,2810.0,0.0
10452,54114,1017,1.0,3470.0,10.0
1212,50476,1009,1.0,6030.0,20.0
3287,51299,1027,4.0,7200.0,0.0
1676,50655,1010,2.0,8870.0,25.0
14956,55911,1030,1.0,4290.0,5.0
19462,57696,1060,5.0,5950.0,15.0
4196,51657,1064,1.0,7500.0,25.0
15619,56171,1036,,6710.0,20.0
9810,53868,1060,2.0,5950.0,15.0
6054,52389,1038,2.0,4270.0,10.0
6732,52646,1037,1.0,2640.0,0.0
9287,53658,1043,5.0,4500.0,0.0
462,50179,1018,3.0,3890.0,5.0
766,50299,1061,1.0,8080.0,0.0
8801,53467,1053,1.0,3470.0,0.0
5006,51983,1047,2.0,5950.0,15.0
14142,55576,1031,4.0,9170.0,0.0
9645,53803,1022,2.0,3830.0,0.0
9805,53864,1003,2.0,2040.0,10.0
17775,57009,1019,3.0,4560.0,0.0
6003,52369,1004,2.0,9380.0,10.0
8131,53201,1066,2.0,3610.0,5.0
6117,52411,1056,1.0,1230.0,0.0
5564,52201,1068,2.0,10570.0,15.0
15659,56188,1037,1.0,2640.0,15.0
18248,57199,1075,1.0,2140.0,
16591,56550,1051,1.0,7060.0,10.0
17585,56932,1048,1.0,7870.0,5.0
9570,53771,1070,1.0,2320.0,0.0
9807,53866,1026,2.0,7010.0,10.0
6699,52632,1023,1.0,4290.0,15.0
15854,56263,1027,2.0,7200.0,5.0
20172,57992,1069,2.0,4090.0,0.0
17306,56821,1039,1.0,8680.0,5.0
2238,50877,1061,2.0,8080.0,5.0
932,50370,1018,1.0,3890.0,0.0
15416,56087,1039,2.0,8680.0,0.0
6042,52384,1043,,4500.0,15.0
9517,53753,1051,2.0,7060.0,0.0
5923,52337,1032,1.0,1990.0,5.0
2041,50793,1024,2.0,9110.0,0.0
5541,52194,1035,2.0,6470.0,10.0
11291,54440,1025,1.0,4730.0,10.0
18560,57324,1044,1.0,3230.0,10.0
13881,55469,1059,1.0,4580.0,0.0
9751,53845,1055,3.0,1380.0,10.0
7222,52844,1018,2.0,3890.0,15.0
4511,51784,1012,4.0,6600.0,0.0
12065,54743,1046,5.0,3450.0,5.0
8967,53533,1023,3.0,4290.0,0.0
2570,51011,1041,2.0,700.0,0.0
16403,56470,1021,4.0,5530.0,5.0
1302,50514,1016,1.0,3350.0,10.0
10461,54118,1017,2.0,,0.0
5498,52178,1004,3.0,9380.0,10.0
7647,53006,1027,1.0,7200.0,0.0
17261,56803,1051,2.0,7060.0,10.0
1700,50663,1023,2.0,4290.0,0.0
8267,53254,1072,2.0,4390.0,0.0
750,50292,1019,1.0,4560.0,0.0
1504,50590,1074,3.0,1880.0,15.0
17567,56927,1018,1.0,3890.0,0.0
17018,56712,1015,2.0,3850.0,20.0
11764,54626,1005,3.0,5510.0,0.0
7080,52788,1074,1.0,1880.0,5.0
6478,52548,1040,1.0,3060.0,0.0
3255,51286,1039,1.0,8680.0,15.0
14529,55739,1057,1.0,2370.0,5.0
19821,57842,1012,1.0,6600.0,10.0
19330,57644,1065,1.0,7400.0,0.0
15536,56137,1043,2.0,4500.0,
17927,57069,1067,1.0,4370.0,5.0
16922,56672,1066,1.0,3610.0,15.0
12461,54905,1018,2.0,3890.0,10.0
16850,56647,1015,,3850.0,
1702,50664,1048,2.0,7870.0,15.0
9542,53762,1056,2.0,1230.0,5.0
15330,56053,1034,1.0,10530.0,10.0
1679,50656,1020,2.0,720.0,0.0
6496,52555,1042,1.0,590.0,5.0
23,50009,1002,1.0,3080.0,0.0
3200,51264,1036,1.0,6710.0,0.0
5854,52313,1031,1.0,9170.0,0.0
6408,52525,1075,1.0,2140.0,10.0
10091,53980,1074,1.0,1880.0,10.0
5836,52306,1010,1.0,8870.0,10.0
688,50266,1021,2.0,5530.0,0.0
15639,56180,1012,1.0,6600.0,15.0
7578,52979,1075,1.0,2140.0,10.0
12015,54724,1072,2.0,4390.0,10.0
16893,56662,1038,1.0,4270.0,10.0
16978,56694,1013,1.0,220.0,0.0
16377,56461,1066,1.0,3610.0,15.0
17720,56988,1011,3.0,4590.0,5.0
14087,55551,1051,1.0,7060.0,10.0
219,50088,1021,1.0,5530.0,5.0
18612,57344,1030,4.0,4290.0,5.0
18491,57297,1073,1.0,6680.0,0.0
5280,52090,1044,4.0,3230.0,0.0
7031,52766,1036,1.0,6710.0,10.0
2462,50968,1068,2.0,10570.0,10.0
842,50330,1064,3.0,7500.0,15.0
13103,55158,1073,2.0,6680.0,10.0
10241,54035,1037,2.0,2640.0,0.0
3966,51563,1030,1.0,4290.0,15.0
18783,57420,1024,1.0,9110.0,5.0
1790,50697,1019,1.0,4560.0,0.0
5905,52331,1004,4.0,9380.0,0.0
11178,54394,1003,1.0,2040.0,5.0
14021,55525,1025,4.0,4730.0,5.0
5856,52314,1048,2.0,7870.0,0.0
9739,53841,1005,1.0,5510.0,0.0
8694,53425,1075,1.0,2140.0,10.0
11075,54351,1057,4.0,2370.0,10.0
1534,50601,1052,1.0,6950.0,25.0
7591,52983,1026,1.0,7010.0,15.0
15150,55986,1061,1.0,8080.0,5.0
18453,57282,1047,,5950.0,5.0
2224,50871,1025,3.0,4730.0,0.0
12733,55011,1038,1.0,4270.0,0.0
13069,55145,1045,1.0,8330.0,0.0
17777,57010,1009,4.0,6030.0,0.0
7055,52778,1051,4.0,7060.0,10.0
178,50072,1035,1.0,6470.0,10.0
9772,53853,1013,1.0,220.0,10.0
12739,55014,1043,1.0,4500.0,0.0
5996,52366,1001,2.0,6530.0,5.0
3224,51272,1061,3.0,8080.0,5.0
3879,51532,1061,2.0,8080.0,15.0
10977,54313,1006,5.0,4150.0,10.0
5936,52342,1038,1.0,4270.0,15.0
1538,50602,1068,1.0,10570.0,25.0
11268,54431,1007,1.0,1100.0,0.0
4507,51782,1036,2.0,6710.0,15.0
18970,57496,1073,1.0,6680.0,5.0
16732,56602,1032,2.0,1990.0,0.0
16028,56331,1035,4.0,6470.0,20.0
4199,51657,1061,1.0,8080.0,5.0
18894,57466,1030,1.0,4290.0,0.0
17374,56848,1058,2.0,5550.0,0.0
487,50189,1072,2.0,4390.0,10.0
18909,57471,1011,1.0,4590.0,10.0
15321,56050,1033,1.0,2910.0,5.0
12543,54936,1018,4.0,3890.0,10.0
8204,53232,1073,1.0,6680.0,10.0
7180,52828,1065,3.0,7400.0,5.0
9009,53549,1026,2.0,7010.0,5.0
19599,57751,1008,2.0,6630.0,0.0
7336,52883,1020,3.0,720.0,0.0
13626,55368,1041,1.0,700.0,10.0
12752,55020,1045,1.0,8330.0,10.0
14691,55806,1054,1.0,1830.0,15.0
17478,56891,1010,1.0,8870.0,0.0
11365,54470,1054,2.0,1830.0,0.0
4939,51957,1061,2.0,,0.0
138,50059,1002,1.0,3080.0,0.0
16883,56659,1043,1.0,4500.0,0.0
14884,55878,1070,2.0,2320.0,10.0
11573,54550,1010,3.0,8870.0,15.0
10805,54247,1038,5.0,4270.0,5.0
12504,54923,1061,2.0,8080.0,5.0
8576,53380,1055,2.0,1380.0,25.0
16438,56483,1060,1.0,5950.0,15.0
14692,55806,1051,1.0,7060.0,5.0
16993,56702,1072,2.0,4390.0,10.0
5863,52316,1063,1.0,1660.0,20.0
1314,50517,1059,2.0,4580.0,15.0
7156,52821,1032,1.0,1990.0,0.0
20022,57928,1021,4.0,5530.0,0.0
11732,54612,1039,2.0,8680.0,0.0
15830,56255,1066,1.0,3610.0,0.0
9151,53604,1073,1.0,6680.0,10.0
813,50321,1022,4.0,3830.0,25.0
8408,53310,1053,5.0,3470.0,5.0
16688,56587,1040,2.0,3060.0,5.0
6801,52675,1018,2.0,3890.0,25.0
17591,56934,1056,1.0,1230.0,10.0
4958,51965,1016,3.0,3350.0,5.0
7867,53095,1044,3.0,3230.0,0.0
18404,57261,1061,1.0,8080.0,15.0
11247,54425,1015,1.0,3850.0,10.0
3283,51297,1042,1.0,590.0,15.0
15397,56079,1053,1.0,3470.0,0.0
2697,51063,1024,1.0,9110.0,15.0
6341,52499,1053,1.0,3470.0,5.0
1221,50481,1037,1.0,2640.0,15.0
11399,54482,1046,4.0,3450.0,0.0
3519,51387,1052,2.0,6950.0,5.0
11001,54323,1046,4.0,3450.0,0.0
14406,55691,1054,1.0,1830.0,5.0
9256,53647,1023,2.0,4290.0,5.0
17954,57078,1002,1.0,3080.0,15.0
5204,52062,1020,1.0,720.0,15.0
10713,54216,1050,1.0,7140.0,20.0
12077,54748,1043,2.0,4500.0,15.0
11307,54447,1065,1.0,7400.0,5.0
1256,50495,1037,2.0,2640.0,0.0
3050,51206,1072,5.0,4390.0,0.0
15684,56199,1066,3.0,3610.0,10.0
10451,54114,1064,1.0,7500.0,0.0
1892,50739,1044,1.0,3230.0,0.0
17595,56935,1022,1.0,3830.0,10.0
17729,56991,1029,1.0,3490.0,25.0
18582,57333,1001,1.0,6530.0,0.0
11927,54688,1001,1.0,6530.0,0.0
2850,51130,1039,3.0,8680.0,0.0
17333,56830,1007,2.0,1100.0,5.0
17696,56978,1047,2.0,5950.0,20.0
3121,51233,1066,1.0,3610.0,0.0
12792,55035,1011,2.0,4590.0,10.0
11934,54690,1064,1.0,7500.0,20.0
16372,56459,1030,1.0,4290.0,10.0
911,50360,1055,2.0,1380.0,0.0
15287,56038,1066,1.0,3610.0,5.0
18153,57160,1060,1.0,5950.0,0.0
18586,57334,1072,1.0,4390.0,5.0
18039,57112,1061,1.0,8080.0,0.0
12195,54799,1069,3.0,4090.0,10.0
1109,50437,1054,1.0,1830.0,15.0
13839,55453,1049,2.0,2810.0,0.0
6528,52565,1002,1.0,3080.0,5.0
18074,57124,1075,3.0,2140.0,5.0
13297,55237,1032,2.0,1990.0,0.0
3228,51274,1075,1.0,2140.0,10.0
1040,50410,1066,1.0,,0.0
8449,53327,1061,1.0,8080.0,0.0
7600,52987,1018,1.0,3890.0,5.0
6087,52400,1065,1.0,7400.0,20.0
3823,51509,1063,3.0,1660.0,0.0
12473,54910,1054,3.0,1830.0,0.0
11031,54334,1015,1.0,3850.0,5.0
19251,57610,1069,2.0,4090.0,10.0
13299,55238,1005,3.0,5510.0,0.0
12202,54802,1023,5.0,4290.0,0.0
15887,56275,1035,1.0,6470.0,15.0
19276,57619,1040,1.0,3060.0,0.0
5017,51988,1052,2.0,6950.0,10.0
12462,54906,1038,2.0,4270.0,5.0
10767,54234,1038,3.0,4270.0,0.0
17633,56949,1012,4.0,6600.0,0.0
2869,51135,1008,2.0,6630.0,0.0
5989,52363,1030,3.0,4290.0,25.0
19770,57820,1042,4.0,590.0,0.0
13605,55360,1014,1.0,2270.0,5.0
14237,55617,1062,2.0,280.0,0.0
2556,51005,1043,1.0,4500.0,0.0
9774,53855,1018,2.0,3890.0,25.0
4861,51924,1047,1.0,5950.0,0.0
12964,55099,1059,1.0,4580.0,0.0
8085,53185,1027,3.0,7200.0,15.0
6310,52486,1012,1.0,6600.0,5.0
4312,51707,1075,1.0,,15.0
11683,54592,1045,1.0,8330.0,5.0
11665,54584,1042,5.0,590.0,5.0
17948,57076,1011,4.0,4590.0,0.0
19962,57903,1039,1.0,8680.0,0.0
13089,55152,1006,3.0,4150.0,5.0
10378,54084,1074,2.0,1880.0,5.0
1886,50737,1041,3.0,700.0,0.0
9270,53653,1045,3.0,8330.0,25.0
16234,56406,1074,1.0,1880.0,5.0
1398,50550,1017,4.0,3470.0,0.0
11962,54701,1061,2.0,8080.0,0.0
5096,52020,1033,2.0,2910.0,25.0
14354,55670,1073,2.0,6680.0,0.0
7043,52773,1058,2.0,5550.0,0.0
19366,57657,1060,2.0,5950.0,0.0
18295,57219,1014,2.0,2270.0,20.0
5907,52331,1002,1.0,3080.0,0.0
914,50362,1051,2.0,7060.0,25.0
11867,54667,1001,1.0,6530.0,5.0
10781,54239,1030,1.0,4290.0,0.0
1156,50456,1054,1.0,1830.0,10.0
7933,53125,1042,2.0,590.0,10.0
14821,55853,1007,1.0,1100.0,15.0
4772,51886,1055,1.0,1380.0,20.0
3933,51552,1038,1.0,4270.0,0.0
18754,57406,1061,1.0,8080.0,20.0
13262,55223,1025,1.0,4730.0,25.0
12215,54807,1066,1.0,3610.0,0.0
10998,54322,1001,2.0,6530.0,20.0
15582,56155,1040,2.0,3060.0,5.0
10645,54191,1004,1.0,9380.0,0.0
10064,53968,1058,1.0,5550.0,0.0
4126,51629,1072,3.0,4390.0,0.0
2174,50848,1047,2.0,5950.0,15.0
9368,53688,1038,5.0,4270.0,10.0
830,50326,1038,3.0,4270.0,5.0
8822,53476,1061,3.0,8080.0,0.0
3190,51261,1027,2.0,7200.0,10.0
7521,52955,1004,1.0,9380.0,5.0
2427,50952,1066,2.0,3610.0,0.0
6350,52503,1033,1.0,2910.0,0.0
1031,50408,1005,1.0,5510.0,0.0
1460,50572,1012,1.0,6600.0,5.0
17735,56994,1075,2.0,2140.0,20.0
4331,51715,1062,2.0,280.0,10.0
1038,50410,1062,1.0,280.0,5.0
7224,52845,1051,1.0,7060.0,0.0
3867,51527,1073,1.0,6680.0,0.0
13715,55404,1063,1.0,1660.0,20.0
18644,57357,1065,1.0,7400.0,0.0
9070,53574,1007,1.0,1100.0,0.0
10908,54285,1017,1.0,3470.0,5.0
1947,50760,1072,1.0,4390.0,5.0
16766,56616,1074,3.0,1880.0,15.0
4326,51713,1069,1.0,4090.0,10.0
9004,53547,1050,2.0,7140.0,10.0
18745,57401,1027,1.0,7200.0,5.0
1737,50678,1040,1.0,3060.0,10.0
9586,53778,1064,1.0,7500.0,0.0
5693,52251,1025,1.0,4730.0,20.0
4837,51916,1028,3.0,4510.0,20.0
9021,53557,1024,2.0,9110.0,0.0
4235,51673,1019,2.0,4560.0,15.0
3227,51273,1051,1.0,7060.0,0.0
461,50179,1075,1.0,2140.0,5.0
17854,57040,1042,1.0,590.0,15.0
9033,53562,1009,1.0,6030.0,10.0
18190,57178,1056,2.0,1230.0,10.0
16627,56564,1020,2.0,720.0,10.0
1993,50778,1037,1.0,2640.0,5.0
18916,57474,1053,1.0,3470.0,5.0
10690,54207,1001,2.0,6530.0,5.0
8906,53509,1031,1.0,9170.0,5.0
8668,53415,1041,3.0,700.0,20.0
2667,51051,1032,3.0,1990.0,0.0
1854,50725,1059,1.0,4580.0,20.0
8957,53530,1036,1.0,6710.0,0.0
10848,54262,1031,2.0,9170.0,0.0
11881,54671,1060,2.0,5950.0,5.0
7291,52868,1049,1.0,2810.0,0.0
5005,51983,1040,1.0,3060.0,20.0
14219,55610,1019,1.0,4560.0,25.0
7816,53076,1068,2.0,10570.0,20.0
19784,57828,1023,,4290.0,5.0
12531,54933,1027,2.0,7200.0,0.0
4467,51768,1064,2.0,7500.0,20.0
8660,53413,1021,1.0,5530.0,0.0
2758,51090,1030,1.0,4290.0,20.0
20092,57959,1071,1.0,1670.0,5.0
4414,51743,1034,1.0,10530.0,5.0
14259,55626,1042,2.0,590.0,0.0
4943,51959,1013,1.0,220.0,0.0
15812,56248,1053,2.0,3470.0,10.0
11033,54336,1050,2.0,7140.0,0.0
19849,57854,1048,1.0,7870.0,10.0
16250,56413,1058,1.0,5550.0,20.0
18538,57315,1059,2.0,4580.0,0.0
8819,53474,1048,1.0,7870.0,25.0
1276,50504,1006,1.0,4150.0,15.0
19526,57720,1041,1.0,700.0,10.0
9844,53881,1050,1.0,7140.0,0.0
2806,51111,1069,1.0,4090.0,20.0
15799,56242,1029,1.0,3490.0,0.0
9553,53766,1070,1.0,2320.0,5.0
11220,54413,1037,1.0,2640.0,10.0
1201,50471,1073,2.0,6680.0,15.0
8655,53411,1052,5.0,6950.0,10.0
15948,56298,1048,1.0,7870.0,5.0
17483,56893,1049,1.0,2810.0,0.0
2249,50881,1055,1.0,1380.0,15.0
1733,50677,1020,1.0,720.0,20.0
16672,56581,1003,1.0,2040.0,5.0
9039,53564,1048,2.0,7870.0,15.0
8113,53196,1055,1.0,1380.0,10.0
13648,55375,1071,1.0,1670.0,10.0
9171,53611,1011,1.0,4590.0,15.0
8723,53437,1038,1.0,4270.0,10.0
11234,54419,1070,1.0,2320.0,20.0
14200,55600,1040,1.0,3060.0,10.0
20066,57947,1004,1.0,9380.0,0.0
20068,57948,1062,2.0,280.0,5.0
9834,53877,1054,1.0,1830.0,20.0
18073,57124,1019,1.0,4560.0,0.0
15169,55994,1063,1.0,1660.0,10.0
19636,57766,1050,1.0,7140.0,0.0
14092,55554,1029,2.0,3490.0,0.0
3201,51264,1064,2.0,7500.0,15.0
13019,55123,1006,1.0,4150.0,0.0
10700,54211,1040,2.0,3060.0,5.0
3354,51326,1006,2.0,4150.0,15.0
19126,57562,1031,1.0,9170.0,10.0
427,50168,1071,1.0,1670.0,0.0
6750,52653,1057,1.0,2370.0,20.0
16491,56508,1061,1.0,8080.0,10.0
896,50354,1071,3.0,1670.0,20.0
2079,50810,1021,1.0,5530.0,10.0
215,50086,1067,1.0,4370.0,10.0
13899,55475,1034,2.0,10530.0,10.0
4689,51853,1020,4.0,720.0,0.0
11607,54562,1008,2.0,6630.0,0.0
10365,54080,1071,2.0,1670.0,0.0
5610,52221,1053,2.0,3470.0,0.0
2008,50782,1014,1.0,2270.0,10.0
6860,52700,1038,1.0,4270.0,0.0
4563,51803,1053,1.0,3470.0,0.0
10261,54043,1035,1.0,6470.0,0.0
14551,55749,1048,1.0,7870.0,0.0
10049,53963,1069,3.0,4090.0,10.0
6633,52607,1066,3.0,3610.0,5.0
11904,54680,1060,1.0,5950.0,10.0
5149,52040,1024,2.0,9110.0,10.0
20113,57969,1058,1.0,5550.0,10.0
4206,51660,1026,,7010.0,10.0
19695,57789,1064,1.0,7500.0,0.0
8311,53272,1070,2.0,2320.0,5.0
5776,52283,1062,2.0,280.0,5.0
7638,53003,1002,1.0,3080.0,0.0
15906,56282,1034,3.0,10530.0,5.0
4659,51842,1006,2.0,4150.0,0.0
3538,51398,1054,2.0,1830.0,10.0
12720,55006,1020,2.0,720.0,5.0
3606,51423,1046,1.0,3450.0,25.0
6219,52453,1010,1.0,8870.0,0.0
13408,55277,1028,1.0,4510.0,5.0
8968,53534,1013,2.0,220.0,0.0
8442,53324,1052,1.0,6950.0,5.0
17796,57017,1074,1.0,1880.0,0.0
10522,54143,1003,1.0,,0.0
5135,52034,1001,1.0,6530.0,10.0
5260,52082,1041,2.0,700.0,0.0
13169,55184,1050,2.0,7140.0,5.0
8978,53537,1026,3.0,7010.0,5.0
5439,52154,1044,2.0,3230.0,0.0
1786,50696,1071,3.0,1670.0,0.0
2518,50989,1025,1.0,4730.0,15.0
3323,51312,1010,1.0,8870.0,5.0
233,50093,1049,1.0,2810.0,5.0
2801,51107,1041,2.0,700.0,
18272,57211,1070,1.0,2320.0,0.0
11227,54416,1020,1.0,720.0,10.0
4797,51896,1072,,4390.0,5.0
19814,57840,1025,3.0,4730.0,20.0
19119,57559,1008,1.0,6630.0,5.0
2056,50801,1072,4.0,4390.0,10.0
17300,56817,1049,1.0,2810.0,5.0
11052,54344,1062,1.0,280.0,0.0
12656,54984,1001,1.0,6530.0,10.0
8770,53454,1020,3.0,720.0,0.0
10386,54087,1045,1.0,8330.0,0.0
3306,51306,1023,2.0,4290.0,5.0
19646,57770,1023,3.0,4290.0,15.0
2351,50922,1027,5.0,7200.0,15.0
8379,53296,1045,4.0,8330.0,10.0
18493,57297,1023,3.0,4290.0,10.0
14562,55752,1011,1.0,4590.0,10.0
16399,56468,1071,,1670.0,0.0
19901,57876,1054,2.0,1830.0,0.0
15208,56010,1049,1.0,2810.0,0.0
16898,56663,1033,1.0,2910.0,5.0
8754,53448,1067,1.0,4370.0,15.0
16002,56320,1068,2.0,10570.0,5.0
739,50287,1057,2.0,2370.0,10.0
6372,52512,1039,1.0,8680.0,5.0
19577,57741,1064,2.0,7500.0,5.0
15792,56239,1047,4.0,5950.0,0.0
13232,55212,1026,2.0,7010.0,0.0
15036,55944,1059,1.0,4580.0,0.0
5640,52231,1005,1.0,5510.0,20.0
7443,52921,1010,1.0,8870.0,0.0
11745,54618,1074,1.0,1880.0,0.0
15161,55991,1018,3.0,3890.0,10.0
3968,51564,1057,4.0,2370.0,0.0
16577,56545,1056,2.0,1230.0,0.0
3338,51319,1008,2.0,6630.0,15.0
5125,52031,1069,5.0,4090.0,5.0
19678,57780,1002,3.0,3080.0,0.0
17116,56750,1023,,4290.0,0.0
2690,51061,1050,1.0,7140.0,5.0
6378,52514,1066,1.0,3610.0,0.0
4641,51835,1059,2.0,4580.0,10.0
2464,50969,1075,1.0,2140.0,15.0
13277,55228,1039,1.0,8680.0,5.0
18093,57133,1002,1.0,,0.0
6475,52547,1018,1.0,3890.0,5.0
15615,56169,1062,1.0,280.0,0.0
12874,55068,1035,1.0,6470.0,20.0
2550,51002,1006,2.0,4150.0,10.0
1587,50621,1004,1.0,9380.0,5.0
15934,56292,1003,2.0,2040.0,0.0
4291,51698,1019,2.0,4560.0,10.0
1122,50441,1010,3.0,8870.0,5.0
10415,54098,1051,1.0,7060.0,5.0
17101,56745,1041,2.0,700.0,15.0
13288,55233,1066,2.0,3610.0,15.0
6602,52596,1006,2.0,4150.0,5.0
10197,54018,1073,1.0,6680.0,5.0
2932,51159,1024,4.0,9110.0,5.0
8525,53357,1023,2.0,4290.0,5.0
14199,55599,1002,1.0,3080.0,10.0
171,50070,1034,1.0,10530.0,0.0
3080,51217,1005,1.0,5510.0,0.0
6955,52736,1055,1.0,1380.0,0.0
13867,55463,1053,1.0,3470.0,0.0
1106,50436,1003,1.0,2040.0,5.0
3132,51237,1051,2.0,7060.0,0.0
2291,50897,1062,4.0,280.0,0.0
8105,53194,1015,2.0,3850.0,5.0
1490,50584,1036,4.0,6710.0,10.0
18328,57231,1026,1.0,7010.0,5.0
2064,50805,1044,1.0,3230.0,10.0
12490,54917,1037,1.0,2640.0,5.0
6828,52688,1041,2.0,700.0,10.0
14362,55673,1066,2.0,3610.0,0.0
10923,54291,1053,2.0,3470.0,0.0
10797,54245,1026,2.0,7010.0,0.0
12954,55096,1053,1.0,3470.0,5.0
9911,53908,1039,1.0,8680.0,10.0
723,50281,1048,2.0,7870.0,5.0
4969,51968,1015,2.0,3850.0,0.0
9227,53634,1014,1.0,2270.0,0.0
3936,51553,1063,1.0,1660.0,
9358,53685,1041,2.0,700.0,0.0
12705,55001,1020,1.0,720.0,5.0
1072,50422,1048,1.0,7870.0,20.0
8203,53232,1001,2.0,6530.0,10.0
7825,53080,1043,1.0,4500.0,15.0
19068,57539,1041,5.0,700.0,10.0
2685,51058,1015,5.0,3850.0,10.0
8797,53465,1054,4.0,1830.0,0.0
8756,53450,1003,1.0,2040.0,15.0
14799,55845,1028,1.0,4510.0,5.0
10895,54280,1048,1.0,7870.0,25.0
3148,51241,1058,3.0,5550.0,5.0
18867,57457,1046,3.0,3450.0,0.0
15805,56245,1027,1.0,7200.0,0.0
878,50349,1006,1.0,4150.0,
12256,54823,1003,1.0,2040.0,0.0
222,50089,1033,1.0,2910.0,5.0
9176,53612,1002,3.0,3080.0,15.0
5897,52329,1015,1.0,3850.0,20.0
16296,56433,1042,1.0,590.0,0.0
7759,53055,1037,1.0,2640.0,5.0
16943,56682,1047,2.0,5950.0,0.0
4316,51708,1031,,9170.0,20.0
3992,51573,1021,2.0,5530.0,15.0
9015,53554,1014,1.0,,25.0
5,50003,1058,1.0,5550.0,10.0
13801,55439,1039,2.0,8680.0,0.0
12171,54792,1053,2.0,3470.0,0.0
19789,57830,1058,1.0,5550.0,5.0
7509,52948,1033,2.0,2910.0,5.0
13900,55475,1002,1.0,3080.0,15.0
12872,55066,1025,1.0,4730.0,10.0
18215,57187,1022,1.0,3830.0,0.0
5672,52242,1050,2.0,7140.0,20.0
13570,55347,1073,2.0,6680.0,5.0
16079,56348,1070,1.0,2320.0,5.0
17597,56936,1013,1.0,220.0,5.0
14846,55864,1055,1.0,1380.0,5.0
12945,55093,1061,2.0,8080.0,0.0
1065,50419,1057,2.0,2370.0,0.0
9199,53620,1063,1.0,1660.0,5.0
10017,53951,1035,2.0,6470.0,0.0
8637,53403,1046,1.0,3450.0,15.0
19959,57901,1067,2.0,4370.0,10.0
5508,52183,1072,1.0,4390.0,
13891,55472,1036,4.0,6710.0,0.0
11707,54601,1025,3.0,4730.0,5.0
6273,52472,1023,1.0,4290.0,10.0
12970,55103,1052,1.0,6950.0,10.0
5019,51989,1073,1.0,6680.0,20.0
5600,52218,1056,4.0,1230.0,15.0
5500,52180,1053,2.0,3470.0,5.0
9658,53810,1071,4.0,1670.0,0.0
2108,50821,1032,1.0,1990.0,10.0
14106,55561,1044,1.0,3230.0,0.0
3214,51269,1070,2.0,2320.0,0.0
9977,53933,1075,2.0,2140.0,0.0
11192,54402,1026,1.0,7010.0,15.0
7560,52972,1053,5.0,3470.0,0.0
5793,52290,1025,1.0,4730.0,0.0
117,50050,1047,1.0,5950.0,0.0
482,50187,1040,1.0,3060.0,0.0
5190,52055,1004,2.0,9380.0,10.0
17330,56829,1016,1.0,3350.0,20.0
370,50146,1011,1.0,4590.0,10.0
13890,55471,1002,2.0,3080.0,0.0
13933,55489,1038,1.0,4270.0,25.0
12631,54976,1025,1.0,4730.0,0.0
16481,56504,1059,1.0,4580.0,0.0
17266,56804,1040,3.0,3060.0,10.0
6649,52613,1030,2.0,4290.0,0.0
11807,54644,1060,4.0,5950.0,20.0
15601,56163,1035,1.0,6470.0,0.0
65,50026,1043,1.0,4500.0,10.0
1244,50490,1022,,3830.0,20.0
14478,55720,1018,1.0,3890.0,20.0
7349,52888,1065,2.0,7400.0,15.0
3416,51349,1005,1.0,5510.0,5.0
2906,51151,1073,4.0,6680.0,0.0
4582,51811,1040,1.0,3060.0,10.0
19704,57794,1022,1.0,3830.0,0.0
18931,57481,1066,1.0,3610.0,5.0
15485,56117,1061,3.0,8080.0,10.0
14682,55803,1011,1.0,4590.0,5.0
6055,52389,1040,1.0,3060.0,0.0
16914,56668,1011,2.0,4590.0,20.0
2735,51081,1072,2.0,4390.0,10.0
18253,57203,1050,2.0,7140.0,5.0
19458,57693,1062,1.0,280.0,0.0
14075,55547,1043,3.0,4500.0,0.0
1894,50739,1035,1.0,6470.0,5.0
13272,55227,1063,1.0,1660.0,0.0
9884,53897,1014,3.0,2270.0,10.0
4373,51731,1010,1.0,8870.0,5.0
989,50391,1013,2.0,220.0,0.0
3893,51536,1054,4.0,1830.0,10.0
18092,57133,1060,1.0,5950.0,20.0
4229,51670,1031,4.0,9170.0,5.0
6008,52371,1004,1.0,9380.0,0.0
10274,54047,1024,2.0,9110.0,10.0
6935,52728,1019,3.0,4560.0,0.0
4880,51932,1008,1.0,6630.0,10.0
8246,53248,1039,1.0,8680.0,10.0
12038,54732,1035,1.0,6470.0,15.0
7140,52815,1025,3.0,4730.0,15.0
9993,53940,1005,1.0,5510.0,10.0
13980,55508,1056,1.0,1230.0,0.0
19529,57722,1067,1.0,4370.0,0.0
15569,56150,1074,2.0,1880.0,20.0
18386,57255,1040,1.0,3060.0,5.0
7802,53072,1023,5.0,4290.0,0.0
735,50286,1017,2.0,3470.0,5.0
5282,52091,1072,3.0,4390.0,10.0
15791,56239,1012,1.0,6600.0,5.0
19494,57710,1072,1.0,4390.0,10.0
19008,57513,1031,1.0,9170.0,0.0
10560,54158,1064,1.0,7500.0,0.0
8101,53192,1008,1.0,6630.0,0.0
2720,51071,1052,4.0,6950.0,5.0
11333,54457,1031,1.0,9170.0,5.0
17664,56965,1039,1.0,8680.0,10.0
17711,56983,1075,1.0,2140.0,5.0
929,50369,1048,2.0,7870.0,0.0
4805,51899,1037,1.0,2640.0,0.0
19345,57649,1038,2.0,4270.0,15.0
15254,56025,1005,2.0,5510.0,10.0
12841,55056,1068,1.0,10570.0,10.0
13614,55364,1066,2.0,3610.0,0.0
18428,57271,1063,2.0,1660.0,10.0
1513,50594,1001,1.0,6530.0,5.0
19527,57721,1022,3.0,3830.0,5.0
12287,54836,1006,2.0,4150.0,0.0
9688,53820,1058,2.0,5550.0,0.0
3009,51190,1022,1.0,3830.0,0.0
19483,57706,1007,2.0,1100.0,0.0
18022,57103,1063,2.0,1660.0,0.0
14041,55533,1037,1.0,2640.0,0.0
1262,50498,1030,1.0,4290.0,0.0
19580,57742,1070,2.0,2320.0,25.0
6367,52509,1045,2.0,8330.0,0.0
5181,52051,1074,1.0,1880.0,0.0
7924,53122,1004,1.0,9380.0,10.0
8231,53242,1019,3.0,4560.0,0.0
16860,56650,1074,1.0,1880.0,0.0
15080,55958,1048,1.0,7870.0,15.0
17993,57089,1052,1.0,6950.0,20.0
14576,55760,1001,1.0,6530.0,0.0
11650,54578,1057,2.0,2370.0,5.0
439,50172,1037,1.0,2640.0,0.0
3327,51313,1030,1.0,4290.0,20.0
17685,56974,1043,1.0,4500.0,15.0
18776,57417,1045,2.0,8330.0,10.0
9244,53641,1066,4.0,3610.0,0.0
16894,56662,1020,2.0,720.0,15.0
10648,54192,1027,3.0,7200.0,20.0
5423,52149,1011,3.0,4590.0,15.0
7165,52823,1058,1.0,5550.0,0.0
6836,52691,1011,1.0,4590.0,5.0
308,50124,1016,2.0,3350.0,0.0
906,50358,1048,1.0,7870.0,20.0
7215,52841,1035,3.0,6470.0,0.0
10567,54161,1065,2.0,7400.0,15.0
4856,51923,1046,1.0,3450.0,5.0
17708,56982,1010,2.0,8870.0,10.0
13529,55332,1038,2.0,4270.0,5.0
16541,56529,1026,1.0,7010.0,5.0
13412,55279,1032,3.0,1990.0,0.0
6018,52375,1029,2.0,3490.0,0.0
15493,56122,1066,1.0,3610.0,10.0
13848,55456,1006,5.0,4150.0,0.0
17064,56731,1054,1.0,1830.0,0.0
1494,50586,1031,2.0,9170.0,0.0
10276,54047,1064,1.0,7500.0,0.0
17956,57078,1029,1.0,3490.0,20.0
12226,54812,1059,1.0,4580.0,0.0
143,50060,1058,1.0,5550.0,0.0
13696,55396,1075,2.0,2140.0,0.0
9582,53777,1008,1.0,6630.0,20.0
15042,55946,1053,3.0,3470.0,5.0
7648,53007,1008,2.0,6630.0,0.0
10246,54037,1060,5.0,5950.0,15.0
20107,57967,1038,4.0,4270.0,15.0
4286,51696,1033,1.0,2910.0,0.0
106,50045,1034,3.0,10530.0,5.0
8223,53240,1075,1.0,2140.0,5.0
13168,55183,1032,2.0,1990.0,0.0
7320,52878,1028,1.0,4510.0,10.0
19540,57725,1034,4.0,10530.0,5.0
13595,55357,1040,4.0,3060.0,0.0
7057,52779,1035,1.0,6470.0,10.0
16048,56337,1022,2.0,3830.0,0.0
1657,50646,1040,1.0,3060.0,0.0
10269,54045,1023,1.0,4290.0,0.0
10231,54032,1045,1.0,8330.0,0.0
4356,51725,1047,3.0,5950.0,0.0
2417,50948,1029,2.0,3490.0,0.0
14661,55794,1006,1.0,4150.0,20.0
17406,56864,1048,2.0,7870.0,0.0
15071,55955,1072,1.0,4390.0,0.0
13295,55236,1028,2.0,4510.0,0.0
1982,50774,1016,1.0,3350.0,0.0
16022,56328,1052,1.0,6950.0,0.0
16076,56348,1033,1.0,2910.0,15.0
14084,55550,1002,3.0,3080.0,5.0
14234,55616,1072,1.0,4390.0,0.0
13457,55300,1003,2.0,2040.0,5.0
8299,53267,1074,1.0,1880.0,5.0
7023,52761,1007,1.0,1100.0,5.0
10379,54084,1003,1.0,2040.0,0.0
10696,54209,1029,,3490.0,0.0
12368,54871,1062,2.0,280.0,20.0
7133,52810,1069,3.0,4090.0,0.0
4696,51856,1044,1.0,3230.0,5.0
970,50383,1019,1.0,4560.0,25.0
3441,51359,1024,2.0,9110.0,25.0
15035,55944,1034,2.0,10530.0,15.0
16103,56358,1034,1.0,10530.0,0.0
18216,57187,1068,1.0,10570.0,0.0
14493,55727,1056,2.0,1230.0,0.0
6178,52437,1067,2.0,4370.0,20.0
6489,52552,1057,1.0,2370.0,0.0
4374,51731,1003,2.0,2040.0,0.0
11312,54448,1032,2.0,1990.0,0.0
2438,50957,1004,2.0,9380.0,0.0
11093,54360,1069,1.0,4090.0,10.0
15820,56252,1007,1.0,1100.0,0.0
13251,55220,1038,2.0,4270.0,0.0
12827,55051,1048,1.0,7870.0,20.0
10237,54034,1055,1.0,1380.0,0.0
4752,51879,1025,2.0,4730.0,5.0
11094,54360,1071,1.0,1670.0,0.0
3554,51403,1035,2.0,6470.0,5.0
18883,57463,1046,3.0,3450.0,5.0
11442,54498,1015,1.0,3850.0,15.0
9112,53591,1018,1.0,3890.0,0.0
18561,57325,1038,1.0,4270.0,10.0
17692,56977,1070,1.0,2320.0,25.0
14166,55586,1043,2.0,4500.0,25.0
16406,56471,1041,2.0,700.0,15.0
8283,53261,1066,3.0,3610.0,15.0
20050,57941,1047,2.0,5950.0,15.0
98,50041,1013,1.0,220.0,20.0
2017,50785,1063,4.0,1660.0,5.0
19826,57846,1007,2.0,1100.0,0.0
7235,52848,1038,2.0,4270.0,5.0
17604,56938,1038,1.0,4270.0,20.0
15450,56102,1026,1.0,7010.0,0.0
4395,51737,1055,1.0,1380.0,0.0
14981,55920,1054,2.0,1830.0,0.0
9462,53731,1017,1.0,3470.0,10.0
3515,51386,1039,2.0,8680.0,0.0
10186,54015,1052,1.0,6950.0,0.0
9717,53832,1070,3.0,2320.0,0.0
7284,52865,1072,1.0,4390.0,0.0
19190,57586,1036,1.0,6710.0,10.0
2319,50909,1029,2.0,3490.0,0.0
4397,51738,1030,1.0,4290.0,0.0
13346,55255,1070,2.0,2320.0,25.0
9096,53582,1028,1.0,4510.0,0.0
3188,51259,1018,3.0,3890.0,0.0
16449,56489,1021,1.0,5530.0,0.0
2798,51105,1056,2.0,1230.0,
16051,56338,1031,3.0,9170.0,0.0
10120,53989,1025,1.0,4730.0,0.0
6213,52452,1041,1.0,700.0,0.0
10367,54080,1063,2.0,1660.0,15.0
8625,53399,1019,2.0,4560.0,20.0
10997,54322,1067,1.0,4370.0,0.0
15274,56034,1022,3.0,3830.0,5.0
16857,56649,1044,1.0,3230.0,0.0
12868,55065,1045,1.0,8330.0,20.0
19050,57532,1026,1.0,7010.0,5.0
11364,54469,1055,3.0,1380.0,10.0
11686,54593,1037,2.0,2640.0,5.0
11719,54606,1036,1.0,6710.0,25.0
7253,52855,1072,1.0,4390.0,5.0
19825,57845,1003,1.0,2040.0,10.0
11535,54534,1074,1.0,1880.0,10.0
1448,50568,1007,1.0,1100.0,0.0
7418,52912,1021,4.0,5530.0,25.0
6674,52622,1043,1.0,4500.0,15.0
4486,51774,1010,1.0,8870.0,10.0
18188,57177,1075,1.0,2140.0,0.0
17136,56757,1050,1.0,7140.0,0.0
9325,53672,1042,1.0,590.0,0.0
10057,53966,1066,1.0,3610.0,0.0
314,50127,1060,2.0,5950.0,5.0
2039,50792,1004,1.0,9380.0,5.0
708,50275,1045,1.0,8330.0,0.0
467,50183,1031,1.0,9170.0,10.0
5212,52065,1018,5.0,3890.0,0.0
12576,54950,1071,2.0,1670.0,5.0
12708,55002,1060,4.0,5950.0,5.0
3816,51506,1027,1.0,7200.0,15.0
7941,53128,1026,1.0,7010.0,5.0
8795,53464,1029,4.0,3490.0,0.0
13379,55264,1029,1.0,3490.0,10.0
1819,50711,1068,3.0,10570.0,0.0
5681,52247,1044,1.0,3230.0,10.0
709,50275,1068,2.0,10570.0,0.0
6233,52459,1070,1.0,2320.0,15.0
6771,52661,1039,2.0,8680.0,5.0
8960,53531,1005,2.0,5510.0,5.0
12996,55114,1032,2.0,1990.0,0.0
9544,53762,1039,1.0,8680.0,10.0
3547,51401,1034,1.0,10530.0,0.0
15617,56170,1038,1.0,4270.0,0.0
17518,56906,1054,2.0,1830.0,0.0
2348,50921,1028,1.0,,0.0
8688,53423,1051,1.0,7060.0,5.0
6326,52493,1037,1.0,2640.0,5.0
10854,54265,1051,2.0,7060.0,5.0
17163,56767,1024,2.0,9110.0,10.0
2704,51066,1056,1.0,1230.0,0.0
37,50015,1010,2.0,8870.0,0.0
15626,56173,1066,2.0,3610.0,0.0
3418,51350,1025,3.0,4730.0,0.0
14462,55712,1054,1.0,1830.0,5.0
9275,53654,1060,1.0,5950.0,0.0
2577,51014,1075,2.0,2140.0,0.0
19397,57669,1004,5.0,9380.0,10.0
1604,50626,1048,2.0,7870.0,0.0
3226,51273,1017,1.0,3470.0,0.0
8114,53196,1054,1.0,1830.0,10.0
3204,51266,1070,4.0,2320.0,0.0
17929,57069,1041,1.0,700.0,0.0
18084,57130,1062,3.0,280.0,10.0
13631,55370,1069,3.0,4090.0,0.0
6311,52486,1017,1.0,3470.0,10.0
2490,50979,1014,1.0,2270.0,5.0
1431,50562,1012,4.0,6600.0,15.0
4668,51845,1030,2.0,4290.0,0.0
3125,51235,1026,1.0,7010.0,15.0
10268,54045,1038,1.0,4270.0,0.0
3472,51372,1012,4.0,6600.0,0.0
5058,52005,1058,2.0,5550.0,10.0
6070,52394,1044,3.0,3230.0,0.0
5689,52250,1038,2.0,4270.0,10.0
14378,55679,1053,1.0,3470.0,5.0
2253,50883,1014,2.0,2270.0,0.0
7480,52936,1046,1.0,3450.0,20.0
18627,57352,1053,2.0,3470.0,5.0
12487,54916,1024,2.0,9110.0,10.0
2958,51169,1061,4.0,8080.0,5.0
5073,52010,1031,1.0,9170.0,15.0
12997,55114,1069,1.0,4090.0,25.0
1317,50518,1068,1.0,10570.0,10.0
13636,55371,1075,3.0,2140.0,5.0
3671,51451,1032,5.0,1990.0,10.0
10832,54257,1072,1.0,4390.0,5.0
11294,54441,1004,2.0,9380.0,20.0
1382,50544,1045,1.0,8330.0,5.0
6707,52635,1017,3.0,3470.0,0.0
3157,51247,1002,2.0,3080.0,10.0
12577,54950,1032,4.0,1990.0,0.0
2000,50780,1006,1.0,4150.0,20.0
8752,53447,1006,3.0,4150.0,10.0
9863,53890,1072,3.0,4390.0,25.0
16536,56527,1026,3.0,7010.0,10.0
3981,51569,1052,2.0,6950.0,0.0
5900,52330,1041,1.0,700.0,10.0
15346,56059,1028,,4510.0,5.0
10892,54280,1037,1.0,2640.0,5.0
8662,53413,1019,1.0,4560.0,0.0
15531,56135,1074,3.0,1880.0,0.0
15885,56275,1063,5.0,1660.0,0.0
3178,51255,1069,3.0,4090.0,
5932,52341,1048,1.0,7870.0,15.0
9379,53693,1029,1.0,3490.0,0.0
7203,52837,1075,1.0,2140.0,0.0
12740,55014,1020,1.0,720.0,10.0
5981,52360,1061,1.0,8080.0,5.0
12306,54844,1040,4.0,3060.0,15.0
16492,56508,1063,1.0,1660.0,10.0
16865,56651,1050,3.0,7140.0,15.0
13936,55490,1058,3.0,,0.0
19805,57836,1060,4.0,5950.0,5.0
3247,51284,1032,2.0,1990.0,10.0
2792,51103,1055,1.0,1380.0,0.0
12134,54774,1064,1.0,7500.0,5.0
13922,55485,1013,1.0,220.0,25.0
1730,50675,1066,1.0,3610.0,15.0
9869,53892,1013,3.0,220.0,15.0
18425,57269,1026,2.0,7010.0,20.0
17939,57073,1045,,8330.0,10.0
10856,54266,1072,1.0,4390.0,0.0
11767,54627,1038,1.0,4270.0,5.0
12851,55059,1043,3.0,4500.0,10.0
635,50248,1057,1.0,2370.0,0.0
14029,55528,1020,4.0,720.0,0.0
1629,50637,1046,1.0,3450.0,5.0
4221,51668,1054,1.0,1830.0,0.0
18912,57472,1072,2.0,4390.0,25.0
10617,54179,1018,1.0,3890.0,15.0
11741,54615,1067,1.0,4370.0,15.0
7034,52767,1068,1.0,10570.0,0.0
5030,51994,1007,1.0,1100.0,10.0
15738,56218,1018,3.0,3890.0,15.0
12743,55015,1013,5.0,220.0,15.0
13039,55134,1026,1.0,7010.0,10.0
13271,55226,1051,3.0,7060.0,10.0
20044,57939,1048,1.0,7870.0,10.0
11472,54509,1072,2.0,4390.0,5.0
1943,50758,1025,4.0,4730.0,5.0
19627,57763,1042,1.0,590.0,0.0
16457,56491,1074,4.0,1880.0,5.0
11858,54664,1048,1.0,7870.0,0.0
2390,50938,1012,2.0,6600.0,5.0
3152,51245,1003,2.0,2040.0,10.0
16634,56568,1013,1.0,220.0,0.0
6040,52383,1045,2.0,8330.0,0.0
16253,56414,1034,2.0,10530.0,10.0
11200,54405,1016,1.0,3350.0,15.0
16441,56484,1041,1.0,700.0,0.0
12610,54967,1004,2.0,9380.0,0.0
6778,52664,1028,1.0,4510.0,10.0
18394,57258,1029,3.0,3490.0,0.0
14732,55820,1009,2.0,6030.0,0.0
10189,54016,1066,2.0,3610.0,0.0
10993,54319,1052,2.0,6950.0,5.0
6212,52452,1018,4.0,3890.0,0.0
3855,51522,1011,1.0,4590.0,20.0
9397,53702,1020,1.0,720.0,15.0
15829,56254,1014,2.0,2270.0,0.0
17419,56869,1041,2.0,700.0,0.0
7464,52930,1022,1.0,3830.0,5.0
19262,57615,1063,1.0,1660.0,0.0
9872,53892,1060,1.0,5950.0,10.0
13831,55450,1020,2.0,720.0,0.0
650,50252,1010,1.0,8870.0,
8234,53244,1051,1.0,7060.0,0.0
15073,55956,1044,,3230.0,0.0
12486,54916,1004,3.0,9380.0,0.0
18841,57446,1066,2.0,,15.0
7056,52779,1013,1.0,220.0,0.0
20054,57943,1004,2.0,9380.0,0.0
8239,53246,1003,2.0,2040.0,0.0
16360,56455,1038,2.0,4270.0,5.0
16009,56322,1053,1.0,3470.0,0.0
15756,56227,1017,1.0,3470.0,10.0
9889,53899,1019,1.0,4560.0,10.0
15708,56210,1065,1.0,,0.0
6992,52751,1015,3.0,3850.0,0.0
9920,53911,1025,2.0,4730.0,15.0
2764,51093,1025,3.0,4730.0,5.0
613,50240,1042,2.0,590.0,0.0
17965,57081,1059,4.0,4580.0,0.0
1580,50619,1054,2.0,,0.0
2442,50959,1025,1.0,4730.0,20.0
7586,52982,1001,,6530.0,0.0
4067,51603,1067,1.0,4370.0,0.0
15241,56021,1071,3.0,1670.0,10.0
2197,50857,1012,1.0,6600.0,0.0
15637,56180,1035,1.0,6470.0,15.0
9536,53759,1059,1.0,4580.0,10.0
8850,53488,1046,5.0,3450.0,10.0
10716,54217,1025,1.0,4730.0,5.0
5584,52211,1044,1.0,3230.0,10.0
16401,56469,1029,1.0,3490.0,5.0
16043,56336,1026,1.0,7010.0,10.0
3567,51408,1022,4.0,3830.0,5.0
14400,55688,1031,3.0,9170.0,0.0
3409,51346,1014,2.0,2270.0,15.0
2818,51116,1021,5.0,5530.0,0.0
6918,52720,1072,1.0,4390.0,5.0
13741,55414,1062,1.0,280.0,0.0
18008,57096,1035,1.0,6470.0,10.0
8097,53190,1018,3.0,3890.0,0.0
19541,57725,1035,1.0,6470.0,20.0
14526,55738,1048,2.0,7870.0,5.0
5144,52038,1038,1.0,4270.0,5.0
6653,52614,1003,1.0,2040.0,20.0
4533,51792,1057,2.0,2370.0,20.0
2044,50795,1062,3.0,280.0,0.0
8178,53221,1026,1.0,7010.0,0.0
1872,50731,1009,1.0,6030.0,0.0
15356,56062,1065,1.0,7400.0,0.0
16460,56492,1038,3.0,4270.0,5.0
19099,57550,1038,1.0,4270.0,0.0
15409,56085,1025,2.0,4730.0,0.0
5358,52121,1003,2.0,2040.0,5.0
7378,52897,1068,1.0,10570.0,0.0
4243,51677,1050,3.0,7140.0,20.0
6235,52459,1072,1.0,4390.0,0.0
18951,57489,1024,2.0,9110.0,10.0
18140,57155,1049,1.0,2810.0,5.0
13769,55427,1037,1.0,2640.0,0.0
1914,50748,1009,2.0,6030.0,10.0
18632,57353,1030,1.0,4290.0,0.0
19881,57868,1047,1.0,5950.0,20.0
14573,55757,1004,1.0,9380.0,10.0
19951,57896,1053,1.0,3470.0,20.0
4091,51615,1026,1.0,7010.0,0.0
9357,53685,1046,3.0,3450.0,0.0
7345,52887,1026,1.0,7010.0,15.0
6396,52520,1063,1.0,1660.0,25.0
20174,57993,1005,1.0,5510.0,0.0
11151,54383,1045,2.0,8330.0,15.0
12673,54990,1064,3.0,7500.0,20.0
10370,54082,1007,1.0,1100.0,0.0
19708,57795,1009,2.0,6030.0,0.0
17121,56752,1025,1.0,4730.0,10.0
5568,52204,1028,2.0,4510.0,0.0
8090,53187,1051,1.0,7060.0,20.0
15189,56002,1070,1.0,2320.0,0.0
15060,55951,1019,2.0,4560.0,15.0
12725,55009,1023,2.0,4290.0,5.0
16505,56513,1014,1.0,2270.0,15.0
16160,56379,1038,2.0,4270.0,10.0
4970,51968,1067,2.0,4370.0,0.0
19255,57612,1034,1.0,10530.0,5.0
8068,53179,1051,1.0,7060.0,10.0
903,50357,1033,1.0,2910.0,0.0
12732,55011,1069,1.0,4090.0,25.0
13004,55116,1060,1.0,5950.0,5.0
2093,50815,1058,3.0,5550.0,0.0
7866,53095,1003,3.0,2040.0,10.0
8224,53241,1048,3.0,7870.0,10.0
15643,56182,1018,3.0,3890.0,15.0
2952,51166,1025,1.0,4730.0,10.0
9028,53560,1065,1.0,7400.0,5.0
11967,54702,1040,1.0,3060.0,0.0
10813,54250,1031,1.0,9170.0,15.0
19272,57618,1013,2.0,220.0,15.0
13786,55434,1029,1.0,3490.0,15.0
2439,50958,1024,4.0,9110.0,0.0
12425,54893,1008,3.0,6630.0,
11655,54580,1020,2.0,720.0,0.0
8339,53283,1038,2.0,4270.0,10.0
17791,57014,1057,1.0,2370.0,0.0
15761,56228,1031,4.0,9170.0,10.0
15931,56292,1023,2.0,4290.0,0.0
4046,51594,1041,4.0,700.0,0.0
13337,55252,1067,3.0,4370.0,10.0
10603,54174,1016,3.0,3350.0,0.0
1048,50413,1036,4.0,6710.0,10.0
3253,51285,1059,2.0,4580.0,5.0
3282,51297,1002,1.0,3080.0,5.0
7897,53110,1063,4.0,1660.0,25.0
11071,54350,1070,2.0,2320.0,0.0
16228,56404,1023,3.0,4290.0,10.0
17545,56915,1075,1.0,2140.0,10.0
14523,55737,1050,3.0,7140.0,0.0
14356,55671,1039,3.0,8680.0,10.0
20013,57924,1032,1.0,1990.0,0.0
15333,56054,1056,1.0,1230.0,10.0
15171,55995,1054,1.0,1830.0,20.0
15548,56143,1009,1.0,6030.0,0.0
14054,55538,1053,1.0,3470.0,0.0
17679,56972,1003,1.0,2040.0,0.0
4473,51770,1060,4.0,5950.0,0.0
17474,56890,1013,2.0,220.0,5.0
16800,56627,1044,1.0,3230.0,15.0
611,50240,1058,1.0,5550.0,10.0
9764,53849,1050,3.0,7140.0,0.0
17408,56865,1067,3.0,4370.0,0.0
4010,51580,1028,1.0,4510.0,0.0
14740,55824,1064,1.0,7500.0,0.0
4344,51721,1041,1.0,700.0,10.0
13606,55361,1045,2.0,8330.0,10.0
17697,56978,1037,2.0,2640.0,10.0
16252,56414,1032,1.0,1990.0,15.0
20024,57929,1031,1.0,9170.0,5.0
5920,52336,1056,1.0,1230.0,0.0
12068,54745,1056,4.0,1230.0,0.0
6020,52376,1034,2.0,10530.0,20.0
16488,56506,1009,2.0,6030.0,0.0
9148,53603,1039,3.0,8680.0,5.0
733,50285,1071,1.0,1670.0,15.0
7794,53069,1072,1.0,4390.0,0.0
15467,56108,1017,2.0,3470.0,0.0
8975,53536,1008,3.0,6630.0,15.0
6603,52597,1058,1.0,5550.0,0.0
11659,54582,1058,2.0,5550.0,15.0
18297,57219,1024,1.0,9110.0,10.0
14269,55631,1072,2.0,4390.0,0.0
7035,52768,1011,1.0,4590.0,5.0
13562,55344,1026,2.0,7010.0,0.0
1070,50421,1019,4.0,4560.0,0.0
3257,51286,1071,1.0,1670.0,25.0
8605,53391,1037,1.0,2640.0,5.0
15982,56310,1011,2.0,4590.0,0.0
18069,57122,1072,1.0,4390.0,5.0
6706,52635,1025,2.0,4730.0,0.0
14792,55841,1065,1.0,7400.0,0.0
17462,56886,1029,2.0,3490.0,25.0
8878,53499,1011,1.0,4590.0,25.0
16474,56499,1034,1.0,10530.0,0.0
18787,57422,1069,3.0,4090.0,15.0
19289,57625,1040,2.0,3060.0,0.0
15741,56219,1009,3.0,6030.0,0.0
19426,57681,1052,1.0,6950.0,15.0
2446,50960,1052,4.0,6950.0,0.0
10471,54123,1043,4.0,4500.0,0.0
18227,57191,1071,1.0,1670.0,5.0
17035,56720,1067,1.0,4370.0,5.0
5606,52220,1050,1.0,7140.0,15.0
13206,55199,1001,1.0,6530.0,20.0
17203,56782,1015,1.0,3850.0,10.0
1475,50579,1002,1.0,3080.0,5.0
11634,54571,1028,2.0,4510.0,10.0
1183,50463,1034,1.0,10530.0,20.0
10773,54236,1022,1.0,3830.0,5.0
6974,52743,1059,1.0,4580.0,0.0
8779,53457,1073,1.0,6680.0,0.0
7514,52951,1009,3.0,6030.0,0.0
2497,50981,1031,3.0,9170.0,0.0
1997,50779,1045,2.0,8330.0,0.0
16579,56546,1030,4.0,4290.0,5.0
18223,57190,1003,4.0,2040.0,5.0
10512,54140,1050,2.0,7140.0,20.0
12607,54965,1062,3.0,280.0,10.0
9804,53864,1072,3.0,4390.0,5.0
5154,52041,1036,4.0,6710.0,5.0
10724,54219,1026,2.0,7010.0,15.0
13296,55237,1053,1.0,3470.0,10.0
720,50279,1074,2.0,1880.0,10.0
1511,50594,1011,1.0,,0.0
4141,51635,1002,1.0,3080.0,0.0
3708,51465,1029,4.0,3490.0,0.0
284,50114,1018,1.0,3890.0,0.0
19955,57900,1063,2.0,,0.0
706,50274,1074,1.0,1880.0,10.0
19376,57661,1063,1.0,1660.0,10.0
15430,56094,1001,1.0,6530.0,20.0
7809,53074,1053,1.0,3470.0,10.0
12149,54781,1023,1.0,4290.0,10.0
4681,51850,1054,4.0,1830.0,20.0
17339,56832,1013,2.0,220.0,15.0
3377,51334,1061,1.0,8080.0,20.0
1385,50546,1061,4.0,8080.0,0.0
2787,51102,1015,1.0,3850.0,0.0
18937,57484,1025,1.0,4730.0,0.0
8273,53257,1064,2.0,7500.0,0.0
17124,56753,1043,2.0,4500.0,0.0
19183,57583,1057,4.0,2370.0,20.0
10248,54038,1025,4.0,4730.0,10.0
15130,55979,1013,2.0,220.0,10.0
826,50325,1067,1.0,4370.0,5.0
6629,52605,1072,1.0,4390.0,20.0
15726,56215,1073,2.0,6680.0,5.0
6694,52629,1013,1.0,220.0,5.0
9114,53592,1057,1.0,2370.0,0.0
14339,55661,1050,1.0,7140.0,5.0
1097,50432,1035,3.0,6470.0,10.0
19390,57667,1039,1.0,8680.0,25.0
11571,54549,1073,2.0,6680.0,15.0
14424,55697,1073,4.0,6680.0,15.0
19819,57841,1075,2.0,2140.0,20.0
17119,56751,1054,5.0,1830.0,0.0
13708,55401,1028,1.0,4510.0,0.0
1217,50479,1068,1.0,10570.0,5.0
1067,50420,1066,1.0,3610.0,10.0
3114,51230,1042,1.0,590.0,
16368,56458,1025,1.0,4730.0,15.0
13785,55434,1007,1.0,1100.0,15.0
6334,52496,1006,1.0,4150.0,10.0
3762,51483,1029,1.0,3490.0,20.0
3736,51474,1066,2.0,3610.0,5.0
10181,54014,1014,2.0,2270.0,5.0
8514,53353,1055,2.0,1380.0,10.0
10138,53998,1025,1.0,4730.0,0.0
8977,53537,1055,2.0,1380.0,0.0
634,50248,1020,2.0,720.0,20.0
11359,54467,1034,1.0,10530.0,10.0
12316,54850,1049,3.0,2810.0,15.0
8072,53180,1017,2.0,3470.0,10.0
14535,55742,1008,2.0,6630.0,0.0
3251,51285,1073,2.0,6680.0,10.0
11670,54585,1024,1.0,9110.0,0.0
11550,54541,1066,1.0,3610.0,5.0
1930,50754,1017,1.0,3470.0,25.0
4197,51657,1039,1.0,8680.0,0.0
13041,55135,1065,2.0,7400.0,10.0
14323,55654,1004,4.0,9380.0,5.0
13172,55186,1060,2.0,5950.0,0.0
7365,52893,1009,2.0,6030.0,5.0
1280,50505,1035,1.0,6470.0,10.0
108,50045,1051,2.0,7060.0,5.0
12342,54859,1071,4.0,1670.0,0.0
16297,56433,1032,2.0,1990.0,15.0
13382,55265,1021,1.0,5530.0,15.0
1155,50455,1055,1.0,1380.0,10.0
10801,54246,1062,3.0,280.0,5.0
11330,54455,1042,4.0,590.0,5.0
2167,50844,1071,2.0,1670.0,0.0
16151,56376,1033,2.0,2910.0,5.0
19879,57867,1054,1.0,1830.0,5.0
15630,56174,1045,1.0,8330.0,0.0
6557,52576,1002,1.0,3080.0,15.0
17486,56895,1057,1.0,2370.0,0.0
12773,55028,1018,2.0,3890.0,5.0
15234,56019,1004,1.0,9380.0,20.0
6211,52451,1013,2.0,220.0,0.0
17090,56740,1039,1.0,8680.0,20.0
3173,51253,1031,1.0,9170.0,0.0
18271,57211,1009,2.0,6030.0,0.0
1045,50412,1012,3.0,6600.0,0.0
42,50017,1006,2.0,4150.0,0.0
3607,51423,1005,2.0,5510.0,0.0
18596,57337,1058,1.0,5550.0,0.0
4209,51662,1017,2.0,3470.0,10.0
16282,56429,1053,1.0,3470.0,0.0
9436,53722,1016,3.0,3350.0,5.0
7188,52831,1009,2.0,6030.0,0.0
17884,57051,1024,1.0,9110.0,15.0
2337,50916,1010,,8870.0,15.0
11241,54422,1040,1.0,3060.0,10.0
3788,51493,1005,3.0,5510.0,0.0
310,50125,1033,2.0,2910.0,0.0
12832,55053,1068,1.0,10570.0,0.0
15155,55989,1006,,4150.0,15.0
15462,56106,1059,1.0,4580.0,0.0
4159,51642,1066,1.0,3610.0,0.0
20049,57941,1035,2.0,6470.0,0.0
4644,51836,1043,3.0,4500.0,25.0
4885,51934,1072,1.0,4390.0,10.0
8717,53435,1016,1.0,3350.0,20.0
16576,56545,1002,2.0,3080.0,5.0
5855,52314,1046,1.0,3450.0,0.0
19970,57907,1053,1.0,3470.0,0.0
7452,52926,1073,3.0,6680.0,15.0
14088,55552,1022,1.0,3830.0,0.0
1558,50609,1015,2.0,3850.0,15.0
11599,54560,1011,1.0,,0.0
6307,52483,1041,1.0,700.0,0.0
19114,57557,1011,1.0,4590.0,25.0
11467,54508,1006,1.0,4150.0,5.0
18029,57107,1049,1.0,2810.0,20.0
1916,50749,1025,1.0,4730.0,0.0
817,50322,1025,3.0,4730.0,0.0
7502,52944,1051,2.0,7060.0,0.0
13528,55332,1027,2.0,7200.0,5.0
19387,57666,1034,3.0,10530.0,10.0
1462,50573,1048,2.0,7870.0,10.0
8652,53409,1012,3.0,6600.0,10.0
7195,52834,1056,2.0,1230.0,10.0
3563,51406,1020,5.0,720.0,25.0
10154,54004,1075,3.0,2140.0,10.0
15435,56096,1002,1.0,3080.0,5.0
7466,52931,1017,4.0,3470.0,0.0
15514,56130,1022,2.0,3830.0,5.0
8093,53189,1073,1.0,6680.0,15.0
16364,56457,1041,1.0,700.0,0.0
6451,52539,1063,1.0,1660.0,0.0
14995,55925,1067,1.0,,5.0
15550,56143,1031,1.0,9170.0,5.0
18438,57276,1074,2.0,1880.0,0.0
6452,52539,1051,3.0,7060.0,0.0
8640,53405,1045,1.0,8330.0,10.0
10582,54167,1028,2.0,4510.0,15.0
18568,57328,1014,1.0,2270.0,5.0
10623,54183,1044,1.0,3230.0,0.0
1555,50608,1052,3.0,6950.0,0.0
10486,54129,1047,4.0,5950.0,5.0
18226,57191,1017,,3470.0,15.0
19153,57572,1012,2.0,6600.0,10.0
15232,56018,1019,1.0,4560.0,5.0
11547,54540,1074,1.0,1880.0,0.0
1602,50625,1022,2.0,3830.0,5.0
2955,51168,1073,1.0,6680.0,0.0
2007,50782,1074,1.0,1880.0,5.0
349,50139,1074,3.0,1880.0,0.0
6887,52709,1061,2.0,8080.0,0.0
12738,55013,1073,1.0,6680.0,0.0
4614,51823,1021,1.0,5530.0,0.0
10711,54215,1021,2.0,5530.0,0.0
9413,53709,1051,1.0,7060.0,5.0
17581,56931,1015,1.0,3850.0,0.0
7885,53105,1004,3.0,9380.0,0.0
3243,51282,1074,4.0,1880.0,5.0
17071,56733,1012,2.0,6600.0,0.0
7714,53038,1066,1.0,3610.0,5.0
5069,52009,1020,1.0,720.0,10.0
15564,56148,1032,1.0,1990.0,0.0
9548,53764,1068,1.0,10570.0,0.0
38,50015,1029,4.0,3490.0,5.0
18653,57362,1017,1.0,3470.0,10.0
13939,55492,1023,4.0,4290.0,5.0
15412,56086,1053,1.0,3470.0,5.0
10331,54066,1045,5.0,8330.0,0.0
5170,52047,1017,2.0,3470.0,10.0
2751,51086,1007,1.0,1100.0,5.0
19,50008,1017,5.0,3470.0,10.0
4933,51954,1054,1.0,1830.0,5.0
5535,52192,1034,2.0,10530.0,5.0
3126,51235,1056,1.0,1230.0,10.0
5542,52194,1051,1.0,7060.0,0.0
3943,51556,1040,3.0,3060.0,0.0
13841,55455,1060,2.0,5950.0,10.0
1299,50512,1015,1.0,3850.0,0.0
12761,55023,1071,5.0,1670.0,0.0
8328,53279,1033,1.0,2910.0,0.0
2278,50892,1075,1.0,2140.0,10.0
3077,51215,1027,1.0,7200.0,5.0
12677,54992,1010,2.0,8870.0,20.0
14783,55838,1002,4.0,3080.0,5.0
18145,57157,1034,1.0,10530.0,15.0
14769,55835,1047,2.0,5950.0,5.0
17280,56810,1017,4.0,3470.0,5.0
18260,57207,1054,3.0,1830.0,0.0
133,50056,1011,2.0,4590.0,10.0
8954,53529,1062,3.0,280.0,0.0
468,50183,1075,,2140.0,10.0
16585,56548,1056,1.0,1230.0,0.0
4043,51594,1038,1.0,4270.0,5.0
16830,56638,1047,2.0,5950.0,0.0
13496,55318,1006,1.0,4150.0,5.0
9963,53927,1023,1.0,4290.0,15.0
6458,52540,1043,1.0,4500.0,0.0
1107,50436,1018,4.0,3890.0,0.0
2840,51125,1031,1.0,9170.0,10.0
6000,52368,1007,3.0,1100.0,10.0
8107,53194,1067,1.0,4370.0,10.0
4719,51866,1029,3.0,3490.0,15.0
7853,53091,1005,1.0,5510.0,0.0
3396,51342,1072,,4390.0,0.0
18690,57379,1069,1.0,4090.0,15.0
19618,57757,1033,1.0,2910.0,0.0
16977,56694,1017,2.0,3470.0,0.0
18399,57259,1070,2.0,2320.0,5.0
8950,53527,1065,3.0,7400.0,0.0
7788,53067,1065,2.0,7400.0,5.0
12966,55100,1037,2.0,2640.0,0.0
19424,57680,1039,1.0,8680.0,5.0
19833,57848,1028,1.0,4510.0,0.0
18187,57177,1026,1.0,7010.0,5.0
7143,52815,1032,1.0,1990.0,5.0
1355,50533,1064,2.0,7500.0,15.0
5811,52296,1041,2.0,700.0,5.0
12457,54904,1027,2.0,7200.0,0.0
17247,56798,1068,1.0,10570.0,5.0
486,50188,1020,1.0,720.0,0.0
13726,55408,1023,1.0,4290.0,10.0
1116,50439,1002,1.0,3080.0,0.0
10562,54159,1033,1.0,2910.0,10.0
12824,55050,1020,2.0,720.0,5.0
11602,54561,1008,1.0,6630.0,20.0
5076,52011,1001,3.0,6530.0,0.0
11608,54562,1066,3.0,3610.0,0.0
13543,55337,1042,3.0,590.0,0.0
1552,50607,1055,1.0,1380.0,0.0
11553,54542,1035,1.0,6470.0,5.0
15383,56073,1011,1.0,4590.0,10.0
7529,52959,1001,1.0,6530.0,15.0
19332,57645,1021,1.0,5530.0,0.0
19261,57614,1050,1.0,7140.0,15.0
13281,55229,1067,1.0,4370.0,5.0
14973,55917,1018,1.0,3890.0,0.0
10459,54117,1060,2.0,5950.0,15.0
9623,53793,1053,1.0,3470.0,5.0
13747,55417,1026,1.0,7010.0,0.0
9359,53686,1045,3.0,8330.0,0.0
4300,51703,1046,1.0,3450.0,0.0
17980,57085,1074,3.0,1880.0,5.0
18685,57377,1069,1.0,4090.0,10.0
15230,56018,1073,3.0,6680.0,0.0
18928,57480,1022,1.0,3830.0,0.0
10627,54184,1025,2.0,,5.0
19384,57665,1011,2.0,4590.0,0.0
4240,51675,1029,3.0,3490.0,0.0
1298,50511,1029,3.0,3490.0,10.0
8377,53296,1026,3.0,7010.0,25.0
14646,55786,1011,4.0,4590.0,0.0
2423,50951,1017,3.0,3470.0,0.0
10087,53979,1003,5.0,2040.0,0.0
5735,52267,1020,4.0,720.0,0.0
11912,54682,1008,2.0,6630.0,0.0
1964,50768,1011,2.0,4590.0,0.0
4669,51845,1045,2.0,8330.0,0.0
19454,57692,1063,2.0,1660.0,0.0
5779,52283,1041,1.0,700.0,0.0
353,50141,1058,1.0,5550.0,0.0
6278,52473,1036,1.0,6710.0,5.0
8938,53521,1074,2.0,1880.0,
20070,57949,1073,2.0,6680.0,10.0
13953,55497,1050,,7140.0,0.0
14167,55586,1010,1.0,8870.0,0.0
16052,56338,1061,1.0,8080.0,0.0
18921,57477,1067,1.0,4370.0,0.0
6207,52449,1018,2.0,3890.0,10.0
12464,54907,1011,2.0,4590.0,20.0
9779,53856,1037,1.0,2640.0,0.0
7725,53042,1021,1.0,5530.0,0.0
5384,52130,1017,3.0,3470.0,5.0
548,50215,1063,1.0,1660.0,0.0
12064,54743,1052,1.0,6950.0,10.0
10313,54060,1075,,2140.0,0.0
15770,56231,1008,1.0,6630.0,5.0
12969,55102,1002,1.0,3080.0,5.0
10514,54141,1026,2.0,7010.0,15.0
16017,56326,1047,1.0,5950.0,10.0
16955,56686,1072,1.0,4390.0,15.0
3271,51291,1019,1.0,4560.0,0.0
3548,51402,1067,2.0,4370.0,15.0
15622,56172,1006,,4150.0,0.0
3304,51305,1011,1.0,4590.0,5.0
13513,55325,1071,1.0,1670.0,5.0
15368,56066,1018,1.0,3890.0,20.0
11262,54430,1018,1.0,3890.0,0.0
12299,54843,1047,4.0,5950.0,10.0
8947,53526,1024,1.0,9110.0,20.0
7314,52877,1027,5.0,7200.0,10.0
6201,52446,1008,3.0,6630.0,10.0
6810,52680,1053,1.0,3470.0,0.0
4455,51763,1053,1.0,3470.0,5.0
14407,55691,1051,3.0,7060.0,0.0
3811,51505,1072,1.0,4390.0,10.0
15929,56291,1059,1.0,4580.0,15.0
4780,51889,1049,1.0,2810.0,5.0
18388,57255,1033,1.0,2910.0,10.0
4952,51962,1040,1.0,3060.0,5.0
18542,57316,1062,1.0,280.0,0.0
113,50048,1034,1.0,10530.0,0.0
19111,57555,1009,2.0,6030.0,10.0
18640,57356,1060,3.0,5950.0,0.0
11432,54494,1027,3.0,7200.0,0.0
16546,56530,1004,1.0,9380.0,5.0
1324,50520,1004,4.0,9380.0,0.0
3478,51373,1006,3.0,4150.0,15.0
13754,55419,1019,5.0,4560.0,0.0
4611,51822,1013,1.0,220.0,0.0
5743,52270,1036,3.0,6710.0,0.0
8971,53535,1012,1.0,6600.0,5.0
9380,53693,1064,1.0,7500.0,10.0
18845,57447,1021,1.0,5530.0,15.0
3285,51298,1054,5.0,1830.0,15.0
13627,55368,1005,2.0,5510.0,5.0
19594,57749,1072,1.0,4390.0,0.0
14807,55848,1072,4.0,4390.0,0.0
3911,51544,1058,5.0,5550.0,0.0
9267,53651,1042,1.0,590.0,15.0
2774,51096,1050,1.0,7140.0,0.0
9555,53766,1037,2.0,2640.0,0.0
9814,53870,1007,3.0,1100.0,5.0
13322,55246,1011,1.0,4590.0,0.0
7170,52825,1003,2.0,2040.0,0.0
6229,52457,1055,3.0,1380.0,15.0
2210,50864,1010,4.0,8870.0,0.0
9441,53723,1069,1.0,4090.0,0.0
16237,56407,1044,5.0,3230.0,0.0
801,50315,1072,3.0,4390.0,5.0
13259,55222,1004,1.0,9380.0,0.0
9054,53569,1046,1.0,3450.0,5.0
11470,54509,1014,2.0,2270.0,10.0
6689,52626,1002,1.0,3080.0,10.0
10741,54225,1010,3.0,8870.0,10.0
8368,53293,1049,1.0,2810.0,5.0
15766,56230,1027,3.0,7200.0,10.0
832,50328,1025,2.0,4730.0,25.0
406,50161,1062,1.0,280.0,15.0
18296,57219,1059,4.0,4580.0,10.0
4535,51793,1028,2.0,4510.0,15.0
14810,55849,1069,1.0,4090.0,0.0
10960,54307,1002,2.0,3080.0,0.0
19248,57608,1015,1.0,3850.0,10.0
14212,55607,1033,1.0,2910.0,0.0
5228,52071,1035,1.0,6470.0,0.0
12553,54942,1002,1.0,3080.0,5.0
17723,56989,1039,1.0,8680.0,5.0
12797,55039,1055,1.0,1380.0,15.0
3239,51280,1063,1.0,1660.0,15.0
7341,52885,1039,1.0,8680.0,15.0
5349,52118,1060,,5950.0,10.0
15076,55957,1012,4.0,6600.0,0.0
15826,56254,1032,1.0,1990.0,20.0
4564,51804,1053,1.0,3470.0,0.0
4871,51929,1001,1.0,6530.0,5.0
6530,52566,1047,1.0,5950.0,5.0
672,50261,1018,1.0,3890.0,0.0
9293,53660,1037,2.0,2640.0,10.0
11416,54487,1004,4.0,9380.0,5.0
9464,53731,1074,1.0,1880.0,0.0
15545,56142,1018,4.0,3890.0,0.0
7286,52866,1031,1.0,9170.0,0.0
2433,50955,1074,3.0,1880.0,5.0
19890,57872,1041,1.0,700.0,10.0
11726,54610,1009,2.0,6030.0,5.0
9012,53552,1062,1.0,280.0,0.0
2886,51145,1012,4.0,6600.0,5.0
7550,52969,1022,2.0,3830.0,5.0
5378,52127,1039,2.0,8680.0,0.0
6611,52599,1055,4.0,1380.0,5.0
6409,52525,1053,4.0,3470.0,10.0
16527,56524,1040,1.0,3060.0,10.0
16284,56429,1072,2.0,4390.0,5.0
4595,51817,1028,1.0,4510.0,10.0
19141,57568,1023,1.0,4290.0,25.0
1851,50724,1005,2.0,5510.0,0.0
18302,57221,1072,3.0,4390.0,10.0
10156,54005,1044,1.0,3230.0,10.0
9365,53688,1033,3.0,2910.0,0.0
3851,51521,1002,2.0,3080.0,0.0
912,50361,1034,2.0,10530.0,20.0
3217,51270,1060,1.0,5950.0,5.0
601,50235,1016,1.0,3350.0,0.0
11460,54504,1013,1.0,220.0,5.0
7123,52806,1008,4.0,6630.0,10.0
9851,53884,1042,1.0,590.0,5.0
18552,57320,1043,1.0,4500.0,10.0
3742,51476,1043,2.0,4500.0,5.0
3732,51472,1023,1.0,4290.0,5.0
9902,53904,1031,1.0,9170.0,0.0
2220,50869,1011,1.0,4590.0,0.0
10329,54065,1036,1.0,6710.0,15.0
4906,51942,1004,2.0,9380.0,5.0
13632,55370,1064,1.0,7500.0,0.0
19661,57775,1030,1.0,4290.0,15.0
8289,53263,1008,3.0,6630.0,5.0
4934,51955,1001,2.0,6530.0,0.0
18890,57465,1064,2.0,7500.0,0.0
5913,52333,1022,2.0,3830.0,20.0
14572,55757,1041,2.0,700.0,0.0
14039,55533,1056,1.0,1230.0,5.0
4095,51617,1019,1.0,4560.0,20.0
2831,51121,1016,1.0,3350.0,25.0
19790,57830,1072,3.0,4390.0,0.0
4225,51669,1013,1.0,220.0,5.0
1938,50757,1025,2.0,4730.0,0.0
13083,55151,1034,1.0,10530.0,5.0
17205,56782,1041,4.0,700.0,0.0
15348,56059,1044,2.0,3230.0,5.0
15115,55973,1065,2.0,7400.0,0.0
9355,53683,1071,1.0,1670.0,0.0
12537,54935,1031,2.0,9170.0,0.0
5344,52117,1048,1.0,7870.0,5.0
213,50086,1035,1.0,,10.0
5684,52249,1024,3.0,9110.0,10.0
8336,53282,1032,2.0,1990.0,
10928,54294,1055,1.0,1380.0,0.0
8445,53325,1017,1.0,3470.0,0.0
1684,50658,1074,1.0,1880.0,10.0
8481,53340,1038,3.0,4270.0,5.0
4349,51722,1050,1.0,7140.0,0.0
17023,56715,1005,4.0,5510.0,0.0
15816,56251,1037,1.0,2640.0,10.0
19102,57551,1008,1.0,6630.0,10.0
1167,50459,1025,1.0,4730.0,5.0
11218,54412,1023,2.0,4290.0,0.0
12763,55023,1067,1.0,4370.0,0.0
3617,51426,1006,1.0,4150.0,0.0
15025,55941,1026,1.0,7010.0,5.0
11331,54456,1046,1.0,3450.0,5.0
19035,57525,1025,1.0,4730.0,5.0
11356,54466,1036,1.0,6710.0,0.0
2460,50968,1017,2.0,3470.0,0.0
17334,56830,1049,2.0,2810.0,0.0
15022,55939,1075,2.0,2140.0,20.0
12556,54943,1053,3.0,3470.0,5.0
3423,51352,1018,4.0,3890.0,0.0
17147,56761,1004,2.0,9380.0,10.0
19152,57571,1005,1.0,5510.0,5.0
4833,51915,1009,1.0,6030.0,0.0
13154,55179,1037,1.0,2640.0,5.0
3388,51340,1035,1.0,6470.0,0.0
11559,54544,1005,1.0,5510.0,10.0
18020,57102,1006,1.0,4150.0,5.0
17396,56860,1038,2.0,4270.0,0.0
15640,56181,1018,1.0,3890.0,10.0
1274,50503,1019,1.0,4560.0,0.0
7813,53075,1032,3.0,1990.0,25.0
4261,51686,1010,3.0,8870.0,10.0
1898,50741,1020,2.0,720.0,25.0
17817,57025,1029,2.0,3490.0,0.0
17353,56839,1068,1.0,10570.0,10.0
9393,53700,1054,2.0,1830.0,5.0
18191,57179,1033,2.0,2910.0,0.0
4278,51693,1070,3.0,2320.0,5.0
15739,56219,1041,1.0,700.0,5.0
10262,54043,1006,2.0,4150.0,0.0
19980,57913,1041,2.0,700.0,5.0
1506,50592,1016,1.0,3350.0,10.0
17296,56816,1011,1.0,4590.0,0.0
1052,50414,1043,1.0,4500.0,0.0
10601,54173,1070,2.0,2320.0,0.0
6275,52472,1068,3.0,10570.0,0.0
4899,51940,1023,1.0,4290.0,10.0
1680,50656,1074,1.0,1880.0,5.0
6221,52454,1063,1.0,1660.0,0.0
7574,52976,1035,2.0,6470.0,0.0
6775,52663,1035,1.0,6470.0,15.0
17305,56821,1041,1.0,700.0,0.0
19933,57891,1074,5.0,1880.0,20.0
5614,52223,1058,2.0,5550.0,20.0
11626,54569,1063,5.0,1660.0,0.0
2443,50959,1074,4.0,1880.0,0.0
11516,54525,1069,1.0,4090.0,10.0
17986,57087,1030,1.0,4290.0,0.0
16093,56354,1007,1.0,1100.0,10.0
12801,55041,1026,1.0,7010.0,5.0
12372,54873,1031,2.0,9170.0,5.0
2815,51114,1065,1.0,7400.0,0.0
8543,53366,1065,1.0,7400.0,20.0
6134,52421,1066,1.0,,10.0
641,50249,1066,3.0,3610.0,5.0
19940,57893,1015,1.0,3850.0,10.0
18533,57312,1051,1.0,7060.0,15.0
526,50204,1023,2.0,4290.0,0.0
15516,56131,1030,1.0,4290.0,15.0
3578,51412,1009,4.0,6030.0,0.0
3302,51305,1012,2.0,6600.0,0.0
2717,51070,1016,1.0,3350.0,5.0
10749,54228,1065,1.0,7400.0,0.0
8460,53330,1059,2.0,4580.0,0.0
2719,51071,1036,1.0,6710.0,10.0
4386,51734,1053,2.0,3470.0,0.0
14953,55909,1044,1.0,3230.0,10.0
7014,52759,1068,2.0,10570.0,10.0
19139,57567,1046,2.0,3450.0,5.0
2858,51132,1003,1.0,2040.0,10.0
13215,55204,1066,1.0,3610.0,0.0
16214,56400,1063,1.0,1660.0,5.0
1995,50778,1048,2.0,7870.0,0.0
2757,51090,1004,1.0,9380.0,10.0
17246,56798,1045,2.0,8330.0,25.0
18730,57395,1063,2.0,1660.0,0.0
17755,57001,1005,3.0,5510.0,0.0
867,50343,1023,1.0,4290.0,5.0
19417,57678,1040,1.0,3060.0,0.0
4289,51697,1063,2.0,1660.0,20.0
6820,52686,1022,1.0,3830.0,10.0
7606,52991,1022,1.0,3830.0,5.0
2776,51097,1070,1.0,2320.0,5.0
8184,53222,1002,4.0,3080.0,5.0
6390,52518,1053,2.0,3470.0,0.0
15614,56169,1023,1.0,4290.0,15.0
5819,52299,1021,3.0,5530.0,0.0
18652,57362,1048,2.0,7870.0,0.0
13762,55423,1046,2.0,3450.0,20.0
4274,51691,1057,1.0,2370.0,10.0
16060,56341,1002,4.0,3080.0,10.0
7610,52993,1019,3.0,4560.0,
6136,52421,1062,1.0,280.0,10.0
11610,54563,1004,1.0,9380.0,0.0
16608,56554,1025,2.0,4730.0,10.0
10666,54199,1028,2.0,4510.0,5.0
18852,57451,1024,2.0,9110.0,15.0
18576,57330,1039,3.0,8680.0,20.0
15677,56195,1041,1.0,700.0,10.0
19463,57697,1025,1.0,4730.0,5.0
17748,56999,1026,2.0,7010.0,5.0
15303,56045,1064,1.0,7500.0,10.0
14565,55753,1011,2.0,4590.0,5.0
2012,50783,1027,1.0,7200.0,0.0
13667,55382,1001,1.0,6530.0,10.0
13209,55201,1046,2.0,3450.0,0.0
2422,50951,1070,3.0,2320.0,20.0
11214,54411,1008,1.0,6630.0,0.0
12377,54875,1053,1.0,3470.0,10.0
4683,51850,1061,2.0,8080.0,10.0
11064,54347,1032,1.0,1990.0,0.0
17113,56749,1005,1.0,5510.0,15.0
16302,56435,1069,2.0,4090.0,15.0
6797,52673,1002,1.0,3080.0,0.0
15841,56259,1033,1.0,2910.0,20.0
17416,56867,1022,1.0,3830.0,0.0
18753,57405,1006,1.0,4150.0,0.0
12006,54721,1062,1.0,280.0,10.0
3056,51207,1020,2.0,720.0,15.0
13916,55481,1068,2.0,10570.0,10.0
20169,57991,1075,4.0,2140.0,0.0
11641,54575,1032,1.0,1990.0,0.0
390,50154,1033,2.0,2910.0,0.0
1902,50743,1061,3.0,8080.0,10.0
8409,53310,1067,1.0,4370.0,10.0
16795,56625,1068,2.0,10570.0,15.0
18717,57391,1047,2.0,5950.0,10.0
11196,54404,1031,1.0,9170.0,0.0
16365,56457,1012,3.0,6600.0,0.0
16424,56479,1035,1.0,6470.0,10.0
6626,52603,1001,1.0,6530.0,10.0
18697,57383,1031,1.0,9170.0,10.0
15200,56007,1071,2.0,1670.0,10.0
16784,56622,1025,1.0,4730.0,10.0
14519,55736,1018,1.0,3890.0,5.0
19837,57850,1028,1.0,4510.0,0.0
3013,51191,1027,1.0,7200.0,15.0
9335,53676,1043,,4500.0,0.0
11725,54610,1015,1.0,3850.0,10.0
8500,53348,1070,2.0,2320.0,0.0
20164,57988,1005,1.0,5510.0,15.0
19354,57653,1047,3.0,5950.0,0.0
14798,55845,1061,1.0,8080.0,0.0
5389,52133,1073,2.0,6680.0,0.0
13840,55454,1055,1.0,1380.0,10.0
17047,56724,1015,2.0,3850.0,20.0
469,50183,1029,1.0,3490.0,20.0
1446,50568,1012,2.0,6600.0,0.0
14583,55761,1001,1.0,6530.0,0.0
12086,54753,1004,2.0,9380.0,0.0
2391,50939,1034,1.0,10530.0,20.0
17976,57084,1027,2.0,7200.0,20.0
3901,51540,1013,1.0,220.0,10.0
3916,51545,1025,1.0,4730.0,0.0
2837,51124,1031,3.0,9170.0,10.0
14110,55562,1071,1.0,1670.0,10.0
12352,54865,1010,2.0,8870.0,0.0
17232,56793,1022,1.0,3830.0,5.0
11475,54510,1052,2.0,6950.0,10.0
3691,51460,1062,1.0,280.0,15.0
17348,56838,1009,1.0,6030.0,0.0
9371,53690,1032,1.0,1990.0,15.0
18206,57184,1053,1.0,3470.0,0.0
18708,57388,1015,1.0,3850.0,10.0
19411,57674,1012,4.0,6600.0,15.0
13246,55218,1063,1.0,1660.0,25.0
5865,52317,1023,1.0,4290.0,15.0
673,50262,1019,2.0,4560.0,5.0
19133,57565,1012,1.0,6600.0,5.0
14954,55909,1058,3.0,5550.0,10.0
1159,50456,1022,1.0,3830.0,20.0
16177,56386,1065,2.0,7400.0,10.0
1258,50496,1024,1.0,9110.0,5.0
8370,53294,1070,2.0,2320.0,15.0
6873,52705,1020,1.0,720.0,25.0
3675,51453,1027,2.0,7200.0,15.0
11299,54442,1046,1.0,,5.0
16730,56601,1028,1.0,4510.0,0.0
16792,56624,1005,5.0,5510.0,0.0
4690,51854,1047,1.0,5950.0,20.0
19642,57768,1064,1.0,7500.0,5.0
16917,56669,1068,2.0,10570.0,0.0
5748,52272,1017,3.0,3470.0,0.0
3528,51393,1030,2.0,4290.0,5.0
5350,52119,1035,2.0,6470.0,5.0
10330,54066,1043,1.0,4500.0,10.0
15591,56160,1019,3.0,4560.0,20.0
5346,52117,1020,2.0,720.0,0.0
9943,53919,1068,1.0,10570.0,10.0
13208,55201,1030,1.0,4290.0,0.0
18798,57427,1019,1.0,4560.0,5.0
18356,57242,1047,1.0,5950.0,5.0
15396,56079,1020,1.0,720.0,0.0
8461,53331,1020,2.0,720.0,15.0
3983,51569,1064,2.0,7500.0,5.0
6554,52575,1019,3.0,4560.0,5.0
5569,52205,1014,2.0,,25.0
8929,53517,1017,2.0,3470.0,5.0
12463,54907,1045,1.0,8330.0,25.0
12786,55033,1024,3.0,9110.0,10.0
18964,57494,1069,1.0,4090.0,0.0
11757,54623,1065,2.0,7400.0,15.0
16549,56532,1070,1.0,2320.0,5.0
15508,56128,1056,1.0,1230.0,20.0
8759,53451,1031,1.0,9170.0,10.0
9186,53616,1042,1.0,590.0,20.0
10667,54200,1018,1.0,3890.0,0.0
12169,54791,1036,2.0,6710.0,0.0
547,50215,1061,2.0,8080.0,20.0
7956,53134,1032,1.0,1990.0,5.0
11117,54369,1031,1.0,9170.0,0.0
2316,50907,1052,2.0,6950.0,10.0
14812,55850,1023,1.0,4290.0,15.0
312,50126,1004,3.0,9380.0,0.0
7265,52859,1029,2.0,3490.0,10.0
717,50278,1007,2.0,1100.0,20.0
8646,53406,1072,1.0,4390.0,0.0
9915,53910,1016,2.0,3350.0,25.0
898,50355,1032,1.0,1990.0,5.0
3876,51531,1057,1.0,2370.0,0.0
8389,53302,1066,2.0,3610.0,5.0
8364,53292,1014,1.0,2270.0,25.0
10897,54281,1059,2.0,4580.0,0.0
11249,54425,1040,3.0,3060.0,20.0
947,50374,1063,1.0,1660.0,10.0
7631,52999,1003,1.0,2040.0,0.0
16029,56331,1008,2.0,6630.0,10.0
20154,57984,1014,3.0,2270.0,0.0
4228,51670,1056,1.0,1230.0,15.0
14729,55820,1015,1.0,3850.0,20.0
13469,55305,1014,3.0,2270.0,0.0
6613,52599,1024,1.0,9110.0,0.0
13225,55208,1007,1.0,1100.0,20.0
9342,53678,1035,1.0,6470.0,5.0
14247,55621,1049,4.0,2810.0,10.0
10896,54281,1009,1.0,6030.0,15.0
17742,56997,1036,1.0,6710.0,5.0
4443,51757,1071,4.0,1670.0,0.0
2607,51027,1034,1.0,10530.0,0.0
1626,50635,1065,1.0,7400.0,0.0
12751,55020,1062,1.0,280.0,5.0
8388,53302,1034,1.0,10530.0,0.0
3739,51475,1006,2.0,4150.0,5.0
15562,56147,1005,1.0,5510.0,0.0
13875,55466,1040,1.0,3060.0,5.0
6877,52706,1065,1.0,7400.0,15.0
18380,57251,1043,1.0,4500.0,0.0
2380,50935,1008,1.0,6630.0,25.0
11991,54714,1074,2.0,1880.0,20.0
3058,51208,1009,1.0,6030.0,0.0
19664,57776,1002,1.0,3080.0,0.0
9691,53820,1064,1.0,7500.0,5.0
18239,57196,1063,1.0,1660.0,0.0
7899,53110,1075,3.0,2140.0,0.0
4363,51727,1061,1.0,8080.0,0.0
15849,56262,1005,2.0,5510.0,0.0
317,50128,1036,3.0,6710.0,0.0
5191,52055,1027,1.0,7200.0,25.0
16215,56400,1031,1.0,9170.0,10.0
14655,55791,1007,1.0,1100.0,0.0
6362,52508,1019,1.0,4560.0,5.0
12198,54801,1045,3.0,8330.0,0.0
14366,55675,1058,1.0,5550.0,10.0
10473,54123,1033,1.0,2910.0,0.0
7833,53083,1029,2.0,3490.0,5.0
4760,51882,1067,1.0,4370.0,0.0
16211,56399,1070,1.0,2320.0,10.0
604,50236,1021,3.0,5530.0,10.0
14716,55816,1037,,2640.0,5.0
15730,56216,1015,1.0,3850.0,20.0
14452,55707,1049,2.0,2810.0,5.0
5966,52354,1074,3.0,1880.0,10.0
3428,51354,1013,1.0,220.0,0.0
19493,57709,1058,2.0,5550.0,5.0
5224,52070,1073,3.0,6680.0,0.0
5751,52273,1047,1.0,5950.0,15.0
339,50136,1061,1.0,8080.0,0.0
2591,51019,1024,3.0,9110.0,0.0
20120,57972,1045,1.0,8330.0,10.0
1987,50776,1064,1.0,7500.0,5.0
17485,56894,1059,2.0,4580.0,25.0
13396,55272,1021,3.0,5530.0,0.0
19615,57756,1030,2.0,4290.0,5.0
17051,56726,1045,1.0,8330.0,15.0
11357,54467,1054,1.0,1830.0,0.0
5786,52287,1003,1.0,2040.0,15.0
3844,51519,1033,3.0,2910.0,0.0
1857,50726,1039,1.0,8680.0,5.0
17560,56924,1002,1.0,3080.0,5.0
12582,54953,1024,1.0,9110.0,0.0
15012,55935,1073,1.0,6680.0,0.0
12138,54778,1009,2.0,6030.0,0.0
11346,54463,1017,1.0,3470.0,0.0
19969,57906,1033,4.0,2910.0,0.0
3556,51404,1032,1.0,1990.0,0.0
2453,50964,1035,2.0,6470.0,0.0
12095,54756,1033,3.0,2910.0,15.0
20032,57933,1009,3.0,6030.0,0.0
17795,57016,1048,4.0,7870.0,10.0
7848,53089,1049,1.0,2810.0,25.0
13393,55269,1020,1.0,720.0,10.0
3957,51560,1001,1.0,6530.0,10.0
4643,51835,1061,2.0,8080.0,0.0
12407,54887,1009,1.0,6030.0,0.0
2123,50826,1062,1.0,280.0,0.0
14689,55805,1060,1.0,5950.0,15.0
1458,50571,1040,2.0,3060.0,5.0
12344,54861,1008,1.0,6630.0,0.0
10987,54317,1027,2.0,7200.0,15.0
629,50246,1034,1.0,10530.0,5.0
14965,55915,1030,1.0,4290.0,0.0
8767,53453,1022,1.0,3830.0,0.0
6424,52530,1038,2.0,4270.0,10.0
14927,55895,1041,1.0,700.0,0.0
18046,57114,1015,1.0,3850.0,10.0
13935,55490,1037,1.0,2640.0,0.0
12057,54739,1068,1.0,10570.0,0.0
10497,54134,1001,1.0,6530.0,5.0
3910,51543,1024,2.0,9110.0,10.0
14926,55894,1067,1.0,4370.0,15.0
1663,50649,1050,,7140.0,20.0
15119,55975,1011,1.0,4590.0,10.0
6878,52707,1055,1.0,1380.0,5.0
19844,57853,1010,1.0,8870.0,0.0
715,50277,1034,1.0,10530.0,10.0
19761,57817,1045,1.0,8330.0,0.0
13479,55311,1018,3.0,3890.0,5.0
6566,52582,1042,2.0,590.0,5.0
9745,53842,1044,1.0,3230.0,0.0
15267,56031,1018,3.0,3890.0,25.0
11296,54441,1063,3.0,1660.0,10.0
1699,50663,1042,1.0,590.0,15.0
15716,56212,1066,3.0,3610.0,20.0
11317,54449,1061,1.0,8080.0,25.0
11978,54708,1018,2.0,3890.0,0.0
16154,56377,1026,2.0,7010.0,10.0
403,50159,1014,,2270.0,10.0
13853,55458,1033,2.0,2910.0,10.0
16464,56495,1075,4.0,2140.0,15.0
17272,56806,1047,1.0,5950.0,0.0
1852,50724,1061,4.0,8080.0,10.0
12697,54999,1002,1.0,3080.0,0.0
6099,52404,1041,3.0,700.0,10.0
7590,52983,1063,1.0,1660.0,0.0
2783,51100,1075,1.0,2140.0,0.0
1826,50715,1030,1.0,4290.0,15.0
8787,53460,1044,1.0,3230.0,0.0
10901,54283,1014,1.0,2270.0,25.0
3184,51257,1028,4.0,4510.0,5.0
11319,54450,1010,1.0,8870.0,5.0
9124,53595,1071,2.0,1670.0,0.0
8006,53156,1017,1.0,3470.0,25.0
12694,54997,1026,2.0,7010.0,0.0
12665,54987,1038,1.0,4270.0,5.0
14747,55827,1006,1.0,4150.0,0.0
18554,57321,1065,1.0,7400.0,0.0
373,50148,1074,2.0,1880.0,5.0
7356,52890,1065,4.0,7400.0,5.0
636,50248,1030,1.0,4290.0,5.0
10752,54229,1025,1.0,4730.0,15.0
16402,56470,1037,2.0,2640.0,0.0
9861,53889,1033,3.0,2910.0,20.0
12608,54965,1018,3.0,3890.0,
6026,52377,1010,4.0,8870.0,0.0
13064,55144,1046,1.0,3450.0,0.0
10005,53945,1021,1.0,5530.0,0.0
3470,51370,1023,1.0,4290.0,5.0
6990,52750,1015,1.0,3850.0,0.0
10121,53990,1002,1.0,3080.0,5.0
6122,52413,1018,4.0,3890.0,0.0
8212,53236,1009,3.0,6030.0,0.0
17807,57022,1016,1.0,3350.0,10.0
17925,57068,1051,1.0,7060.0,0.0
7910,53116,1065,1.0,7400.0,0.0
5902,52330,1042,1.0,590.0,0.0
9308,53667,1013,1.0,220.0,5.0
1783,50695,1032,2.0,1990.0,5.0
16458,56492,1071,2.0,1670.0,0.0
9973,53931,1055,1.0,1380.0,15.0
2099,50817,1030,1.0,4290.0,0.0
11729,54611,1072,3.0,4390.0,5.0
19434,57685,1010,1.0,8870.0,15.0
6786,52666,1031,1.0,9170.0,5.0
5859,52315,1046,1.0,3450.0,10.0
5284,52091,1013,1.0,220.0,10.0
15798,56242,1071,1.0,1670.0,20.0
2065,50805,1064,1.0,7500.0,0.0
5246,52077,1057,,2370.0,15.0
11911,54682,1043,3.0,4500.0,0.0
11671,54586,1006,1.0,4150.0,5.0
153,50064,1046,1.0,3450.0,5.0
16556,56535,1002,3.0,3080.0,25.0
6060,52392,1001,1.0,6530.0,0.0
6139,52422,1066,2.0,3610.0,5.0
19155,57573,1047,1.0,5950.0,20.0
10448,54113,1069,1.0,4090.0,10.0
15926,56290,1046,4.0,3450.0,10.0
15515,56130,1045,3.0,8330.0,15.0
9669,53814,1003,5.0,2040.0,0.0
6994,52752,1027,1.0,7200.0,0.0
18774,57415,1011,2.0,4590.0,25.0
6030,52379,1074,1.0,1880.0,15.0
1459,50572,1074,,1880.0,0.0
10201,54019,1006,1.0,4150.0,10.0
12121,54768,1003,2.0,2040.0,10.0
15442,56099,1064,1.0,7500.0,0.0
17660,56964,1024,2.0,9110.0,0.0
1937,50757,1035,1.0,6470.0,0.0
9599,53784,1033,1.0,2910.0,10.0
4949,51961,1021,1.0,5530.0,15.0
8575,53379,1022,1.0,3830.0,0.0
2535,50996,1003,2.0,2040.0,0.0
10910,54285,1016,2.0,3350.0,0.0
141,50060,1055,1.0,1380.0,10.0
15441,56099,1013,2.0,220.0,0.0
13920,55484,1006,3.0,4150.0,10.0
14458,55710,1060,1.0,5950.0,20.0
12402,54886,1074,2.0,1880.0,10.0
20111,57968,1072,2.0,4390.0,10.0
11083,54355,1073,1.0,6680.0,15.0
11865,54666,1019,3.0,4560.0,0.0
18547,57319,1051,2.0,7060.0,0.0
18088,57131,1069,1.0,4090.0,5.0
11016,54328,1028,1.0,4510.0,5.0
16121,56364,1032,3.0,1990.0,25.0
15794,56240,1027,2.0,7200.0,0.0
2425,50952,1065,4.0,7400.0,10.0
3568,51408,1017,1.0,3470.0,5.0
15354,56061,1026,1.0,7010.0,5.0
808,50318,1046,1.0,3450.0,0.0
13238,55214,1042,1.0,590.0,20.0
17343,56834,1067,2.0,4370.0,0.0
12154,54783,1068,1.0,10570.0,15.0
6765,52659,1045,1.0,8330.0,0.0
18961,57492,1070,1.0,2320.0,0.0
18220,57189,1012,1.0,6600.0,0.0
2006,50782,1067,2.0,4370.0,0.0
7216,52841,1022,3.0,3830.0,25.0
14996,55926,1047,1.0,5950.0,15.0
19201,57589,1061,2.0,8080.0,0.0
5702,52254,1044,1.0,3230.0,5.0
7793,53069,1035,1.0,6470.0,0.0
7018,52760,1065,1.0,7400.0,0.0
484,50187,1007,1.0,1100.0,0.0
18041,57113,1023,2.0,4290.0,25.0
10506,54138,1024,1.0,9110.0,5.0
11423,54492,1065,1.0,7400.0,5.0
1809,50704,1023,1.0,4290.0,15.0
13976,55505,1012,1.0,6600.0,20.0
2619,51033,1067,,4370.0,0.0
7002,52754,1074,1.0,1880.0,5.0
19753,57813,1030,1.0,4290.0,0.0
11802,54641,1055,3.0,1380.0,20.0
8963,53532,1002,1.0,3080.0,10.0
4418,51745,1008,2.0,6630.0,15.0
7190,52832,1005,1.0,5510.0,10.0
7176,52827,1035,4.0,6470.0,0.0
10187,54015,1071,,1670.0,20.0
14408,55692,1061,3.0,8080.0,5.0
719,50279,1045,1.0,8330.0,10.0
12974,55105,1015,2.0,3850.0,5.0
18662,57367,1037,1.0,2640.0,15.0
3666,51449,1068,2.0,10570.0,5.0
14194,55597,1038,2.0,4270.0,0.0
17983,57086,1010,1.0,8870.0,0.0
18391,57256,1038,1.0,4270.0,0.0
283,50114,1075,4.0,2140.0,10.0
15362,56064,1051,4.0,7060.0,0.0
7363,52893,1059,3.0,4580.0,10.0
9421,53712,1028,2.0,4510.0,25.0
13449,55297,1060,2.0,5950.0,0.0
16131,56368,1052,,6950.0,15.0
14300,55644,1020,1.0,720.0,25.0
7726,53042,1050,1.0,7140.0,0.0
236,50095,1017,1.0,3470.0,5.0
17471,56888,1019,4.0,4560.0,10.0
18843,57447,1032,1.0,1990.0,0.0
4907,51943,1008,2.0,6630.0,20.0
12565,54946,1009,1.0,6030.0,0.0
1884,50736,1064,1.0,7500.0,20.0
3052,51206,1027,1.0,7200.0,5.0
13374,55263,1065,1.0,7400.0,0.0
2459,50968,1072,1.0,4390.0,10.0
8631,53401,1046,2.0,3450.0,25.0
1016,50401,1055,2.0,1380.0,10.0
9259,53647,1067,3.0,4370.0,0.0
18149,57158,1032,1.0,1990.0,10.0
13364,55260,1067,1.0,4370.0,15.0
3177,51255,1042,2.0,590.0,0.0
6743,52651,1007,1.0,1100.0,25.0
14749,55828,1016,2.0,3350.0,10.0
19285,57623,1075,1.0,2140.0,10.0
3719,51468,1038,1.0,4270.0,5.0
19281,57621,1013,3.0,220.0,0.0
15535,56136,1069,1.0,4090.0,15.0
4387,51734,1037,2.0,2640.0,10.0
5122,52029,1067,1.0,4370.0,0.0
10052,53964,1067,1.0,4370.0,
888,50352,1057,2.0,2370.0,0.0
14979,55920,1070,4.0,2320.0,20.0
4412,51742,1005,2.0,5510.0,0.0
13972,55504,1055,1.0,1380.0,0.0
7183,52829,1070,1.0,2320.0,10.0
10531,54147,1063,1.0,1660.0,15.0
8168,53217,1071,1.0,1670.0,0.0
6322,52492,1033,2.0,2910.0,5.0
9090,53580,1011,1.0,4590.0,0.0
307,50124,1001,1.0,6530.0,5.0
14874,55874,1054,2.0,1830.0,0.0
18609,57343,1033,5.0,2910.0,5.0
676,50262,1015,1.0,3850.0,0.0
780,50305,1042,1.0,590.0,25.0
14829,55857,1062,3.0,280.0,0.0
14498,55729,1059,1.0,4580.0,5.0
7095,52795,1027,3.0,7200.0,5.0
7125,52806,1042,1.0,590.0,15.0
7446,52922,1059,1.0,4580.0,0.0
8685,53422,1022,1.0,3830.0,5.0
12391,54881,1060,4.0,5950.0,0.0
17674,56969,1046,1.0,3450.0,0.0
19794,57832,1055,1.0,1380.0,5.0
4052,51596,1042,1.0,590.0,20.0
3735,51473,1054,1.0,1830.0,0.0
11564,54546,1026,1.0,7010.0,0.0
4929,51952,1027,2.0,7200.0,0.0
47,50018,1069,1.0,4090.0,10.0
10726,54220,1021,1.0,5530.0,20.0
9928,53914,1043,1.0,4500.0,20.0
8729,53438,1016,1.0,3350.0,20.0
2234,50875,1019,1.0,4560.0,0.0
14073,55546,1011,1.0,4590.0,15.0
7144,52816,1066,1.0,3610.0,0.0
15781,56236,1035,1.0,6470.0,0.0
17130,56755,1028,4.0,4510.0,25.0
12952,55096,1017,4.0,3470.0,5.0
13700,55398,1023,3.0,4290.0,5.0
13702,55398,1048,1.0,7870.0,15.0
16171,56383,1025,1.0,4730.0,15.0
13880,55468,1034,2.0,10530.0,20.0
18492,57297,1016,2.0,3350.0,0.0
13962,55501,1026,4.0,7010.0,10.0
15815,56250,1019,2.0,4560.0,25.0
19936,57892,1012,2.0,6600.0,5.0
8843,53484,1062,1.0,280.0,15.0
1347,50531,1015,1.0,3850.0,20.0
10082,53975,1062,1.0,280.0,0.0
2369,50930,1047,2.0,5950.0,20.0
10855,54266,1017,2.0,3470.0,0.0
4972,51970,1036,1.0,6710.0,0.0
8428,53318,1023,1.0,4290.0,10.0
14671,55798,1073,1.0,6680.0,0.0
581,50228,1026,1.0,7010.0,0.0
13355,55258,1040,1.0,3060.0,0.0
13842,55455,1049,2.0,2810.0,20.0
13993,55512,1055,1.0,1380.0,10.0
1889,50738,1002,2.0,3080.0,0.0
1779,50693,1003,3.0,2040.0,5.0
15054,55949,1055,1.0,1380.0,15.0
13633,55370,1006,1.0,4150.0,0.0
15406,56083,1069,1.0,4090.0,0.0
2915,51154,1062,1.0,280.0,15.0
13007,55117,1020,2.0,720.0,0.0
19667,57777,1021,1.0,5530.0,0.0
1297,50511,1072,2.0,4390.0,5.0
11742,54616,1041,1.0,700.0,10.0
13952,55497,1051,1.0,7060.0,5.0
19640,57767,1019,1.0,4560.0,15.0
2133,50831,1055,1.0,1380.0,0.0
15353,56061,1013,1.0,220.0,25.0
19613,57756,1040,1.0,3060.0,0.0
8348,53286,1053,3.0,3470.0,10.0
16299,56434,1062,1.0,280.0,5.0
11950,54697,1043,1.0,4500.0,20.0
4051,51596,1075,1.0,2140.0,5.0
1989,50777,1062,1.0,280.0,0.0
19630,57764,1056,2.0,1230.0,5.0
15987,56314,1042,3.0,590.0,20.0
4336,51717,1038,1.0,4270.0,0.0
5351,52119,1009,1.0,6030.0,0.0
9332,53675,1047,2.0,5950.0,0.0
10298,54054,1013,1.0,220.0,10.0
17827,57029,1041,1.0,700.0,0.0
1732,50676,1069,1.0,4090.0,0.0
19977,57911,1048,3.0,7870.0,10.0
18792,57425,1060,1.0,5950.0,10.0
16544,56530,1043,2.0,4500.0,15.0
17922,57067,1038,1.0,4270.0,10.0
4212,51663,1030,3.0,4290.0,10.0
184,50074,1064,5.0,7500.0,5.0
7545,52966,1014,1.0,2270.0,5.0
10287,54050,1068,4.0,10570.0,20.0
14711,55814,1032,3.0,1990.0,5.0
10173,54010,1069,1.0,4090.0,0.0
13458,55300,1038,1.0,4270.0,5.0
2403,50944,1069,1.0,4090.0,0.0
15769,56231,1071,2.0,1670.0,0.0
7518,52954,1061,5.0,8080.0,0.0
1828,50715,1034,3.0,10530.0,5.0
3494,51379,1059,1.0,4580.0,20.0
3394,51341,1059,1.0,4580.0,20.0
15421,56089,1072,1.0,4390.0,5.0
15797,56241,1066,3.0,3610.0,0.0
2686,51059,1023,1.0,4290.0,5.0
3451,51363,1048,1.0,7870.0,5.0
15959,56301,1017,1.0,3470.0,0.0
8361,53291,1011,3.0,4590.0,10.0
4932,51954,1027,2.0,7200.0,0.0
3779,51489,1058,2.0,5550.0,5.0
6874,52705,1074,1.0,1880.0,0.0
6187,52440,1001,1.0,6530.0,10.0
3631,51434,1069,2.0,4090.0,10.0
4715,51864,1061,2.0,8080.0,0.0
20181,57995,1070,2.0,2320.0,0.0
1874,50732,1041,2.0,700.0,15.0
955,50378,1019,3.0,4560.0,0.0
14395,55684,1029,1.0,3490.0,0.0
9613,53788,1038,1.0,4270.0,10.0
10404,54095,1056,1.0,1230.0,0.0
12843,55057,1066,1.0,3610.0,10.0
19457,57693,1009,1.0,6030.0,20.0
11027,54332,1023,4.0,4290.0,10.0
5102,52022,1034,3.0,10530.0,10.0
7108,52799,1025,1.0,4730.0,0.0
12502,54923,1043,1.0,4500.0,5.0
19222,57597,1046,5.0,3450.0,0.0
4297,51702,1074,1.0,1880.0,0.0
19740,57808,1075,1.0,2140.0,20.0
18233,57194,1001,2.0,6530.0,10.0
15269,56032,1074,1.0,1880.0,0.0
13751,55418,1013,1.0,220.0,10.0
3415,51349,1037,1.0,2640.0,10.0
8765,53453,1052,1.0,6950.0,0.0
4202,51658,1056,5.0,1230.0,10.0
15502,56125,1065,1.0,7400.0,10.0
18524,57308,1002,2.0,3080.0,0.0
748,50291,1020,1.0,720.0,5.0
13161,55181,1001,2.0,6530.0,10.0
6188,52441,1013,1.0,220.0,0.0
19249,57608,1025,3.0,4730.0,0.0
460,50179,1021,2.0,5530.0,15.0
2083,50812,1053,2.0,3470.0,5.0
16073,56345,1041,2.0,700.0,0.0
4371,51730,1068,1.0,10570.0,20.0
12096,54756,1062,1.0,280.0,0.0
17631,56949,1072,1.0,4390.0,10.0
15205,56009,1033,1.0,2910.0,5.0
12182,54795,1047,1.0,5950.0,20.0
15600,56162,1020,3.0,720.0,10.0
16567,56541,1035,1.0,6470.0,15.0
742,50289,1016,2.0,3350.0,5.0
5821,52300,1066,4.0,3610.0,0.0
1945,50759,1002,1.0,3080.0,0.0
2891,51146,1066,1.0,3610.0,0.0
3564,51406,1030,1.0,4290.0,0.0
16015,56324,1007,1.0,1100.0,25.0
19437,57686,1015,1.0,3850.0,25.0
9077,53576,1032,4.0,1990.0,0.0
10366,54080,1039,1.0,8680.0,0.0
6806,52679,1070,3.0,2320.0,5.0
11909,54681,1027,1.0,7200.0,0.0
3004,51189,1025,3.0,4730.0,10.0
15156,55989,1037,1.0,2640.0,25.0
18942,57485,1075,1.0,2140.0,15.0
4049,51595,1055,1.0,1380.0,0.0
10369,54081,1013,3.0,220.0,10.0
17488,56895,1009,1.0,,0.0
1953,50761,1042,1.0,590.0,0.0
16342,56448,1062,1.0,280.0,10.0
1714,50668,1019,1.0,4560.0,0.0
6522,52564,1044,1.0,3230.0,0.0
7559,52971,1046,1.0,3450.0,15.0
2103,50819,1071,2.0,1670.0,10.0
13835,55451,1045,1.0,8330.0,0.0
11377,54474,1061,1.0,8080.0,5.0
4526,51790,1063,1.0,1660.0,0.0
15596,56161,1055,3.0,1380.0,5.0
1929,50754,1068,1.0,10570.0,10.0
15868,56269,1062,2.0,280.0,25.0
8055,53173,1073,3.0,6680.0,0.0
5021,51991,1005,1.0,,5.0
4937,51957,1029,1.0,3490.0,15.0
8716,53435,1074,1.0,1880.0,10.0
10041,53960,1059,2.0,4580.0,0.0
7380,52898,1058,1.0,5550.0,25.0
12235,54815,1062,2.0,280.0,10.0
5566,52202,1004,2.0,9380.0,15.0
6056,52390,1065,1.0,7400.0,
19665,57776,1045,3.0,8330.0,20.0
14634,55782,1061,1.0,8080.0,5.0
7914,53118,1017,1.0,3470.0,0.0
8945,53525,1012,1.0,6600.0,0.0
6667,52620,1072,1.0,4390.0,5.0
7920,53120,1024,1.0,9110.0,0.0
4266,51688,1033,2.0,2910.0,0.0
19828,57846,1068,2.0,10570.0,0.0
15295,56041,1044,1.0,3230.0,0.0
11635,54572,1050,1.0,7140.0,5.0
14111,55562,1028,2.0,4510.0,0.0
3034,51198,1050,2.0,7140.0,0.0
17442,56879,1058,1.0,5550.0,5.0
15374,56068,1031,2.0,9170.0,0.0
17437,56876,1068,1.0,10570.0,5.0
9451,53727,1012,3.0,6600.0,0.0
19911,57881,1051,1.0,7060.0,0.0
412,50162,1006,4.0,4150.0,10.0
270,50109,1018,1.0,3890.0,10.0
3289,51299,1054,1.0,1830.0,25.0
16305,56436,1072,1.0,4390.0,25.0
11652,54579,1051,2.0,7060.0,10.0
17379,56850,1009,1.0,6030.0,10.0
7483,52937,1016,2.0,3350.0,20.0
7196,52834,1036,2.0,6710.0,0.0
17509,56902,1011,2.0,4590.0,5.0
995,50393,1025,2.0,4730.0,5.0
12400,54885,1046,3.0,3450.0,10.0
90,50037,1017,2.0,3470.0,0.0
1365,50538,1034,3.0,10530.0,5.0
8384,53299,1073,1.0,6680.0,0.0
7859,53093,1027,1.0,7200.0,5.0
17303,56819,1031,1.0,9170.0,25.0
19943,57894,1039,3.0,8680.0,10.0
6619,52601,1009,2.0,6030.0,5.0
11502,54521,1062,1.0,280.0,0.0
966,50381,1025,2.0,4730.0,5.0
8826,53478,1025,1.0,4730.0,25.0
15279,56035,1050,1.0,7140.0,5.0
7072,52785,1001,3.0,,5.0
5184,52053,1020,1.0,720.0,5.0
16047,56337,1016,1.0,3350.0,5.0
17403,56863,1063,1.0,1660.0,5.0
4449,51760,1048,2.0,7870.0,10.0
12580,54951,1075,4.0,2140.0,10.0
16543,56529,1020,1.0,720.0,15.0
3387,51339,1024,2.0,,25.0
5611,52221,1043,1.0,4500.0,20.0
1658,50647,1018,4.0,3890.0,10.0
5870,52319,1064,3.0,7500.0,0.0
14314,55650,1075,1.0,2140.0,15.0
1848,50723,1022,2.0,3830.0,0.0
247,50099,1015,1.0,3850.0,5.0
9719,53833,1032,1.0,1990.0,10.0
9650,53806,1027,4.0,7200.0,5.0
10210,54023,1072,1.0,4390.0,10.0
8805,53469,1036,2.0,6710.0,15.0
7817,53076,1065,1.0,7400.0,0.0
7130,52808,1074,1.0,1880.0,0.0
7184,52830,1037,1.0,2640.0,0.0
13748,55417,1008,1.0,6630.0,0.0
6325,52492,1005,1.0,5510.0,0.0
15347,56059,1068,2.0,10570.0,5.0
12036,54731,1003,4.0,2040.0,0.0
1210,50476,1041,2.0,700.0,10.0
16842,56643,1071,2.0,1670.0,0.0
15511,56129,1022,2.0,3830.0,0.0
18994,57507,1048,2.0,7870.0,0.0
8078,53183,1047,3.0,5950.0,0.0
6292,52479,1051,3.0,7060.0,0.0
16511,56517,1075,1.0,2140.0,5.0
1622,50634,1050,1.0,7140.0,0.0
13333,55249,1038,4.0,4270.0,0.0
12604,54964,1049,1.0,2810.0,10.0
13129,55167,1016,1.0,3350.0,0.0
5312,52103,1028,5.0,4510.0,0.0
14384,55681,1039,2.0,8680.0,0.0
13255,55221,1006,3.0,4150.0,0.0
16165,56380,1014,1.0,2270.0,15.0
7075,52786,1045,1.0,8330.0,0.0
3897,51537,1038,2.0,4270.0,5.0
11407,54484,1033,3.0,2910.0,0.0
18060,57118,1066,1.0,3610.0,10.0
16161,56379,1040,3.0,3060.0,20.0
20027,57930,1050,4.0,7140.0,0.0
536,50210,1024,3.0,9110.0,25.0
5188,52054,1056,2.0,1230.0,20.0
14693,55806,1065,1.0,7400.0,5.0
14742,55825,1057,4.0,2370.0,10.0
13366,55261,1037,1.0,2640.0,25.0
274,50110,1009,1.0,6030.0,20.0
7061,52781,1021,1.0,5530.0,20.0
4819,51906,1071,3.0,1670.0,15.0
5945,52345,1053,1.0,3470.0,10.0
20089,57958,1037,1.0,2640.0,10.0
9115,53592,1073,1.0,6680.0,20.0
10316,54061,1050,2.0,7140.0,10.0
11149,54381,1072,1.0,4390.0,0.0
5296,52097,1053,4.0,3470.0,0.0
16139,56372,1070,2.0,2320.0,0.0
9780,53857,1028,1.0,4510.0,15.0
5123,52030,1041,3.0,,10.0
6463,52542,1075,2.0,2140.0,25.0
9597,53783,1069,1.0,4090.0,0.0
8455,53329,1052,3.0,6950.0,10.0
6116,52411,1061,2.0,8080.0,0.0
10288,54050,1040,2.0,3060.0,0.0
18465,57287,1034,1.0,10530.0,0.0
17175,56772,1035,4.0,6470.0,5.0
4044,51594,1029,3.0,3490.0,0.0
19440,57687,1002,1.0,3080.0,0.0
3385,51338,1071,1.0,1670.0,0.0
9299,53663,1061,2.0,8080.0,5.0
866,50343,1022,3.0,3830.0,10.0
17461,56885,1041,2.0,700.0,10.0
13111,55161,1028,2.0,4510.0,10.0
6582,52589,1043,2.0,4500.0,5.0
10881,54274,1012,1.0,6600.0,10.0
2579,51014,1034,1.0,10530.0,5.0
19785,57828,1041,1.0,700.0,5.0
10735,54222,1010,1.0,8870.0,0.0
14636,55782,1041,2.0,700.0,20.0
6363,52508,1004,1.0,9380.0,25.0
4285,51696,1054,1.0,1830.0,0.0
18198,57181,1065,2.0,7400.0,5.0
2749,51085,1065,1.0,7400.0,0.0
1261,50497,1075,1.0,2140.0,15.0
18471,57290,1058,1.0,5550.0,15.0
17875,57048,1016,2.0,3350.0,10.0
4835,51916,1061,2.0,8080.0,15.0
2205,50861,1048,2.0,7870.0,5.0
6709,52636,1028,2.0,4510.0,5.0
729,50283,1053,1.0,3470.0,0.0
17299,56817,1068,2.0,10570.0,0.0
9749,53843,1007,1.0,1100.0,0.0
3619,51428,1037,2.0,2640.0,10.0
2186,50853,1040,2.0,3060.0,10.0
15056,55950,1016,2.0,3350.0,5.0
17769,57007,1073,1.0,6680.0,15.0
13983,55509,1025,2.0,4730.0,0.0
5830,52304,1021,1.0,5530.0,0.0
16352,56451,1057,3.0,2370.0,0.0
13735,55411,1030,1.0,4290.0,10.0
10990,54318,1041,1.0,700.0,25.0
5935,52341,1031,3.0,9170.0,5.0
254,50102,1041,1.0,700.0,5.0
2404,50944,1060,2.0,5950.0,5.0
9158,53606,1059,1.0,4580.0,0.0
12885,55072,1047,1.0,5950.0,5.0
732,50284,1007,4.0,1100.0,0.0
20187,57996,1056,2.0,1230.0,20.0
1473,50577,1049,1.0,2810.0,0.0
18489,57296,1012,1.0,6600.0,10.0
19117,57558,1033,1.0,2910.0,15.0
8401,53307,1074,1.0,1880.0,0.0
3777,51489,1068,1.0,10570.0,15.0
10025,53954,1069,1.0,4090.0,15.0
4492,51777,1073,1.0,6680.0,0.0
19446,57688,1012,1.0,6600.0,10.0
12196,54800,1055,1.0,1380.0,5.0
374,50148,1038,1.0,4270.0,0.0
16750,56609,1066,2.0,3610.0,0.0
12688,54996,1032,1.0,1990.0,5.0
5635,52229,1075,1.0,2140.0,5.0
14240,55618,1012,2.0,6600.0,10.0
11828,54652,1072,1.0,4390.0,0.0
14650,55787,1065,1.0,7400.0,20.0
5817,52299,1037,3.0,2640.0,5.0
10205,54021,1074,2.0,1880.0,5.0
3900,51539,1064,3.0,7500.0,5.0
1026,50406,1063,1.0,1660.0,10.0
19867,57862,1069,3.0,4090.0,10.0
18349,57239,1059,1.0,4580.0,5.0
4591,51815,1022,1.0,3830.0,10.0
8712,53432,1030,1.0,4290.0,15.0
14337,55660,1038,1.0,4270.0,5.0
1033,50408,1016,1.0,3350.0,5.0
12268,54829,1058,1.0,5550.0,0.0
15363,56064,1019,2.0,4560.0,15.0
4462,51767,1018,3.0,3890.0,0.0
18649,57360,1025,2.0,4730.0,5.0
9265,53651,1059,1.0,4580.0,0.0
15942,56296,1019,4.0,4560.0,5.0
33,50013,1010,1.0,8870.0,0.0
17017,56712,1035,2.0,6470.0,10.0
13827,55449,1014,3.0,2270.0,20.0
1214,50477,1042,1.0,590.0,0.0
4495,51778,1012,4.0,6600.0,5.0
9686,53819,1007,1.0,1100.0,15.0
1202,50472,1021,1.0,5530.0,0.0
1846,50722,1032,2.0,1990.0,0.0
14123,55567,1005,1.0,5510.0,0.0
4080,51609,1037,1.0,2640.0,0.0
7369,52894,1028,,4510.0,0.0
16808,56631,1012,1.0,6600.0,15.0
15236,56020,1024,,9110.0,0.0
587,50231,1003,1.0,2040.0,20.0
3608,51423,1066,1.0,3610.0,0.0
14695,55808,1060,1.0,5950.0,0.0
17718,56987,1040,2.0,3060.0,10.0
18913,57472,1026,,7010.0,10.0
16839,56642,1014,1.0,2270.0,25.0
15283,56037,1062,1.0,280.0,15.0
14943,55902,1050,1.0,7140.0,0.0
7453,52926,1039,1.0,8680.0,0.0
14292,55640,1074,1.0,1880.0,25.0
2544,51000,1005,1.0,5510.0,0.0
5462,52164,1065,1.0,7400.0,10.0
1118,50440,1074,1.0,1880.0,10.0
12277,54832,1053,1.0,3470.0,5.0
5701,52254,1012,3.0,6600.0,25.0
16136,56371,1065,1.0,7400.0,10.0
7555,52970,1047,2.0,5950.0,5.0
10031,53956,1052,1.0,6950.0,10.0
2263,50888,1036,1.0,6710.0,15.0
17264,56804,1035,1.0,6470.0,0.0
2716,51070,1043,1.0,4500.0,25.0
14673,55798,1061,4.0,8080.0,0.0
2808,51111,1008,1.0,6630.0,0.0
1613,50631,1015,2.0,3850.0,0.0
7088,52792,1030,1.0,4290.0,5.0
18193,57179,1032,3.0,1990.0,10.0
5332,52113,1011,2.0,4590.0,10.0
8940,53522,1009,1.0,6030.0,20.0
7819,53077,1046,1.0,3450.0,5.0
18114,57142,1038,1.0,4270.0,5.0
7876,53100,1026,2.0,7010.0,5.0
14019,55524,1029,1.0,3490.0,15.0
5772,52282,1066,1.0,3610.0,20.0
4315,51708,1044,2.0,3230.0,20.0
3265,51289,1042,1.0,590.0,5.0
5360,52122,1063,3.0,1660.0,10.0
6352,52503,1014,1.0,2270.0,25.0
134,50057,1041,1.0,700.0,25.0
14218,55610,1012,3.0,6600.0,5.0
15991,56316,1033,2.0,2910.0,15.0
14640,55783,1066,4.0,3610.0,10.0
14612,55773,1012,1.0,6600.0,5.0
19894,57873,1072,1.0,4390.0,10.0
19239,57604,1069,1.0,4090.0,0.0
9222,53632,1041,2.0,700.0,0.0
12877,55069,1068,2.0,10570.0,0.0
7174,52827,1050,4.0,7140.0,20.0
4830,51912,1072,2.0,4390.0,0.0
12663,54986,1064,1.0,7500.0,10.0
1526,50599,1015,1.0,3850.0,10.0
15173,55996,1009,1.0,6030.0,20.0
3688,51458,1051,2.0,7060.0,25.0
13886,55470,1043,1.0,4500.0,0.0
10499,54136,1026,1.0,7010.0,0.0
17052,56726,1037,3.0,2640.0,5.0
10089,53979,1066,4.0,3610.0,20.0
8900,53507,1001,5.0,6530.0,0.0
14825,55854,1020,1.0,720.0,10.0
9455,53728,1003,2.0,2040.0,20.0
16581,56546,1066,1.0,3610.0,10.0
12278,54832,1010,2.0,8870.0,15.0
5741,52269,1009,1.0,6030.0,5.0
14844,55863,1075,2.0,2140.0,20.0
2068,50807,1071,2.0,1670.0,0.0
8329,53279,1037,1.0,2640.0,15.0
14885,55879,1013,5.0,220.0,5.0
8119,53197,1022,2.0,3830.0,0.0
13650,55376,1028,3.0,4510.0,0.0
9016,53555,1017,1.0,3470.0,0.0
5210,52064,1027,1.0,7200.0,0.0
3819,51507,1015,1.0,3850.0,5.0
5775,52282,1057,1.0,2370.0,10.0
14861,55870,1032,2.0,1990.0,0.0
6226,52456,1057,1.0,2370.0,10.0
17311,56822,1068,2.0,10570.0,5.0
18414,57265,1016,1.0,3350.0,15.0
15017,55938,1047,1.0,5950.0,5.0
19343,57649,1009,2.0,6030.0,0.0
3753,51480,1006,3.0,4150.0,25.0
2982,51178,1063,1.0,1660.0,
13813,55444,1006,2.0,4150.0,20.0
18106,57138,1060,2.0,5950.0,10.0
2004,50781,1074,1.0,1880.0,20.0
12186,54797,1012,1.0,6600.0,20.0
17655,56962,1060,3.0,5950.0,20.0
2228,50872,1033,2.0,2910.0,5.0
17953,57077,1053,1.0,3470.0,15.0
9541,53761,1072,2.0,4390.0,25.0
3695,51461,1061,2.0,8080.0,0.0
5517,52186,1074,4.0,1880.0,0.0
4523,51787,1022,1.0,3830.0,5.0
5475,52168,1039,1.0,8680.0,0.0
13740,55413,1051,1.0,7060.0,0.0
13534,55335,1055,3.0,1380.0,10.0
12124,54770,1019,1.0,4560.0,5.0
14735,55822,1012,1.0,6600.0,15.0
116,50049,1067,1.0,4370.0,0.0
18631,57353,1041,1.0,700.0,0.0
16311,56439,1072,1.0,4390.0,25.0
17327,56828,1002,1.0,3080.0,20.0
12855,55060,1014,1.0,2270.0,0.0
6620,52602,1048,1.0,7870.0,10.0
2213,50864,1024,2.0,9110.0,15.0
9637,53799,1012,2.0,6600.0,20.0
13515,55325,1010,2.0,8870.0,0.0
8451,53327,1015,1.0,3850.0,25.0
16050,56338,1060,4.0,5950.0,10.0
2333,50915,1049,1.0,2810.0,10.0
14138,55574,1056,1.0,1230.0,0.0
2924,51157,1037,1.0,2640.0,10.0
17107,56747,1020,1.0,720.0,0.0
18240,57196,1070,1.0,2320.0,5.0
17553,56920,1036,1.0,,10.0
11842,54659,1014,1.0,2270.0,0.0
409,50161,1046,1.0,3450.0,0.0
16182,56388,1065,1.0,7400.0,15.0
4134,51631,1051,1.0,7060.0,0.0
18540,57315,1031,1.0,9170.0,15.0
18666,57370,1051,1.0,7060.0,15.0
5237,52074,1043,1.0,4500.0,10.0
13837,55452,1045,1.0,8330.0,0.0
4502,51781,1032,1.0,1990.0,0.0
9394,53700,1073,1.0,6680.0,0.0
8341,53283,1058,1.0,5550.0,0.0
15495,56122,1018,1.0,3890.0,5.0
18138,57154,1011,2.0,4590.0,0.0
19939,57893,1005,1.0,5510.0,15.0
19004,57511,1009,1.0,6030.0,0.0
14083,55550,1060,1.0,5950.0,20.0
10332,54067,1073,3.0,6680.0,0.0
14910,55888,1031,1.0,9170.0,5.0
6899,52713,1029,2.0,3490.0,0.0
18501,57301,1013,1.0,220.0,5.0
2147,50835,1009,2.0,6030.0,20.0
7991,53151,1067,3.0,4370.0,0.0
11649,54578,1067,3.0,4370.0,5.0
19312,57636,1055,1.0,1380.0,0.0
11035,54337,1012,1.0,6600.0,0.0
934,50370,1032,1.0,1990.0,10.0
9280,53656,1022,1.0,3830.0,0.0
2972,51174,1047,4.0,5950.0,0.0
9125,53595,1075,2.0,2140.0,0.0
17371,56847,1019,2.0,4560.0,15.0
13932,55489,1034,4.0,10530.0,0.0
17873,57047,1072,1.0,4390.0,0.0
19501,57712,1022,2.0,3830.0,10.0
14330,55656,1046,3.0,3450.0,5.0
18537,57314,1002,4.0,3080.0,10.0
3846,51519,1030,2.0,4290.0,0.0
15298,56042,1016,3.0,3350.0,10.0
16712,56595,1005,1.0,5510.0,5.0
6342,52500,1049,1.0,2810.0,0.0
17942,57074,1073,1.0,6680.0,15.0
8870,53495,1062,1.0,280.0,5.0
13250,55220,1002,1.0,3080.0,20.0
8735,53440,1041,4.0,700.0,15.0
16904,56665,1035,2.0,6470.0,0.0
8841,53483,1006,1.0,4150.0,15.0
12127,54772,1039,2.0,8680.0,5.0
11651,54578,1012,4.0,6600.0,0.0
1999,50779,1056,1.0,1230.0,0.0
7955,53134,1067,1.0,4370.0,0.0
19492,57709,1047,1.0,5950.0,20.0
510,50197,1061,1.0,8080.0,10.0
16680,56583,1074,2.0,1880.0,10.0
9728,53837,1016,1.0,3350.0,5.0
7073,52786,1029,1.0,3490.0,10.0
5214,52066,1009,1.0,6030.0,0.0
8229,53242,1004,1.0,9380.0,5.0
12931,55087,1069,3.0,4090.0,25.0
13211,55202,1014,4.0,2270.0,5.0
20041,57938,1059,2.0,4580.0,10.0
14311,55648,1016,1.0,3350.0,0.0
8781,53458,1040,1.0,3060.0,15.0
15760,56228,1066,1.0,3610.0,0.0
1720,50672,1045,1.0,8330.0,15.0
4425,51748,1003,2.0,2040.0,10.0
13298,55237,1035,2.0,6470.0,10.0
1080,50425,1024,1.0,9110.0,15.0
2114,50823,1048,3.0,7870.0,0.0
4216,51665,1049,3.0,2810.0,15.0
3420,51351,1016,1.0,3350.0,25.0
12904,55079,1060,1.0,5950.0,0.0
16578,56545,1042,3.0,590.0,15.0
13520,55328,1020,2.0,720.0,15.0
7289,52867,1074,1.0,1880.0,15.0
3969,51564,1068,2.0,10570.0,20.0
4925,51950,1055,5.0,1380.0,10.0
6398,52521,1045,1.0,8330.0,0.0
6205,52448,1015,1.0,3850.0,10.0
9254,53646,1036,2.0,6710.0,
11434,54495,1014,1.0,2270.0,15.0
3081,51217,1059,1.0,4580.0,5.0
2898,51149,1042,1.0,590.0,20.0
10569,54162,1051,,7060.0,15.0
4450,51761,1023,1.0,4290.0,0.0
6908,52716,1002,2.0,3080.0,0.0
12142,54779,1066,1.0,3610.0,0.0
9458,53730,1050,3.0,7140.0,0.0
3963,51562,1061,1.0,8080.0,0.0
6200,52446,1015,1.0,3850.0,25.0
1540,50603,1022,1.0,3830.0,10.0
9438,53722,1007,1.0,1100.0,0.0
13395,55271,1061,1.0,8080.0,0.0
13859,55460,1011,1.0,4590.0,5.0
10377,54084,1008,2.0,6630.0,0.0
11733,54613,1056,1.0,1230.0,0.0
9361,53687,1024,2.0,9110.0,0.0
3522,51389,1030,1.0,4290.0,5.0
10930,54295,1063,1.0,1660.0,5.0
3841,51517,1063,2.0,1660.0,0.0
3119,51233,1026,1.0,7010.0,15.0
6958,52737,1031,2.0,9170.0,5.0
12447,54901,1025,1.0,4730.0,5.0
13752,55418,1062,2.0,280.0,10.0
9608,53787,1024,3.0,9110.0,0.0
3408,51346,1003,1.0,2040.0,5.0
5429,52151,1056,1.0,1230.0,0.0
8972,53535,1040,1.0,3060.0,5.0
647,50252,1042,4.0,590.0,25.0
15404,56082,1007,2.0,1100.0,0.0
15424,56090,1017,2.0,3470.0,0.0
9790,53860,1039,2.0,8680.0,0.0
18498,57299,1047,4.0,,0.0
12373,54873,1055,2.0,1380.0,5.0
380,50150,1023,1.0,4290.0,10.0
13074,55148,1032,1.0,1990.0,0.0
12308,54846,1041,2.0,700.0,0.0
4117,51625,1047,1.0,5950.0,20.0
6665,52619,1004,1.0,9380.0,25.0
10717,54217,1075,2.0,2140.0,0.0
6467,52543,1074,2.0,1880.0,0.0
4048,51595,1034,1.0,10530.0,5.0
19693,57789,1044,1.0,3230.0,10.0
1087,50429,1021,1.0,5530.0,5.0
11525,54528,1014,4.0,2270.0,0.0
11836,54655,1072,2.0,4390.0,20.0
15811,56248,1067,,4370.0,0.0
14840,55861,1063,2.0,1660.0,0.0
19022,57521,1034,2.0,10530.0,
11826,54651,1065,2.0,7400.0,10.0
1152,50455,1008,4.0,6630.0,0.0
2708,51067,1073,1.0,6680.0,5.0
13087,55152,1034,1.0,10530.0,10.0
18085,57130,1058,1.0,5550.0,0.0
6737,52649,1068,1.0,10570.0,15.0
4337,51717,1071,3.0,1670.0,0.0
8136,53203,1072,1.0,4390.0,20.0
13020,55124,1032,2.0,1990.0,10.0
11780,54633,1017,,3470.0,0.0
5622,52225,1054,2.0,1830.0,5.0
2026,50788,1073,1.0,6680.0,20.0
14437,55702,1073,1.0,6680.0,
1043,50412,1005,1.0,5510.0,0.0
19489,57708,1031,1.0,9170.0,5.0
9646,53804,1036,1.0,6710.0,5.0
11558,54544,1009,1.0,6030.0,5.0
15688,56200,1009,4.0,6030.0,5.0
12419,54891,1019,3.0,4560.0,0.0
6914,52719,1020,3.0,720.0,0.0
18853,57451,1065,2.0,7400.0,5.0
11519,54525,1047,1.0,5950.0,0.0
18707,57387,1011,4.0,4590.0,10.0
10602,54173,1061,2.0,8080.0,25.0
15752,56224,1044,1.0,3230.0,15.0
15491,56120,1026,3.0,7010.0,10.0
9489,53740,1009,2.0,6030.0,0.0
9301,53664,1018,1.0,3890.0,0.0
5618,52224,1005,1.0,5510.0,0.0
14074,55546,1009,1.0,6030.0,0.0
4405,51740,1031,4.0,9170.0,15.0
9614,53788,1055,3.0,1380.0,5.0
1954,50762,1066,1.0,3610.0,10.0
11271,54432,1053,1.0,3470.0,15.0
5194,52057,1025,1.0,4730.0,5.0
12514,54926,1004,1.0,9380.0,20.0
3322,51312,1047,4.0,5950.0,10.0
12058,54740,1001,1.0,6530.0,0.0
19818,57841,1024,1.0,9110.0,5.0
3085,51219,1061,1.0,8080.0,15.0
19464,57697,1013,1.0,220.0,10.0
13269,55225,1001,2.0,6530.0,15.0
13473,55308,1009,2.0,6030.0,5.0
18408,57263,1033,3.0,2910.0,15.0
18266,57209,1065,3.0,7400.0,20.0
10400,54093,1043,,4500.0,0.0
8255,53250,1011,1.0,4590.0,15.0
7106,52799,1044,2.0,3230.0,0.0
11133,54375,1016,4.0,3350.0,0.0
19209,57592,1022,1.0,3830.0,10.0
17321,56826,1013,3.0,220.0,5.0
4413,51743,1065,1.0,7400.0,10.0
5505,52182,1061,1.0,8080.0,5.0
6065,52393,1074,1.0,1880.0,0.0
11431,54494,1039,1.0,8680.0,5.0
18604,57341,1051,1.0,7060.0,0.0
1780,50694,1067,2.0,4370.0,10.0
8124,53199,1036,1.0,6710.0,0.0
13782,55432,1021,3.0,5530.0,10.0
12411,54889,1067,2.0,4370.0,0.0
3749,51479,1064,2.0,7500.0,20.0
4531,51791,1027,1.0,7200.0,10.0
18339,57236,1064,1.0,7500.0,10.0
4335,51716,1024,2.0,9110.0,5.0
8887,53502,1005,1.0,5510.0,25.0
8557,53373,1012,1.0,6600.0,0.0
11567,54547,1025,1.0,4730.0,0.0
6195,52444,1074,2.0,1880.0,0.0
18796,57426,1013,2.0,220.0,0.0
14859,55869,1010,3.0,8870.0,0.0
4506,51782,1029,1.0,3490.0,0.0
6571,52585,1068,1.0,10570.0,0.0
1227,50485,1029,1.0,3490.0,0.0
6204,52447,1070,4.0,2320.0,0.0
18509,57303,1050,2.0,7140.0,10.0
6573,52585,1013,1.0,220.0,5.0
10671,54201,1006,2.0,4150.0,0.0
11371,54472,1067,2.0,4370.0,15.0
17284,56811,1024,1.0,9110.0,0.0
7513,52950,1015,3.0,3850.0,0.0
13084,55151,1005,1.0,5510.0,15.0
8981,53538,1061,1.0,8080.0,0.0
9941,53918,1072,1.0,4390.0,0.0
5878,52322,1006,1.0,4150.0,0.0
9634,53799,1026,1.0,7010.0,5.0
14285,55638,1032,3.0,1990.0,10.0
14492,55727,1012,1.0,6600.0,0.0
11631,54571,1074,1.0,1880.0,0.0
2545,51000,1047,3.0,5950.0,5.0
7635,53002,1019,2.0,4560.0,20.0
13499,55319,1060,1.0,5950.0,10.0
8207,53233,1006,1.0,4150.0,10.0
5164,52044,1010,5.0,,20.0
14264,55628,1004,1.0,9380.0,0.0
3041,51201,1053,2.0,3470.0,5.0
8196,53228,1002,1.0,3080.0,5.0
2902,51150,1036,2.0,6710.0,0.0
7273,52861,1062,2.0,280.0,5.0
3165,51249,1052,1.0,6950.0,0.0
10865,54269,1063,3.0,1660.0,10.0
6977,52745,1066,3.0,3610.0,20.0
4710,51863,1003,3.0,2040.0,5.0
12548,54940,1010,3.0,8870.0,0.0
13663,55381,1036,1.0,6710.0,10.0
15400,56081,1027,1.0,7200.0,15.0
5452,52160,1047,1.0,5950.0,5.0
4482,51772,1075,1.0,2140.0,5.0
14516,55735,1039,1.0,8680.0,0.0
8689,53424,1039,1.0,8680.0,0.0
13494,55317,1075,1.0,2140.0,25.0
14913,55890,1071,1.0,1670.0,0.0
19132,57565,1067,1.0,4370.0,0.0
7077,52787,1014,2.0,2270.0,10.0
495,50191,1004,1.0,9380.0,15.0
10163,54007,1063,1.0,1660.0,5.0
7748,53051,1001,1.0,6530.0,15.0
6280,52474,1065,1.0,7400.0,0.0
19834,57849,1063,3.0,1660.0,0.0
19034,57525,1013,2.0,220.0,15.0
17707,56982,1067,3.0,4370.0,5.0
15057,55950,1051,2.0,7060.0,15.0
16692,56588,1004,1.0,9380.0,10.0
16542,56529,1043,1.0,4500.0,5.0
280,50113,1039,2.0,8680.0,0.0
7343,52886,1055,1.0,1380.0,5.0
15263,56030,1055,2.0,1380.0,5.0
17464,56886,1023,1.0,4290.0,0.0
11302,54444,1013,1.0,220.0,10.0
18613,57344,1034,1.0,,0.0
19690,57788,1047,1.0,5950.0,0.0
17337,56832,1031,1.0,9170.0,15.0
17338,56832,1069,2.0,4090.0,15.0
7473,52934,1018,3.0,3890.0,0.0
18167,57165,1070,3.0,2320.0,0.0
14863,55871,1049,1.0,2810.0,10.0
4586,51812,1007,3.0,1100.0,10.0
16529,56524,1005,4.0,5510.0,5.0
19322,57641,1003,1.0,2040.0,5.0
14332,55658,1003,2.0,2040.0,0.0
7927,53122,1010,1.0,8870.0,25.0
19804,57836,1031,2.0,9170.0,5.0
343,50137,1045,,8330.0,0.0
7204,52837,1038,3.0,4270.0,5.0
19622,57759,1061,4.0,8080.0,0.0
19997,57918,1025,1.0,4730.0,10.0
11158,54386,1013,1.0,220.0,5.0
14534,55741,1024,2.0,9110.0,5.0
9648,53804,1056,1.0,1230.0,10.0
9339,53677,1073,1.0,6680.0,0.0
891,50353,1007,3.0,1100.0,10.0
794,50313,1002,2.0,3080.0,0.0
15142,55984,1033,1.0,2910.0,10.0
7584,52981,1068,1.0,10570.0,5.0
15007,55931,1027,1.0,7200.0,0.0
6279,52473,1031,1.0,9170.0,20.0
15011,55934,1042,1.0,590.0,5.0
15399,56080,1009,1.0,6030.0,5.0
8213,53236,1054,1.0,1830.0,0.0
18341,57237,1072,1.0,4390.0,0.0
14326,55655,1011,1.0,4590.0,5.0
13810,55442,1057,4.0,2370.0,5.0
12681,54993,1070,1.0,2320.0,0.0
7387,52899,1061,2.0,8080.0,0.0
14067,55544,1023,2.0,4290.0,25.0
19621,57759,1004,3.0,9380.0,5.0
17328,56829,1010,1.0,8870.0,20.0
17313,56823,1021,2.0,5530.0,10.0
11736,54614,1012,5.0,6600.0,25.0
10251,54039,1067,1.0,4370.0,0.0
11034,54336,1040,1.0,3060.0,5.0
13432,55288,1045,1.0,8330.0,0.0
9914,53909,1014,1.0,2270.0,10.0
7304,52873,1017,1.0,3470.0,5.0
17754,57001,1004,2.0,9380.0,0.0
8632,53401,1013,2.0,220.0,0.0
6780,52665,1002,1.0,3080.0,5.0
10345,54072,1073,1.0,6680.0,10.0
3754,51480,1046,3.0,3450.0,10.0
2773,51096,1073,1.0,6680.0,0.0
4875,51930,1052,1.0,6950.0,5.0
15780,56235,1007,1.0,1100.0,0.0
14251,55623,1068,1.0,10570.0,5.0
11127,54373,1041,2.0,700.0,20.0
4000,51576,1036,1.0,6710.0,5.0
13510,55323,1059,4.0,4580.0,5.0
17994,57089,1001,3.0,6530.0,5.0
7238,52849,1055,4.0,1380.0,0.0
18077,57126,1050,2.0,7140.0,10.0
9224,53632,1064,1.0,7500.0,0.0
2826,51119,1051,1.0,7060.0,0.0
2171,50846,1055,2.0,1380.0,20.0
19831,57848,1043,2.0,4500.0,20.0
1434,50564,1063,1.0,1660.0,10.0
6664,52619,1018,1.0,3890.0,0.0
16918,56670,1009,1.0,6030.0,5.0
18823,57439,1001,2.0,6530.0,5.0
10467,54119,1021,3.0,5530.0,0.0
10956,54305,1029,4.0,3490.0,0.0
6533,52567,1027,1.0,7200.0,0.0
500,50194,1037,1.0,,0.0
7688,53024,1031,1.0,9170.0,10.0
12392,54881,1006,1.0,4150.0,0.0
18157,57161,1007,1.0,1100.0,25.0
9750,53844,1009,5.0,6030.0,0.0
3729,51471,1041,2.0,700.0,10.0
5294,52096,1074,4.0,1880.0,20.0
11548,54541,1006,1.0,4150.0,0.0
7858,53093,1032,2.0,1990.0,10.0
8539,53364,1053,5.0,3470.0,10.0
10697,54210,1003,1.0,2040.0,0.0
18377,57250,1011,1.0,4590.0,10.0
4489,51775,1062,3.0,280.0,0.0
14193,55596,1049,1.0,2810.0,
13410,55278,1075,1.0,2140.0,5.0
12339,54859,1009,2.0,6030.0,15.0
4948,51961,1043,1.0,4500.0,10.0
3807,51502,1009,1.0,6030.0,20.0
19734,57805,1037,2.0,2640.0,10.0
2846,51127,1035,1.0,6470.0,20.0
5427,52150,1018,4.0,3890.0,25.0
12206,54803,1054,1.0,1830.0,15.0
9635,53799,1008,4.0,6630.0,10.0
10043,53960,1063,2.0,1660.0,0.0
244,50098,1057,1.0,2370.0,15.0
4832,51914,1074,2.0,1880.0,15.0
19559,57734,1019,1.0,4560.0,20.0
858,50338,1023,1.0,4290.0,0.0
15916,56288,1050,1.0,7140.0,0.0
8871,53496,1042,1.0,590.0,0.0
19719,57799,1062,5.0,280.0,5.0
3463,51368,1018,1.0,3890.0,15.0
20118,57972,1040,1.0,3060.0,20.0
8419,53315,1016,4.0,3350.0,15.0
16555,56535,1003,1.0,2040.0,5.0
10402,54094,1056,1.0,1230.0,10.0
18330,57233,1032,2.0,1990.0,5.0
848,50333,1063,1.0,1660.0,0.0
14471,55716,1038,1.0,4270.0,0.0
17027,56717,1012,1.0,6600.0,5.0
10324,54064,1058,2.0,5550.0,10.0
17050,56726,1071,1.0,1670.0,10.0
7840,53087,1006,1.0,4150.0,0.0
16053,56339,1020,2.0,720.0,0.0
4234,51673,1032,1.0,1990.0,0.0
5101,52022,1043,1.0,4500.0,0.0
11366,54470,1017,2.0,3470.0,10.0
12499,54922,1044,4.0,3230.0,0.0
9952,53923,1008,4.0,6630.0,25.0
15479,56114,1006,2.0,4150.0,10.0
8173,53218,1020,1.0,720.0,10.0
15310,56047,1058,2.0,5550.0,15.0
6987,52749,1003,1.0,2040.0,20.0
16728,56601,1024,1.0,9110.0,5.0
6823,52686,1064,1.0,7500.0,25.0
12047,54736,1036,1.0,6710.0,20.0
4662,51842,1024,3.0,9110.0,15.0
10266,54044,1042,1.0,590.0,0.0
9644,53803,1029,1.0,3490.0,15.0
9507,53749,1057,1.0,2370.0,5.0
13950,55496,1001,1.0,6530.0,0.0
11660,54582,1066,1.0,3610.0,0.0
1374,50541,1057,1.0,2370.0,
8002,53154,1024,2.0,9110.0,10.0
12034,54731,1025,3.0,4730.0,0.0
5359,52122,1072,1.0,4390.0,0.0
5413,52144,1033,1.0,2910.0,15.0
5608,52220,1066,2.0,3610.0,5.0
9239,53640,1044,1.0,3230.0,5.0
11012,54326,1042,1.0,590.0,25.0
17513,56903,1004,2.0,9380.0,0.0
13098,55155,1065,1.0,7400.0,0.0
9133,53599,1052,1.0,6950.0,10.0
5402,52137,1050,1.0,,0.0
2182,50852,1075,1.0,2140.0,0.0
937,50371,1057,1.0,2370.0,5.0
10824,54254,1052,1.0,6950.0,15.0
15671,56193,1003,2.0,2040.0,20.0
17639,56952,1016,3.0,3350.0,0.0
1055,50415,1036,1.0,6710.0,0.0
7240,52850,1061,1.0,8080.0,15.0
16696,56589,1015,3.0,3850.0,15.0
10779,54238,1009,1.0,6030.0,5.0
5043,51999,1066,2.0,3610.0,0.0
16863,56651,1061,1.0,8080.0,10.0
4945,51960,1046,1.0,3450.0,15.0
1536,50602,1052,2.0,6950.0,0.0
18865,57456,1066,3.0,3610.0,15.0
9271,53653,1073,1.0,6680.0,0.0
6505,52558,1045,1.0,8330.0,10.0
14548,55747,1020,1.0,720.0,5.0
1541,50603,1026,3.0,7010.0,0.0
18013,57098,1035,2.0,6470.0,10.0
14750,55828,1015,3.0,3850.0,0.0
3001,51187,1023,1.0,4290.0,20.0
5086,52015,1071,2.0,1670.0,10.0
18635,57354,1004,4.0,9380.0,0.0
13384,55266,1037,2.0,2640.0,0.0
15759,56228,1073,1.0,6680.0,20.0
3864,51525,1056,3.0,1230.0,25.0
7244,52852,1036,2.0,6710.0,25.0
9762,53849,1074,3.0,1880.0,10.0
14412,55694,1046,1.0,3450.0,10.0
15733,56217,1059,2.0,4580.0,0.0
19981,57914,1075,3.0,2140.0,25.0
6731,52646,1045,2.0,8330.0,0.0
8100,53191,1019,1.0,4560.0,5.0
16932,56677,1032,1.0,1990.0,5.0
11663,54584,1006,1.0,4150.0,5.0
4144,51637,1009,1.0,6030.0,20.0
5781,52285,1048,1.0,7870.0,0.0
1496,50588,1033,2.0,2910.0,5.0
15322,56050,1055,2.0,1380.0,5.0
12519,54928,1074,2.0,1880.0,0.0
4670,51845,1057,1.0,2370.0,0.0
1444,50567,1074,3.0,1880.0,5.0
8695,53426,1047,4.0,5950.0,0.0
7264,52859,1074,1.0,1880.0,10.0
10575,54165,1058,5.0,5550.0,5.0
18904,57470,1005,1.0,5510.0,25.0
2642,51042,1021,3.0,5530.0,0.0
14206,55602,1024,1.0,9110.0,20.0
19408,57673,1034,3.0,10530.0,10.0
12779,55030,1058,1.0,5550.0,25.0
13662,55381,1068,1.0,10570.0,0.0
17480,56892,1068,2.0,10570.0,20.0
1731,50676,1073,3.0,6680.0,5.0
10401,54093,1027,1.0,7200.0,0.0
13892,55472,1002,2.0,3080.0,5.0
17399,56861,1061,2.0,8080.0,25.0
3604,51422,1072,3.0,4390.0,25.0
5140,52036,1017,2.0,3470.0,0.0
10654,54194,1011,2.0,4590.0,0.0
18173,57169,1011,1.0,4590.0,10.0
17853,57040,1002,1.0,3080.0,5.0
14868,55872,1051,2.0,7060.0,10.0
332,50134,1019,4.0,4560.0,15.0
11625,54568,1044,3.0,3230.0,5.0
396,50157,1015,2.0,3850.0,0.0
4530,51791,1064,1.0,7500.0,10.0
11174,54392,1051,3.0,7060.0,10.0
8715,53434,1042,1.0,590.0,25.0
20139,57978,1038,2.0,4270.0,25.0
1257,50496,1022,1.0,3830.0,0.0
18070,57122,1068,1.0,10570.0,0.0
1530,50600,1013,1.0,220.0,0.0
11531,54532,1075,1.0,2140.0,10.0
15880,56273,1070,3.0,2320.0,20.0
6232,52458,1035,3.0,6470.0,5.0
18449,57280,1015,1.0,3850.0,10.0
18426,57270,1034,2.0,10530.0,0.0
6383,52516,1015,3.0,3850.0,0.0
12968,55102,1021,3.0,5530.0,5.0
14897,55883,1031,1.0,9170.0,0.0
18528,57310,1028,4.0,,0.0
6518,52562,1025,3.0,4730.0,15.0
3489,51377,1001,2.0,6530.0,0.0
1284,50506,1040,1.0,3060.0,5.0
6145,52424,1026,1.0,7010.0,5.0
7317,52878,1034,2.0,10530.0,0.0
19365,57656,1028,3.0,4510.0,15.0
5322,52108,1062,4.0,280.0,5.0
103,50043,1062,2.0,280.0,20.0
3659,51446,1004,1.0,9380.0,20.0
836,50329,1051,1.0,7060.0,10.0
1690,50660,1027,1.0,7200.0,5.0
15895,56278,1050,1.0,,0.0
9528,53756,1005,1.0,5510.0,0.0
19718,57799,1039,3.0,8680.0,25.0
16087,56352,1040,1.0,3060.0,5.0
8581,53381,1028,1.0,4510.0,10.0
3339,51319,1039,3.0,8680.0,0.0
6859,52700,1019,1.0,4560.0,0.0
3468,51370,1068,2.0,10570.0,0.0
14762,55832,1047,1.0,5950.0,0.0
11498,54519,1033,4.0,,5.0
14906,55886,1047,2.0,5950.0,25.0
16550,56533,1075,2.0,2140.0,0.0
7167,52824,1039,3.0,8680.0,15.0
8170,53217,1046,2.0,3450.0,0.0
16490,56507,1001,2.0,6530.0,5.0
1619,50633,1073,1.0,6680.0,0.0
1990,50777,1035,4.0,6470.0,0.0
1127,50442,1002,2.0,3080.0,0.0
7775,53060,1038,1.0,4270.0,20.0
9837,53877,1039,1.0,8680.0,20.0
18311,57224,1012,1.0,6600.0,5.0
5997,52366,1009,2.0,6030.0,0.0
3630,51433,1061,2.0,8080.0,5.0
9757,53848,1047,1.0,5950.0,20.0
1292,50509,1073,3.0,6680.0,0.0
9530,53756,1044,1.0,3230.0,0.0
4372,51730,1058,1.0,5550.0,0.0
13482,55312,1035,3.0,6470.0,0.0
10966,54308,1061,1.0,8080.0,20.0
14345,55663,1031,1.0,9170.0,15.0
569,50224,1064,1.0,7500.0,10.0
13024,55125,1050,1.0,7140.0,0.0
2878,51141,1028,3.0,,0.0
20159,57987,1010,1.0,8870.0,
20060,57945,1072,1.0,4390.0,20.0
13497,55318,1071,1.0,1670.0,10.0
13035,55132,1033,3.0,2910.0,10.0
3023,51195,1013,1.0,220.0,10.0
10950,54303,1074,1.0,1880.0,0.0
10463,54118,1070,2.0,2320.0,0.0
1235,50487,1042,2.0,590.0,5.0
14824,55854,1016,3.0,3350.0,0.0
1226,50484,1004,1.0,9380.0,15.0
18447,57279,1037,1.0,2640.0,0.0
240,50097,1042,2.0,590.0,5.0
16568,56541,1057,1.0,2370.0,0.0
11136,54377,1067,1.0,4370.0,5.0
19987,57916,1045,2.0,8330.0,5.0
7066,52783,1041,2.0,700.0,0.0
988,50391,1046,2.0,3450.0,5.0
5186,52054,1065,2.0,7400.0,5.0
19885,57870,1064,5.0,7500.0,10.0
7832,53082,1033,2.0,2910.0,5.0
1166,50459,1075,1.0,2140.0,0.0
9433,53720,1016,1.0,3350.0,15.0
10102,53983,1053,3.0,3470.0,15.0
5050,52002,1018,2.0,3890.0,0.0
16871,56654,1068,4.0,10570.0,0.0
14988,55923,1009,1.0,6030.0,10.0
4116,51625,1035,1.0,6470.0,10.0
8772,53455,1070,3.0,2320.0,25.0
3212,51268,1020,2.0,720.0,0.0
8917,53512,1053,1.0,3470.0,5.0
8628,53400,1033,4.0,2910.0,5.0
8803,53468,1059,2.0,4580.0,10.0
6312,52487,1017,3.0,3470.0,0.0
13124,55165,1042,2.0,590.0,5.0
10786,54240,1050,1.0,7140.0,0.0
7459,52928,1043,2.0,4500.0,0.0
12014,54724,1051,2.0,7060.0,15.0
19171,57579,1004,1.0,9380.0,0.0
14790,55841,1006,1.0,4150.0,0.0
7622,52997,1062,1.0,280.0,0.0
16212,56399,1044,1.0,3230.0,15.0
13537,55335,1034,4.0,10530.0,10.0
13895,55473,1062,5.0,280.0,0.0
7074,52786,1024,1.0,9110.0,5.0
4500,51780,1069,2.0,4090.0,15.0
6340,52499,1054,1.0,1830.0,25.0
19862,57860,1061,1.0,8080.0,15.0
10518,54142,1072,1.0,4390.0,20.0
17525,56908,1041,1.0,700.0,5.0
18146,57157,1011,4.0,4590.0,0.0
17459,56885,1013,5.0,220.0,20.0
4029,51588,1015,1.0,3850.0,10.0
1649,50644,1044,2.0,3230.0,5.0
15331,56053,1013,1.0,220.0,0.0
6560,52577,1055,1.0,1380.0,0.0
1973,50771,1073,3.0,6680.0,15.0
6089,52401,1070,2.0,2320.0,5.0
5659,52237,1058,2.0,5550.0,0.0
19746,57810,1057,1.0,2370.0,0.0
3882,51532,1030,1.0,4290.0,15.0
4457,51764,1039,1.0,8680.0,5.0
19663,57776,1023,2.0,4290.0,20.0
12126,54771,1003,1.0,2040.0,0.0
2305,50903,1068,1.0,10570.0,0.0
6404,52523,1003,1.0,2040.0,0.0
4145,51637,1024,2.0,9110.0,0.0
3640,51439,1012,2.0,6600.0,5.0
8091,53188,1021,1.0,5530.0,0.0
9835,53877,1035,2.0,6470.0,5.0
8210,53234,1007,1.0,1100.0,0.0
4020,51584,1018,2.0,3890.0,0.0
5158,52043,1019,1.0,4560.0,0.0
8623,53398,1073,2.0,6680.0,0.0
3571,51410,1052,2.0,6950.0,5.0
18975,57499,1005,3.0,5510.0,15.0
10739,54223,1054,1.0,1830.0,0.0
4794,51895,1018,1.0,3890.0,15.0
3861,51524,1075,2.0,2140.0,0.0
1111,50438,1048,1.0,7870.0,0.0
14902,55885,1023,2.0,4290.0,20.0
8860,53491,1043,1.0,4500.0,5.0
4040,51593,1073,1.0,6680.0,25.0
4115,51625,1068,3.0,10570.0,0.0
9003,53546,1008,1.0,6630.0,20.0
15026,55941,1017,1.0,3470.0,0.0
12859,55061,1071,2.0,1670.0,10.0
4496,51779,1017,2.0,3470.0,0.0
18308,57224,1013,1.0,220.0,20.0
7192,52832,1008,1.0,6630.0,5.0
17890,57052,1037,2.0,2640.0,0.0
10557,54157,1075,2.0,2140.0,10.0
6491,52552,1027,1.0,7200.0,0.0
13022,55124,1055,2.0,1380.0,20.0
16146,56374,1072,3.0,4390.0,0.0
17677,56971,1001,2.0,6530.0,0.0
2811,51113,1007,1.0,1100.0,10.0
6735,52648,1067,1.0,4370.0,0.0
1450,50569,1053,1.0,3470.0,10.0
9019,53556,1010,1.0,8870.0,15.0
17413,56866,1049,1.0,2810.0,0.0
16018,56326,1055,2.0,1380.0,5.0
1688,50659,1035,1.0,6470.0,20.0
62,50024,1045,1.0,8330.0,20.0
4828,51911,1071,2.0,1670.0,0.0
3305,51306,1065,3.0,7400.0,5.0
4247,51679,1057,1.0,2370.0,5.0
12374,54874,1002,2.0,3080.0,5.0
3037,51199,1056,3.0,1230.0,0.0
9223,53632,1052,1.0,6950.0,20.0
1903,50743,1064,2.0,7500.0,0.0
4132,51630,1027,1.0,7200.0,25.0
4466,51768,1004,1.0,9380.0,10.0
19315,57638,1015,1.0,3850.0,0.0
10291,54051,1013,4.0,220.0,0.0
17428,56873,1048,1.0,7870.0,0.0
13145,55175,1048,1.0,7870.0,5.0
4162,51644,1021,1.0,5530.0,5.0
19539,57725,1013,2.0,220.0,0.0
4769,51885,1041,1.0,,0.0
6290,52478,1024,3.0,9110.0,5.0
1906,50745,1024,3.0,9110.0,10.0
9079,53576,1074,4.0,1880.0,0.0
11202,54406,1015,4.0,3850.0,20.0
8630,53400,1057,2.0,2370.0,10.0
17153,56763,1002,1.0,3080.0,5.0
15609,56167,1039,1.0,8680.0,0.0
18292,57218,1042,1.0,590.0,0.0
11232,54419,1033,3.0,2910.0,5.0
382,50152,1022,1.0,3830.0,10.0
9940,53918,1060,1.0,5950.0,20.0
20143,57979,1059,1.0,4580.0,0.0
924,50366,1053,1.0,3470.0,20.0
19096,57549,1024,1.0,9110.0,5.0
11503,54521,1017,1.0,3470.0,5.0
861,50341,1053,1.0,3470.0,0.0
2332,50915,1068,4.0,10570.0,0.0
16773,56618,1055,1.0,1380.0,15.0
15648,56183,1010,2.0,8870.0,5.0
11277,54434,1043,1.0,4500.0,10.0
2344,50919,1055,1.0,1380.0,15.0
19624,57760,1010,1.0,8870.0,25.0
4883,51934,1066,1.0,3610.0,20.0
7152,52820,1072,2.0,4390.0,15.0
10912,54286,1012,1.0,6600.0,10.0
930,50369,1041,3.0,700.0,20.0
4652,51839,1045,1.0,8330.0,5.0
18583,57333,1045,1.0,8330.0,5.0
9606,53786,1062,1.0,280.0,0.0
11387,54477,1036,4.0,6710.0,0.0
16068,56344,1024,1.0,9110.0,10.0
8256,53250,1021,1.0,5530.0,15.0
774,50302,1005,1.0,5510.0,20.0
3206,51266,1033,3.0,2910.0,5.0
10118,53989,1052,2.0,6950.0,10.0
10751,54229,1005,2.0,5510.0,5.0
8237,53245,1060,2.0,5950.0,20.0
3063,51210,1046,4.0,3450.0,5.0
191,50078,1042,1.0,590.0,15.0
1193,50467,1046,1.0,3450.0,10.0
11941,54692,1011,2.0,4590.0,0.0
10561,54158,1051,1.0,7060.0,5.0
8198,53229,1029,1.0,3490.0,10.0
13546,55338,1007,1.0,1100.0,20.0
5401,52136,1061,1.0,8080.0,5.0
9662,53811,1055,1.0,1380.0,5.0
7433,52918,1001,1.0,6530.0,0.0
14358,55672,1002,1.0,3080.0,0.0
18946,57488,1005,1.0,5510.0,15.0
189,50076,1027,1.0,7200.0,10.0
14614,55774,1032,1.0,1990.0,0.0
8595,53387,1039,3.0,8680.0,10.0
4818,51906,1018,1.0,3890.0,10.0
14014,55522,1020,2.0,720.0,10.0
10290,54051,1041,1.0,700.0,0.0
15038,55945,1073,2.0,6680.0,10.0
12684,54995,1024,1.0,9110.0,5.0
17516,56905,1012,2.0,6600.0,10.0
2424,50951,1043,2.0,4500.0,20.0
9901,53904,1066,1.0,3610.0,20.0
3087,51220,1001,1.0,6530.0,10.0
5028,51993,1054,1.0,1830.0,0.0
13121,55165,1051,1.0,7060.0,10.0
9908,53906,1043,1.0,4500.0,0.0
4981,51972,1002,2.0,3080.0,5.0
18255,57204,1021,1.0,5530.0,10.0
4376,51732,1074,1.0,1880.0,0.0
9964,53927,1016,4.0,3350.0,0.0
2733,51080,1026,1.0,7010.0,5.0
6360,52507,1043,2.0,4500.0,0.0
15606,56165,1051,2.0,7060.0,0.0
15212,56011,1067,3.0,4370.0,20.0
12896,55076,1007,2.0,1100.0,5.0
14857,55868,1036,1.0,6710.0,0.0
10056,53966,1011,1.0,4590.0,10.0
13221,55206,1031,3.0,9170.0,0.0
1812,50705,1025,2.0,4730.0,25.0
1760,50686,1056,2.0,1230.0,0.0
12798,55039,1002,1.0,3080.0,25.0
4538,51794,1051,1.0,7060.0,5.0
16419,56476,1006,1.0,4150.0,15.0
11254,54427,1029,4.0,3490.0,25.0
17231,56792,1005,1.0,5510.0,0.0
8645,53406,1038,2.0,4270.0,15.0
19711,57796,1059,2.0,4580.0,5.0
6267,52469,1019,1.0,4560.0,0.0
12640,54979,1040,1.0,3060.0,0.0
6865,52702,1039,1.0,8680.0,0.0
9934,53916,1003,1.0,2040.0,25.0
18142,57155,1065,3.0,7400.0,10.0
14196,55598,1015,3.0,3850.0,15.0
10407,54096,1065,1.0,7400.0,20.0
8588,53385,1067,4.0,4370.0,0.0
651,50253,1003,3.0,2040.0,0.0
6364,52508,1022,1.0,3830.0,0.0
11784,54634,1039,1.0,8680.0,0.0
2300,50902,1042,1.0,590.0,0.0
16994,56703,1010,1.0,8870.0,0.0
12654,54983,1033,1.0,2910.0,15.0
10014,53948,1044,3.0,3230.0,0.0
3751,51479,1044,2.0,3230.0,10.0
10429,54105,1042,,590.0,20.0
9429,53717,1026,1.0,7010.0,25.0
9775,53855,1003,2.0,2040.0,10.0
7664,53013,1075,2.0,2140.0,0.0
1164,50458,1059,4.0,4580.0,5.0
9369,53689,1012,1.0,6600.0,20.0
18805,57430,1052,3.0,6950.0,10.0
14223,55612,1052,1.0,6950.0,25.0
261,50105,1055,4.0,1380.0,20.0
10791,54242,1026,1.0,7010.0,15.0
17211,56784,1051,1.0,7060.0,5.0
1018,50403,1007,1.0,1100.0,0.0
13313,55242,1064,1.0,7500.0,20.0
773,50301,1046,1.0,3450.0,15.0
4481,51772,1011,2.0,4590.0,25.0
6747,52652,1056,1.0,1230.0,5.0
4816,51905,1063,1.0,1660.0,0.0
19108,57553,1063,2.0,1660.0,20.0
304,50123,1034,1.0,10530.0,25.0
17846,57037,1026,1.0,7010.0,0.0
122,50052,1072,1.0,4390.0,0.0
12600,54961,1045,1.0,,15.0
19087,57546,1060,1.0,5950.0,5.0
61,50024,1027,2.0,7200.0,20.0
17528,56910,1024,1.0,9110.0,15.0
10650,54193,1025,4.0,4730.0,0.0
13553,55341,1029,4.0,3490.0,0.0
1327,50522,1013,1.0,220.0,15.0
5415,52145,1071,3.0,1670.0,0.0
14060,55541,1056,1.0,1230.0,5.0
7814,53076,1049,1.0,2810.0,20.0
8089,53186,1041,1.0,700.0,5.0
1425,50560,1036,1.0,6710.0,10.0
6320,52491,1021,3.0,5530.0,5.0
15290,56038,1057,1.0,2370.0,5.0
8128,53200,1021,2.0,5530.0,10.0
15358,56063,1072,3.0,4390.0,5.0
2023,50788,1013,1.0,220.0,0.0
2964,51171,1005,3.0,5510.0,0.0
7628,52998,1003,1.0,2040.0,0.0
1961,50766,1020,4.0,720.0,0.0
3845,51519,1019,1.0,4560.0,20.0
16461,56493,1035,1.0,6470.0,10.0
16176,56386,1028,2.0,4510.0,0.0
11225,54416,1070,1.0,2320.0,0.0
18287,57216,1033,2.0,2910.0,10.0
16000,56319,1057,2.0,2370.0,0.0
3449,51362,1003,2.0,2040.0,0.0
915,50362,1011,1.0,4590.0,0.0
7168,52825,1058,3.0,5550.0,5.0
10860,54267,1043,2.0,4500.0,10.0
16334,56446,1027,1.0,7200.0,0.0
2718,51070,1012,2.0,6600.0,0.0
14848,55865,1019,1.0,4560.0,0.0
9831,53876,1025,1.0,4730.0,15.0
11175,54393,1021,1.0,5530.0,25.0
11430,54494,1071,2.0,1670.0,0.0
8099,53191,1037,4.0,2640.0,0.0
363,50144,1002,1.0,3080.0,0.0
6371,52512,1014,1.0,2270.0,0.0
3745,51477,1061,2.0,8080.0,15.0
19247,57607,1038,3.0,4270.0,15.0
5403,52138,1030,3.0,4290.0,25.0
8908,53510,1063,2.0,1660.0,5.0
12645,54981,1021,1.0,5530.0,15.0
6359,52507,1046,4.0,3450.0,0.0
3560,51405,1035,3.0,6470.0,20.0
16446,56486,1011,2.0,4590.0,10.0
8061,53176,1023,3.0,4290.0,5.0
10399,54092,1045,2.0,8330.0,10.0
16589,56549,1061,1.0,8080.0,20.0
18591,57336,1062,3.0,280.0,15.0
18113,57142,1066,1.0,3610.0,20.0
12020,54725,1022,2.0,3830.0,10.0
10811,54249,1013,3.0,220.0,15.0
8666,53415,1062,1.0,280.0,0.0
14553,55750,1005,1.0,5510.0,0.0
2172,50846,1073,3.0,6680.0,0.0
3245,51282,1002,1.0,3080.0,25.0
14249,55623,1016,1.0,3350.0,20.0
17630,56949,1045,1.0,8330.0,15.0
19309,57634,1043,1.0,4500.0,20.0
17736,56994,1061,3.0,8080.0,5.0
2187,50854,1031,4.0,9170.0,0.0
12358,54866,1027,2.0,7200.0,15.0
19147,57569,1028,1.0,4510.0,5.0
7713,53037,1031,1.0,9170.0,0.0
8062,53176,1027,1.0,7200.0,20.0
11336,54459,1074,1.0,1880.0,10.0
19361,57655,1007,1.0,1100.0,10.0
14485,55724,1040,3.0,3060.0,20.0
18728,57394,1039,2.0,8680.0,20.0
5458,52163,1047,1.0,5950.0,10.0
13481,55312,1022,2.0,3830.0,5.0
10676,54202,1016,1.0,3350.0,10.0
1655,50646,1039,1.0,8680.0,0.0
8353,53288,1074,2.0,1880.0,0.0
15231,56018,1052,1.0,6950.0,0.0
14909,55888,1006,1.0,4150.0,10.0
6088,52400,1031,1.0,9170.0,25.0
13707,55400,1036,1.0,6710.0,5.0
15939,56295,1035,1.0,6470.0,0.0
8833,53481,1012,1.0,6600.0,0.0
10169,54009,1039,1.0,8680.0,10.0
1505,50591,1005,1.0,5510.0,10.0
16658,56577,1066,1.0,3610.0,0.0
11541,54538,1019,2.0,4560.0,10.0
9465,53731,1036,1.0,6710.0,0.0
8552,53370,1047,1.0,5950.0,10.0
20108,57967,1011,1.0,4590.0,0.0
4431,51752,1071,2.0,1670.0,0.0
8251,53249,1014,1.0,2270.0,0.0
16287,56430,1062,,280.0,5.0
18751,57405,1030,1.0,4290.0,5.0
19214,57594,1064,1.0,7500.0,25.0
12741,55015,1008,1.0,6630.0,5.0
12247,54819,1052,1.0,6950.0,0.0
18251,57201,1023,4.0,4290.0,20.0
19905,57878,1068,1.0,10570.0,15.0
16273,56424,1012,1.0,6600.0,20.0
11340,54460,1007,1.0,1100.0,15.0
17285,56811,1018,1.0,3890.0,10.0
18454,57282,1031,2.0,9170.0,15.0
10780,54239,1026,1.0,7010.0,10.0
10077,53973,1074,2.0,1880.0,0.0
19459,57693,1012,1.0,6600.0,20.0
1551,50607,1012,1.0,6600.0,10.0
8888,53503,1073,1.0,6680.0,0.0
10346,54073,1074,1.0,1880.0,10.0
255,50103,1006,1.0,4150.0,5.0
9798,53862,1001,1.0,6530.0,5.0
10548,54154,1032,1.0,1990.0,0.0
6471,52545,1009,1.0,6030.0,25.0
13303,55239,1052,1.0,6950.0,0.0
17608,56939,1050,2.0,7140.0,25.0
4842,51918,1030,4.0,4290.0,10.0
19497,57711,1069,2.0,4090.0,5.0
15490,56119,1021,1.0,5530.0,10.0
16359,56455,1034,2.0,10530.0,0.0
475,50185,1022,1.0,3830.0,10.0
5208,52064,1004,4.0,9380.0,10.0
2311,50906,1053,1.0,3470.0,0.0
4568,51806,1074,1.0,1880.0,0.0
18475,57291,1023,2.0,4290.0,0.0
3874,51530,1032,2.0,1990.0,0.0
474,50185,1037,4.0,2640.0,0.0
18413,57265,1037,1.0,2640.0,15.0
2807,51111,1030,1.0,4290.0,20.0
3442,51360,1049,3.0,2810.0,0.0
1736,50678,1001,1.0,6530.0,10.0
17224,56788,1053,1.0,3470.0,0.0
9246,53642,1049,1.0,2810.0,20.0
18015,57099,1058,3.0,5550.0,0.0
1525,50599,1034,1.0,10530.0,0.0
17541,56914,1047,3.0,5950.0,0.0
11988,54713,1046,1.0,3450.0,0.0
12809,55045,1064,2.0,7500.0,10.0
19768,57819,1064,4.0,7500.0,0.0
445,50173,1026,1.0,7010.0,0.0
5450,52160,1060,1.0,5950.0,10.0
10460,54117,1070,2.0,2320.0,0.0
2588,51017,1021,2.0,5530.0,5.0
3312,51309,1013,2.0,220.0,10.0
7206,52837,1037,3.0,2640.0,5.0
1440,50565,1053,2.0,3470.0,0.0
17497,56898,1065,1.0,7400.0,10.0
10299,54055,1020,,720.0,
8823,53476,1031,1.0,9170.0,15.0
16764,56615,1029,2.0,3490.0,0.0
5137,52035,1023,1.0,4290.0,10.0
18701,57384,1040,1.0,3060.0,0.0
7917,53119,1054,5.0,1830.0,15.0
16891,56661,1055,2.0,1380.0,5.0
2367,50930,1023,2.0,4290.0,0.0
17361,56842,1022,1.0,3830.0,0.0
14372,55677,1070,1.0,2320.0,0.0
7013,52759,1067,2.0,4370.0,20.0
18764,57411,1011,1.0,4590.0,0.0
11684,54592,1048,2.0,7870.0,5.0
15088,55961,1023,1.0,4290.0,0.0
1695,50662,1003,1.0,2040.0,15.0
19850,57854,1028,1.0,4510.0,0.0
5561,52200,1073,2.0,6680.0,0.0
6440,52535,1015,2.0,3850.0,0.0
18744,57400,1004,1.0,9380.0,0.0
4858,51924,1044,1.0,3230.0,0.0
7836,53084,1015,,3850.0,10.0
4037,51591,1019,1.0,4560.0,0.0
6950,52733,1065,1.0,7400.0,0.0
16912,56668,1020,4.0,720.0,15.0
14334,55659,1011,3.0,4590.0,0.0
268,50108,1024,1.0,9110.0,25.0
18336,57235,1041,2.0,700.0,0.0
3562,51406,1036,4.0,6710.0,5.0
3890,51535,1074,2.0,1880.0,0.0
8602,53389,1047,1.0,5950.0,15.0
12037,54732,1002,1.0,3080.0,15.0
11065,54348,1045,3.0,8330.0,5.0
18195,57180,1027,1.0,7200.0,20.0
3130,51237,1012,2.0,6600.0,5.0
9200,53621,1063,1.0,1660.0,5.0
12503,54923,1020,1.0,720.0,5.0
1353,50533,1062,2.0,280.0,10.0
10858,54267,1063,4.0,1660.0,0.0
17900,57056,1039,2.0,8680.0,5.0
11050,54342,1063,1.0,1660.0,20.0
9450,53727,1066,1.0,3610.0,10.0
3341,51320,1021,1.0,5530.0,0.0
3898,51537,1031,2.0,9170.0,10.0
5126,52031,1005,1.0,5510.0,0.0
14455,55709,1025,3.0,4730.0,5.0
15309,56046,1064,1.0,7500.0,0.0
13197,55196,1039,2.0,8680.0,0.0
2421,50950,1006,2.0,4150.0,5.0
85,50034,1052,1.0,6950.0,15.0
19607,57754,1021,1.0,5530.0,0.0
7861,53094,1068,4.0,10570.0,0.0
8813,53472,1023,1.0,4290.0,0.0
9641,53800,1016,1.0,3350.0,10.0
9475,53734,1007,3.0,1100.0,0.0
14664,55795,1061,1.0,8080.0,20.0
12029,54729,1038,3.0,4270.0,10.0
7906,53114,1007,1.0,1100.0,15.0
9853,53885,1050,2.0,7140.0,0.0
9732,53838,1051,4.0,7060.0,0.0
1002,50396,1037,2.0,2640.0,10.0
4904,51942,1015,1.0,3850.0,15.0
15069,55955,1052,3.0,6950.0,5.0
7895,53109,1047,1.0,5950.0,0.0
4989,51977,1064,1.0,7500.0,10.0
6970,52742,1051,1.0,7060.0,0.0
8211,53235,1045,5.0,8330.0,25.0
7177,52827,1043,1.0,4500.0,5.0
14589,55766,1051,2.0,7060.0,0.0
4437,51755,1012,4.0,6600.0,20.0
19074,57542,1020,1.0,720.0,0.0
15950,56298,1071,2.0,1670.0,0.0
13014,55119,1024,1.0,9110.0,5.0
10545,54152,1012,1.0,6600.0,20.0
18129,57150,1072,2.0,4390.0,0.0
17814,57023,1008,1.0,6630.0,10.0
11010,54326,1026,1.0,7010.0,0.0
10535,54148,1070,1.0,2320.0,0.0
10528,54146,1030,2.0,4290.0,5.0
13147,55176,1074,1.0,1880.0,10.0
17100,56745,1068,2.0,10570.0,10.0
145,50061,1019,,4560.0,10.0
10698,54210,1023,1.0,4290.0,0.0
19326,57642,1048,3.0,7870.0,5.0
4113,51624,1075,2.0,2140.0,0.0
15425,56091,1058,4.0,5550.0,0.0
3277,51294,1037,2.0,2640.0,20.0
13677,55387,1017,2.0,3470.0,0.0
13148,55176,1054,4.0,1830.0,0.0
9875,53893,1070,1.0,2320.0,25.0
544,50214,1026,1.0,7010.0,5.0
17689,56976,1039,1.0,8680.0,0.0
10152,54004,1006,1.0,4150.0,5.0
11955,54699,1035,1.0,6470.0,10.0
12488,54916,1052,1.0,6950.0,10.0
112,50047,1021,1.0,5530.0,10.0
20000,57919,1055,1.0,1380.0,0.0
7755,53054,1061,1.0,8080.0,0.0
8594,53387,1059,2.0,4580.0,15.0
19983,57914,1019,3.0,4560.0,15.0
9700,53824,1013,1.0,220.0,10.0
1032,50408,1062,4.0,280.0,25.0
14611,55773,1052,1.0,6950.0,0.0
9954,53924,1021,1.0,5530.0,5.0
6215,52452,1056,1.0,1230.0,
716,50278,1034,2.0,10530.0,0.0
12612,54968,1015,,3850.0,15.0
13618,55365,1002,2.0,3080.0,10.0
18797,57427,1065,1.0,7400.0,5.0
2356,50925,1073,2.0,6680.0,0.0
8027,53164,1052,1.0,6950.0,25.0
5708,52256,1060,4.0,5950.0,10.0
12478,54911,1046,4.0,3450.0,0.0
17132,56756,1052,2.0,6950.0,5.0
16149,56375,1068,1.0,10570.0,0.0
1614,50632,1013,1.0,220.0,10.0
15685,56199,1033,5.0,2910.0,10.0
5414,52145,1014,1.0,2270.0,15.0
17368,56845,1025,1.0,4730.0,0.0
7011,52758,1017,2.0,3470.0,15.0
2463,50969,1054,1.0,1830.0,0.0
4400,51739,1039,1.0,8680.0,0.0
15834,56256,1056,1.0,1230.0,0.0
16058,56341,1023,1.0,4290.0,0.0
12603,54963,1061,4.0,8080.0,0.0
18179,57172,1029,1.0,3490.0,5.0
13351,55257,1062,1.0,280.0,0.0
15127,55979,1005,4.0,5510.0,10.0
10066,53969,1019,2.0,4560.0,10.0
1268,50501,1056,1.0,1230.0,10.0
820,50323,1066,1.0,3610.0,5.0
9418,53711,1073,2.0,6680.0,0.0
4768,51885,1001,1.0,6530.0,20.0
19913,57881,1061,2.0,8080.0,0.0
11096,54361,1009,3.0,6030.0,0.0
1970,50770,1014,2.0,2270.0,15.0
5597,52217,1068,4.0,10570.0,0.0
7542,52965,1033,1.0,2910.0,0.0
18655,57363,1075,1.0,2140.0,10.0
2284,50895,1063,3.0,1660.0,0.0
17008,56710,1051,2.0,7060.0,10.0
9930,53915,1046,1.0,3450.0,10.0
14948,55906,1029,2.0,3490.0,5.0
13809,55442,1068,1.0,10570.0,0.0
1281,50506,1046,1.0,3450.0,10.0
8127,53200,1045,1.0,8330.0,5.0
5665,52239,1067,1.0,4370.0,20.0
18505,57302,1074,1.0,1880.0,15.0
19296,57629,1040,2.0,3060.0,0.0
1418,50558,1004,2.0,9380.0,0.0
17538,56913,1055,3.0,1380.0,15.0
19673,57778,1038,2.0,4270.0,0.0
18901,57468,1048,2.0,7870.0,0.0
2963,51170,1007,3.0,1100.0,0.0
19744,57810,1064,2.0,7500.0,15.0
17543,56915,1004,2.0,9380.0,0.0
14304,55645,1075,2.0,2140.0,15.0
2445,50960,1050,1.0,7140.0,5.0
14299,55644,1011,2.0,4590.0,25.0
5765,52279,1032,2.0,1990.0,5.0
1645,50643,1036,2.0,6710.0,5.0
19703,57794,1057,1.0,2370.0,10.0
1197,50468,1015,1.0,3850.0,5.0
4959,51965,1040,3.0,3060.0,0.0
13427,55286,1065,1.0,7400.0,0.0
3236,51279,1008,3.0,6630.0,5.0
17933,57071,1071,1.0,1670.0,20.0
4889,51936,1053,3.0,3470.0,20.0
1366,50538,1004,1.0,9380.0,15.0
6559,52577,1045,2.0,8330.0,10.0
5983,52361,1011,1.0,4590.0,0.0
16354,56452,1012,1.0,6600.0,15.0
15237,56020,1065,2.0,7400.0,5.0
10942,54299,1040,1.0,3060.0,10.0
764,50298,1058,1.0,5550.0,10.0
2368,50930,1030,1.0,4290.0,0.0
20058,57944,1028,2.0,4510.0,10.0
13454,55299,1073,1.0,6680.0,5.0
8807,53470,1049,1.0,2810.0,0.0
19812,57839,1063,4.0,1660.0,0.0
12690,54996,1023,4.0,4290.0,10.0
19956,57900,1027,1.0,7200.0,0.0
9900,53904,1044,1.0,3230.0,0.0
1078,50424,1042,1.0,590.0,5.0
13913,55480,1029,3.0,3490.0,20.0
11493,54517,1073,1.0,6680.0,10.0
3106,51227,1037,1.0,2640.0,0.0
9360,53686,1061,1.0,,0.0
10085,53977,1031,1.0,9170.0,0.0
12303,54844,1036,5.0,6710.0,0.0
16185,56389,1067,1.0,4370.0,5.0
12470,54908,1033,2.0,2910.0,5.0
10847,54262,1024,1.0,9110.0,0.0
19013,57515,1002,3.0,3080.0,15.0
9080,53577,1052,2.0,6950.0,0.0
5433,52152,1038,1.0,4270.0,0.0
17402,56862,1050,1.0,7140.0,20.0
579,50227,1028,2.0,4510.0,15.0
18189,57178,1062,2.0,280.0,0.0
19513,57715,1029,1.0,3490.0,10.0
6880,52707,1045,2.0,8330.0,5.0
3474,51372,1036,3.0,6710.0,0.0
19198,57589,1057,3.0,2370.0,20.0
1121,50441,1024,3.0,9110.0,25.0
841,50330,1017,1.0,3470.0,10.0
7929,53123,1063,3.0,1660.0,0.0
3424,51352,1032,4.0,1990.0,5.0
9916,53910,1044,1.0,3230.0,25.0
12840,55056,1020,4.0,720.0,5.0
10868,54271,1008,2.0,6630.0,0.0
6150,52426,1024,2.0,9110.0,0.0
15904,56281,1005,1.0,5510.0,0.0
7827,53081,1011,1.0,4590.0,15.0
9229,53634,1067,1.0,4370.0,0.0
14245,55621,1074,1.0,1880.0,0.0
13865,55462,1050,3.0,7140.0,5.0
13800,55438,1045,2.0,8330.0,5.0
14911,55889,1017,3.0,3470.0,10.0
9947,53920,1029,1.0,3490.0,5.0
12033,54730,1001,1.0,6530.0,
15265,56031,1032,4.0,1990.0,10.0
1077,50424,1071,1.0,1670.0,5.0
15631,56175,1044,1.0,3230.0,5.0
7441,52920,1035,3.0,6470.0,10.0
11461,54504,1031,2.0,9170.0,0.0
3296,51302,1047,1.0,5950.0,5.0
2835,51123,1053,1.0,3470.0,0.0
8075,53181,1043,1.0,4500.0,5.0
5818,52299,1020,1.0,720.0,0.0
6426,52530,1031,1.0,9170.0,20.0
5652,52235,1012,1.0,6600.0,0.0
15593,56160,1030,2.0,4290.0,0.0
1290,50509,1039,2.0,8680.0,5.0
2354,50923,1071,2.0,1670.0,5.0
2679,51056,1008,1.0,6630.0,25.0
14266,55629,1053,1.0,3470.0,5.0
18488,57296,1015,1.0,3850.0,25.0
17756,57001,1034,4.0,10530.0,15.0
12641,54980,1002,1.0,3080.0,5.0
15201,56008,1009,1.0,6030.0,0.0
3638,51438,1043,4.0,4500.0,0.0
6894,52711,1006,1.0,4150.0,15.0
14656,55792,1035,1.0,6470.0,5.0
485,50188,1023,3.0,4290.0,10.0
16707,56593,1033,1.0,2910.0,10.0
7728,53043,1001,1.0,6530.0,5.0
17662,56965,1015,1.0,3850.0,10.0
10505,54137,1026,1.0,7010.0,10.0
11963,54701,1062,4.0,280.0,0.0
4072,51605,1070,2.0,2320.0,5.0
1229,50485,1001,4.0,6530.0,15.0
7401,52905,1032,1.0,1990.0,0.0
15101,55966,1056,1.0,1230.0,0.0
13318,55245,1013,4.0,220.0,10.0
8359,53290,1050,1.0,7140.0,20.0
883,50350,1009,1.0,6030.0,10.0
16720,56598,1041,2.0,700.0,0.0
5515,52186,1033,3.0,2910.0,10.0
5609,52220,1015,3.0,3850.0,15.0
15957,56301,1016,1.0,3350.0,10.0
6658,52617,1015,2.0,3850.0,5.0
4360,51726,1067,3.0,4370.0,25.0
15455,56104,1053,3.0,3470.0,5.0
19830,57848,1007,2.0,1100.0,0.0
12609,54966,1025,2.0,4730.0,5.0
399,50158,1008,1.0,6630.0,0.0
229,50092,1074,3.0,1880.0,0.0
13894,55473,1025,5.0,4730.0,5.0
17502,56899,1022,1.0,3830.0,10.0
3086,51219,1014,2.0,2270.0,5.0
10341,54070,1020,1.0,720.0,25.0
17874,57048,1013,3.0,220.0,20.0
2310,50905,1032,1.0,1990.0,0.0
19571,57739,1065,1.0,7400.0,20.0
7393,52901,1056,5.0,1230.0,0.0
16614,56557,1046,1.0,3450.0,20.0
4518,51786,1045,2.0,8330.0,15.0
149,50062,1021,1.0,5530.0,15.0
10405,54095,1049,2.0,2810.0,0.0
10723,54219,1031,1.0,9170.0,0.0
16986,56698,1026,1.0,7010.0,0.0
8626,53399,1064,,7500.0,0.0
14722,55818,1009,1.0,6030.0,5.0
6418,52528,1028,1.0,4510.0,10.0
18368,57247,1024,3.0,9110.0,0.0
6906,52715,1071,1.0,1670.0,10.0
3603,51422,1010,2.0,8870.0,10.0
17705,56981,1012,1.0,6600.0,10.0
12528,54931,1007,2.0,1100.0,5.0
4679,51848,1058,1.0,5550.0,0.0
17714,56986,1069,1.0,4090.0,10.0
8686,53423,1072,1.0,4390.0,10.0
4955,51963,1056,3.0,1230.0,5.0
107,50045,1047,2.0,5950.0,25.0
11251,54427,1016,2.0,3350.0,0.0
6782,52665,1023,1.0,,0.0
922,50365,1063,1.0,1660.0,20.0
18476,57292,1027,3.0,7200.0,10.0
2772,51095,1044,3.0,3230.0,10.0
11028,54333,1067,1.0,4370.0,5.0
3679,51454,1031,2.0,9170.0,10.0
17479,56891,1039,1.0,8680.0,25.0
10833,54257,1050,1.0,7140.0,0.0
5653,52236,1040,1.0,3060.0,0.0
18162,57163,1009,2.0,6030.0,15.0
7210,52839,1052,1.0,6950.0,0.0
16251,56413,1073,3.0,6680.0,5.0
17364,56843,1032,3.0,1990.0,20.0
15257,56027,1048,3.0,7870.0,0.0
13453,55299,1068,4.0,10570.0,5.0
14147,55578,1062,1.0,280.0,0.0
9876,53893,1073,2.0,6680.0,15.0
17289,56814,1027,1.0,7200.0,20.0
11622,54568,1056,1.0,1230.0,10.0
5084,52014,1013,3.0,220.0,0.0
5115,52026,1063,,1660.0,5.0
18857,57453,1041,3.0,700.0,10.0
4524,51788,1011,3.0,4590.0,15.0
11048,54341,1070,1.0,2320.0,0.0
14430,55698,1045,1.0,8330.0,10.0
14137,55573,1029,2.0,3490.0,0.0
3066,51211,1052,1.0,6950.0,10.0
4920,51947,1056,1.0,1230.0,0.0
17966,57081,1043,3.0,4500.0,10.0
9800,53863,1071,4.0,1670.0,0.0
982,50388,1027,4.0,7200.0,20.0
16388,56464,1006,5.0,4150.0,5.0
14987,55922,1050,2.0,7140.0,5.0
10526,54145,1037,1.0,2640.0,0.0
10825,54255,1003,2.0,2040.0,20.0
18726,57393,1037,1.0,2640.0,5.0
16301,56435,1056,1.0,1230.0,5.0
7294,52869,1003,2.0,2040.0,5.0
13996,55513,1031,1.0,9170.0,0.0
18979,57501,1061,2.0,8080.0,10.0
19392,57668,1051,1.0,7060.0,10.0
5405,52140,1030,3.0,4290.0,10.0
12292,54839,1013,1.0,220.0,15.0
9797,53862,1055,1.0,1380.0,0.0
14512,55734,1031,4.0,9170.0,25.0
11026,54332,1041,3.0,700.0,15.0
6520,52562,1036,1.0,6710.0,15.0
5801,52293,1007,2.0,1100.0,0.0
9639,53800,1060,1.0,5950.0,10.0
9155,53605,1048,1.0,7870.0,15.0
10574,54164,1027,1.0,7200.0,5.0
15188,56001,1062,1.0,280.0,0.0
18549,57319,1044,1.0,3230.0,10.0
16756,56611,1057,1.0,2370.0,15.0
7005,52755,1029,1.0,3490.0,0.0
1405,50552,1050,3.0,7140.0,
385,50152,1061,1.0,8080.0,10.0
14588,55765,1011,1.0,4590.0,10.0
15338,56056,1008,1.0,6630.0,0.0
13052,55139,1024,2.0,9110.0,10.0
16413,56473,1022,2.0,3830.0,0.0
15977,56308,1072,2.0,4390.0,20.0
10131,53994,1001,2.0,6530.0,0.0
5247,52078,1058,1.0,5550.0,15.0
908,50360,1033,2.0,2910.0,10.0
15785,56237,1052,1.0,6950.0,20.0
770,50300,1049,3.0,2810.0,0.0
16134,56370,1045,1.0,8330.0,5.0
2467,50970,1055,4.0,1380.0,15.0
10104,53985,1030,1.0,4290.0,0.0
1190,50466,1071,1.0,1670.0,0.0
19504,57712,1073,1.0,6680.0,0.0
6358,52506,1021,1.0,5530.0,
9849,53884,1007,1.0,1100.0,10.0
4444,51757,1067,3.0,4370.0,25.0
3806,51501,1038,1.0,4270.0,10.0
1470,50576,1072,2.0,4390.0,5.0
16336,56446,1061,3.0,8080.0,15.0
17042,56722,1043,4.0,4500.0,0.0
8592,53386,1031,1.0,9170.0,0.0
7737,53046,1054,1.0,1830.0,10.0
18680,57375,1003,2.0,2040.0,25.0
19902,57877,1009,2.0,6030.0,0.0
17947,57076,1022,1.0,3830.0,0.0
3657,51445,1002,1.0,3080.0,15.0
2988,51182,1007,1.0,1100.0,10.0
2762,51092,1045,4.0,8330.0,10.0
19781,57827,1052,3.0,6950.0,0.0
2543,50999,1044,1.0,3230.0,20.0
8962,53532,1031,4.0,9170.0,10.0
14847,55864,1006,2.0,4150.0,0.0
18468,57289,1047,2.0,5950.0,5.0
6169,52435,1021,1.0,5530.0,10.0
8571,53377,1014,3.0,2270.0,15.0
8358,53290,1072,5.0,4390.0,0.0
4656,51840,1049,1.0,2810.0,0.0
11072,54350,1012,5.0,6600.0,10.0
10553,54156,1055,1.0,1380.0,0.0
7448,52924,1017,1.0,3470.0,5.0
7306,52875,1063,1.0,1660.0,5.0
13375,55263,1015,1.0,3850.0,15.0
257,50104,1065,1.0,7400.0,0.0
16478,56502,1056,1.0,1230.0,10.0
11887,54673,1054,1.0,1830.0,0.0
10508,54139,1067,2.0,4370.0,15.0
17663,56965,1059,1.0,4580.0,5.0
9627,53794,1031,1.0,9170.0,0.0
11168,54389,1047,1.0,5950.0,5.0
10335,54068,1044,1.0,3230.0,20.0
3964,51562,1025,1.0,4730.0,10.0
6406,52524,1044,3.0,,0.0
17737,56995,1001,1.0,6530.0,0.0
11854,54663,1025,4.0,4730.0,10.0
13641,55373,1030,4.0,4290.0,5.0
11804,54642,1015,1.0,3850.0,0.0
17646,56956,1006,1.0,4150.0,0.0
19451,57691,1074,1.0,1880.0,0.0
10821,54253,1014,1.0,2270.0,0.0
1651,50644,1030,1.0,4290.0,5.0
2514,50987,1074,3.0,1880.0,5.0
15041,55946,1043,1.0,4500.0,5.0
4718,51865,1060,1.0,5950.0,0.0
15879,56273,1043,4.0,4500.0,0.0
17601,56937,1025,2.0,4730.0,5.0
6466,52543,1052,2.0,6950.0,0.0
5629,52227,1008,1.0,6630.0,25.0
16263,56419,1059,3.0,4580.0,10.0
17168,56768,1052,1.0,6950.0,25.0
4302,51703,1002,1.0,3080.0,5.0
17882,57050,1055,4.0,1380.0,5.0
12383,54877,1064,1.0,7500.0,10.0
10132,53995,1049,1.0,2810.0,5.0
8893,53504,1020,1.0,720.0,5.0
787,50310,1058,2.0,5550.0,0.0
14421,55696,1060,2.0,5950.0,5.0
13042,55136,1028,1.0,4510.0,25.0
2756,51089,1019,1.0,4560.0,0.0
7902,53112,1060,3.0,5950.0,0.0
1196,50467,1049,2.0,2810.0,10.0
18529,57310,1003,1.0,2040.0,5.0
8343,53284,1009,3.0,6030.0,15.0
11874,54669,1039,4.0,8680.0,0.0
10815,54251,1075,1.0,2140.0,0.0
4869,51928,1034,2.0,10530.0,25.0
16188,56390,1072,2.0,4390.0,0.0
7960,53136,1063,1.0,1660.0,15.0
18571,57329,1073,3.0,6680.0,10.0
10890,54279,1065,1.0,7400.0,0.0
5275,52089,1033,1.0,2910.0,10.0
1419,50558,1070,1.0,2320.0,0.0
3643,51441,1059,2.0,4580.0,5.0
7113,52801,1058,4.0,5550.0,0.0
13582,55353,1028,1.0,4510.0,0.0
67,50026,1025,1.0,4730.0,5.0
4190,51654,1053,2.0,3470.0,20.0
4954,51963,1021,3.0,5530.0,0.0
3928,51549,1026,1.0,7010.0,0.0
288,50116,1006,2.0,4150.0,20.0
19496,57710,1029,1.0,3490.0,5.0
19798,57834,1012,1.0,6600.0,0.0
11739,54615,1040,1.0,3060.0,5.0
1417,50557,1014,4.0,2270.0,10.0
12049,54737,1045,1.0,8330.0,20.0
8667,53415,1067,1.0,4370.0,0.0
14380,55679,1026,4.0,7010.0,0.0
8763,53452,1065,1.0,7400.0,0.0
16804,56628,1066,1.0,3610.0,0.0
5937,52342,1043,1.0,4500.0,0.0
17118,56751,1044,1.0,3230.0,0.0
6529,52566,1018,1.0,3890.0,0.0
6410,52525,1072,1.0,4390.0,20.0
7679,53019,1041,2.0,700.0,0.0
1998,50779,1064,2.0,7500.0,5.0
2050,50797,1051,1.0,7060.0,10.0
16420,56476,1052,3.0,6950.0,5.0
2809,51112,1009,1.0,6030.0,20.0
9919,53911,1030,5.0,4290.0,10.0
3432,51355,1055,1.0,1380.0,15.0
1946,50759,1038,1.0,4270.0,10.0
17952,57077,1025,3.0,4730.0,0.0
2430,50953,1070,1.0,2320.0,0.0
11067,54349,1023,1.0,4290.0,0.0
13901,55475,1038,1.0,4270.0,5.0
8115,53196,1026,1.0,7010.0,5.0
12234,54815,1006,2.0,4150.0,0.0
5676,52244,1034,1.0,10530.0,5.0
10596,54171,1063,1.0,1660.0,5.0
8381,53298,1046,5.0,3450.0,0.0
19666,57777,1025,1.0,4730.0,10.0
13711,55403,1032,1.0,1990.0,20.0
2870,51136,1004,4.0,9380.0,0.0
14009,55519,1003,1.0,2040.0,5.0
18050,57116,1054,1.0,1830.0,0.0
19499,57711,1036,1.0,6710.0,10.0
6981,52746,1023,4.0,,0.0
3479,51374,1003,5.0,2040.0,15.0
2990,51182,1020,2.0,720.0,5.0
14643,55785,1028,2.0,4510.0,0.0
15778,56235,1059,2.0,4580.0,10.0
5162,52044,1059,1.0,4580.0,10.0
16551,56533,1046,2.0,3450.0,15.0
2512,50986,1031,2.0,9170.0,0.0
15724,56215,1007,1.0,1100.0,0.0
4205,51660,1023,3.0,4290.0,10.0
4654,51839,1022,1.0,3830.0,5.0
6050,52388,1031,1.0,9170.0,10.0
6832,52689,1045,3.0,8330.0,15.0
17145,56760,1010,1.0,8870.0,0.0
15832,56256,1027,1.0,7200.0,25.0
2366,50929,1072,1.0,4390.0,0.0
4839,51917,1014,2.0,,0.0
8734,53440,1072,1.0,4390.0,15.0
14982,55920,1027,2.0,7200.0,0.0
18273,57212,1045,1.0,8330.0,10.0
4430,51751,1028,3.0,4510.0,5.0
3181,51256,1034,1.0,10530.0,5.0
6858,52699,1011,1.0,4590.0,5.0
393,50156,1033,1.0,2910.0,0.0
10097,53982,1005,1.0,5510.0,0.0
2299,50901,1068,1.0,10570.0,0.0
9581,53776,1034,3.0,10530.0,0.0
1390,50547,1011,4.0,4590.0,20.0
792,50312,1055,3.0,1380.0,10.0
19021,57521,1025,3.0,4730.0,0.0
15121,55975,1035,2.0,6470.0,0.0
17987,57087,1021,1.0,5530.0,5.0
15072,55956,1051,1.0,7060.0,20.0
17375,56849,1015,1.0,3850.0,10.0
9842,53880,1073,1.0,6680.0,20.0
2346,50920,1067,3.0,4370.0,0.0
1531,50601,1074,2.0,1880.0,10.0
16855,56648,1027,3.0,7200.0,0.0
7482,52937,1070,1.0,2320.0,0.0
1452,50569,1068,1.0,,0.0
7295,52869,1060,3.0,5950.0,15.0
9347,53680,1029,2.0,3490.0,0.0
5255,52080,1050,1.0,7140.0,0.0
11489,54516,1054,3.0,1830.0,25.0
16369,56458,1043,1.0,4500.0,5.0
5828,52303,1002,2.0,3080.0,0.0
9140,53600,1036,1.0,6710.0,5.0
8674,53417,1035,1.0,6470.0,0.0
5685,52249,1007,2.0,1100.0,0.0
1175,50461,1056,2.0,1230.0,10.0
4394,51737,1054,1.0,1830.0,20.0
4042,51593,1013,1.0,220.0,0.0
6575,52587,1075,1.0,2140.0,0.0
9578,53775,1068,1.0,10570.0,10.0
20033,57933,1012,2.0,6600.0,20.0
17548,56918,1032,4.0,1990.0,0.0
19277,57620,1006,3.0,4150.0,0.0
9960,53926,1045,1.0,8330.0,0.0
19985,57915,1028,,4510.0,10.0
17772,57007,1041,1.0,700.0,5.0
13986,55510,1029,1.0,3490.0,0.0
624,50244,1011,1.0,4590.0,0.0
2860,51133,1012,3.0,6600.0,5.0
15343,56058,1054,5.0,1830.0,5.0
10889,54279,1006,1.0,4150.0,15.0
8452,53327,1075,1.0,2140.0,0.0
11124,54372,1022,2.0,3830.0,5.0
16057,56340,1057,4.0,2370.0,10.0
17352,56839,1006,2.0,4150.0,0.0
17097,56743,1045,2.0,8330.0,0.0
12040,54734,1069,1.0,4090.0,0.0
4120,51626,1010,2.0,8870.0,
20186,57996,1038,3.0,4270.0,10.0
398,50158,1033,1.0,2910.0,0.0
1991,50777,1058,3.0,5550.0,25.0
522,50202,1028,1.0,4510.0,0.0
15335,56055,1045,1.0,8330.0,0.0
5612,52221,1047,1.0,5950.0,0.0
5031,51994,1042,1.0,590.0,5.0
3356,51327,1048,2.0,7870.0,
568,50224,1013,2.0,220.0,0.0
8324,53277,1051,,7060.0,0.0
6969,52742,1024,3.0,9110.0,5.0
16351,56450,1039,3.0,8680.0,5.0
8946,53526,1011,1.0,4590.0,0.0
20168,57991,1032,1.0,1990.0,10.0
12016,54724,1054,1.0,1830.0,10.0
5416,52145,1073,1.0,6680.0,0.0
7556,52970,1024,2.0,9110.0,15.0
19919,57883,1007,3.0,1100.0,10.0
8676,53418,1059,1.0,4580.0,10.0
8884,53501,1064,1.0,7500.0,0.0
10068,53970,1056,2.0,1230.0,0.0
18663,57368,1030,1.0,4290.0,5.0
3750,51479,1074,1.0,1880.0,0.0
626,50244,1028,2.0,4510.0,10.0
11899,54678,1004,1.0,9380.0,0.0
2534,50995,1001,3.0,,0.0
4820,51906,1037,1.0,2640.0,0.0
4879,51932,1047,1.0,5950.0,10.0
18930,57481,1016,2.0,3350.0,15.0
9539,53761,1027,3.0,7200.0,0.0
16384,56463,1074,2.0,1880.0,5.0
18007,57095,1039,3.0,8680.0,20.0
3830,51512,1036,1.0,6710.0,20.0
6328,52494,1049,2.0,2810.0,0.0
12596,54959,1072,1.0,4390.0,15.0
11114,54368,1057,1.0,2370.0,15.0
10898,54281,1069,2.0,4090.0,0.0
958,50379,1036,5.0,6710.0,10.0
11112,54367,1020,1.0,720.0,20.0
20072,57949,1026,1.0,7010.0,10.0
5715,52258,1068,1.0,10570.0,0.0
7998,53153,1070,1.0,2320.0,
2714,51069,1024,1.0,9110.0,0.0
3005,51189,1001,2.0,6530.0,15.0
19544,57726,1069,1.0,4090.0,15.0
19252,57611,1029,1.0,3490.0,0.0
19806,57837,1040,1.0,3060.0,20.0
18431,57273,1051,2.0,7060.0,0.0
6386,52516,1048,4.0,7870.0,5.0
5068,52008,1055,1.0,1380.0,15.0
11008,54325,1037,1.0,2640.0,0.0
16770,56617,1040,1.0,3060.0,0.0
6300,52481,1042,2.0,590.0,10.0
19733,57805,1006,4.0,4150.0,0.0
935,50370,1061,1.0,8080.0,10.0
13599,55359,1043,2.0,4500.0,0.0
3872,51529,1033,1.0,2910.0,0.0
11583,54554,1049,1.0,2810.0,25.0
746,50290,1004,3.0,9380.0,0.0
1443,50566,1007,,1100.0,10.0
14108,55561,1028,3.0,4510.0,0.0
15064,55952,1022,1.0,3830.0,15.0
10113,53987,1017,1.0,3470.0,5.0
6405,52523,1068,1.0,10570.0,5.0
8610,53393,1063,1.0,1660.0,20.0
15300,56043,1053,1.0,3470.0,0.0
12649,54982,1045,1.0,8330.0,0.0
19878,57867,1022,3.0,3830.0,15.0
8669,53415,1038,1.0,4270.0,0.0
1027,50407,1024,1.0,9110.0,0.0
2994,51184,1058,2.0,5550.0,20.0
1744,50681,1059,1.0,4580.0,20.0
16665,56579,1068,2.0,10570.0,5.0
18570,57329,1059,1.0,4580.0,5.0
3921,51547,1037,2.0,2640.0,10.0
19003,57511,1026,1.0,7010.0,10.0
2429,50953,1046,4.0,3450.0,0.0
15299,56043,1038,1.0,4270.0,20.0
8454,53328,1016,1.0,3350.0,0.0
10862,54268,1021,1.0,5530.0,5.0
905,50358,1001,1.0,6530.0,5.0
454,50177,1020,3.0,720.0,20.0
4068,51603,1009,5.0,6030.0,20.0
2148,50835,1008,1.0,6630.0,15.0
16721,56598,1070,2.0,2320.0,20.0
16985,56698,1047,1.0,5950.0,5.0
17084,56738,1002,2.0,3080.0,0.0
13380,55265,1070,1.0,2320.0,15.0
13828,55449,1060,1.0,5950.0,15.0
12046,54736,1043,1.0,4500.0,5.0
3978,51567,1029,1.0,3490.0,0.0
2692,51061,1012,1.0,6600.0,20.0
11751,54620,1007,1.0,1100.0,0.0
14580,55761,1006,1.0,4150.0,0.0
20065,57947,1016,1.0,3350.0,0.0
6366,52509,1065,2.0,7400.0,10.0
11328,54455,1040,1.0,3060.0,20.0
19063,57537,1067,2.0,4370.0,5.0
8741,53444,1043,4.0,4500.0,5.0
14160,55583,1028,1.0,4510.0,15.0
2275,50891,1023,2.0,4290.0,15.0
10810,54248,1054,4.0,1830.0,15.0
2075,50809,1036,1.0,6710.0,0.0
19202,57590,1074,1.0,1880.0,0.0
508,50197,1072,2.0,4390.0,0.0
16519,56520,1010,1.0,8870.0,0.0
8649,53407,1038,4.0,4270.0,0.0
17148,56761,1026,1.0,7010.0,5.0
13409,55277,1073,1.0,6680.0,10.0
13948,55495,1048,2.0,7870.0,10.0
6509,52559,1044,2.0,3230.0,15.0
9017,53555,1012,1.0,6600.0,10.0
4076,51607,1012,3.0,6600.0,20.0
9806,53865,1075,3.0,2140.0,0.0
14922,55892,1006,1.0,4150.0,10.0
14185,55593,1051,2.0,7060.0,15.0
15242,56022,1026,4.0,7010.0,5.0
14095,55555,1035,1.0,6470.0,20.0
7299,52871,1008,1.0,6630.0,15.0
4961,51965,1038,2.0,4270.0,0.0
736,50286,1059,2.0,4580.0,10.0
12744,55015,1067,1.0,4370.0,5.0
6847,52694,1008,2.0,6630.0,10.0
15028,55942,1062,2.0,280.0,0.0
3743,51476,1069,1.0,4090.0,25.0
4313,51707,1040,2.0,3060.0,15.0
13559,55344,1048,1.0,,15.0
15202,56008,1002,2.0,3080.0,0.0
14770,55835,1033,3.0,2910.0,15.0
2169,50845,1005,3.0,5510.0,15.0
8550,53369,1045,1.0,8330.0,0.0
7869,53096,1065,1.0,7400.0,5.0
10074,53972,1038,2.0,4270.0,5.0
1476,50579,1038,2.0,4270.0,20.0
14309,55646,1006,1.0,4150.0,0.0
1918,50749,1042,4.0,590.0,15.0
12515,54926,1009,1.0,6030.0,25.0
557,50220,1071,2.0,1670.0,5.0
16981,56695,1042,3.0,590.0,10.0
3131,51237,1049,4.0,2810.0,5.0
19051,57533,1006,1.0,4150.0,25.0
6688,52626,1003,1.0,2040.0,5.0
1533,50601,1048,2.0,7870.0,5.0
19425,57680,1047,2.0,5950.0,10.0
18893,57466,1029,3.0,3490.0,0.0
6400,52521,1002,1.0,3080.0,0.0
18657,57365,1014,1.0,2270.0,5.0
8277,53259,1005,2.0,5510.0,0.0
8280,53260,1009,1.0,6030.0,25.0
10744,54226,1024,1.0,9110.0,10.0
19569,57737,1058,1.0,5550.0,0.0
16940,56680,1068,1.0,10570.0,5.0
9564,53769,1002,2.0,3080.0,10.0
5330,52111,1060,3.0,5950.0,10.0
2360,50926,1038,3.0,4270.0,10.0
14823,55853,1031,2.0,9170.0,20.0
6108,52408,1009,2.0,6030.0,20.0
10194,54017,1047,1.0,5950.0,25.0
18594,57337,1036,1.0,6710.0,0.0
2523,50991,1015,1.0,3850.0,5.0
10831,54257,1054,1.0,1830.0,5.0
9052,53568,1035,1.0,6470.0,15.0
8382,53298,1052,2.0,6950.0,0.0
3347,51322,1052,2.0,6950.0,0.0
1263,50498,1019,2.0,4560.0,0.0
11779,54632,1067,1.0,4370.0,0.0
18342,57237,1052,1.0,6950.0,20.0
15560,56147,1059,2.0,4580.0,15.0
13405,55276,1060,1.0,5950.0,0.0
19582,57743,1026,2.0,7010.0,0.0
2558,51006,1026,1.0,7010.0,5.0
19091,57547,1024,1.0,9110.0,5.0
15476,56113,1011,1.0,4590.0,10.0
10962,54307,1063,2.0,1660.0,5.0
16533,56526,1028,1.0,4510.0,20.0
11762,54626,1006,1.0,4150.0,0.0
17550,56919,1073,1.0,6680.0,0.0
7428,52917,1038,5.0,4270.0,10.0
160,50066,1003,1.0,2040.0,0.0
15507,56128,1017,1.0,3470.0,0.0
17319,56825,1001,4.0,6530.0,15.0
11236,54420,1053,1.0,3470.0,25.0
14805,55847,1028,2.0,4510.0,5.0
991,50392,1017,2.0,3470.0,5.0
3784,51492,1004,2.0,9380.0,0.0
15483,56116,1008,4.0,6630.0,0.0
12735,55012,1012,1.0,6600.0,5.0
8052,53172,1048,1.0,7870.0,15.0
10242,54036,1019,1.0,4560.0,10.0
12671,54990,1039,1.0,8680.0,10.0
17653,56960,1067,1.0,4370.0,5.0
9521,53754,1025,1.0,4730.0,20.0
15818,56251,1030,1.0,4290.0,5.0
2471,50971,1006,1.0,4150.0,15.0
6498,52556,1056,1.0,1230.0,0.0
4461,51766,1003,1.0,2040.0,10.0
4770,51886,1058,1.0,5550.0,0.0
16681,56584,1034,3.0,,10.0
20057,57944,1018,2.0,3890.0,0.0
125,50053,1059,2.0,4580.0,20.0
19508,57714,1011,1.0,4590.0,5.0
3885,51533,1032,3.0,1990.0,5.0
18908,57471,1053,4.0,3470.0,0.0
2477,50973,1063,1.0,1660.0,25.0
7390,52901,1018,1.0,3890.0,10.0
13037,55134,1054,3.0,1830.0,5.0
703,50273,1004,1.0,9380.0,10.0
18981,57502,1013,1.0,220.0,10.0
9825,53873,1027,1.0,7200.0,0.0
5306,52100,1005,5.0,5510.0,5.0
16036,56334,1019,2.0,4560.0,20.0
14497,55728,1066,1.0,3610.0,25.0
20158,57986,1029,1.0,3490.0,0.0
12365,54870,1008,2.0,6630.0,10.0
11528,54530,1070,1.0,2320.0,20.0
459,50178,1053,4.0,3470.0,0.0
7573,52976,1036,2.0,6710.0,15.0
20047,57939,1050,1.0,7140.0,0.0
14341,55662,1041,2.0,700.0,0.0
4357,51725,1032,2.0,1990.0,0.0
4346,51722,1049,1.0,2810.0,10.0
12071,54745,1045,1.0,8330.0,10.0
18293,57218,1064,1.0,7500.0,5.0
1010,50399,1040,1.0,3060.0,0.0
5934,52341,1061,1.0,8080.0,0.0
11694,54595,1053,2.0,3470.0,0.0
5341,52115,1046,2.0,3450.0,5.0
4019,51584,1045,2.0,8330.0,25.0
1061,50418,1054,1.0,,20.0
542,50212,1061,4.0,8080.0,0.0
17208,56783,1046,3.0,3450.0,5.0
15875,56271,1017,2.0,3470.0,0.0
12759,55022,1067,1.0,4370.0,10.0
3918,51546,1037,1.0,,5.0
11338,54459,1061,1.0,8080.0,5.0
3150,51243,1011,1.0,4590.0,0.0
10704,54212,1075,3.0,2140.0,5.0
432,50169,1035,1.0,6470.0,5.0
3634,51436,1017,3.0,3470.0,0.0
10886,54278,1030,1.0,4290.0,15.0
8070,53179,1064,1.0,7500.0,0.0
14439,55703,1038,2.0,4270.0,5.0
2419,50949,1034,1.0,10530.0,0.0
5835,52305,1055,2.0,1380.0,20.0
8042,53168,1038,4.0,4270.0,0.0
14144,55577,1073,2.0,6680.0,5.0
14894,55881,1025,1.0,4730.0,25.0
18090,57133,1037,1.0,2640.0,20.0
16209,56398,1014,1.0,2270.0,0.0
902,50357,1069,1.0,4090.0,10.0
15714,56212,1006,1.0,4150.0,0.0
19109,57554,1011,4.0,4590.0,0.0
11285,54437,1035,4.0,6470.0,25.0
15558,56146,1004,1.0,9380.0,15.0
4744,51876,1035,4.0,6470.0,0.0
13790,55435,1063,2.0,1660.0,20.0
16829,56637,1075,1.0,2140.0,0.0
8842,53483,1034,4.0,10530.0,0.0
17812,57023,1031,4.0,9170.0,0.0
11289,54438,1034,2.0,10530.0,15.0
2288,50896,1002,2.0,3080.0,10.0
10916,54288,1009,3.0,6030.0,20.0
1126,50442,1070,1.0,2320.0,0.0
11347,54463,1059,1.0,4580.0,0.0
1594,50622,1054,3.0,1830.0,0.0
12790,55034,1015,1.0,3850.0,5.0
18706,57387,1069,1.0,4090.0,15.0
16560,56537,1025,1.0,4730.0,0.0
6167,52434,1055,1.0,1380.0,5.0
17244,56797,1016,4.0,3350.0,25.0
20002,57920,1063,4.0,1660.0,5.0
18208,57185,1064,1.0,7500.0,25.0
9572,53773,1005,2.0,5510.0,25.0
11810,54645,1013,1.0,220.0,25.0
11019,54329,1071,2.0,1670.0,5.0
2016,50785,1062,2.0,280.0,5.0
17270,56806,1022,2.0,3830.0,15.0
19078,57543,1048,2.0,,25.0
7000,52754,1041,1.0,700.0,10.0
18362,57245,1040,2.0,3060.0,20.0
20182,57995,1029,2.0,3490.0,0.0
4151,51639,1001,3.0,6530.0,20.0
440,50172,1059,1.0,4580.0,10.0
19122,57561,1003,,2040.0,15.0
19094,57548,1063,2.0,1660.0,5.0
7368,52894,1064,2.0,7500.0,0.0
6896,52712,1052,3.0,6950.0,5.0
15166,55993,1031,1.0,9170.0,
16306,56437,1071,1.0,1670.0,0.0
10800,54245,1045,4.0,8330.0,0.0
15444,56100,1047,1.0,5950.0,10.0
19714,57797,1069,1.0,4090.0,0.0
7898,53110,1003,3.0,2040.0,10.0
5134,52033,1032,,1990.0,5.0
12780,55030,1003,2.0,2040.0,0.0
13391,55269,1035,1.0,6470.0,10.0
8562,53375,1075,1.0,2140.0,20.0
2589,51017,1046,1.0,3450.0,10.0
16480,56503,1058,1.0,5550.0,
17747,56999,1071,4.0,1670.0,15.0
13002,55116,1050,1.0,7140.0,5.0
14547,55746,1008,1.0,6630.0,5.0
15661,56189,1004,1.0,9380.0,0.0
11940,54691,1057,1.0,2370.0,20.0
14170,55588,1051,1.0,7060.0,0.0
11465,54507,1038,1.0,4270.0,10.0
3108,51228,1012,4.0,6600.0,0.0
17151,56762,1074,3.0,1880.0,0.0
12078,54748,1060,1.0,5950.0,0.0
3665,51448,1041,2.0,700.0,25.0
12983,55108,1010,1.0,8870.0,0.0
12856,55060,1063,1.0,1660.0,0.0
16293,56432,1026,1.0,7010.0,0.0
7053,52777,1046,1.0,3450.0,0.0
7786,53066,1068,1.0,10570.0,15.0
11240,54421,1052,1.0,6950.0,10.0
9005,53548,1007,1.0,1100.0,10.0
8380,53297,1039,5.0,8680.0,5.0
15463,56107,1052,2.0,6950.0,10.0
9334,53675,1057,1.0,2370.0,10.0
14202,55600,1072,1.0,4390.0,0.0
16509,56516,1034,1.0,10530.0,0.0
17036,56720,1059,1.0,4580.0,5.0
11930,54688,1018,1.0,3890.0,20.0
16366,56458,1005,1.0,5510.0,5.0
5759,52275,1066,1.0,3610.0,25.0
10204,54020,1029,1.0,3490.0,
7702,53033,1034,2.0,10530.0,10.0
19364,57656,1030,2.0,4290.0,0.0
19974,57910,1073,1.0,6680.0,0.0
13171,55185,1002,1.0,3080.0,0.0
18458,57284,1008,2.0,6630.0,0.0
11609,54563,1051,1.0,7060.0,15.0
5616,52223,1048,1.0,7870.0,10.0
12172,54792,1048,1.0,7870.0,10.0
13442,55292,1009,,6030.0,10.0
4308,51706,1010,1.0,8870.0,5.0
16455,56491,1068,1.0,10570.0,0.0
19165,57577,1073,1.0,6680.0,10.0
8999,53545,1013,1.0,220.0,0.0
4246,51679,1073,3.0,6680.0,15.0
4694,51855,1013,1.0,220.0,5.0
14785,55839,1026,1.0,7010.0,5.0
4767,51885,1056,1.0,1230.0,0.0
5420,52147,1006,1.0,4150.0,0.0
4813,51902,1037,1.0,2640.0,0.0
19895,57874,1032,4.0,1990.0,5.0
18868,57457,1011,3.0,4590.0,0.0
795,50314,1062,2.0,280.0,5.0
4139,51634,1008,3.0,6630.0,10.0
17843,57036,1057,1.0,2370.0,5.0
9596,53783,1055,1.0,1380.0,0.0
6287,52477,1035,1.0,6470.0,0.0
17588,56933,1047,1.0,5950.0,20.0
8847,53486,1041,1.0,700.0,0.0
4589,51814,1019,3.0,4560.0,15.0
11126,54373,1057,1.0,2370.0,15.0
6025,52377,1047,1.0,5950.0,5.0
15154,55989,1029,4.0,3490.0,0.0
14100,55558,1063,1.0,1660.0,10.0
12147,54781,1074,2.0,1880.0,10.0
6968,52741,1018,2.0,3890.0,20.0
12413,54890,1070,1.0,2320.0,10.0
654,50254,1046,2.0,3450.0,15.0
16031,56332,1044,3.0,3230.0,5.0
3359,51328,1062,1.0,280.0,10.0
10604,54174,1054,2.0,1830.0,5.0
9290,53660,1046,2.0,3450.0,10.0
12590,54956,1014,2.0,2270.0,0.0
965,50381,1068,2.0,10570.0,0.0
16960,56688,1062,2.0,280.0,15.0
12546,54938,1071,2.0,1670.0,0.0
18095,57134,1008,1.0,6630.0,5.0
16827,56637,1024,2.0,9110.0,20.0
5329,52111,1074,1.0,1880.0,10.0
3185,51258,1073,1.0,6680.0,5.0
19944,57894,1074,2.0,1880.0,0.0
1840,50720,1057,2.0,2370.0,5.0
17704,56981,1066,1.0,3610.0,0.0
13236,55214,1003,1.0,2040.0,20.0
3940,51555,1043,1.0,4500.0,0.0
4003,51577,1018,1.0,3890.0,0.0
6759,52656,1014,1.0,2270.0,5.0
93,50039,1058,2.0,5550.0,5.0
13658,55379,1047,1.0,,15.0
19061,57537,1065,1.0,7400.0,0.0
7166,52823,1048,3.0,7870.0,5.0
9463,53731,1010,1.0,8870.0,5.0
12621,54972,1002,1.0,3080.0,5.0
17533,56912,1042,1.0,590.0,5.0
17492,56896,1044,4.0,3230.0,15.0
12959,55097,1067,2.0,4370.0,10.0
16942,56681,1043,1.0,4500.0,0.0
2875,51140,1067,2.0,4370.0,0.0
7808,53074,1031,1.0,9170.0,0.0
14153,55580,1004,1.0,,0.0
2879,51142,1067,2.0,4370.0,0.0
1220,50480,1036,1.0,6710.0,0.0
5656,52236,1056,1.0,1230.0,5.0
1013,50401,1064,1.0,7500.0,25.0
12667,54988,1003,3.0,2040.0,0.0
9777,53855,1058,2.0,5550.0,0.0
13703,55398,1065,2.0,7400.0,10.0
1219,50480,1007,3.0,1100.0,5.0
433,50170,1012,2.0,6600.0,15.0
13989,55510,1049,4.0,2810.0,0.0
13486,55313,1037,1.0,2640.0,20.0
13110,55161,1056,1.0,1230.0,15.0
7342,52886,1062,2.0,280.0,10.0
6337,52497,1037,1.0,2640.0,10.0
3976,51567,1071,1.0,1670.0,0.0
2157,50841,1037,1.0,2640.0,5.0
4556,51801,1047,1.0,5950.0,5.0
18281,57215,1031,4.0,9170.0,5.0
2343,50919,1044,1.0,3230.0,20.0
11030,54333,1029,1.0,3490.0,0.0
7888,53105,1049,3.0,2810.0,0.0
7371,52895,1003,1.0,2040.0,20.0
7751,53052,1002,1.0,3080.0,10.0
7438,52919,1004,1.0,9380.0,0.0
20042,57938,1013,2.0,220.0,0.0
19783,57827,1060,1.0,5950.0,25.0
11409,54485,1068,2.0,10570.0,15.0
19076,57543,1040,2.0,3060.0,15.0
1403,50552,1056,,1230.0,0.0
8808,53471,1022,1.0,3830.0,5.0
6027,52378,1055,1.0,1380.0,
6048,52387,1007,2.0,1100.0,10.0
816,50322,1032,4.0,1990.0,10.0
7923,53121,1050,2.0,7140.0,0.0
8956,53530,1044,1.0,3230.0,0.0
12437,54897,1019,2.0,4560.0,0.0
16666,56579,1018,1.0,3890.0,0.0
3759,51482,1067,2.0,4370.0,0.0
2492,50979,1061,1.0,8080.0,5.0
14538,55743,1022,1.0,3830.0,10.0
13634,55371,1061,1.0,8080.0,5.0
14215,55609,1019,1.0,4560.0,15.0
18861,57455,1030,2.0,4290.0,15.0
8098,53191,1001,2.0,6530.0,0.0
9027,53560,1040,5.0,3060.0,5.0
20074,57951,1037,1.0,2640.0,0.0
6163,52433,1072,1.0,4390.0,20.0
17651,56959,1011,1.0,4590.0,10.0
9073,53574,1073,1.0,6680.0,5.0
14786,55840,1025,1.0,4730.0,5.0
12051,54738,1066,1.0,3610.0,5.0
6941,52730,1058,1.0,5550.0,0.0
18811,57434,1058,1.0,5550.0,0.0
17179,56773,1024,1.0,9110.0,0.0
17949,57076,1067,2.0,4370.0,5.0
19371,57659,1062,1.0,280.0,0.0
5842,52308,1030,2.0,4290.0,0.0
14826,55855,1073,1.0,6680.0,20.0
15690,56201,1058,1.0,5550.0,20.0
11041,54340,1026,4.0,7010.0,0.0
5088,52016,1059,2.0,4580.0,0.0
17013,56711,1007,1.0,1100.0,25.0
19782,57827,1061,2.0,8080.0,5.0
14283,55637,1025,1.0,4730.0,0.0
16115,56361,1003,1.0,2040.0,15.0
11933,54689,1003,2.0,2040.0,5.0
2883,51143,1007,2.0,1100.0,5.0
1803,50702,1068,1.0,10570.0,15.0
1831,50716,1036,3.0,6710.0,0.0
3399,51343,1029,1.0,3490.0,10.0
18385,57254,1020,1.0,720.0,15.0
12993,55112,1024,3.0,9110.0,0.0
15774,56233,1036,2.0,6710.0,10.0
18202,57183,1075,2.0,2140.0,0.0
12938,55090,1034,2.0,10530.0,15.0
19254,57611,1023,2.0,4290.0,5.0
2164,50843,1016,1.0,3350.0,25.0
2989,51182,1030,1.0,4290.0,20.0
9400,53703,1049,1.0,2810.0,10.0
3182,51257,1035,1.0,,5.0
19675,57779,1039,4.0,8680.0,5.0
20117,57972,1002,3.0,3080.0,20.0
6814,52684,1063,3.0,1660.0,0.0
13490,55315,1041,2.0,700.0,0.0
7155,52821,1027,1.0,7200.0,
1507,50592,1008,1.0,6630.0,15.0
3948,51558,1056,1.0,1230.0,20.0
4736,51872,1011,5.0,4590.0,0.0
7330,52882,1048,4.0,7870.0,5.0
2526,50992,1026,4.0,7010.0,10.0
5061,52005,1074,4.0,1880.0,0.0
8180,53221,1005,1.0,5510.0,25.0
1820,50712,1041,2.0,700.0,5.0
12861,55062,1018,2.0,3890.0,15.0
11678,54589,1034,1.0,10530.0,20.0
10093,53980,1070,1.0,2320.0,10.0
4275,51692,1055,1.0,1380.0,0.0
4171,51646,1069,1.0,4090.0,0.0
4779,51889,1006,5.0,4150.0,10.0
1029,50407,1018,1.0,3890.0,5.0
3621,51428,1044,2.0,3230.0,0.0
4399,51739,1029,3.0,3490.0,20.0
20171,57992,1024,1.0,9110.0,0.0
1132,50445,1049,1.0,2810.0,15.0
5877,52321,1006,1.0,4150.0,5.0
12454,54904,1008,4.0,6630.0,25.0
20195,58000,1075,2.0,2140.0,0.0
12297,54841,1064,3.0,7500.0,10.0
11119,54370,1018,2.0,3890.0,5.0
17867,57045,1019,2.0,4560.0,15.0
13093,55153,1063,2.0,1660.0,0.0
13415,55281,1041,2.0,700.0,25.0
9913,53908,1056,2.0,1230.0,20.0
13931,55489,1017,1.0,3470.0,5.0
3954,51559,1011,1.0,4590.0,25.0
16628,56565,1052,1.0,6950.0,25.0
15004,55929,1011,1.0,4590.0,0.0
17859,57043,1040,2.0,3060.0,10.0
15795,56240,1030,1.0,4290.0,0.0
7307,52875,1070,1.0,2320.0,0.0
6655,52615,1004,2.0,9380.0,15.0
2151,50837,1021,2.0,5530.0,5.0
13909,55479,1065,1.0,7400.0,0.0
7230,52847,1058,1.0,5550.0,20.0
5090,52018,1002,1.0,3080.0,0.0
1436,50564,1029,1.0,3490.0,20.0
6036,52381,1007,3.0,1100.0,10.0
7787,53066,1058,1.0,5550.0,0.0
6181,52439,1039,1.0,8680.0,15.0
14428,55698,1061,1.0,8080.0,10.0
4536,51793,1064,1.0,7500.0,15.0
15214,56012,1057,1.0,2370.0,10.0
13308,55240,1064,1.0,7500.0,0.0
9584,53778,1052,2.0,6950.0,0.0
15796,56240,1011,1.0,4590.0,25.0
18806,57430,1025,2.0,4730.0,0.0
9904,53905,1049,1.0,2810.0,10.0
6537,52569,1066,2.0,3610.0,0.0
5969,52356,1008,1.0,6630.0,0.0
7161,52822,1016,2.0,3350.0,20.0
1288,50508,1046,1.0,3450.0,5.0
3746,51478,1015,1.0,3850.0,0.0
2161,50842,1038,2.0,4270.0,15.0
9353,53682,1052,1.0,6950.0,0.0
18369,57247,1046,1.0,3450.0,0.0
16092,56354,1046,1.0,3450.0,15.0
13356,55258,1044,1.0,3230.0,0.0
13893,55472,1072,2.0,4390.0,10.0
12879,55069,1027,2.0,7200.0,15.0
9873,53893,1053,1.0,3470.0,0.0
6848,52695,1061,1.0,8080.0,20.0
3113,51230,1013,1.0,220.0,25.0
11624,54568,1068,2.0,10570.0,0.0
18947,57488,1044,1.0,3230.0,
5655,52236,1022,2.0,3830.0,5.0
4123,51627,1011,3.0,4590.0,0.0
6834,52690,1050,1.0,7140.0,5.0
4232,51671,1054,1.0,1830.0,10.0
2681,51057,1049,1.0,2810.0,15.0
12075,54747,1006,1.0,4150.0,20.0
17202,56781,1026,4.0,7010.0,25.0
5347,52117,1019,2.0,4560.0,20.0
7004,52755,1046,1.0,3450.0,5.0
6651,52614,1060,5.0,5950.0,5.0
18516,57306,1002,1.0,3080.0,20.0
12389,54881,1019,1.0,4560.0,0.0
13589,55355,1006,2.0,4150.0,15.0
11260,54429,1020,2.0,720.0,5.0
2799,51105,1022,1.0,3830.0,20.0
11851,54662,1070,2.0,2320.0,0.0
12041,54734,1013,1.0,220.0,25.0
15439,56099,1012,1.0,6600.0,0.0
15111,55971,1011,3.0,4590.0,0.0
3698,51462,1018,1.0,3890.0,20.0
13085,55151,1016,1.0,3350.0,0.0
19148,57570,1046,3.0,3450.0,15.0
13897,55473,1065,1.0,7400.0,5.0
18978,57501,1062,1.0,280.0,0.0
4055,51598,1033,2.0,2910.0,0.0
18237,57195,1065,2.0,7400.0,5.0
1881,50736,1020,1.0,720.0,20.0
16005,56321,1002,2.0,3080.0,
14076,55548,1017,1.0,3470.0,10.0
713,50276,1017,1.0,3470.0,5.0
15559,56146,1011,1.0,4590.0,5.0
1514,50595,1012,1.0,6600.0,0.0
11594,54558,1052,1.0,6950.0,0.0
19151,57571,1066,,3610.0,10.0
7536,52962,1060,1.0,5950.0,10.0
5768,52280,1007,1.0,1100.0,10.0
15947,56297,1055,2.0,1380.0,10.0
17049,56725,1025,1.0,4730.0,0.0
13487,55314,1056,2.0,1230.0,20.0
18141,57155,1020,4.0,720.0,0.0
6445,52536,1029,4.0,3490.0,10.0
13822,55447,1061,1.0,8080.0,20.0
13201,55198,1074,1.0,1880.0,0.0
4622,51827,1032,1.0,1990.0,0.0
14350,55667,1031,1.0,9170.0,15.0
11219,54412,1027,1.0,7200.0,5.0
18982,57502,1072,1.0,4390.0,5.0
14044,55534,1017,2.0,3470.0,
6753,52655,1060,2.0,5950.0,10.0
16498,56511,1053,1.0,3470.0,0.0
5986,52362,1044,2.0,3230.0,0.0
16870,56654,1067,1.0,4370.0,0.0
14567,55755,1019,2.0,4560.0,0.0
13924,55486,1017,1.0,3470.0,10.0
16833,56639,1016,1.0,3350.0,20.0
15985,56313,1037,1.0,2640.0,5.0
4667,51844,1030,1.0,4290.0,0.0
8417,53314,1056,1.0,1230.0,0.0
13233,55212,1001,3.0,6530.0,0.0
11402,54482,1040,1.0,3060.0,0.0
7650,53007,1020,3.0,720.0,5.0
11794,54638,1016,1.0,3350.0,0.0
13637,55371,1057,1.0,2370.0,0.0
17440,56878,1042,1.0,590.0,15.0
19380,57663,1039,1.0,8680.0,15.0
15148,55986,1001,1.0,6530.0,10.0
13878,55467,1074,2.0,1880.0,5.0
9105,53588,1023,1.0,4290.0,10.0
776,50302,1051,1.0,7060.0,0.0
14836,55860,1006,1.0,4150.0,0.0
16691,56587,1014,2.0,2270.0,10.0
20080,57953,1037,2.0,2640.0,5.0
19551,57728,1070,1.0,2320.0,5.0
9,50004,1016,4.0,3350.0,0.0
8697,53426,1053,4.0,3470.0,15.0
15776,56234,1058,1.0,5550.0,5.0
5688,52250,1011,1.0,4590.0,0.0
15572,56151,1067,1.0,4370.0,10.0
20192,57998,1012,3.0,6600.0,0.0
9396,53702,1075,4.0,2140.0,25.0
6781,52665,1012,2.0,6600.0,10.0
3291,51300,1051,1.0,7060.0,0.0
10304,54056,1058,1.0,5550.0,15.0
757,50295,1070,5.0,2320.0,15.0
1823,50713,1028,1.0,4510.0,20.0
7331,52882,1016,1.0,3350.0,10.0
12915,55082,1045,1.0,8330.0,5.0
16425,56479,1034,4.0,10530.0,10.0
13674,55386,1023,2.0,4290.0,0.0
2274,50891,1073,1.0,6680.0,5.0
12440,54898,1025,5.0,4730.0,5.0
2003,50781,1065,1.0,7400.0,5.0
2038,50791,1055,1.0,1380.0,0.0
7639,53003,1072,4.0,4390.0,0.0
4623,51827,1051,2.0,7060.0,15.0
2743,51084,1028,4.0,4510.0,15.0
12465,54907,1036,1.0,6710.0,5.0
3234,51278,1037,2.0,2640.0,15.0
18382,57252,1030,2.0,4290.0,0.0
18325,57230,1061,4.0,8080.0,0.0
17523,56907,1007,1.0,1100.0,10.0
9951,53922,1027,1.0,7200.0,15.0
5060,52005,1042,4.0,590.0,0.0
4629,51831,1045,1.0,8330.0,15.0
15393,56078,1005,1.0,,0.0
3930,51550,1011,1.0,4590.0,5.0
12678,54992,1055,2.0,1380.0,5.0
6032,52379,1067,5.0,4370.0,20.0
16765,56615,1026,1.0,7010.0,0.0
4417,51744,1002,3.0,3080.0,0.0
183,50074,1028,1.0,4510.0,0.0
9550,53764,1062,2.0,280.0,5.0
11845,54660,1025,2.0,4730.0,5.0
170,50069,1069,1.0,4090.0,0.0
6902,52714,1029,1.0,3490.0,0.0
14230,55615,1072,2.0,4390.0,0.0
16024,56329,1071,1.0,1670.0,0.0
2382,50935,1025,3.0,4730.0,0.0
1416,50557,1022,1.0,3830.0,20.0
16610,56555,1033,1.0,2910.0,20.0
6682,52624,1035,1.0,6470.0,0.0
8153,53210,1004,2.0,9380.0,20.0
2977,51176,1029,1.0,3490.0,5.0
7668,53015,1069,2.0,4090.0,0.0
12689,54996,1047,2.0,5950.0,10.0
1373,50541,1042,3.0,590.0,15.0
8653,53409,1056,2.0,1230.0,5.0
6840,52692,1024,3.0,9110.0,0.0
12703,55000,1042,3.0,590.0,0.0
15317,56048,1073,1.0,6680.0,5.0
19971,57908,1045,1.0,8330.0,10.0
19143,57568,1065,1.0,7400.0,20.0
8699,53427,1001,1.0,6530.0,0.0
16586,56548,1026,1.0,7010.0,5.0
2887,51145,1056,4.0,1230.0,10.0
7634,53002,1013,3.0,220.0,10.0
19259,57613,1019,3.0,4560.0,15.0
12013,54724,1006,4.0,4150.0,0.0
15351,56060,1075,1.0,2140.0,0.0
1322,50520,1033,1.0,2910.0,15.0
3209,51268,1013,2.0,220.0,0.0
6729,52646,1003,2.0,2040.0,10.0
846,50332,1069,1.0,4090.0,5.0
17999,57092,1053,1.0,3470.0,15.0
12276,54832,1026,5.0,7010.0,0.0
11487,54515,1009,3.0,6030.0,25.0
19602,57753,1001,2.0,6530.0,10.0
2415,50947,1064,1.0,7500.0,5.0
17122,56752,1028,1.0,4510.0,20.0
6866,52702,1041,2.0,700.0,10.0
6567,52583,1038,1.0,4270.0,0.0
16957,56688,1048,1.0,7870.0,5.0
8895,53504,1043,1.0,4500.0,0.0
9192,53618,1007,3.0,1100.0,0.0
10943,54300,1059,3.0,4580.0,0.0
192,50078,1075,1.0,2140.0,15.0
12345,54862,1001,3.0,6530.0,0.0
2748,51085,1033,3.0,2910.0,20.0
7697,53030,1071,2.0,1670.0,5.0
17259,56803,1042,4.0,590.0,0.0
411,50162,1038,2.0,4270.0,0.0
2709,51068,1004,1.0,9380.0,5.0
18231,57193,1046,1.0,3450.0,15.0
9384,53696,1003,2.0,2040.0,0.0
17957,57078,1031,2.0,9170.0,5.0
2769,51095,1006,1.0,4150.0,10.0
18746,57401,1058,1.0,5550.0,5.0
11893,54675,1030,1.0,4290.0,15.0
8108,53194,1049,1.0,2810.0,20.0
19033,57525,1072,2.0,4390.0,5.0
2335,50916,1051,1.0,7060.0,15.0
8773,53455,1075,1.0,2140.0,5.0
11638,54574,1041,3.0,700.0,5.0
2844,51127,1026,1.0,7010.0,0.0
6975,52744,1004,3.0,9380.0,0.0
17150,56762,1005,2.0,5510.0,0.0
12984,55109,1032,1.0,1990.0,20.0
16096,56355,1047,1.0,5950.0,5.0
18025,57105,1035,3.0,6470.0,0.0
430,50169,1054,2.0,1830.0,15.0
8899,53507,1045,2.0,8330.0,25.0
851,50336,1040,1.0,3060.0,10.0
16941,56681,1059,3.0,4580.0,20.0
1748,50683,1064,3.0,7500.0,25.0
2521,50990,1020,1.0,720.0,0.0
13958,55499,1048,1.0,7870.0,15.0
8782,53458,1041,1.0,700.0,0.0
3692,51460,1001,1.0,6530.0,0.0
6944,52732,1075,2.0,2140.0,25.0
5630,52228,1047,4.0,5950.0,15.0
9166,53609,1005,1.0,5510.0,15.0
18121,57145,1028,1.0,4510.0,15.0
11088,54358,1074,2.0,1880.0,0.0
7520,52955,1049,3.0,2810.0,15.0
14685,55804,1016,1.0,3350.0,0.0
1216,50478,1043,1.0,4500.0,5.0
12387,54879,1056,1.0,1230.0,0.0
2673,51053,1023,1.0,4290.0,0.0
14530,55740,1014,1.0,2270.0,10.0
17069,56733,1071,1.0,1670.0,0.0
19972,57908,1055,1.0,1380.0,0.0
5822,52300,1047,2.0,5950.0,5.0
4966,51967,1014,1.0,2270.0,0.0
16916,56669,1046,1.0,3450.0,5.0
14622,55778,1066,3.0,3610.0,10.0
7472,52933,1061,1.0,8080.0,0.0
19524,57720,1001,2.0,6530.0,10.0
3984,51570,1074,3.0,1880.0,0.0
10127,53993,1021,1.0,5530.0,20.0
19017,57517,1059,2.0,4580.0,5.0
12864,55063,1042,1.0,590.0,10.0
19000,57510,1072,3.0,4390.0,10.0
15392,56078,1040,4.0,3060.0,25.0
2203,50860,1064,2.0,7500.0,5.0
14501,55731,1049,1.0,2810.0,5.0
10579,54166,1056,1.0,1230.0,0.0
5220,52068,1048,2.0,7870.0,0.0
9456,53729,1032,1.0,1990.0,0.0
3722,51469,1069,4.0,4090.0,25.0
9956,53924,1012,2.0,6600.0,15.0
6921,52722,1058,1.0,5550.0,5.0
18056,57117,1037,4.0,2640.0,0.0
763,50298,1044,2.0,3230.0,25.0
6351,52503,1055,1.0,1380.0,5.0
17065,56732,1024,1.0,9110.0,5.0
3324,51312,1029,1.0,3490.0,0.0
5931,52340,1012,1.0,6600.0,10.0
12624,54974,1042,,590.0,20.0
525,50203,1017,4.0,3470.0,5.0
10153,54004,1038,2.0,4270.0,0.0
11734,54613,1067,1.0,4370.0,5.0
11596,54558,1015,1.0,3850.0,
2060,50803,1043,1.0,4500.0,5.0
18432,57273,1002,2.0,3080.0,0.0
14898,55884,1012,1.0,6600.0,0.0
17182,56773,1071,3.0,1670.0,20.0
17552,56919,1042,1.0,590.0,0.0
9476,53735,1021,3.0,5530.0,0.0
9965,53928,1058,1.0,5550.0,10.0
7476,52934,1033,2.0,2910.0,0.0
7335,52883,1006,1.0,4150.0,0.0
6868,52703,1048,1.0,7870.0,5.0
6303,52482,1044,1.0,3230.0,5.0
17519,56906,1018,2.0,3890.0,
8519,53354,1022,1.0,3830.0,5.0
5756,52274,1046,1.0,3450.0,5.0
9377,53692,1024,3.0,9110.0,5.0
6863,52701,1057,1.0,,15.0
7710,53036,1014,2.0,2270.0,0.0
14231,55616,1034,2.0,10530.0,15.0
6023,52377,1072,3.0,4390.0,5.0
3530,51393,1007,2.0,1100.0,15.0
13679,55389,1003,1.0,2040.0,15.0
12200,54801,1055,4.0,1380.0,10.0
13252,55220,1010,1.0,8870.0,20.0
7421,52914,1030,1.0,4290.0,10.0
19298,57629,1056,1.0,1230.0,15.0
19659,57775,1050,1.0,7140.0,0.0
7537,52963,1024,5.0,9110.0,0.0
9172,53611,1074,2.0,1880.0,10.0
4383,51733,1017,1.0,3470.0,25.0
8733,53439,1012,3.0,6600.0,5.0
5745,52271,1068,1.0,10570.0,20.0
80,50032,1030,1.0,4290.0,0.0
13530,55333,1020,1.0,720.0,10.0
12992,55112,1072,1.0,4390.0,20.0
4557,51802,1040,1.0,3060.0,5.0
9388,53698,1062,2.0,280.0,5.0
15725,56215,1071,1.0,1670.0,5.0
15527,56134,1028,1.0,4510.0,0.0
17998,57092,1010,1.0,8870.0,5.0
10206,54021,1023,2.0,4290.0,20.0
5906,52331,1041,3.0,700.0,20.0
15693,56203,1037,1.0,2640.0,20.0
12027,54727,1051,3.0,7060.0,15.0
15664,56190,1067,1.0,4370.0,10.0
19321,57641,1055,2.0,1380.0,10.0
417,50165,1069,1.0,4090.0,5.0
9062,53571,1074,1.0,1880.0,0.0
15969,56306,1059,1.0,4580.0,25.0
1522,50597,1067,1.0,4370.0,10.0
2090,50814,1030,1.0,4290.0,15.0
10682,54204,1041,2.0,700.0,0.0
769,50300,1057,2.0,2370.0,0.0
10783,54240,1009,1.0,6030.0,0.0
4419,51746,1065,2.0,7400.0,10.0
8110,53195,1009,3.0,6030.0,0.0
10442,54110,1009,2.0,6030.0,5.0
18417,57266,1063,1.0,1660.0,5.0
4976,51971,1070,3.0,2320.0,10.0
13654,55378,1016,3.0,3350.0,10.0
13135,55170,1036,2.0,6710.0,5.0
5295,52097,1063,2.0,1660.0,5.0
5391,52133,1005,3.0,5510.0,0.0
18536,57314,1052,3.0,6950.0,0.0
10115,53988,1057,1.0,2370.0,10.0
2496,50981,1039,1.0,8680.0,5.0
18616,57345,1024,2.0,9110.0,15.0
16065,56343,1032,2.0,1990.0,5.0
19750,57811,1023,1.0,4290.0,0.0
2559,51007,1055,2.0,1380.0,5.0
19040,57526,1010,3.0,8870.0,0.0
2612,51030,1003,3.0,2040.0,0.0
2587,51016,1038,4.0,4270.0,5.0
16738,56605,1048,3.0,7870.0,0.0
209,50084,1013,1.0,220.0,10.0
8064,53176,1053,1.0,3470.0,5.0
10761,54232,1017,1.0,3470.0,0.0
12745,55016,1069,1.0,4090.0,0.0
8861,53492,1014,1.0,2270.0,20.0
18920,57476,1065,4.0,7400.0,0.0
19512,57715,1065,2.0,7400.0,10.0
18364,57246,1004,1.0,9380.0,25.0
5536,52192,1050,1.0,7140.0,0.0
19519,57718,1047,1.0,5950.0,5.0
10212,54023,1075,3.0,2140.0,0.0
19963,57903,1069,1.0,4090.0,10.0
12888,55073,1036,1.0,,20.0
5938,52342,1012,3.0,6600.0,10.0
19795,57833,1027,2.0,7200.0,5.0
19523,57719,1060,2.0,5950.0,25.0
2082,50812,1028,1.0,4510.0,15.0
16434,56482,1038,1.0,4270.0,10.0
4105,51621,1029,2.0,3490.0,10.0
19381,57663,1014,1.0,2270.0,5.0
12493,54919,1062,2.0,280.0,5.0
19723,57800,1009,1.0,6030.0,0.0
4639,51834,1034,1.0,10530.0,5.0
14007,55518,1043,1.0,4500.0,0.0
14904,55886,1008,1.0,6630.0,25.0
17092,56741,1029,1.0,3490.0,0.0
9986,53937,1046,1.0,3450.0,0.0
18133,57152,1020,1.0,720.0,0.0
18094,57134,1030,1.0,4290.0,5.0
9817,53871,1015,4.0,3850.0,0.0
13178,55189,1033,3.0,2910.0,10.0
7260,52857,1057,1.0,2370.0,0.0
16885,56659,1068,1.0,10570.0,15.0
15621,56172,1047,2.0,5950.0,0.0
4176,51648,1068,1.0,10570.0,0.0
15955,56299,1049,3.0,2810.0,20.0
1824,50714,1074,2.0,1880.0,0.0
13712,55403,1027,4.0,7200.0,20.0
7599,52986,1046,2.0,3450.0,5.0
19292,57627,1066,1.0,3610.0,0.0
12950,55094,1047,1.0,5950.0,0.0
2312,50906,1054,2.0,1830.0,0.0
4565,51804,1039,1.0,8680.0,0.0
675,50262,1060,1.0,5950.0,5.0
16463,56494,1048,3.0,7870.0,15.0
3467,51370,1017,1.0,3470.0,0.0
954,50378,1002,1.0,3080.0,5.0
16518,56520,1016,1.0,3350.0,0.0
15775,56233,1073,1.0,6680.0,5.0
1771,50690,1040,3.0,3060.0,10.0
5183,52052,1073,1.0,6680.0,0.0
6686,52626,1066,1.0,3610.0,10.0
13683,55391,1039,1.0,8680.0,0.0
19269,57617,1016,1.0,3350.0,10.0
1608,50627,1043,3.0,4500.0,20.0
11446,54499,1003,2.0,2040.0,0.0
2070,50807,1055,2.0,1380.0,5.0
14855,55868,1048,3.0,7870.0,
13737,55412,1018,2.0,3890.0,0.0
18934,57483,1054,1.0,1830.0,0.0
17923,57067,1042,2.0,590.0,0.0
6210,52450,1045,2.0,8330.0,0.0
10677,54202,1043,1.0,4500.0,0.0
3521,51388,1073,3.0,6680.0,20.0
13345,55254,1066,1.0,3610.0,20.0
5974,52357,1064,2.0,7500.0,0.0
19994,57917,1008,2.0,6630.0,5.0
10583,54167,1072,2.0,4390.0,0.0
1875,50733,1020,1.0,720.0,0.0
882,50350,1041,4.0,700.0,10.0
13434,55288,1032,2.0,1990.0,10.0
9428,53716,1067,2.0,4370.0,10.0
11577,54552,1001,3.0,6530.0,10.0
10961,54307,1018,2.0,3890.0,0.0
13876,55466,1055,1.0,1380.0,0.0
14133,55572,1024,1.0,9110.0,0.0
19046,57529,1006,2.0,4150.0,20.0
1211,50476,1055,1.0,1380.0,0.0
7119,52805,1070,3.0,2320.0,20.0
10932,54296,1020,1.0,720.0,0.0
18183,57174,1015,5.0,3850.0,20.0
14042,55533,1027,2.0,7200.0,20.0
7076,52786,1013,1.0,220.0,10.0
18217,57188,1037,2.0,2640.0,25.0
8777,53456,1019,2.0,4560.0,10.0
4610,51822,1009,2.0,6030.0,0.0
4028,51588,1008,1.0,6630.0,0.0
16243,56410,1042,2.0,590.0,20.0
16473,56498,1001,2.0,6530.0,20.0
5033,51995,1011,5.0,4590.0,0.0
20103,57964,1060,2.0,5950.0,0.0
7624,52997,1003,2.0,2040.0,0.0
6638,52609,1061,1.0,8080.0,0.0
18736,57397,1029,4.0,3490.0,0.0
11422,54491,1065,2.0,7400.0,0.0
3896,51536,1043,1.0,4500.0,5.0
16494,56508,1075,4.0,2140.0,20.0
11223,54414,1069,3.0,4090.0,0.0
11381,54475,1071,1.0,1670.0,5.0
8285,53261,1031,1.0,9170.0,5.0
1586,50620,1045,1.0,8330.0,10.0
12881,55071,1035,1.0,6470.0,0.0
19906,57879,1053,2.0,3470.0,5.0
15181,55999,1052,1.0,6950.0,0.0
13657,55379,1023,2.0,4290.0,10.0
18820,57438,1031,1.0,9170.0,10.0
11491,54516,1073,2.0,6680.0,5.0
11948,54696,1037,3.0,2640.0,0.0
18813,57434,1029,4.0,3490.0,15.0
507,50196,1024,3.0,9110.0,0.0
16791,56624,1004,3.0,9380.0,0.0
15858,56265,1062,1.0,280.0,5.0
17162,56766,1021,1.0,5530.0,10.0
5046,52001,1070,1.0,2320.0,15.0
7223,52845,1057,1.0,2370.0,0.0
7193,52833,1026,1.0,7010.0,15.0
2839,51124,1024,3.0,9110.0,10.0
3642,51440,1031,2.0,9170.0,0.0
12534,54934,1008,1.0,6630.0,10.0
1174,50461,1021,1.0,5530.0,0.0
10028,53955,1025,1.0,4730.0,0.0
12168,54791,1007,,1100.0,15.0
5292,52095,1054,3.0,1830.0,10.0
19166,57577,1036,1.0,6710.0,5.0
10826,54256,1040,2.0,3060.0,0.0
12816,55048,1014,1.0,2270.0,0.0
8879,53500,1007,1.0,1100.0,10.0
9492,53743,1071,1.0,1670.0,10.0
13869,55464,1019,2.0,4560.0,15.0
5623,52225,1020,1.0,720.0,5.0
14950,55907,1057,1.0,2370.0,25.0
6965,52740,1032,1.0,1990.0,20.0
18773,57415,1048,1.0,7870.0,0.0
13015,55120,1049,1.0,2810.0,0.0
2320,50910,1060,2.0,5950.0,10.0
17141,56759,1046,2.0,3450.0,15.0
8518,53354,1002,1.0,3080.0,5.0
17686,56975,1005,2.0,5510.0,15.0
2971,51174,1008,1.0,6630.0,
13750,55418,1056,1.0,1230.0,5.0
11808,54644,1010,,8870.0,0.0
15946,56297,1067,2.0,4370.0,0.0
19186,57585,1019,2.0,4560.0,0.0
1865,50728,1019,1.0,4560.0,5.0
7354,52889,1068,1.0,10570.0,20.0
15899,56279,1048,1.0,7870.0,20.0
18354,57241,1051,1.0,7060.0,25.0
2614,51031,1025,2.0,4730.0,0.0
19282,57622,1023,2.0,4290.0,10.0
12197,54800,1038,2.0,4270.0,10.0
3095,51223,1035,3.0,6470.0,0.0
15021,55939,1020,1.0,720.0,0.0
5233,52073,1040,2.0,3060.0,10.0
933,50370,1068,1.0,10570.0,10.0
1800,50701,1044,1.0,3230.0,0.0
5955,52351,1024,1.0,9110.0,10.0
14048,55536,1004,1.0,9380.0,15.0
10599,54172,1002,2.0,3080.0,0.0
18807,57431,1058,1.0,5550.0,0.0
2412,50946,1074,2.0,1880.0,20.0
11413,54486,1054,1.0,1830.0,10.0
8326,53278,1023,1.0,4290.0,0.0
11161,54387,1029,3.0,3490.0,0.0
1364,50537,1024,2.0,9110.0,5.0
10480,54126,1049,1.0,2810.0,0.0
5558,52199,1012,1.0,6600.0,10.0
6004,52369,1011,3.0,4590.0,20.0
11310,54447,1036,1.0,6710.0,25.0
2282,50893,1031,3.0,9170.0,5.0
3670,51451,1060,1.0,5950.0,0.0
10116,53988,1008,2.0,6630.0,15.0
18031,57109,1058,2.0,5550.0,10.0
12113,54765,1004,1.0,9380.0,0.0
6281,52475,1022,1.0,3830.0,10.0
14879,55876,1023,1.0,4290.0,0.0
4609,51822,1001,1.0,6530.0,10.0
4576,51809,1057,1.0,2370.0,0.0
7643,53005,1046,1.0,3450.0,5.0
176,50072,1049,1.0,2810.0,0.0
9067,53573,1061,1.0,8080.0,0.0
7046,52774,1040,3.0,3060.0,0.0
17761,57002,1006,2.0,4150.0,5.0
16081,56350,1040,1.0,3060.0,5.0
5127,52032,1012,2.0,6600.0,10.0
6499,52556,1030,1.0,4290.0,0.0
8295,53266,1056,4.0,1230.0,0.0
14268,55631,1065,1.0,7400.0,15.0
7211,52840,1036,3.0,6710.0,
12048,54736,1050,1.0,7140.0,15.0
3645,51442,1006,1.0,4150.0,25.0
14453,55708,1043,1.0,4500.0,0.0
15821,56252,1036,3.0,6710.0,20.0
5557,52199,1037,3.0,2640.0,0.0
9065,53572,1006,2.0,4150.0,25.0
9747,53843,1026,1.0,7010.0,5.0
2622,51033,1070,1.0,2320.0,10.0
16615,56557,1035,1.0,6470.0,25.0
18151,57158,1052,1.0,6950.0,0.0
12643,54980,1004,1.0,9380.0,0.0
14889,55880,1066,3.0,3610.0,20.0
12847,55058,1048,4.0,7870.0,5.0
9051,53568,1047,1.0,5950.0,20.0
19043,57528,1011,1.0,4590.0,10.0
2081,50811,1029,1.0,3490.0,0.0
4706,51862,1065,1.0,7400.0,20.0
740,50287,1022,2.0,3830.0,5.0
9278,53655,1054,1.0,1830.0,0.0
17155,56764,1040,2.0,3060.0,0.0
16225,56403,1003,1.0,2040.0,0.0
1134,50447,1058,2.0,5550.0,0.0
4101,51620,1022,1.0,3830.0,15.0
1334,50524,1007,2.0,1100.0,0.0
10013,53948,1049,2.0,2810.0,5.0
4110,51623,1036,1.0,6710.0,0.0
14624,55779,1009,1.0,6030.0,25.0
18433,57274,1032,3.0,1990.0,0.0
2604,51025,1021,5.0,5530.0,0.0
19873,57864,1029,1.0,3490.0,0.0
1802,50702,1011,1.0,4590.0,10.0
16997,56704,1037,2.0,2640.0,10.0
15207,56010,1037,1.0,2640.0,0.0
9636,53799,1045,1.0,8330.0,20.0
3127,51235,1041,1.0,700.0,5.0
8568,53377,1061,2.0,8080.0,10.0
6224,52455,1038,3.0,4270.0,0.0
4268,51689,1004,2.0,9380.0,10.0
8272,53257,1012,1.0,6600.0,0.0
9500,53746,1074,2.0,1880.0,20.0
8931,53518,1029,3.0,3490.0,10.0
14546,55745,1008,3.0,6630.0,5.0
13978,55507,1067,1.0,4370.0,0.0
8582,53382,1019,1.0,4560.0,20.0
19872,57864,1017,1.0,,15.0
9066,53572,1048,3.0,7870.0,25.0
17409,56865,1055,2.0,1380.0,10.0
10336,54068,1024,1.0,9110.0,5.0
8897,53505,1050,1.0,7140.0,0.0
8644,53406,1009,2.0,6030.0,0.0
16242,56409,1067,2.0,4370.0,0.0
9677,53816,1022,1.0,3830.0,5.0
8479,53339,1035,1.0,6470.0,0.0
15172,55996,1059,1.0,4580.0,10.0
13749,55418,1040,2.0,3060.0,0.0
12683,54994,1064,1.0,7500.0,15.0
4402,51739,1053,3.0,3470.0,0.0
1486,50582,1055,2.0,1380.0,0.0
19224,57598,1069,2.0,4090.0,10.0
19967,57905,1034,2.0,10530.0,25.0
1673,50655,1005,4.0,5510.0,15.0
12116,54765,1054,2.0,1830.0,0.0
14963,55914,1071,4.0,1670.0,5.0
11334,54458,1059,5.0,4580.0,0.0
10083,53975,1054,1.0,1830.0,0.0
10843,54261,1034,2.0,10530.0,0.0
17629,56948,1048,2.0,7870.0,0.0
12131,54773,1048,1.0,7870.0,15.0
11433,54495,1066,1.0,3610.0,10.0
4015,51583,1044,1.0,3230.0,10.0
2399,50942,1058,1.0,5550.0,10.0
18177,57170,1027,1.0,7200.0,10.0
8094,53189,1032,1.0,1990.0,0.0
10849,54263,1011,1.0,4590.0,0.0
5026,51992,1010,2.0,8870.0,0.0
16135,56370,1003,2.0,2040.0,0.0
8483,53340,1008,4.0,6630.0,15.0
11601,54560,1037,1.0,2640.0,10.0
17372,56847,1022,1.0,3830.0,15.0
2754,51087,1005,1.0,5510.0,0.0
9667,53813,1050,1.0,7140.0,25.0
4453,51762,1009,1.0,6030.0,0.0
9527,53756,1018,1.0,3890.0,25.0
6932,52726,1025,1.0,4730.0,0.0
15037,55945,1006,1.0,4150.0,0.0
95,50040,1022,2.0,3830.0,0.0
19608,57754,1034,2.0,10530.0,15.0
14451,55707,1054,1.0,1830.0,10.0
592,50232,1016,2.0,3350.0,0.0
17995,57090,1066,3.0,3610.0,5.0
4364,51727,1059,1.0,4580.0,5.0
10935,54297,1003,4.0,2040.0,0.0
17317,56824,1075,2.0,2140.0,20.0
9294,53661,1055,3.0,1380.0,25.0
2025,50788,1065,1.0,7400.0,0.0
2789,51102,1001,1.0,6530.0,10.0
19771,57820,1041,3.0,700.0,15.0
18910,57471,1016,1.0,3350.0,20.0
12781,55031,1018,1.0,3890.0,15.0
4370,51729,1056,2.0,1230.0,0.0
8951,53527,1064,1.0,7500.0,10.0
12083,54751,1044,3.0,3230.0,15.0
9316,53669,1028,1.0,4510.0,0.0
13695,55395,1075,2.0,2140.0,0.0
15129,55979,1043,1.0,4500.0,10.0
751,50292,1049,4.0,2810.0,20.0
16258,56417,1065,1.0,7400.0,0.0
18181,57174,1029,1.0,3490.0,10.0
7329,52881,1045,2.0,8330.0,0.0
14423,55697,1035,2.0,6470.0,0.0
16558,56536,1001,1.0,6530.0,10.0
4245,51678,1007,2.0,1100.0,5.0
7374,52895,1057,1.0,2370.0,0.0
7447,52923,1052,4.0,6950.0,0.0
17335,56831,1052,1.0,6950.0,0.0
2525,50992,1068,2.0,10570.0,20.0
6700,52633,1048,1.0,7870.0,10.0
11657,54581,1023,1.0,4290.0,25.0
11582,54553,1044,2.0,3230.0,5.0
8171,53217,1034,1.0,10530.0,0.0
3453,51363,1045,1.0,8330.0,0.0
658,50256,1064,1.0,7500.0,10.0
11705,54601,1071,2.0,1670.0,10.0
7566,52974,1069,1.0,4090.0,5.0
2820,51117,1068,1.0,10570.0,20.0
15486,56117,1021,3.0,5530.0,
19992,57917,1006,1.0,4150.0,0.0
14426,55697,1013,1.0,220.0,0.0
6549,52574,1034,2.0,10530.0,0.0
19863,57860,1002,1.0,3080.0,0.0
7593,52984,1065,1.0,7400.0,0.0
5805,52294,1022,1.0,3830.0,10.0
8172,53218,1017,4.0,3470.0,5.0
4085,51611,1052,1.0,6950.0,0.0
18241,57197,1057,1.0,2370.0,5.0
18750,57404,1022,1.0,3830.0,5.0
11222,54414,1066,3.0,3610.0,10.0
13645,55374,1013,1.0,220.0,10.0
12101,54760,1006,4.0,4150.0,0.0
14787,55840,1038,1.0,4270.0,10.0
5229,52072,1045,3.0,8330.0,5.0
7522,52956,1008,2.0,6630.0,10.0
5453,52161,1039,1.0,8680.0,20.0
13808,55442,1053,2.0,3470.0,0.0
18315,57226,1050,1.0,7140.0,15.0
2077,50810,1029,1.0,3490.0,25.0
17960,57080,1008,1.0,6630.0,15.0
2691,51061,1038,1.0,4270.0,0.0
3944,51557,1075,1.0,2140.0,10.0
1231,50486,1035,2.0,6470.0,20.0
19002,57511,1015,2.0,3850.0,10.0
15990,56315,1060,1.0,5950.0,10.0
5651,52235,1002,1.0,3080.0,0.0
12249,54819,1023,1.0,4290.0,10.0
6095,52403,1018,1.0,3890.0,15.0
12011,54723,1004,4.0,9380.0,10.0
18544,57316,1056,2.0,1230.0,5.0
13829,55449,1065,4.0,7400.0,0.0
9516,53752,1030,1.0,4290.0,5.0
14714,55816,1010,1.0,8870.0,5.0
19721,57800,1073,4.0,6680.0,15.0
2246,50880,1064,4.0,7500.0,
8804,53468,1057,1.0,2370.0,0.0
15100,55966,1023,2.0,4290.0,0.0
2969,51172,1041,2.0,700.0,20.0
4362,51727,1042,1.0,590.0,10.0
15742,56220,1029,1.0,3490.0,5.0
111,50046,1016,2.0,3350.0,5.0
6749,52653,1009,1.0,6030.0,5.0
15429,56094,1055,1.0,1380.0,0.0
360,50143,1052,1.0,6950.0,5.0
4751,51878,1040,1.0,3060.0,0.0
12666,54988,1022,1.0,3830.0,10.0
11439,54497,1038,1.0,4270.0,5.0
3042,51201,1036,2.0,6710.0,5.0
2957,51169,1025,1.0,4730.0,0.0
5328,52110,1055,1.0,1380.0,0.0
2237,50877,1036,1.0,6710.0,10.0
2916,51154,1024,1.0,9110.0,10.0
1795,50699,1007,2.0,1100.0,0.0
2520,50990,1051,1.0,7060.0,0.0
9319,53670,1064,4.0,7500.0,25.0
19146,57569,1036,2.0,6710.0,10.0
7678,53019,1071,2.0,1670.0,0.0
7543,52965,1031,1.0,9170.0,0.0
14289,55639,1055,3.0,1380.0,10.0
17566,56927,1019,1.0,4560.0,0.0
10581,54167,1068,4.0,10570.0,0.0
15836,56257,1063,1.0,1660.0,5.0
16078,56348,1047,1.0,5950.0,0.0
2539,50997,1004,1.0,9380.0,5.0
15668,56191,1033,1.0,2910.0,10.0
4712,51863,1040,3.0,3060.0,0.0
17765,57003,1036,1.0,6710.0,10.0
19029,57523,1047,1.0,5950.0,0.0
2620,51033,1029,3.0,3490.0,10.0
15081,55958,1009,3.0,6030.0,10.0
16739,56605,1059,3.0,4580.0,0.0
2195,50857,1066,1.0,3610.0,10.0
17072,56733,1020,1.0,720.0,15.0
5816,52299,1074,2.0,1880.0,5.0
11606,54562,1040,2.0,3060.0,20.0
2127,50828,1067,2.0,4370.0,20.0
14053,55538,1070,4.0,2320.0,5.0
8996,53545,1038,1.0,4270.0,20.0
16573,56543,1011,1.0,4590.0,5.0
7229,52847,1073,1.0,6680.0,20.0
12651,54982,1040,3.0,3060.0,10.0
11783,54634,1037,1.0,2640.0,20.0
12639,54978,1004,1.0,9380.0,5.0
11517,54525,1053,1.0,3470.0,25.0
11572,54550,1012,1.0,6600.0,5.0
17180,56773,1015,2.0,3850.0,15.0
6741,52650,1040,1.0,3060.0,5.0
8855,53489,1008,2.0,6630.0,15.0
14663,55794,1009,2.0,6030.0,5.0
7117,52803,1016,1.0,3350.0,15.0
9119,53593,1007,1.0,1100.0,0.0
18678,57374,1054,2.0,1830.0,10.0
18032,57110,1023,1.0,4290.0,15.0
6904,52715,1005,2.0,5510.0,10.0
754,50294,1035,2.0,6470.0,5.0
19979,57913,1008,1.0,6630.0,5.0
11803,54641,1049,2.0,2810.0,0.0
5771,52281,1030,2.0,4290.0,0.0
3235,51279,1017,1.0,3470.0,0.0
11142,54379,1070,1.0,2320.0,15.0
10035,53957,1027,3.0,7200.0,0.0
11513,54524,1035,1.0,6470.0,0.0
13576,55349,1062,2.0,280.0,0.0
2336,50916,1018,3.0,3890.0,0.0
2763,51092,1034,1.0,10530.0,20.0
18619,57347,1067,1.0,,5.0
7321,52879,1058,1.0,5550.0,5.0
11130,54374,1052,1.0,6950.0,15.0
9618,53791,1015,2.0,3850.0,0.0
2480,50974,1048,1.0,7870.0,20.0
4150,51638,1055,1.0,1380.0,0.0
13710,55402,1037,1.0,2640.0,0.0
15602,56163,1074,1.0,1880.0,5.0
11849,54662,1053,1.0,3470.0,5.0
1387,50546,1020,3.0,720.0,0.0
12891,55074,1058,2.0,5550.0,5.0
13331,55249,1020,1.0,720.0,0.0
17982,57086,1042,3.0,590.0,20.0
9064,53572,1013,1.0,220.0,10.0
10742,54225,1062,2.0,280.0,0.0
10125,53993,1048,1.0,7870.0,10.0
1141,50449,1059,1.0,4580.0,5.0
18123,57147,1044,2.0,3230.0,20.0
4649,51838,1075,2.0,2140.0,0.0
18180,57173,1051,2.0,7060.0,0.0
7465,52931,1008,2.0,6630.0,0.0
1705,50665,1027,1.0,7200.0,10.0
4900,51941,1022,4.0,3830.0,0.0
13718,55405,1004,1.0,9380.0,0.0
5692,52251,1028,1.0,4510.0,25.0
16667,56579,1040,1.0,3060.0,15.0
6938,52729,1020,1.0,720.0,0.0
6174,52436,1056,1.0,1230.0,0.0
17020,56713,1027,2.0,7200.0,0.0
530,50206,1061,1.0,8080.0,0.0
3211,51268,1058,2.0,5550.0,0.0
12871,55065,1053,1.0,3470.0,5.0
1870,50730,1020,1.0,720.0,5.0
9781,53858,1030,1.0,4290.0,10.0
2362,50926,1019,1.0,4560.0,0.0
234,50094,1020,1.0,720.0,10.0
16319,56441,1018,3.0,3890.0,0.0
1066,50419,1050,1.0,7140.0,0.0
16141,56372,1013,2.0,220.0,0.0
18196,57180,1002,1.0,3080.0,5.0
4812,51902,1017,1.0,3470.0,0.0
7477,52935,1074,4.0,1880.0,10.0
19104,57552,1043,1.0,4500.0,0.0
4569,51806,1028,1.0,4510.0,0.0
14880,55877,1015,3.0,3850.0,10.0
16432,56481,1074,1.0,1880.0,10.0
16109,56360,1030,2.0,4290.0,10.0
2096,50816,1030,1.0,4290.0,20.0
4552,51800,1060,1.0,5950.0,25.0
132,50056,1046,1.0,3450.0,0.0
15720,56213,1053,2.0,3470.0,15.0
13581,55352,1062,1.0,280.0,10.0
7357,52891,1013,2.0,220.0,10.0
5670,52242,1064,1.0,7500.0,
12813,55046,1058,1.0,5550.0,0.0
7672,53017,1061,1.0,8080.0,5.0
16896,56663,1037,2.0,2640.0,5.0
12012,54723,1017,1.0,3470.0,0.0
608,50237,1046,1.0,3450.0,10.0
11585,54554,1048,3.0,7870.0,15.0
6558,52577,1004,1.0,9380.0,10.0
11332,54456,1006,2.0,4150.0,5.0
15023,55939,1008,1.0,6630.0,0.0
19522,57719,1028,1.0,4510.0,5.0
8435,53321,1065,2.0,7400.0,10.0
10692,54208,1029,1.0,3490.0,20.0
20077,57952,1067,2.0,4370.0,0.0
1793,50698,1069,2.0,4090.0,0.0
4940,51957,1032,1.0,1990.0,0.0
12521,54929,1004,1.0,9380.0,5.0
4497,51779,1002,3.0,3080.0,0.0
12207,54804,1022,3.0,3830.0,0.0
19044,57528,1017,1.0,3470.0,15.0
2135,50832,1022,4.0,3830.0,5.0
11856,54664,1025,3.0,4730.0,0.0
18965,57494,1032,2.0,1990.0,20.0
10972,54312,1066,5.0,3610.0,15.0
17753,57000,1018,2.0,3890.0,0.0
19773,57821,1051,1.0,7060.0,0.0
15431,56094,1026,1.0,7010.0,5.0
10106,53985,1018,1.0,3890.0,0.0
1420,50559,1067,1.0,4370.0,5.0
12559,54943,1042,2.0,590.0,0.0
14632,55781,1035,1.0,6470.0,20.0
19150,57570,1028,1.0,4510.0,20.0
17512,56903,1014,1.0,2270.0,5.0
15848,56262,1067,1.0,4370.0,5.0
4838,51917,1001,2.0,6530.0,0.0
13628,55368,1051,2.0,7060.0,20.0
17170,56769,1005,2.0,5510.0,25.0
14544,55745,1041,1.0,700.0,15.0
14940,55902,1061,4.0,8080.0,10.0
20133,57977,1028,1.0,4510.0,20.0
5638,52230,1059,2.0,4580.0,0.0
20093,57959,1023,2.0,4290.0,10.0
14850,55866,1039,3.0,8680.0,0.0
22,50009,1069,1.0,4090.0,15.0
1471,50576,1041,4.0,700.0,0.0
697,50271,1057,2.0,2370.0,5.0
1652,50645,1074,2.0,1880.0,0.0
8386,53301,1010,5.0,8870.0,20.0
13558,55343,1046,2.0,3450.0,
3485,51376,1046,3.0,3450.0,10.0
2094,50815,1033,1.0,2910.0,0.0
9847,53883,1072,3.0,4390.0,0.0
16884,56659,1009,1.0,6030.0,20.0
9573,53774,1063,1.0,1660.0,10.0
5107,52023,1033,1.0,2910.0,0.0
15873,56271,1027,2.0,7200.0,0.0
1449,50568,1026,5.0,7010.0,15.0
19961,57902,1075,3.0,2140.0,5.0
15286,56037,1070,2.0,2320.0,0.0
18620,57348,1022,1.0,3830.0,0.0
12174,54793,1071,3.0,1670.0,5.0
7744,53049,1001,1.0,6530.0,15.0
16249,56412,1009,1.0,6030.0,0.0
436,50170,1013,2.0,220.0,15.0
5705,52255,1008,1.0,6630.0,10.0
6265,52469,1047,1.0,5950.0,10.0
19668,57777,1072,3.0,4390.0,5.0
12664,54987,1062,1.0,280.0,20.0
6392,52519,1074,3.0,1880.0,25.0
12435,54896,1052,1.0,6950.0,20.0
18045,57114,1046,3.0,3450.0,0.0
12357,54866,1052,3.0,6950.0,20.0
12052,54738,1037,2.0,2640.0,15.0
10621,54182,1007,1.0,1100.0,0.0
17940,57073,1052,1.0,6950.0,0.0
14852,55867,1066,2.0,3610.0,10.0
12409,54889,1027,3.0,7200.0,0.0
3336,51318,1057,2.0,2370.0,0.0
17945,57075,1018,3.0,,10.0
3880,51532,1032,1.0,1990.0,5.0
7068,52784,1024,1.0,9110.0,5.0
11173,54391,1051,4.0,7060.0,15.0
3279,51296,1004,1.0,9380.0,15.0
8024,53163,1018,1.0,3890.0,5.0
10559,54158,1026,1.0,7010.0,20.0
8973,53536,1028,1.0,4510.0,10.0
15845,56261,1066,4.0,3610.0,0.0
7413,52910,1025,1.0,4730.0,20.0
5011,51985,1054,2.0,1830.0,0.0
3804,51501,1035,1.0,6470.0,5.0
12670,54989,1056,2.0,1230.0,0.0
13478,55310,1030,1.0,4290.0,0.0
10360,54079,1043,1.0,4500.0,10.0
69,50027,1032,2.0,1990.0,10.0
2615,51032,1009,,6030.0,0.0
18829,57441,1020,1.0,720.0,15.0
10124,53992,1066,,3610.0,0.0
235,50094,1051,4.0,7060.0,10.0
15583,56156,1029,1.0,3490.0,15.0
15477,56113,1070,1.0,2320.0,10.0
3391,51340,1003,4.0,2040.0,15.0
19028,57523,1018,2.0,3890.0,0.0
16504,56513,1040,2.0,3060.0,15.0
9957,53924,1075,4.0,2140.0,5.0
19811,57839,1065,1.0,7400.0,20.0
9557,53767,1009,1.0,6030.0,0.0
5595,52216,1008,3.0,6630.0,0.0
17989,57088,1006,1.0,4150.0,20.0
2541,50998,1008,1.0,6630.0,10.0
2689,51060,1009,2.0,6030.0,0.0
17839,57035,1035,3.0,6470.0,15.0
3026,51196,1020,1.0,720.0,15.0
12098,54757,1068,1.0,10570.0,0.0
12180,54794,1063,1.0,1660.0,15.0
6957,52737,1010,1.0,8870.0,0.0
19233,57601,1034,4.0,10530.0,0.0
1590,50621,1063,5.0,1660.0,0.0
3668,51450,1071,1.0,1670.0,20.0
20084,57955,1026,2.0,7010.0,10.0
4263,51687,1062,5.0,280.0,10.0
13101,55156,1065,1.0,7400.0,10.0
18592,57336,1012,3.0,6600.0,0.0
18869,57458,1041,5.0,700.0,5.0
9924,53913,1033,1.0,2910.0,10.0
7937,53127,1037,,2640.0,0.0
15771,56231,1048,1.0,7870.0,15.0
12272,54830,1063,1.0,1660.0,0.0
5273,52088,1067,2.0,4370.0,0.0
19865,57860,1044,1.0,3230.0,0.0
10983,54315,1060,1.0,5950.0,5.0
19767,57818,1037,4.0,2640.0,10.0
15259,56028,1055,2.0,1380.0,15.0
17019,56713,1038,1.0,4270.0,20.0
15827,56254,1074,1.0,1880.0,10.0
9056,53569,1012,1.0,6600.0,25.0
8187,53224,1018,2.0,3890.0,15.0
8934,53519,1002,1.0,3080.0,0.0
3111,51229,1045,2.0,8330.0,10.0
834,50328,1039,1.0,8680.0,0.0
726,50282,1021,1.0,5530.0,0.0
10420,54100,1027,1.0,7200.0,25.0
16125,56366,1022,2.0,3830.0,5.0
8406,53308,1056,1.0,1230.0,0.0
241,50097,1015,2.0,3850.0,5.0
12895,55075,1054,2.0,1830.0,0.0
12224,54812,1047,2.0,5950.0,20.0
9795,53862,1018,2.0,3890.0,15.0
8228,53242,1070,1.0,2320.0,15.0
9291,53660,1034,1.0,10530.0,0.0
6083,52399,1041,1.0,700.0,10.0
4459,51764,1053,4.0,3470.0,15.0
14597,55768,1045,5.0,8330.0,15.0
15519,56131,1024,2.0,9110.0,5.0
5975,52357,1054,2.0,1830.0,0.0
17784,57012,1046,2.0,3450.0,0.0
3694,51461,1011,2.0,4590.0,0.0
1774,50692,1038,2.0,4270.0,25.0
19135,57565,1045,1.0,8330.0,0.0
11062,54347,1050,1.0,7140.0,0.0
9600,53784,1062,1.0,280.0,10.0
3717,51468,1068,2.0,10570.0,10.0
8369,53293,1054,1.0,1830.0,10.0
16224,56402,1075,3.0,2140.0,15.0
6934,52727,1016,3.0,3350.0,0.0
12578,54951,1068,1.0,10570.0,15.0
10103,53984,1006,1.0,4150.0,0.0
16129,56367,1050,1.0,7140.0,20.0
19566,57736,1071,3.0,1670.0,0.0
20017,57925,1071,1.0,1670.0,25.0
1830,50716,1002,1.0,3080.0,5.0
6388,52518,1075,1.0,2140.0,0.0
17856,57042,1045,2.0,8330.0,0.0
13947,55495,1063,1.0,1660.0,20.0
13109,55161,1019,2.0,4560.0,5.0
17495,56897,1074,3.0,1880.0,20.0
10663,54197,1001,3.0,6530.0,15.0
2505,50983,1060,2.0,5950.0,20.0
11205,54407,1002,1.0,3080.0,25.0
19370,57658,1058,2.0,5550.0,5.0
9104,53587,1070,1.0,2320.0,10.0
3574,51410,1033,1.0,2910.0,0.0
12320,54851,1061,1.0,8080.0,10.0
1605,50626,1061,4.0,8080.0,20.0
10065,53968,1033,1.0,2910.0,15.0
19835,57850,1013,2.0,220.0,10.0
18590,57336,1034,1.0,10530.0,20.0
13431,55287,1007,2.0,1100.0,15.0
18420,57267,1030,1.0,4290.0,0.0
18259,57206,1052,1.0,6950.0,15.0
6413,52527,1023,1.0,4290.0,10.0
1745,50682,1015,2.0,3850.0,5.0
3959,51561,1018,1.0,3890.0,0.0
17862,57044,1049,3.0,2810.0,0.0
14895,55882,1030,2.0,4290.0,15.0
5410,52143,1046,1.0,3450.0,0.0
16631,56567,1027,4.0,7200.0,10.0
18625,57351,1016,2.0,3350.0,0.0
9117,53593,1020,3.0,720.0,25.0
11662,54583,1061,1.0,8080.0,5.0
9318,53670,1002,1.0,3080.0,5.0
2436,50956,1031,1.0,9170.0,10.0
16120,56363,1007,2.0,1100.0,0.0
9211,53626,1047,1.0,5950.0,5.0
17248,56798,1062,1.0,280.0,25.0
377,50149,1037,1.0,2640.0,0.0
2796,51104,1004,2.0,9380.0,0.0
7276,52863,1023,2.0,4290.0,10.0
762,50297,1039,1.0,8680.0,10.0
13586,55354,1032,1.0,1990.0,10.0
1265,50499,1046,1.0,3450.0,0.0
11038,54339,1044,2.0,3230.0,0.0
964,50381,1045,2.0,8330.0,0.0
7611,52993,1037,1.0,2640.0,10.0
15247,56023,1049,1.0,2810.0,0.0
17186,56775,1033,2.0,2910.0,5.0
10027,53954,1004,2.0,9380.0,0.0
9242,53640,1043,1.0,4500.0,5.0
16633,56567,1014,3.0,2270.0,15.0
7719,53040,1008,2.0,6630.0,20.0
3180,51255,1048,4.0,7870.0,0.0
18170,57167,1020,1.0,720.0,0.0
3499,51380,1009,1.0,6030.0,0.0
12538,54935,1011,2.0,4590.0,20.0
6091,52402,1006,2.0,4150.0,10.0
9778,53856,1010,1.0,8870.0,0.0
10110,53986,1019,1.0,4560.0,15.0
13390,55268,1044,1.0,3230.0,5.0
13466,55304,1018,2.0,3890.0,10.0
2713,51069,1067,2.0,4370.0,15.0
20073,57950,1070,4.0,2320.0,
15105,55968,1075,4.0,2140.0,15.0
4692,51854,1018,2.0,3890.0,10.0
4697,51857,1031,2.0,9170.0,0.0
12586,54955,1057,1.0,2370.0,0.0
4155,51640,1058,2.0,5550.0,0.0
12562,54944,1058,3.0,5550.0,5.0
16872,56655,1023,2.0,4290.0,0.0
16248,56412,1019,2.0,4560.0,0.0
4529,51790,1051,1.0,7060.0,20.0
2207,50863,1032,1.0,1990.0,15.0
4566,51805,1033,2.0,2910.0,5.0
3278,51295,1034,1.0,10530.0,0.0
11104,54365,1045,1.0,8330.0,25.0
15120,55975,1005,1.0,5510.0,10.0
12785,55033,1068,3.0,10570.0,0.0
11453,54501,1030,2.0,4290.0,0.0
9962,53927,1051,4.0,7060.0,10.0
4699,51858,1030,1.0,4290.0,5.0
5365,52124,1012,2.0,6600.0,5.0
8593,53387,1031,3.0,9170.0,0.0
1939,50757,1019,1.0,4560.0,10.0
11921,54685,1067,1.0,4370.0,25.0
15118,55974,1022,4.0,3830.0,10.0
14124,55568,1072,3.0,4390.0,0.0
6420,52529,1054,1.0,1830.0,0.0
8073,53181,1069,1.0,4090.0,0.0
6059,52392,1016,1.0,3350.0,25.0
1564,50611,1007,3.0,1100.0,10.0
17297,56817,1054,3.0,1830.0,10.0
18108,57139,1060,2.0,5950.0,0.0
6565,52581,1057,3.0,2370.0,5.0
13270,55226,1007,3.0,1100.0,10.0
246,50099,1037,1.0,2640.0,10.0
17970,57083,1064,1.0,7500.0,10.0
16647,56573,1029,2.0,3490.0,25.0
2555,51004,1060,1.0,5950.0,5.0
17731,56991,1034,1.0,10530.0,10.0
11837,54655,1010,2.0,8870.0,0.0
17570,56928,1063,3.0,1660.0,5.0
6168,52434,1024,1.0,9110.0,5.0
2066,50806,1033,2.0,2910.0,0.0
11417,54488,1029,1.0,3490.0,10.0
110,50046,1051,2.0,7060.0,15.0
19294,57628,1062,5.0,280.0,5.0
16724,56600,1020,1.0,720.0,5.0
6811,52681,1002,4.0,3080.0,0.0
17314,56823,1070,3.0,2320.0,25.0
9583,53778,1019,4.0,4560.0,5.0
14031,55529,1061,1.0,8080.0,0.0
13872,55465,1044,2.0,3230.0,0.0
17744,56997,1057,1.0,2370.0,0.0
11233,54419,1002,3.0,3080.0,10.0
3176,51254,1033,1.0,2910.0,15.0
19808,57837,1039,1.0,8680.0,0.0
15044,55946,1040,1.0,3060.0,10.0
12354,54865,1006,1.0,4150.0,5.0
4100,51619,1056,2.0,1230.0,15.0
19436,57686,1029,1.0,3490.0,0.0
17499,56899,1015,1.0,3850.0,0.0
14620,55777,1066,2.0,3610.0,15.0
18352,57241,1068,2.0,10570.0,15.0
4829,51912,1009,1.0,6030.0,0.0
19700,57792,1060,1.0,5950.0,0.0
14819,55852,1014,2.0,2270.0,25.0
9478,53736,1013,1.0,220.0,10.0
12653,54983,1047,1.0,5950.0,20.0
16714,56596,1037,1.0,2640.0,0.0
12452,54903,1007,1.0,1100.0,10.0
6542,52570,1030,4.0,4290.0,0.0
1623,50634,1028,2.0,4510.0,0.0
19306,57633,1072,1.0,4390.0,0.0
14525,55738,1064,1.0,7500.0,0.0
7562,52973,1039,2.0,8680.0,15.0
17941,57073,1069,2.0,4090.0,25.0
14248,55622,1075,1.0,2140.0,10.0
910,50360,1048,2.0,7870.0,10.0
2855,51131,1054,3.0,1830.0,0.0
17575,56929,1013,1.0,220.0,5.0
1923,50752,1071,1.0,1670.0,0.0
20075,57951,1007,,1100.0,15.0
6369,52510,1044,3.0,3230.0,10.0
10878,54274,1019,3.0,4560.0,10.0
18228,57192,1010,3.0,8870.0,5.0
19210,57593,1061,3.0,8080.0,0.0
2511,50986,1048,2.0,7870.0,0.0
13639,55372,1050,4.0,7140.0,5.0
1340,50526,1008,1.0,6630.0,5.0
7689,53025,1068,5.0,10570.0,0.0
3267,51290,1013,1.0,220.0,0.0
7682,53021,1011,2.0,4590.0,25.0
13394,55270,1004,4.0,9380.0,10.0
16758,56612,1027,3.0,7200.0,15.0
553,50218,1003,4.0,2040.0,0.0
18087,57131,1024,1.0,9110.0,0.0
13280,55229,1039,1.0,8680.0,10.0
5187,52054,1026,1.0,7010.0,10.0
19487,57707,1002,1.0,3080.0,0.0
14253,55624,1047,4.0,5950.0,0.0
4119,51626,1024,1.0,9110.0,0.0
19990,57916,1025,1.0,4730.0,10.0
3705,51464,1065,1.0,7400.0,5.0
7382,52898,1063,1.0,1660.0,0.0
9499,53746,1041,1.0,700.0,5.0
4074,51606,1004,2.0,9380.0,0.0
15996,56318,1011,,4590.0,5.0
7218,52842,1049,2.0,2810.0,15.0
1615,50632,1059,3.0,4580.0,5.0
17589,56933,1029,1.0,3490.0,20.0
12632,54976,1073,1.0,6680.0,0.0
5892,52327,1062,1.0,280.0,0.0
16245,56411,1058,2.0,5550.0,10.0
5533,52191,1035,3.0,6470.0,0.0
9647,53804,1048,1.0,7870.0,25.0
16404,56470,1050,1.0,7140.0,5.0
10808,54248,1057,2.0,2370.0,15.0
15417,56088,1071,1.0,1670.0,0.0
4039,51592,1069,2.0,4090.0,0.0
1145,50450,1041,1.0,700.0,10.0
8708,53431,1066,1.0,3610.0,5.0
2755,51088,1014,3.0,2270.0,0.0
10306,54057,1042,1.0,590.0,0.0
5889,52327,1071,3.0,1670.0,15.0
45,50018,1025,1.0,4730.0,0.0
12341,54859,1001,2.0,6530.0,0.0
15334,56054,1017,1.0,3470.0,20.0
2699,51065,1012,1.0,6600.0,20.0
19293,57627,1006,5.0,4150.0,15.0
18830,57441,1065,1.0,7400.0,5.0
1694,50662,1033,1.0,2910.0,20.0
986,50390,1032,1.0,1990.0,20.0
18168,57166,1064,1.0,7500.0,0.0
7243,52851,1042,2.0,590.0,20.0
2304,50903,1003,2.0,2040.0,10.0
7484,52937,1012,2.0,6600.0,5.0
8214,53236,1002,2.0,3080.0,5.0
3469,51370,1002,2.0,3080.0,0.0
5833,52305,1018,2.0,3890.0,10.0
3902,51541,1036,2.0,6710.0,0.0
13321,55246,1039,3.0,8680.0,20.0
12317,54851,1058,2.0,5550.0,0.0
14496,55728,1021,3.0,5530.0,0.0
118,50051,1052,2.0,6950.0,5.0
8133,53202,1035,1.0,6470.0,
5496,52177,1036,2.0,6710.0,25.0
17964,57081,1058,1.0,5550.0,0.0
7225,52845,1004,1.0,9380.0,0.0
387,50153,1037,4.0,2640.0,5.0
16948,56684,1049,4.0,2810.0,10.0
7526,52958,1055,3.0,1380.0,5.0
2939,51161,1045,4.0,8330.0,5.0
4420,51747,1058,2.0,5550.0,0.0
9252,53645,1002,2.0,3080.0,5.0
419,50165,1003,1.0,2040.0,20.0
8786,53459,1020,1.0,720.0,20.0
5104,52022,1018,2.0,3890.0,5.0
19264,57615,1074,2.0,1880.0,0.0
2139,50833,1067,2.0,4370.0,15.0
1647,50643,1024,1.0,,0.0
8292,53264,1061,1.0,8080.0,0.0
18030,57108,1015,2.0,3850.0,5.0
3585,51415,1014,2.0,2270.0,0.0
7489,52939,1024,1.0,9110.0,0.0
17532,56911,1004,1.0,9380.0,5.0
4542,51796,1013,2.0,220.0,10.0
7037,52770,1037,1.0,2640.0,0.0
9286,53658,1066,2.0,3610.0,10.0
18724,57393,1050,3.0,7140.0,0.0
6581,52589,1036,3.0,6710.0,5.0
3477,51373,1033,2.0,2910.0,0.0
11361,54468,1050,2.0,7140.0,0.0
169,50069,1073,1.0,6680.0,10.0
16690,56587,1009,1.0,6030.0,10.0
2236,50877,1015,3.0,3850.0,0.0
17702,56980,1029,2.0,3490.0,20.0
8140,53204,1049,3.0,2810.0,0.0
8501,53349,1068,1.0,10570.0,0.0
3721,51469,1040,1.0,3060.0,25.0
1182,50463,1065,1.0,7400.0,15.0
7753,53053,1039,1.0,8680.0,10.0
4125,51628,1018,1.0,3890.0,5.0
11977,54708,1025,4.0,4730.0,5.0
15308,56046,1002,1.0,3080.0,0.0
7160,52822,1008,2.0,6630.0,0.0
8745,53446,1001,1.0,6530.0,5.0
9697,53823,1010,2.0,8870.0,5.0
3985,51570,1054,2.0,1830.0,5.0
18768,57412,1044,2.0,3230.0,0.0
3676,51453,1038,1.0,4270.0,0.0
8374,53295,1039,1.0,8680.0,
10731,54221,1048,1.0,7870.0,0.0
2561,51007,1001,1.0,6530.0,25.0
1593,50622,1052,2.0,6950.0,0.0
6304,52482,1061,2.0,8080.0,10.0
4281,51694,1051,3.0,7060.0,0.0
2976,51176,1027,3.0,7200.0,0.0
7696,53029,1002,1.0,3080.0,10.0
18221,57189,1047,1.0,5950.0,5.0
19596,57750,1057,1.0,2370.0,0.0
15233,56018,1047,4.0,5950.0,0.0
10720,54218,1061,2.0,8080.0,0.0
8337,53282,1023,3.0,4290.0,0.0
5879,52322,1055,1.0,1380.0,10.0
1838,50718,1012,2.0,6600.0,5.0
10445,54112,1019,2.0,4560.0,0.0
8218,53238,1016,2.0,3350.0,5.0
14508,55733,1051,2.0,7060.0,15.0
6551,52574,1049,3.0,2810.0,0.0
16170,56383,1072,1.0,4390.0,25.0
11560,54545,1075,1.0,2140.0,5.0
11680,54590,1027,1.0,7200.0,0.0
12381,54877,1056,1.0,1230.0,0.0
3218,51270,1025,2.0,4730.0,0.0
14103,55559,1069,1.0,4090.0,0.0
72,50028,1036,3.0,6710.0,0.0
18300,57220,1019,1.0,4560.0,0.0
8665,53414,1049,2.0,2810.0,10.0
18954,57490,1013,2.0,220.0,5.0
8066,53178,1038,1.0,4270.0,0.0
14244,55620,1075,1.0,2140.0,0.0
10238,54034,1017,1.0,3470.0,20.0
2780,51099,1043,1.0,4500.0,0.0
18915,57473,1042,2.0,590.0,0.0
18021,57103,1070,1.0,2320.0,5.0
13845,55456,1014,4.0,2270.0,0.0
1154,50455,1028,3.0,4510.0,20.0
18741,57398,1030,1.0,4290.0,25.0
8030,53165,1057,2.0,2370.0,0.0
5927,52338,1008,2.0,6630.0,10.0
2665,51051,1002,2.0,3080.0,0.0
14670,55798,1029,3.0,3490.0,25.0
1957,50764,1070,1.0,2320.0,5.0
9619,53791,1071,2.0,1670.0,15.0
8650,53408,1037,2.0,2640.0,10.0
4321,51711,1030,2.0,4290.0,0.0
7673,53017,1019,2.0,4560.0,15.0
6120,52412,1024,3.0,9110.0,5.0
6827,52688,1053,1.0,3470.0,5.0
12539,54935,1071,1.0,1670.0,5.0
14288,55638,1049,2.0,2810.0,0.0
9529,53756,1059,2.0,4580.0,15.0
3047,51205,1054,3.0,1830.0,10.0
5647,52234,1009,2.0,6030.0,10.0
2248,50881,1014,2.0,,10.0
3853,51521,1013,1.0,220.0,0.0
15458,56105,1048,1.0,7870.0,15.0
16444,56485,1055,1.0,1380.0,10.0
13532,55334,1015,1.0,3850.0,0.0
11398,54481,1059,1.0,4580.0,0.0
17131,56756,1014,2.0,2270.0,5.0
12676,54991,1009,1.0,6030.0,10.0
14746,55827,1075,1.0,2140.0,25.0
16899,56663,1062,1.0,280.0,20.0
2046,50796,1017,3.0,3470.0,0.0
11776,54631,1065,1.0,7400.0,5.0
3656,51445,1040,1.0,3060.0,0.0
11586,54555,1038,3.0,4270.0,15.0
7945,53130,1014,3.0,2270.0,0.0
963,50381,1044,1.0,3230.0,5.0
8705,53429,1021,1.0,5530.0,10.0
7132,52810,1050,1.0,7140.0,0.0
5883,52323,1064,1.0,7500.0,10.0
2440,50958,1051,1.0,7060.0,0.0
10048,53963,1003,1.0,2040.0,20.0
18422,57269,1011,2.0,4590.0,10.0
1413,50556,1019,1.0,4560.0,20.0
2668,51052,1070,1.0,2320.0,0.0
10018,53951,1042,1.0,590.0,0.0
18301,57220,1022,3.0,3830.0,15.0
5694,52251,1001,2.0,6530.0,5.0
14550,55748,1035,3.0,6470.0,5.0
3149,51242,1035,2.0,6470.0,0.0
585,50229,1031,1.0,9170.0,0.0
6302,52482,1065,1.0,7400.0,0.0
7350,52888,1053,3.0,3470.0,5.0
10437,54108,1039,2.0,8680.0,0.0
885,50351,1016,1.0,3350.0,10.0
15192,56003,1067,1.0,4370.0,0.0
4053,51597,1058,3.0,5550.0,10.0
7425,52915,1051,2.0,7060.0,20.0
13621,55365,1012,3.0,6600.0,0.0
19899,57875,1064,1.0,7500.0,5.0
18557,57322,1063,1.0,1660.0,20.0
3965,51562,1039,1.0,8680.0,0.0
17161,56766,1075,1.0,2140.0,0.0
17394,56859,1057,1.0,2370.0,15.0
2920,51155,1049,1.0,2810.0,0.0
12890,55074,1036,1.0,6710.0,0.0
19550,57727,1005,1.0,5510.0,0.0
264,50106,1019,2.0,4560.0,5.0
972,50384,1044,2.0,3230.0,25.0
13824,55448,1057,1.0,2370.0,15.0
4061,51600,1038,2.0,4270.0,0.0
11538,54537,1004,1.0,9380.0,10.0
12978,55106,1053,1.0,3470.0,5.0
15213,56012,1003,1.0,2040.0,0.0
17438,56877,1049,2.0,2810.0,5.0
4439,51756,1069,3.0,4090.0,0.0
5843,52309,1049,2.0,2810.0,25.0
6760,52656,1006,2.0,4150.0,0.0
17810,57022,1026,1.0,7010.0,5.0
3588,51415,1005,2.0,5510.0,15.0
12762,55023,1035,5.0,6470.0,20.0
14397,55685,1001,1.0,6530.0,10.0
18395,57258,1013,1.0,220.0,10.0
11809,54645,1032,1.0,1990.0,5.0
3843,51518,1023,2.0,4290.0,0.0
4791,51894,1047,3.0,5950.0,0.0
18872,57459,1043,2.0,4500.0,0.0
16034,56333,1036,2.0,6710.0,15.0
996,50394,1049,1.0,2810.0,10.0
16534,56526,1065,2.0,7400.0,5.0
4897,51939,1009,2.0,6030.0,10.0
4826,51910,1014,3.0,2270.0,15.0
10455,54115,1023,4.0,4290.0,0.0
18361,57244,1009,3.0,6030.0,0.0
721,50280,1047,1.0,5950.0,0.0
2863,51133,1065,2.0,7400.0,0.0
79,50032,1063,1.0,1660.0,
10634,54187,1058,1.0,5550.0,
18559,57323,1014,1.0,2270.0,20.0
2997,51185,1007,2.0,1100.0,20.0
4800,51897,1048,4.0,7870.0,0.0
9008,53549,1002,2.0,3080.0,15.0
7965,53140,1025,3.0,4730.0,10.0
16261,56419,1064,3.0,7500.0,10.0
6298,52481,1055,1.0,1380.0,25.0
14118,55565,1022,3.0,3830.0,0.0
1827,50715,1006,1.0,4150.0,5.0
1023,50405,1043,1.0,4500.0,0.0
16393,56466,1016,1.0,3350.0,0.0
17730,56991,1022,1.0,3830.0,0.0
11269,54432,1056,1.0,1230.0,5.0
6881,52707,1032,2.0,1990.0,10.0
8890,53503,1060,1.0,5950.0,5.0
18879,57461,1033,3.0,2910.0,0.0
5537,52192,1075,2.0,2140.0,25.0
2170,50846,1058,1.0,5550.0,0.0
14754,55829,1049,1.0,2810.0,5.0
13249,55219,1013,1.0,220.0,15.0
13220,55206,1015,1.0,3850.0,10.0
11830,54653,1060,1.0,5950.0,20.0
17356,56840,1063,2.0,1660.0,5.0
9580,53776,1025,1.0,4730.0,10.0
16644,56571,1019,1.0,4560.0,0.0
172,50070,1067,3.0,4370.0,15.0
8243,53247,1025,2.0,4730.0,5.0
3445,51360,1008,1.0,6630.0,5.0
8997,53545,1054,3.0,1830.0,10.0
3941,51555,1056,4.0,1230.0,0.0
6492,52553,1061,,8080.0,0.0
12526,54931,1001,2.0,6530.0,0.0
17287,56812,1066,2.0,3610.0,15.0
7690,53026,1056,2.0,1230.0,0.0
11926,54687,1060,4.0,5950.0,0.0
479,50186,1030,3.0,4290.0,5.0
12293,54839,1073,1.0,6680.0,0.0
13587,55354,1020,1.0,720.0,10.0
8060,53175,1008,4.0,6630.0,0.0
2062,50804,1070,2.0,2320.0,0.0
14752,55829,1040,1.0,3060.0,0.0
3660,51446,1001,1.0,6530.0,0.0
15802,56244,1074,1.0,1880.0,10.0
1858,50726,1070,3.0,2320.0,25.0
8470,53334,1041,1.0,700.0,0.0
15360,56063,1021,4.0,5530.0,15.0
7488,52939,1001,2.0,6530.0,0.0
4942,51959,1071,1.0,1670.0,0.0
11500,54520,1060,2.0,5950.0,15.0
12061,54742,1054,1.0,1830.0,0.0
1739,50679,1054,1.0,1830.0,0.0
17076,56734,1011,1.0,4590.0,10.0
3922,51547,1011,2.0,4590.0,0.0
3221,51271,1024,1.0,9110.0,15.0
15157,55989,1075,1.0,2140.0,5.0
17481,56892,1047,1.0,5950.0,20.0
844,50331,1005,4.0,5510.0,0.0
489,50190,1019,4.0,4560.0,20.0
5601,52218,1046,3.0,3450.0,0.0
3768,51485,1060,1.0,5950.0,0.0
4299,51702,1021,4.0,5530.0,0.0
16512,56517,1050,,7140.0,15.0
9867,53891,1042,1.0,590.0,
11376,54473,1015,1.0,3850.0,0.0
7812,53075,1041,1.0,700.0,0.0
9013,53552,1074,3.0,1880.0,5.0
5081,52013,1046,1.0,3450.0,0.0
9420,53711,1023,3.0,4290.0,5.0
7236,52849,1002,5.0,3080.0,5.0
14130,55571,1007,1.0,1100.0,10.0
7015,52759,1052,3.0,6950.0,5.0
18859,57453,1020,2.0,720.0,10.0
19633,57765,1002,1.0,3080.0,0.0
19287,57624,1003,1.0,2040.0,15.0
2795,51104,1033,1.0,2910.0,5.0
14867,55872,1034,1.0,10530.0,20.0
16664,56579,1041,2.0,700.0,0.0
2568,51009,1060,1.0,5950.0,0.0
5962,52353,1038,2.0,4270.0,0.0
12569,54947,1064,2.0,7500.0,0.0
9167,53609,1007,1.0,1100.0,10.0
11744,54617,1022,1.0,3830.0,25.0
5815,52298,1065,1.0,7400.0,0.0
6826,52688,1063,1.0,1660.0,25.0
4637,51833,1049,1.0,2810.0,0.0
7957,53134,1006,1.0,4150.0,10.0
3533,51395,1075,3.0,2140.0,10.0
13358,55259,1014,1.0,2270.0,0.0
12194,54799,1005,1.0,5510.0,0.0
262,50105,1043,1.0,4500.0,0.0
8846,53486,1024,4.0,9110.0,0.0
15964,56304,1037,3.0,2640.0,5.0
4707,51862,1044,1.0,3230.0,20.0
12925,55085,1014,3.0,2270.0,10.0
12485,54915,1069,2.0,4090.0,0.0
19071,57541,1069,2.0,4090.0,0.0
10160,54006,1073,3.0,6680.0,20.0
15645,56183,1071,5.0,1670.0,0.0
7487,52938,1059,2.0,4580.0,15.0
3507,51382,1032,1.0,1990.0,0.0
1479,50580,1067,2.0,4370.0,5.0
7995,53152,1039,1.0,8680.0,5.0
1616,50632,1032,2.0,1990.0,0.0
10161,54006,1002,1.0,3080.0,0.0
18499,57300,1025,3.0,4730.0,15.0
8750,53447,1054,1.0,1830.0,10.0
2765,51093,1071,1.0,1670.0,0.0
12791,55035,1075,4.0,2140.0,0.0
8054,53173,1057,1.0,2370.0,0.0
19009,57514,1063,4.0,1660.0,10.0
561,50222,1049,1.0,2810.0,0.0
15561,56147,1030,1.0,4290.0,5.0
10412,54097,1027,1.0,7200.0,10.0
19240,57604,1067,1.0,4370.0,25.0
36,50015,1063,2.0,1660.0,5.0
18877,57461,1035,1.0,6470.0,10.0
20100,57963,1045,1.0,8330.0,0.0
16841,56643,1059,2.0,4580.0,0.0
12030,54729,1033,4.0,2910.0,15.0
19780,57827,1010,1.0,8870.0,5.0
4921,51948,1002,1.0,,0.0
6227,52456,1071,1.0,1670.0,0.0
8495,53347,1005,1.0,5510.0,0.0
12999,55115,1039,3.0,8680.0,5.0
18574,57330,1043,1.0,4500.0,10.0
6842,52693,1049,1.0,2810.0,0.0
17463,56886,1056,1.0,1230.0,5.0
7328,52881,1056,1.0,1230.0,25.0
18944,57486,1035,3.0,6470.0,20.0
18161,57163,1035,4.0,6470.0,5.0
2578,51014,1058,,5550.0,0.0
150,50063,1047,2.0,5950.0,20.0
2693,51061,1031,3.0,9170.0,0.0
4403,51740,1064,1.0,7500.0,5.0
916,50362,1055,1.0,1380.0,5.0
19402,57671,1015,1.0,3850.0,25.0
18036,57111,1059,3.0,4580.0,5.0
198,50080,1003,2.0,2040.0,0.0
3875,51530,1053,2.0,3470.0,0.0
13267,55224,1058,4.0,5550.0,15.0
6829,52689,1056,1.0,1230.0,10.0
9407,53707,1060,,5950.0,0.0
4198,51657,1004,3.0,9380.0,15.0
797,50314,1017,1.0,3470.0,5.0
4260,51685,1013,1.0,220.0,10.0
15163,55991,1004,1.0,9380.0,5.0
2601,51025,1004,1.0,,5.0
6926,52724,1033,2.0,2910.0,5.0
767,50300,1069,1.0,4090.0,15.0
12615,54970,1021,1.0,5530.0,20.0
14761,55832,1012,2.0,6600.0,15.0
16571,56542,1024,1.0,9110.0,5.0
15701,56205,1016,1.0,3350.0,10.0
14853,55867,1062,1.0,280.0,0.0
3767,51484,1052,1.0,6950.0,5.0
15108,55970,1011,2.0,4590.0,0.0
9326,53672,1028,3.0,4510.0,20.0
17681,56973,1016,1.0,3350.0,0.0
19339,57648,1062,4.0,280.0,10.0
17619,56945,1028,1.0,4510.0,10.0
15271,56033,1059,1.0,4580.0,0.0
19754,57813,1055,1.0,1380.0,5.0
13100,55156,1021,1.0,5530.0,0.0
11257,54428,1048,1.0,7870.0,0.0
2684,51058,1031,2.0,9170.0,0.0
17252,56799,1025,1.0,4730.0,5.0
11924,54686,1041,1.0,700.0,0.0
2790,51103,1042,3.0,590.0,15.0
5820,52300,1040,1.0,3060.0,25.0
6527,52565,1025,1.0,4730.0,0.0
19373,57660,1042,2.0,590.0,
14357,55672,1074,2.0,1880.0,0.0
3422,51352,1041,3.0,700.0,10.0
10719,54218,1008,2.0,6630.0,10.0
18049,57115,1013,1.0,220.0,0.0
17286,56811,1066,1.0,3610.0,5.0
6837,52691,1066,1.0,3610.0,0.0
17758,57002,1042,1.0,590.0,10.0
19988,57916,1001,1.0,6530.0,10.0
3758,51482,1055,2.0,1380.0,25.0
11301,54443,1059,2.0,4580.0,0.0
6532,52566,1050,1.0,7140.0,10.0
4799,51897,1034,2.0,10530.0,0.0
381,50151,1019,2.0,4560.0,15.0
10307,54058,1036,3.0,6710.0,0.0
16023,56328,1048,1.0,7870.0,15.0
973,50385,1063,1.0,1660.0,5.0
17511,56903,1024,1.0,9110.0,0.0
9545,53763,1050,1.0,7140.0,0.0
11311,54448,1043,2.0,4500.0,0.0
19341,57648,1017,3.0,3470.0,0.0
8711,53432,1070,1.0,2320.0,20.0
4777,51887,1027,1.0,7200.0,15.0
16265,56421,1072,4.0,4390.0,0.0
11672,54586,1026,1.0,7010.0,0.0
6447,52537,1029,1.0,3490.0,20.0
3346,51322,1071,5.0,1670.0,10.0
14432,55700,1035,1.0,6470.0,0.0
5371,52126,1036,1.0,6710.0,10.0
10073,53972,1008,1.0,6630.0,5.0
8465,53332,1015,1.0,3850.0,5.0
1798,50700,1064,2.0,7500.0,0.0
19181,57582,1049,3.0,2810.0,10.0
7971,53143,1072,1.0,4390.0,0.0
3011,51191,1064,1.0,7500.0,10.0
8,50004,1014,1.0,2270.0,0.0
4808,51901,1041,5.0,700.0,5.0
16450,56489,1075,1.0,2140.0,15.0
16612,56556,1035,1.0,6470.0,10.0
4408,51741,1037,1.0,2640.0,15.0
11722,54608,1065,1.0,7400.0,0.0
17808,57022,1044,1.0,3230.0,5.0
2372,50932,1070,2.0,2320.0,5.0
6068,52394,1062,4.0,280.0,0.0
15123,55977,1056,2.0,1230.0,10.0
5148,52039,1036,1.0,6710.0,20.0
10707,54213,1040,1.0,3060.0,10.0
16966,56690,1024,1.0,9110.0,0.0
10523,54144,1009,1.0,6030.0,0.0
19253,57611,1012,1.0,6600.0,10.0
13028,55129,1068,2.0,10570.0,20.0
12942,55091,1028,1.0,4510.0,10.0
11179,54395,1072,1.0,4390.0,0.0
15512,56130,1040,1.0,3060.0,0.0
1789,50697,1008,3.0,6630.0,5.0
10981,54314,1059,,4580.0,0.0
13468,55305,1043,3.0,4500.0,20.0
19892,57873,1046,3.0,3450.0,20.0
13054,55140,1002,2.0,3080.0,15.0
14832,55859,1056,2.0,1230.0,0.0
3620,51428,1027,3.0,7200.0,10.0
10443,54111,1019,1.0,4560.0,20.0
16974,56693,1045,1.0,8330.0,0.0
13670,55383,1003,1.0,,15.0
19574,57740,1049,1.0,2810.0,0.0
1968,50769,1034,1.0,10530.0,10.0
9848,53883,1028,1.0,4510.0,10.0
18054,57117,1045,3.0,8330.0,0.0
14937,55901,1004,1.0,9380.0,5.0
731,50284,1019,1.0,4560.0,5.0
13642,55373,1022,3.0,3830.0,5.0
3269,51290,1070,3.0,2320.0,10.0
17445,56879,1029,5.0,3490.0,10.0
6677,52623,1035,1.0,6470.0,0.0
13066,55144,1028,1.0,4510.0,25.0
14295,55642,1060,1.0,5950.0,0.0
8489,53344,1010,1.0,8870.0,10.0
5850,52312,1062,1.0,280.0,10.0
3576,51411,1002,1.0,3080.0,20.0
19237,57604,1022,2.0,3830.0,0.0
1007,50398,1032,2.0,,5.0
9295,53661,1072,2.0,4390.0,0.0
2608,51028,1012,1.0,6600.0,0.0
1578,50617,1003,2.0,2040.0,10.0
950,50375,1030,1.0,4290.0,0.0
12973,55105,1019,1.0,4560.0,15.0
19957,57900,1052,2.0,6950.0,5.0
12225,54812,1025,2.0,4730.0,0.0
4410,51742,1041,2.0,700.0,10.0
15341,56057,1020,2.0,720.0,0.0
4137,51632,1070,1.0,2320.0,0.0
10465,54119,1023,1.0,4290.0,0.0
3725,51470,1001,3.0,6530.0,15.0
2109,50822,1068,2.0,10570.0,10.0
3798,51498,1040,1.0,3060.0,5.0
16105,56359,1011,1.0,4590.0,0.0
17195,56778,1067,1.0,4370.0,10.0
9330,53674,1008,2.0,6630.0,10.0
9314,53669,1056,2.0,1230.0,0.0
1576,50616,1056,1.0,1230.0,10.0
5862,52316,1043,2.0,4500.0,0.0
11079,54353,1054,1.0,1830.0,25.0
11188,54400,1048,2.0,7870.0,0.0
979,50387,1074,1.0,1880.0,0.0
19005,57511,1001,1.0,6530.0,5.0
5724,52262,1019,1.0,4560.0,5.0
11720,54607,1063,4.0,1660.0,25.0
8248,53248,1030,1.0,4290.0,10.0
12398,54884,1038,2.0,4270.0,0.0
5698,52253,1006,1.0,4150.0,0.0
20116,57971,1051,,7060.0,0.0
488,50189,1045,1.0,8330.0,5.0
2091,50814,1004,2.0,9380.0,5.0
16335,56446,1035,1.0,6470.0,5.0
9050,53568,1051,1.0,7060.0,5.0
5169,52046,1057,1.0,2370.0,5.0
15210,56011,1070,1.0,2320.0,20.0
590,50231,1012,1.0,6600.0,15.0
18346,57238,1074,1.0,1880.0,5.0
9820,53872,1074,1.0,1880.0,0.0
20136,57978,1062,1.0,280.0,5.0
16137,56371,1075,2.0,2140.0,0.0
9237,53638,1041,2.0,700.0,10.0
2406,50944,1002,3.0,3080.0,10.0
12940,55091,1043,2.0,4500.0,20.0
14415,55695,1049,2.0,2810.0,0.0
18397,57258,1073,2.0,6680.0,0.0
15319,56049,1012,1.0,6600.0,0.0
5174,52048,1024,1.0,9110.0,15.0
18769,57413,1041,1.0,700.0,15.0
15998,56318,1051,2.0,7060.0,25.0
13629,55369,1038,2.0,4270.0,0.0
18323,57228,1028,2.0,4510.0,0.0
14346,55664,1052,4.0,6950.0,0.0
5062,52006,1004,2.0,9380.0,0.0
16713,56596,1029,1.0,3490.0,20.0
3775,51488,1036,3.0,6710.0,25.0
19327,57643,1024,1.0,9110.0,5.0
3183,51257,1075,1.0,2140.0,0.0
12422,54892,1073,3.0,6680.0,0.0
580,50228,1073,2.0,6680.0,0.0
9367,53688,1012,2.0,6600.0,5.0
4847,51919,1037,1.0,2640.0,0.0
221,50089,1028,1.0,4510.0,5.0
3373,51333,1045,2.0,8330.0,10.0
17219,56786,1072,2.0,4390.0,10.0
19866,57861,1022,2.0,3830.0,0.0
5364,52124,1050,1.0,7140.0,20.0
4726,51868,1018,1.0,3890.0,0.0
6019,52376,1019,1.0,4560.0,15.0
9799,53863,1016,1.0,3350.0,15.0
9037,53563,1030,1.0,4290.0,0.0
15251,56024,1026,3.0,7010.0,10.0
6725,52645,1063,4.0,1660.0,0.0
5891,52327,1048,3.0,7870.0,0.0
6113,52410,1026,1.0,7010.0,20.0
16482,56504,1058,3.0,5550.0,0.0
6430,52531,1045,1.0,8330.0,20.0
19059,57536,1070,1.0,2320.0,0.0
17487,56895,1032,2.0,1990.0,5.0
19514,57715,1008,2.0,6630.0,10.0
73,50029,1003,3.0,2040.0,10.0
40,50016,1043,1.0,4500.0,0.0
10462,54118,1022,2.0,3830.0,5.0
19302,57630,1069,3.0,4090.0,0.0
17503,56900,1035,1.0,6470.0,0.0
17454,56883,1043,1.0,4500.0,15.0
5302,52098,1001,3.0,6530.0,15.0
17598,56936,1010,1.0,8870.0,0.0
11298,54442,1008,2.0,6630.0,0.0
10769,54235,1053,1.0,3470.0,5.0
19533,57723,1070,1.0,2320.0,0.0
10973,54312,1043,1.0,4500.0,5.0
6946,52732,1010,1.0,8870.0,5.0
2389,50938,1018,1.0,3890.0,5.0
5445,52158,1062,2.0,280.0,5.0
5552,52198,1051,1.0,7060.0,10.0
15332,56053,1073,1.0,6680.0,5.0
12802,55042,1009,1.0,6030.0,10.0
14482,55723,1012,2.0,6600.0,5.0
10618,54179,1050,2.0,7140.0,15.0
17665,56966,1062,1.0,280.0,0.0
3376,51334,1042,1.0,590.0,0.0
18178,57171,1023,1.0,4290.0,5.0
14816,55851,1001,1.0,6530.0,15.0
18072,57123,1074,1.0,1880.0,0.0
16447,56487,1045,2.0,8330.0,0.0
2218,50867,1054,1.0,1830.0,0.0
17377,56849,1057,1.0,2370.0,10.0
3090,51221,1034,2.0,10530.0,0.0
14966,55916,1029,1.0,3490.0,20.0
16240,56408,1027,1.0,7200.0,5.0
7266,52859,1060,1.0,5950.0,10.0
6487,52551,1018,5.0,3890.0,15.0
14582,55761,1057,2.0,2370.0,20.0
1303,50514,1024,1.0,9110.0,10.0
4288,51697,1001,1.0,6530.0,5.0
14568,55756,1050,1.0,7140.0,5.0
7946,53131,1052,1.0,6950.0,0.0
10840,54260,1004,3.0,9380.0,20.0
16701,56591,1057,2.0,2370.0,0.0
451,50176,1053,3.0,3470.0,5.0
4539,51794,1037,2.0,2640.0,0.0
18016,57100,1071,1.0,1670.0,0.0
18936,57483,1009,1.0,6030.0,10.0
3616,51426,1049,1.0,2810.0,0.0
19379,57662,1040,1.0,,0.0
5120,52029,1038,1.0,4270.0,20.0
15734,56217,1074,1.0,1880.0,5.0
9069,53573,1004,1.0,9380.0,15.0
9010,53550,1001,1.0,6530.0,0.0
16583,56547,1056,2.0,1230.0,5.0
9579,53776,1043,1.0,4500.0,5.0
8076,53182,1006,2.0,4150.0,20.0
1670,50653,1028,1.0,4510.0,5.0
18450,57280,1073,2.0,6680.0,0.0
195,50079,1008,1.0,6630.0,10.0
1685,50658,1027,1.0,7200.0,0.0
16933,56677,1013,3.0,220.0,0.0
14466,55714,1014,1.0,2270.0,0.0
10390,54088,1073,2.0,6680.0,15.0
18466,57288,1051,1.0,7060.0,0.0
7422,52914,1019,2.0,4560.0,0.0
174,50070,1063,4.0,1660.0,5.0
15585,56157,1051,1.0,7060.0,0.0
17996,57090,1058,5.0,5550.0,0.0
11947,54696,1025,1.0,4730.0,5.0
4572,51808,1074,2.0,1880.0,0.0
15499,56124,1024,2.0,9110.0,20.0
1735,50678,1042,1.0,590.0,20.0
6964,52740,1055,4.0,1380.0,0.0
16476,56501,1061,1.0,8080.0,0.0
18436,57275,1030,1.0,4290.0,5.0
19903,57877,1006,1.0,4150.0,10.0
6740,52650,1048,2.0,7870.0,15.0
16394,56466,1070,1.0,2320.0,15.0
2005,50781,1022,2.0,3830.0,10.0
14442,55704,1066,1.0,3610.0,5.0
11920,54685,1036,1.0,6710.0,20.0
16256,56417,1010,1.0,8870.0,0.0
12498,54921,1049,2.0,2810.0,0.0
16038,56335,1027,2.0,7200.0,0.0
6726,52645,1062,2.0,280.0,0.0
15674,56194,1014,1.0,2270.0,0.0
10796,54244,1051,3.0,,0.0
4612,51823,1014,1.0,2270.0,15.0
3802,51499,1069,5.0,4090.0,0.0
9771,53852,1074,1.0,1880.0,5.0
3498,51380,1030,1.0,4290.0,20.0
3573,51410,1056,1.0,1230.0,0.0
15786,56237,1034,1.0,10530.0,5.0
19358,57654,1021,1.0,5530.0,0.0
5066,52008,1059,2.0,4580.0,10.0
6482,52550,1032,1.0,1990.0,15.0
10708,54214,1010,1.0,8870.0,0.0
1577,50617,1037,1.0,2640.0,5.0
19136,57566,1006,1.0,4150.0,15.0
11718,54606,1029,2.0,3490.0,5.0
6679,52623,1020,,720.0,15.0
8891,53503,1062,3.0,280.0,0.0
5272,52087,1011,1.0,4590.0,5.0
3629,51433,1019,1.0,4560.0,0.0
3738,51475,1030,3.0,4290.0,15.0
6594,52594,1066,1.0,3610.0,10.0
5752,52273,1015,5.0,3850.0,15.0
10130,53994,1074,2.0,1880.0,0.0
18914,57473,1065,1.0,7400.0,20.0
3980,51569,1033,4.0,2910.0,
4477,51771,1071,1.0,1670.0,15.0
13545,55338,1032,2.0,1990.0,5.0
18134,57152,1070,2.0,2320.0,15.0
5763,52277,1049,3.0,2810.0,5.0
8029,53165,1044,3.0,3230.0,0.0
5627,52226,1051,1.0,7060.0,15.0
18645,57358,1012,3.0,6600.0,0.0
14930,55895,1030,1.0,4290.0,0.0
11140,54378,1039,1.0,8680.0,20.0
19635,57765,1057,2.0,2370.0,10.0
5667,52240,1035,1.0,6470.0,5.0
2698,51064,1043,1.0,4500.0,10.0
12746,55016,1002,1.0,3080.0,0.0
3929,51549,1062,2.0,280.0,10.0
11017,54329,1072,2.0,4390.0,15.0
10107,53985,1029,1.0,3490.0,0.0
17770,57007,1021,1.0,5530.0,0.0
14715,55816,1014,,2270.0,0.0
19211,57593,1035,1.0,6470.0,10.0
16929,56676,1068,3.0,10570.0,5.0
3022,51194,1006,1.0,4150.0,0.0
12870,55065,1024,1.0,9110.0,15.0
13265,55224,1021,2.0,5530.0,0.0
1465,50573,1062,2.0,280.0,10.0
5454,52161,1019,1.0,4560.0,10.0
12460,54905,1068,1.0,10570.0,0.0
9260,53648,1026,2.0,7010.0,0.0
18832,57442,1068,1.0,10570.0,5.0
4605,51820,1057,1.0,2370.0,0.0
8911,53511,1056,1.0,1230.0,0.0
5286,52092,1008,2.0,6630.0,10.0
17021,56714,1021,1.0,5530.0,0.0
9409,53708,1009,1.0,6030.0,0.0
1784,50695,1013,5.0,220.0,15.0
5730,52265,1008,2.0,6630.0,10.0
10430,54106,1038,2.0,4270.0,0.0
7249,52853,1065,1.0,7400.0,0.0
17510,56903,1028,1.0,4510.0,10.0
12079,54749,1025,1.0,4730.0,0.0
13994,55512,1072,1.0,4390.0,5.0
874,50346,1029,4.0,3490.0,0.0
10703,54212,1014,1.0,2270.0,5.0
5737,52268,1002,1.0,3080.0,20.0
8216,53238,1002,1.0,3080.0,15.0
9452,53727,1030,1.0,4290.0,10.0
8961,53531,1070,1.0,2320.0,20.0
15306,56046,1025,1.0,4730.0,0.0
17304,56820,1040,2.0,3060.0,0.0
15909,56285,1033,4.0,2910.0,10.0
3702,51463,1058,1.0,5550.0,5.0
8412,53311,1050,2.0,7140.0,20.0
7881,53102,1047,1.0,5950.0,10.0
207,50083,1053,2.0,3470.0,0.0
4802,51899,1052,2.0,6950.0,0.0
16168,56382,1057,1.0,2370.0,5.0
4273,51691,1059,1.0,4580.0,0.0
7860,53094,1071,1.0,1670.0,20.0
6654,52615,1051,3.0,7060.0,0.0
12112,54764,1034,2.0,10530.0,25.0
11805,54642,1039,2.0,8680.0,10.0
9568,53771,1063,2.0,1660.0,25.0
13847,55456,1034,2.0,10530.0,5.0
17365,56844,1067,2.0,4370.0,20.0
9312,53668,1044,1.0,3230.0,5.0
8176,53219,1048,2.0,7870.0,0.0
2678,51055,1033,3.0,2910.0,10.0
8567,53376,1033,4.0,2910.0,0.0
6892,52711,1012,1.0,6600.0,0.0
13660,55380,1075,2.0,2140.0,0.0
13591,55355,1018,2.0,3890.0,20.0
4722,51867,1061,2.0,8080.0,5.0
8834,53481,1007,1.0,,0.0
7142,52815,1030,2.0,4290.0,0.0
3919,51547,1028,1.0,4510.0,25.0
3175,51254,1038,,4270.0,0.0
1344,50528,1064,1.0,7500.0,10.0
12910,55081,1074,2.0,1880.0,0.0
9120,53594,1031,2.0,9170.0,15.0
16990,56700,1014,1.0,2270.0,0.0
8151,53209,1027,1.0,7200.0,0.0
12965,55099,1067,1.0,4370.0,0.0
10338,54069,1062,3.0,280.0,0.0
18864,57456,1029,1.0,3490.0,15.0
11099,54362,1063,5.0,1660.0,5.0
17026,56716,1042,1.0,590.0,0.0
11925,54686,1025,3.0,4730.0,5.0
11176,54393,1033,2.0,2910.0,0.0
13525,55330,1074,3.0,1880.0,0.0
17417,56868,1017,1.0,3470.0,0.0
17482,56892,1023,2.0,4290.0,5.0
5074,52010,1030,3.0,4290.0,15.0
16708,56594,1059,2.0,4580.0,25.0
7997,53153,1013,1.0,220.0,15.0
16820,56634,1043,4.0,4500.0,25.0
10094,53981,1018,2.0,3890.0,10.0
8319,53275,1055,1.0,1380.0,10.0
10146,54002,1063,1.0,1660.0,20.0
7857,53092,1039,2.0,8680.0,0.0
12955,55096,1035,1.0,6470.0,10.0
144,50060,1074,2.0,1880.0,15.0
13954,55497,1047,1.0,5950.0,10.0
3254,51285,1069,4.0,4090.0,5.0
12605,54964,1073,1.0,6680.0,15.0
4211,51663,1018,3.0,3890.0,5.0
2290,50897,1075,1.0,2140.0,10.0
7226,52846,1066,1.0,3610.0,0.0
9447,53725,1040,1.0,3060.0,20.0
3166,51250,1057,1.0,2370.0,10.0
17085,56739,1062,1.0,280.0,0.0
9282,53657,1048,3.0,7870.0,5.0
15540,56138,1012,1.0,6600.0,0.0
14082,55550,1030,3.0,4290.0,0.0
13423,55285,1054,1.0,1830.0,5.0
12348,54863,1008,1.0,6630.0,25.0
8586,53384,1055,2.0,1380.0,0.0
18067,57121,1061,3.0,8080.0,25.0
11527,54529,1017,1.0,3470.0,0.0
8760,53452,1074,1.0,1880.0,10.0
8327,53279,1009,1.0,6030.0,5.0
18345,57238,1048,1.0,7870.0,0.0
14463,55713,1043,2.0,4500.0,15.0
10042,53960,1042,1.0,590.0,0.0
4944,51959,1075,4.0,2140.0,15.0
17787,57013,1053,1.0,3470.0,0.0
11640,54575,1007,1.0,1100.0,10.0
275,50110,1057,3.0,2370.0,5.0
1024,50405,1045,3.0,8330.0,0.0
13419,55283,1048,2.0,7870.0,10.0
428,50168,1075,1.0,2140.0,0.0
4851,51920,1014,1.0,2270.0,0.0
12312,54848,1055,1.0,1380.0,10.0
19752,57812,1075,1.0,2140.0,15.0
17522,56907,1030,2.0,4290.0,10.0
704,50273,1067,4.0,4370.0,0.0
3071,51214,1074,2.0,1880.0,5.0
6855,52697,1056,3.0,1230.0,5.0
9261,53648,1005,1.0,5510.0,0.0
17885,57051,1033,1.0,2910.0,0.0
32,50012,1048,2.0,7870.0,5.0
12039,54733,1003,2.0,2040.0,10.0
13720,55405,1039,2.0,8680.0,5.0
15953,56299,1029,2.0,3490.0,0.0
19041,57527,1023,4.0,4290.0,10.0
10871,54271,1058,4.0,5550.0,0.0
13134,55169,1020,1.0,720.0,0.0
5649,52235,1056,1.0,1230.0,10.0
16196,56393,1072,3.0,4390.0,5.0
4415,51743,1043,2.0,4500.0,5.0
2970,51173,1063,1.0,1660.0,0.0
18738,57398,1049,1.0,2810.0,0.0
9391,53699,1027,1.0,7200.0,5.0
5988,52363,1027,1.0,7200.0,0.0
5469,52167,1046,2.0,3450.0,0.0
8682,53421,1055,2.0,1380.0,20.0
18256,57204,1060,4.0,5950.0,0.0
6544,52571,1068,1.0,10570.0,15.0
1696,50662,1052,4.0,6950.0,0.0
4060,51600,1018,1.0,3890.0,15.0
12023,54726,1032,1.0,1990.0,5.0
15480,56115,1025,1.0,4730.0,
9126,53596,1069,1.0,4090.0,25.0
12307,54845,1033,1.0,2910.0,0.0
17732,56992,1037,2.0,2640.0,5.0
5455,52162,1017,2.0,3470.0,0.0
10133,53995,1041,4.0,700.0,10.0
18575,57330,1051,2.0,7060.0,15.0
6761,52657,1001,2.0,6530.0,10.0
14409,55692,1032,4.0,1990.0,0.0
18682,57376,1017,2.0,3470.0,0.0
3447,51361,1068,1.0,10570.0,15.0
6170,52435,1039,2.0,8680.0,20.0
14012,55521,1066,5.0,3610.0,5.0
11182,54398,1043,1.0,4500.0,20.0
16443,56485,1006,2.0,4150.0,0.0
17671,56968,1043,4.0,4500.0,0.0
18410,57264,1017,1.0,3470.0,0.0
11942,54692,1071,2.0,1670.0,5.0
15857,56264,1006,2.0,4150.0,10.0
16557,56535,1072,1.0,4390.0,0.0
17943,57075,1027,2.0,7200.0,10.0
6937,52728,1008,1.0,6630.0,0.0
11840,54657,1005,2.0,5510.0,5.0
2140,50833,1032,1.0,1990.0,0.0
13783,55433,1018,1.0,3890.0,0.0
3440,51358,1012,,6600.0,0.0
15557,56146,1015,1.0,3850.0,5.0
18623,57350,1036,2.0,6710.0,20.0
1283,50506,1013,3.0,220.0,20.0
11706,54601,1016,1.0,3350.0,5.0
6910,52716,1058,1.0,5550.0,5.0
11645,54577,1042,1.0,590.0,0.0
8597,53388,1071,1.0,1670.0,10.0
15682,56198,1064,1.0,7500.0,5.0
2144,50834,1032,1.0,1990.0,0.0
3171,51253,1038,1.0,4270.0,20.0
17329,56829,1007,2.0,1100.0,5.0
3276,51293,1015,2.0,3850.0,
7042,52772,1064,1.0,7500.0,15.0
8508,53351,1033,1.0,2910.0,0.0
7966,53140,1013,2.0,220.0,0.0
300,50121,1009,2.0,6030.0,15.0
664,50258,1060,1.0,5950.0,0.0
4755,51880,1012,1.0,6600.0,0.0
7763,53056,1038,1.0,4270.0,0.0
4343,51720,1066,,3610.0,0.0
17657,56962,1062,1.0,280.0,5.0
2043,50794,1015,1.0,3850.0,0.0
9430,53718,1032,1.0,1990.0,20.0
12807,55043,1063,2.0,1660.0,25.0
15800,56243,1042,1.0,590.0,5.0
5956,52351,1064,1.0,,0.0
515,50198,1048,1.0,7870.0,5.0
5491,52175,1055,1.0,1380.0,15.0
11360,54468,1028,1.0,4510.0,10.0
12845,55057,1030,3.0,4290.0,5.0
2530,50994,1068,1.0,10570.0,0.0
10257,54041,1034,3.0,10530.0,5.0
3460,51366,1007,4.0,1100.0,0.0
1811,50705,1067,1.0,4370.0,0.0
3527,51392,1044,3.0,3230.0,5.0
5699,52254,1055,1.0,1380.0,0.0
15963,56304,1029,2.0,3490.0,0.0
917,50362,1039,1.0,8680.0,5.0
11454,54502,1060,1.0,5950.0,5.0
16674,56582,1033,,2910.0,0.0
3917,51545,1035,1.0,6470.0,20.0
7718,53039,1066,2.0,3610.0,5.0
7523,52956,1070,1.0,2320.0,0.0
1524,50598,1037,1.0,2640.0,10.0
7841,53087,1012,1.0,6600.0,10.0
15525,56133,1030,3.0,4290.0,15.0
9981,53934,1075,1.0,2140.0,0.0
9931,53915,1024,1.0,9110.0,10.0
12803,55042,1064,3.0,7500.0,5.0
18307,57223,1001,1.0,6530.0,5.0
256,50104,1046,2.0,3450.0,0.0
19368,57658,1012,1.0,6600.0,10.0
5097,52021,1044,1.0,3230.0,15.0
5812,52297,1073,1.0,6680.0,0.0
1041,50410,1015,3.0,3850.0,25.0
18057,57118,1062,1.0,280.0,0.0
18959,57492,1015,2.0,3850.0,0.0
16911,56668,1060,3.0,5950.0,
13053,55139,1003,2.0,2040.0,5.0
3263,51288,1003,1.0,2040.0,0.0
19477,57703,1032,1.0,1990.0,5.0
16747,56608,1024,4.0,9110.0,5.0
19926,57886,1037,3.0,2640.0,0.0
546,50214,1064,1.0,7500.0,10.0
19383,57665,1014,2.0,2270.0,0.0
19545,57726,1029,2.0,3490.0,0.0
13572,55347,1025,3.0,4730.0,0.0
11824,54650,1054,2.0,1830.0,5.0
6109,52408,1008,1.0,6630.0,0.0
12880,55070,1047,4.0,5950.0,10.0
4409,51742,1045,1.0,8330.0,0.0
9141,53601,1020,1.0,720.0,5.0
7494,52941,1032,1.0,1990.0,15.0
12240,54817,1024,1.0,9110.0,0.0
9878,53895,1039,1.0,8680.0,5.0
15607,56165,1034,3.0,10530.0,0.0
3233,51278,1056,1.0,1230.0,5.0
8732,53439,1004,5.0,9380.0,10.0
2303,50903,1072,1.0,4390.0,0.0
17745,56998,1073,1.0,6680.0,10.0
17117,56750,1073,2.0,6680.0,10.0
1005,50397,1034,1.0,10530.0,5.0
10558,54157,1003,1.0,2040.0,15.0
19305,57632,1009,1.0,6030.0,10.0
1391,50548,1069,2.0,4090.0,15.0
11098,54362,1011,1.0,4590.0,15.0
4546,51797,1056,1.0,1230.0,15.0
8334,53281,1051,3.0,7060.0,0.0
10622,54183,1028,1.0,4510.0,0.0
6468,52544,1074,1.0,1880.0,0.0
5376,52127,1027,1.0,7200.0,0.0
4775,51887,1020,1.0,720.0,5.0
8952,53528,1046,1.0,3450.0,10.0
9883,53897,1024,1.0,9110.0,15.0
2478,50973,1029,1.0,3490.0,20.0
9953,53923,1059,2.0,4580.0,0.0
17577,56930,1043,1.0,4500.0,20.0
10476,54124,1028,1.0,4510.0,0.0
14034,55530,1023,2.0,4290.0,10.0
2950,51165,1074,1.0,1880.0,0.0
19684,57784,1003,3.0,2040.0,5.0
2113,50823,1017,3.0,3470.0,0.0
17376,56849,1056,2.0,1230.0,0.0
8141,53205,1001,2.0,6530.0,0.0
12336,54858,1064,1.0,7500.0,10.0
19346,57649,1041,2.0,700.0,15.0
11584,54554,1011,1.0,4590.0,20.0
3010,51190,1049,2.0,2810.0,10.0
15293,56040,1052,2.0,6950.0,10.0
11211,54410,1031,1.0,9170.0,5.0
1375,50542,1053,1.0,3470.0,20.0
19142,57568,1007,2.0,1100.0,10.0
19295,57628,1052,2.0,6950.0,0.0
1554,50608,1011,1.0,4590.0,
15806,56246,1026,1.0,7010.0,10.0
19271,57617,1060,4.0,5950.0,0.0
13196,55196,1069,1.0,4090.0,10.0
2106,50821,1074,2.0,1880.0,5.0
9060,53571,1067,4.0,4370.0,0.0
7293,52868,1023,1.0,4290.0,0.0
1133,50446,1030,3.0,4290.0,15.0
1891,50738,1050,1.0,7140.0,10.0
3337,51318,1056,2.0,1230.0,0.0
17468,56887,1041,1.0,700.0,5.0
10001,53943,1046,3.0,3450.0,0.0
2593,51021,1060,2.0,5950.0,0.0
8959,53531,1036,1.0,6710.0,5.0
1718,50670,1075,2.0,2140.0,15.0
12823,55050,1033,2.0,2910.0,25.0
3426,51353,1035,2.0,,5.0
8186,53223,1004,3.0,9380.0,10.0
8035,53167,1016,1.0,3350.0,10.0
6014,52373,1044,2.0,3230.0,0.0
3781,51491,1065,1.0,7400.0,5.0
1012,50400,1071,4.0,1670.0,15.0
11821,54649,1013,1.0,220.0,15.0
20055,57943,1012,1.0,6600.0,0.0
13836,55451,1009,1.0,6030.0,20.0
1963,50767,1054,2.0,1830.0,0.0
15747,56223,1055,2.0,1380.0,0.0
10838,54259,1022,2.0,3830.0,
11617,54566,1034,1.0,10530.0,5.0
18423,57269,1060,1.0,5950.0,0.0
8448,53326,1027,2.0,7200.0,0.0
10945,54300,1041,1.0,700.0,15.0
5964,52354,1046,2.0,3450.0,10.0
7478,52935,1050,1.0,7140.0,0.0
14294,55641,1045,1.0,8330.0,0.0
1499,50588,1045,2.0,8330.0,0.0
13746,55416,1045,1.0,8330.0,20.0
10715,54216,1031,1.0,9170.0,25.0
297,50120,1021,2.0,5530.0,10.0
2072,50808,1009,1.0,,5.0
12835,55055,1074,2.0,1880.0,0.0
8983,53538,1018,1.0,3890.0,5.0
14975,55919,1046,1.0,3450.0,0.0
19653,57772,1006,1.0,4150.0,0.0
6283,52475,1002,1.0,3080.0,10.0
5133,52033,1060,2.0,5950.0,25.0
12110,54763,1072,1.0,4390.0,10.0
157,50065,1041,1.0,700.0,0.0
8778,53456,1037,1.0,2640.0,15.0
11592,54557,1061,3.0,8080.0,0.0
4709,51863,1011,1.0,4590.0,0.0
494,50191,1018,2.0,3890.0,0.0
12100,54759,1024,1.0,9110.0,0.0
5291,52095,1008,1.0,6630.0,5.0
5916,52335,1052,1.0,6950.0,5.0
19127,57563,1024,2.0,9110.0,0.0
10585,54168,1065,4.0,7400.0,5.0
4499,51780,1022,1.0,3830.0,10.0
10311,54059,1038,1.0,4270.0,0.0
13966,55502,1045,1.0,8330.0,25.0
700,50272,1065,1.0,7400.0,0.0
10222,54029,1027,1.0,7200.0,15.0
4165,51645,1042,1.0,590.0,5.0
19697,57790,1075,1.0,2140.0,0.0
17373,56847,1050,2.0,7140.0,5.0
5430,52151,1067,1.0,4370.0,15.0
5336,52114,1061,1.0,8080.0,0.0
6785,52666,1027,2.0,7200.0,10.0
15345,56058,1045,3.0,8330.0,0.0
19086,57546,1012,1.0,6600.0,0.0
16063,56342,1021,1.0,5530.0,10.0
3704,51464,1010,1.0,8870.0,20.0
10361,54079,1020,1.0,720.0,20.0
8458,53330,1071,1.0,1670.0,15.0
3038,51200,1021,2.0,5530.0,5.0
4628,51830,1031,3.0,9170.0,0.0
18503,57301,1069,2.0,4090.0,0.0
11229,54417,1029,2.0,3490.0,15.0
1233,50486,1019,2.0,4560.0,20.0
6849,52695,1075,2.0,2140.0,0.0
1960,50765,1072,1.0,4390.0,10.0
15623,56172,1040,1.0,3060.0,0.0
6415,52527,1075,1.0,2140.0,0.0
17187,56776,1046,1.0,3450.0,5.0
5520,52187,1005,2.0,5510.0,0.0
1491,50584,1061,1.0,8080.0,0.0
5939,52342,1027,1.0,7200.0,15.0
5145,52039,1037,1.0,2640.0,10.0
18387,57255,1031,1.0,9170.0,0.0
5483,52171,1057,1.0,2370.0,5.0
14115,55564,1015,1.0,3850.0,10.0
8000,53154,1035,2.0,6470.0,0.0
9783,53858,1033,1.0,2910.0,5.0
4168,51646,1062,1.0,280.0,5.0
6082,52398,1066,1.0,3610.0,0.0
920,50364,1013,1.0,220.0,10.0
18844,57447,1065,1.0,7400.0,0.0
16678,56583,1009,1.0,6030.0,20.0
19929,57889,1002,4.0,3080.0,20.0
16552,56533,1021,1.0,5530.0,0.0
13794,55436,1073,1.0,6680.0,10.0
4319,51710,1033,3.0,2910.0,15.0
16153,56376,1071,2.0,1670.0,0.0
18086,57130,1037,1.0,2640.0,10.0
12242,54818,1073,2.0,6680.0,15.0
2726,51075,1028,3.0,4510.0,0.0
4720,51866,1006,3.0,4150.0,10.0
13075,55148,1014,1.0,2270.0,5.0
19710,57796,1058,1.0,5550.0,10.0
15731,56217,1049,3.0,2810.0,0.0
5572,52206,1052,3.0,6950.0,0.0
10394,54091,1029,3.0,3490.0,5.0
5968,52356,1038,1.0,4270.0,10.0
7921,53120,1057,4.0,2370.0,5.0
19701,57792,1043,2.0,4500.0,0.0
18278,57214,1049,4.0,2810.0,0.0
3203,51265,1008,2.0,6630.0,10.0
3906,51542,1038,1.0,4270.0,5.0
3805,51501,1034,1.0,10530.0,5.0
14396,55684,1035,1.0,6470.0,0.0
15159,55990,1017,1.0,3470.0,0.0
2548,51002,1062,3.0,280.0,0.0
13843,55455,1013,3.0,220.0,10.0
786,50309,1007,3.0,1100.0,5.0
3014,51191,1041,1.0,700.0,0.0
10730,54221,1020,3.0,720.0,0.0
8195,53228,1050,1.0,7140.0,5.0
11194,54403,1040,3.0,3060.0,25.0
4843,51918,1072,1.0,4390.0,5.0
19509,57714,1053,3.0,3470.0,25.0
14681,55802,1019,2.0,4560.0,0.0
15084,55960,1057,5.0,2370.0,15.0
6316,52490,1033,2.0,2910.0,10.0
18,50007,1041,2.0,700.0,20.0
5495,52177,1027,5.0,7200.0,5.0
17197,56779,1011,1.0,4590.0,15.0
9210,53625,1027,1.0,7200.0,0.0
7894,53109,1070,2.0,2320.0,5.0
15695,56203,1056,4.0,1230.0,0.0
13544,55337,1054,2.0,1830.0,25.0
7134,52810,1047,1.0,5950.0,0.0
13105,55158,1070,1.0,2320.0,15.0
1101,50434,1062,2.0,280.0,5.0
4456,51764,1031,2.0,9170.0,0.0
7820,53078,1028,1.0,4510.0,15.0
14537,55743,1039,1.0,8680.0,5.0
17444,56879,1024,5.0,9110.0,5.0
7060,52780,1016,1.0,3350.0,10.0
7683,53021,1042,1.0,590.0,10.0
14049,55537,1029,2.0,3490.0,10.0
2995,51185,1066,1.0,3610.0,10.0
18058,57118,1056,1.0,1230.0,0.0
17055,56728,1071,1.0,1670.0,20.0
3787,51493,1052,1.0,6950.0,10.0
19461,57695,1044,1.0,3230.0,0.0
13682,55391,1002,2.0,3080.0,20.0
3831,51512,1005,1.0,5510.0,15.0
10809,54248,1015,1.0,3850.0,5.0
2211,50864,1064,1.0,7500.0,0.0
6550,52574,1066,3.0,3610.0,10.0
3598,51420,1026,1.0,7010.0,0.0
7082,52789,1005,2.0,5510.0,15.0
8493,53345,1060,1.0,5950.0,10.0
6506,52558,1027,2.0,7200.0,5.0
2271,50890,1030,2.0,4290.0,0.0
10393,54090,1003,4.0,2040.0,0.0
2531,50994,1002,2.0,3080.0,0.0
2499,50982,1016,1.0,3350.0,10.0
9249,53643,1036,1.0,6710.0,10.0
11735,54613,1010,1.0,8870.0,0.0
5448,52158,1030,1.0,4290.0,5.0
14578,55760,1004,1.0,9380.0,10.0
6446,52537,1051,3.0,7060.0,5.0
14635,55782,1004,3.0,,0.0
19100,57550,1070,1.0,2320.0,15.0
6539,52570,1037,2.0,2640.0,10.0
881,50350,1018,1.0,3890.0,10.0
10095,53981,1062,1.0,280.0,10.0
6104,52406,1044,1.0,3230.0,0.0
18080,57128,1052,1.0,6950.0,20.0
1119,50440,1055,4.0,1380.0,0.0
1331,50524,1055,2.0,1380.0,15.0
6966,52741,1062,3.0,280.0,20.0
16298,56434,1049,1.0,2810.0,0.0
18171,57168,1055,2.0,1380.0,0.0
17351,56839,1065,3.0,7400.0,0.0
4558,51802,1048,1.0,7870.0,10.0
11866,54667,1015,3.0,3850.0,5.0
5957,52351,1036,2.0,6710.0,0.0
6472,52545,1075,2.0,2140.0,0.0
2722,51073,1038,1.0,4270.0,15.0
16033,56333,1043,1.0,4500.0,0.0
825,50324,1074,1.0,1880.0,15.0
3371,51333,1030,1.0,4290.0,10.0
14730,55820,1043,1.0,4500.0,0.0
5227,52071,1067,1.0,4370.0,5.0
2603,51025,1072,1.0,4390.0,0.0
16346,56449,1073,2.0,6680.0,10.0
16231,56404,1009,1.0,6030.0,0.0
3877,51531,1034,2.0,10530.0,5.0
13625,55367,1045,1.0,8330.0,0.0
6513,52561,1033,1.0,2910.0,10.0
594,50233,1028,4.0,4510.0,5.0
14444,55704,1007,1.0,1100.0,20.0
7202,52836,1030,2.0,4290.0,20.0
524,50202,1068,3.0,10570.0,10.0
1768,50690,1045,1.0,8330.0,5.0
8517,53354,1059,4.0,4580.0,0.0
11023,54331,1014,3.0,2270.0,0.0
8554,53372,1075,1.0,2140.0,15.0
12989,55111,1002,2.0,3080.0,10.0
8473,53335,1008,1.0,6630.0,5.0
15447,56101,1056,1.0,1230.0,15.0
16915,56669,1013,3.0,220.0,5.0
6271,52471,1015,1.0,3850.0,20.0
1667,50652,1042,2.0,590.0,10.0
14089,55553,1020,3.0,720.0,15.0
14401,55689,1028,2.0,4510.0,10.0
14476,55719,1031,1.0,9170.0,0.0
18870,57458,1048,3.0,7870.0,10.0
13730,55409,1055,2.0,1380.0,10.0
7745,53049,1050,1.0,7140.0,0.0
9524,53755,1051,1.0,7060.0,0.0
6754,52655,1071,2.0,1670.0,0.0
11855,54663,1040,1.0,3060.0,0.0
12897,55076,1019,2.0,4560.0,15.0
4089,51613,1056,1.0,1230.0,0.0
8135,53203,1025,1.0,,5.0
711,50276,1052,2.0,6950.0,20.0
12094,54756,1017,5.0,3470.0,0.0
4823,51908,1010,3.0,8870.0,15.0
16873,56655,1028,2.0,4510.0,5.0
17112,56749,1001,3.0,6530.0,10.0
12977,55106,1008,2.0,6630.0,5.0
17562,56925,1017,1.0,3470.0,0.0
19220,57596,1029,2.0,3490.0,20.0
7629,52999,1050,3.0,7140.0,0.0
16320,56441,1015,3.0,3850.0,10.0
2185,50853,1054,1.0,1830.0,15.0
13517,55326,1035,1.0,6470.0,0.0
12497,54920,1016,1.0,3350.0,15.0
17015,56712,1063,2.0,1660.0,5.0
16405,56471,1030,1.0,4290.0,10.0
2634,51039,1056,1.0,1230.0,0.0
3757,51482,1015,2.0,3850.0,0.0
15452,56103,1036,1.0,6710.0,10.0
9595,53783,1066,2.0,3610.0,0.0
7671,53017,1003,1.0,2040.0,5.0
15869,56269,1042,5.0,590.0,5.0
2074,50809,1008,1.0,6630.0,0.0
12236,54815,1014,2.0,2270.0,5.0
8482,53340,1059,1.0,4580.0,0.0
3503,51381,1043,1.0,4500.0,5.0
8345,53285,1030,1.0,4290.0,5.0
11180,54396,1069,3.0,4090.0,5.0
8318,53275,1054,3.0,1830.0,10.0
6086,52399,1059,4.0,4580.0,0.0
17362,56843,1038,1.0,4270.0,0.0
5041,51998,1007,5.0,1100.0,0.0
6751,52654,1064,1.0,7500.0,5.0
13923,55486,1066,2.0,3610.0,15.0
9761,53849,1004,2.0,9380.0,5.0
10605,54174,1034,1.0,10530.0,0.0
9482,53737,1024,3.0,9110.0,20.0
7449,52924,1001,4.0,6530.0,5.0
13736,55412,1053,2.0,3470.0,0.0
8315,53273,1016,3.0,3350.0,5.0
12922,55085,1063,2.0,1660.0,5.0
18066,57121,1006,1.0,4150.0,0.0
14901,55884,1063,3.0,1660.0,20.0
16485,56505,1072,1.0,4390.0,15.0
8472,53335,1004,2.0,9380.0,10.0
18495,57298,1022,1.0,3830.0,0.0
16358,56454,1063,2.0,1660.0,5.0
18818,57436,1034,1.0,10530.0,5.0
2859,51132,1016,1.0,3350.0,5.0
15349,56060,1037,2.0,2640.0,0.0
19234,57602,1018,2.0,3890.0,10.0
5293,52095,1056,2.0,1230.0,20.0
6714,52639,1048,1.0,7870.0,0.0
18692,57380,1037,4.0,2640.0,5.0
1895,50739,1011,3.0,4590.0,20.0
15718,56213,1062,2.0,280.0,0.0
10240,54035,1011,1.0,4590.0,0.0
9827,53874,1024,3.0,9110.0,10.0
16945,56683,1024,3.0,9110.0,5.0
9323,53671,1031,4.0,9170.0,0.0
12458,54905,1060,4.0,5950.0,0.0
2373,50932,1035,1.0,6470.0,5.0
16199,56393,1002,1.0,3080.0,10.0
1810,50705,1038,1.0,4270.0,10.0
7736,53045,1007,1.0,1100.0,10.0
11443,54498,1023,1.0,4290.0,0.0
422,50166,1014,1.0,2270.0,5.0
1149,50454,1044,5.0,3230.0,5.0
3397,51342,1073,1.0,6680.0,0.0
17282,56810,1062,1.0,280.0,5.0
17127,56754,1034,1.0,10530.0,5.0
1559,50609,1058,1.0,5550.0,15.0
1835,50718,1037,1.0,2640.0,0.0
407,50161,1009,1.0,6030.0,0.0
2986,51180,1057,3.0,2370.0,10.0
12721,55006,1050,4.0,7140.0,20.0
4236,51673,1031,1.0,9170.0,0.0
11871,54668,1052,1.0,6950.0,5.0
18124,57147,1061,2.0,8080.0,15.0
5596,52217,1063,2.0,1660.0,20.0
66,50026,1031,1.0,9170.0,10.0
7517,52953,1073,1.0,6680.0,10.0
1151,50454,1070,1.0,2320.0,5.0
6035,52380,1066,3.0,3610.0,0.0
12742,55015,1071,1.0,1670.0,15.0
13244,55216,1006,1.0,4150.0,5.0
17077,56735,1037,2.0,2640.0,0.0
6456,52540,1046,1.0,3450.0,5.0
13624,55366,1066,1.0,3610.0,10.0
9980,53934,1056,,1230.0,0.0
7381,52898,1018,1.0,3890.0,10.0
16999,56706,1070,2.0,2320.0,5.0
13279,55228,1074,1.0,1880.0,0.0
11727,54610,1036,2.0,6710.0,20.0
1330,50523,1074,3.0,1880.0,5.0
7248,52853,1034,2.0,10530.0,0.0
3837,51515,1047,1.0,5950.0,0.0
12170,54792,1052,2.0,6950.0,5.0
1845,50722,1057,1.0,2370.0,5.0
3934,51553,1010,2.0,8870.0,10.0
9833,53876,1061,1.0,8080.0,0.0
7587,52982,1023,3.0,4290.0,0.0
5432,52151,1053,1.0,3470.0,0.0
4672,51846,1049,3.0,2810.0,0.0
3662,51447,1048,1.0,7870.0,0.0
4290,51698,1074,4.0,1880.0,10.0
15359,56063,1050,2.0,7140.0,10.0
3977,51567,1066,2.0,3610.0,20.0
11946,54695,1064,3.0,7500.0,0.0
1286,50507,1011,1.0,4590.0,20.0
16744,56607,1067,5.0,4370.0,0.0
21,50008,1042,2.0,590.0,10.0
14232,55616,1017,1.0,3470.0,0.0
11190,54401,1016,1.0,3350.0,0.0
7616,52995,1047,2.0,5950.0,15.0
7655,53010,1071,1.0,1670.0,0.0
7275,52862,1016,1.0,3350.0,0.0
5155,52042,1027,1.0,7200.0,0.0
3614,51425,1036,5.0,6710.0,25.0
15178,55997,1027,1.0,7200.0,20.0
14763,55832,1061,1.0,8080.0,0.0
2768,51094,1027,2.0,7200.0,5.0
692,50267,1021,1.0,5530.0,15.0
11378,54474,1065,1.0,7400.0,10.0
16598,56551,1029,1.0,3490.0,0.0
4138,51633,1004,2.0,9380.0,0.0
13406,55276,1031,1.0,9170.0,10.0
8544,53366,1054,4.0,1830.0,10.0
5663,52238,1020,2.0,720.0,15.0
12304,54844,1023,2.0,4290.0,5.0
3246,51283,1046,3.0,3450.0,0.0
5299,52098,1047,,5950.0,0.0
2951,51166,1039,3.0,8680.0,5.0
6984,52747,1052,2.0,6950.0,0.0
17164,56767,1062,1.0,280.0,5.0
10226,54031,1025,2.0,4730.0,5.0
19313,57637,1046,1.0,3450.0,0.0
4146,51637,1030,1.0,4290.0,0.0
7782,53064,1017,2.0,3470.0,0.0
6494,52553,1009,1.0,6030.0,5.0
3398,51343,1014,2.0,2270.0,0.0
19120,57560,1001,1.0,6530.0,0.0
16421,56477,1054,2.0,1830.0,5.0
1165,50458,1041,1.0,700.0,25.0
14383,55681,1008,1.0,6630.0,0.0
1117,50439,1005,2.0,5510.0,0.0
12245,54818,1012,2.0,6600.0,10.0
16909,56667,1015,1.0,3850.0,15.0
11391,54479,1046,1.0,3450.0,0.0
4254,51682,1051,1.0,7060.0,10.0
6125,52415,1028,2.0,4510.0,15.0
13819,55447,1020,3.0,720.0,0.0
3909,51542,1039,1.0,8680.0,0.0
6172,52435,1022,1.0,3830.0,0.0
15921,56289,1035,1.0,6470.0,5.0
3427,51353,1058,1.0,5550.0,25.0
11667,54585,1027,1.0,7200.0,0.0
2273,50891,1021,3.0,5530.0,5.0
8738,53441,1015,3.0,3850.0,0.0
17048,56724,1025,1.0,4730.0,10.0
12804,55042,1053,1.0,3470.0,0.0
990,50391,1005,1.0,5510.0,0.0
18545,57317,1019,1.0,4560.0,0.0
5624,52225,1044,3.0,3230.0,20.0
12822,55049,1043,3.0,4500.0,0.0
20166,57990,1055,2.0,1380.0,5.0
18669,57370,1034,1.0,10530.0,5.0
10640,54189,1013,1.0,220.0,15.0
15046,55947,1066,1.0,3610.0,5.0
8815,53473,1046,1.0,3450.0,20.0
5664,52239,1050,1.0,7140.0,10.0
11524,54528,1036,4.0,6710.0,0.0
8541,53365,1032,4.0,1990.0,10.0
6244,52462,1017,3.0,3470.0,10.0
5890,52327,1063,1.0,1660.0,10.0
4573,51808,1005,1.0,5510.0,5.0
10737,54223,1039,1.0,8680.0,0.0
8459,53330,1067,2.0,4370.0,0.0
11315,54449,1008,2.0,6630.0,0.0
15908,56284,1057,1.0,2370.0,0.0
4180,51649,1003,2.0,2040.0,5.0
18684,57376,1024,2.0,9110.0,10.0
2771,51095,1013,4.0,220.0,25.0
9657,53809,1014,2.0,2270.0,10.0
9474,53734,1045,1.0,8330.0,0.0
1873,50732,1028,1.0,4510.0,0.0
16987,56698,1001,1.0,,15.0
5734,52267,1038,4.0,4270.0,15.0
18359,57243,1039,2.0,8680.0,0.0
15541,56139,1056,1.0,1230.0,0.0
4392,51736,1065,3.0,7400.0,0.0
7367,52894,1039,1.0,8680.0,0.0
14559,55751,1059,1.0,4580.0,0.0
7801,53072,1028,3.0,4510.0,10.0
16367,56458,1019,5.0,4560.0,5.0
1343,50528,1035,2.0,6470.0,0.0
15809,56246,1069,1.0,4090.0,0.0
6157,52429,1026,1.0,7010.0,10.0
2045,50795,1061,1.0,8080.0,0.0
2104,50819,1020,1.0,720.0,0.0
7436,52919,1029,1.0,3490.0,20.0
8233,53244,1052,1.0,6950.0,0.0
13139,55172,1021,1.0,5530.0,15.0
2517,50989,1036,2.0,6710.0,10.0
2270,50890,1010,1.0,8870.0,0.0
12190,54798,1051,1.0,7060.0,0.0
4831,51913,1057,3.0,2370.0,10.0
18578,57331,1016,3.0,3350.0,0.0
8529,53358,1063,1.0,1660.0,10.0
17477,56891,1066,4.0,3610.0,0.0
19480,57704,1028,1.0,4510.0,0.0
8426,53317,1068,1.0,10570.0,10.0
11231,54418,1018,2.0,3890.0,5.0
17025,56716,1066,4.0,3610.0,0.0
9617,53790,1061,1.0,8080.0,15.0
6361,52507,1075,1.0,2140.0,15.0
7150,52818,1074,1.0,1880.0,15.0
9796,53862,1042,2.0,590.0,0.0
17255,56801,1012,1.0,6600.0,5.0
13968,55502,1075,3.0,2140.0,0.0
18565,57326,1019,1.0,4560.0,0.0
165,50067,1050,1.0,7140.0,0.0
4915,51945,1074,1.0,1880.0,15.0
10702,54211,1053,2.0,3470.0,0.0
13597,55357,1018,1.0,3890.0,5.0
20069,57949,1003,1.0,2040.0,5.0
6693,52628,1056,3.0,1230.0,5.0
5980,52360,1051,3.0,7060.0,20.0
11327,54455,1054,1.0,1830.0,15.0
18860,57454,1030,,4290.0,10.0
15049,55948,1052,,6950.0,0.0
8918,53513,1045,1.0,8330.0,0.0
11022,54330,1070,1.0,2320.0,20.0
14069,55545,1032,2.0,1990.0,10.0
5826,52302,1013,1.0,220.0,0.0
14797,55845,1039,,8680.0,5.0
4924,51950,1011,1.0,4590.0,5.0
7963,53138,1041,1.0,700.0,0.0
13247,55218,1003,1.0,2040.0,0.0
17233,56793,1006,2.0,4150.0,5.0
18907,57470,1066,1.0,3610.0,0.0
7267,52860,1005,1.0,5510.0,5.0
775,50302,1027,1.0,7200.0,25.0
14141,55576,1016,4.0,3350.0,10.0
2069,50807,1073,1.0,6680.0,0.0
3401,51344,1039,4.0,8680.0,5.0
10597,54172,1031,1.0,9170.0,0.0
2194,50856,1001,4.0,6530.0,0.0
7263,52858,1011,1.0,4590.0,0.0
10142,53999,1008,1.0,6630.0,0.0
19178,57581,1003,2.0,2040.0,0.0
1209,50476,1058,1.0,5550.0,10.0
5645,52233,1074,1.0,,5.0
10128,53994,1010,1.0,8870.0,0.0
3990,51572,1039,2.0,8680.0,5.0
18983,57503,1065,1.0,7400.0,0.0
14435,55701,1050,3.0,7140.0,10.0
10006,53945,1026,1.0,7010.0,10.0
3693,51460,1031,1.0,9170.0,0.0
492,50190,1061,3.0,8080.0,25.0
10356,54077,1035,5.0,6470.0,0.0
15980,56309,1042,1.0,590.0,0.0
8892,53504,1030,3.0,4290.0,5.0
14308,55646,1057,2.0,2370.0,10.0
4214,51665,1024,3.0,9110.0,15.0
4701,51859,1047,1.0,5950.0,0.0
17262,56803,1070,3.0,2320.0,0.0
14741,55824,1060,1.0,5950.0,15.0
8764,53453,1054,2.0,1830.0,25.0
11689,54594,1048,2.0,7870.0,20.0
18487,57296,1039,2.0,8680.0,0.0
2600,51024,1054,2.0,1830.0,0.0
1427,50561,1041,1.0,700.0,5.0
7386,52899,1021,1.0,5530.0,10.0
4258,51684,1058,1.0,5550.0,0.0
14096,55556,1033,1.0,2910.0,5.0
2202,50859,1052,1.0,6950.0,0.0
19486,57707,1025,2.0,4730.0,0.0
15323,56050,1049,2.0,2810.0,10.0
10882,54275,1005,2.0,5510.0,5.0
12335,54858,1066,2.0,3610.0,0.0
13219,55205,1052,1.0,6950.0,0.0
11353,54465,1052,5.0,6950.0,5.0
18043,57113,1024,2.0,9110.0,10.0
18120,57145,1042,4.0,590.0,10.0
16989,56699,1027,3.0,7200.0,0.0
17757,57001,1054,1.0,1830.0,10.0
10586,54168,1014,2.0,2270.0,0.0
11186,54399,1075,1.0,2140.0,20.0
14236,55617,1061,4.0,8080.0,25.0
17752,57000,1064,1.0,7500.0,0.0
11476,54510,1041,5.0,700.0,5.0
2385,50936,1023,3.0,4290.0,5.0
4810,51901,1025,1.0,4730.0,5.0
13049,55137,1045,3.0,8330.0,0.0
3313,51309,1065,1.0,7400.0,25.0
11533,54533,1070,1.0,2320.0,0.0
15456,56105,1011,1.0,4590.0,0.0
1715,50669,1029,1.0,3490.0,10.0
14877,55875,1028,3.0,4510.0,20.0
4928,51952,1063,2.0,1660.0,5.0
2978,51177,1047,4.0,5950.0,0.0
16355,56453,1062,1.0,280.0,0.0
2817,51116,1017,2.0,3470.0,10.0
3099,51224,1015,1.0,3850.0,0.0
4761,51882,1032,3.0,1990.0,10.0
1556,50608,1041,1.0,700.0,5.0
11160,54387,1002,1.0,3080.0,0.0
9327,53673,1065,,7400.0,5.0
738,50287,1070,1.0,2320.0,10.0
2277,50892,1069,1.0,4090.0,0.0
18486,57295,1027,1.0,7200.0,0.0
9626,53794,1023,1.0,4290.0,0.0
5620,52224,1071,3.0,1670.0,5.0
3646,51442,1045,3.0,8330.0,20.0
6185,52440,1027,,7200.0,5.0
5807,52295,1068,2.0,10570.0,20.0
15116,55974,1066,1.0,3610.0,10.0
7907,53114,1065,1.0,7400.0,5.0
16964,56690,1031,2.0,9170.0,10.0
10011,53948,1036,1.0,6710.0,0.0
4208,51661,1031,2.0,9170.0,0.0
13078,55149,1024,1.0,9110.0,0.0
16200,56394,1069,5.0,4090.0,0.0
7596,52985,1023,1.0,4290.0,0.0
11248,54425,1062,3.0,280.0,10.0
11245,54423,1067,,4370.0,0.0
8530,53359,1056,1.0,1230.0,5.0
10944,54300,1029,1.0,3490.0,25.0
12208,54804,1020,1.0,720.0,15.0
4547,51797,1075,3.0,2140.0,5.0
315,50127,1008,3.0,6630.0,0.0
14675,55799,1073,3.0,6680.0,20.0
12327,54855,1043,3.0,4500.0,20.0
17611,56942,1013,1.0,220.0,0.0
12315,54850,1004,1.0,9380.0,0.0
8691,53424,1055,3.0,1380.0,10.0
3193,51262,1058,1.0,5550.0,0.0
1601,50624,1029,1.0,3490.0,
9818,53871,1024,1.0,9110.0,15.0
19230,57600,1018,2.0,3890.0,0.0
12408,54888,1055,1.0,1380.0,20.0
4140,51634,1026,5.0,7010.0,0.0
18699,57383,1073,1.0,6680.0,10.0
1483,50582,1021,1.0,5530.0,10.0
1759,50686,1052,3.0,6950.0,10.0
13275,55227,1033,1.0,2910.0,15.0
8031,53165,1075,1.0,2140.0,10.0
19888,57872,1037,1.0,2640.0,5.0
9736,53839,1010,1.0,8870.0,0.0
15709,56210,1035,1.0,6470.0,25.0
19283,57622,1035,1.0,6470.0,10.0
14379,55679,1055,1.0,1380.0,5.0
8044,53169,1029,2.0,3490.0,5.0
20085,57956,1055,1.0,1380.0,10.0
1247,50492,1056,1.0,1230.0,0.0
5377,52127,1038,1.0,4270.0,0.0
8747,53446,1061,2.0,8080.0,15.0
11420,54490,1070,1.0,2320.0,0.0
12384,54878,1038,2.0,4270.0,0.0
15024,55940,1059,2.0,4580.0,0.0
9687,53819,1025,1.0,4730.0,20.0
17140,56758,1023,1.0,4290.0,0.0
539,50211,1072,2.0,4390.0,0.0
12920,55084,1028,,4510.0,10.0
3760,51483,1066,3.0,3610.0,0.0
286,50115,1016,1.0,3350.0,10.0
2500,50982,1064,1.0,7500.0,15.0
540,50212,1057,1.0,2370.0,5.0
18246,57199,1029,2.0,3490.0,10.0
7423,52914,1059,1.0,4580.0,20.0
15592,56160,1049,1.0,2810.0,10.0
18581,57332,1028,1.0,4510.0,5.0
15448,56102,1036,3.0,6710.0,20.0
17435,56876,1047,1.0,5950.0,10.0
8854,53489,1021,2.0,5530.0,10.0
1100,50434,1050,1.0,7140.0,5.0
5370,52125,1051,1.0,7060.0,0.0
15134,55981,1071,5.0,1670.0,10.0
7417,52912,1009,2.0,6030.0,20.0
11966,54702,1075,2.0,2140.0,10.0
14860,55870,1024,1.0,9110.0,20.0
11774,54630,1015,1.0,,0.0
804,50317,1006,1.0,4150.0,20.0
15168,55994,1050,1.0,7140.0,10.0
20007,57922,1019,1.0,4560.0,5.0
19765,57818,1038,1.0,4270.0,0.0
2257,50885,1058,3.0,5550.0,0.0
15881,56273,1067,1.0,4370.0,0.0
14893,55881,1044,5.0,3230.0,10.0
7658,53011,1046,1.0,3450.0,0.0
324,50131,1019,2.0,4560.0,0.0
16241,56408,1057,3.0,2370.0,20.0
148,50062,1073,1.0,6680.0,0.0
5250,52079,1003,1.0,2040.0,15.0
1815,50708,1042,3.0,590.0,5.0
9232,53636,1063,1.0,1660.0,5.0
12468,54908,1059,1.0,4580.0,10.0
20029,57931,1075,1.0,2140.0,0.0
3870,51528,1024,2.0,9110.0,0.0
17074,56734,1054,4.0,1830.0,5.0
3575,51411,1011,1.0,4590.0,0.0
12330,54855,1018,1.0,3890.0,0.0
12755,55021,1023,1.0,4290.0,0.0
6952,52734,1044,1.0,3230.0,0.0
1584,50620,1052,1.0,6950.0,15.0
6521,52563,1051,1.0,7060.0,0.0
9035,53563,1029,1.0,3490.0,15.0
15566,56148,1041,1.0,700.0,0.0
18801,57428,1037,2.0,2640.0,0.0
16887,56660,1062,1.0,280.0,20.0
14402,55690,1037,2.0,2640.0,15.0
10672,54201,1066,1.0,3610.0,25.0
13361,55260,1070,5.0,2320.0,20.0
12444,54900,1061,2.0,8080.0,5.0
1710,50666,1029,1.0,3490.0,25.0
17869,57046,1071,1.0,1670.0,5.0
4294,51700,1017,1.0,3470.0,0.0
8253,53250,1069,4.0,4090.0,0.0
9602,53785,1070,1.0,2320.0,0.0
7445,52922,1065,2.0,7400.0,10.0
20012,57924,1056,2.0,1230.0,0.0
1095,50431,1023,1.0,4290.0,0.0
15532,56136,1064,5.0,7500.0,10.0
16686,56586,1052,1.0,6950.0,25.0
12092,54755,1049,1.0,2810.0,25.0
18989,57505,1010,2.0,8870.0,25.0
3814,51506,1069,1.0,4090.0,5.0
19854,57856,1026,3.0,7010.0,5.0
9076,53575,1016,1.0,3350.0,0.0
6162,52432,1007,4.0,,5.0
9195,53619,1029,3.0,3490.0,0.0
15864,56267,1066,1.0,3610.0,0.0
16371,56459,1050,2.0,7140.0,15.0
341,50137,1004,1.0,9380.0,0.0
6752,52654,1052,2.0,6950.0,5.0
13760,55422,1034,1.0,10530.0,20.0
18515,57305,1070,1.0,,5.0
17648,56957,1040,3.0,3060.0,0.0
946,50374,1016,2.0,3350.0,20.0
6597,52595,1025,1.0,4730.0,15.0
1966,50768,1001,3.0,6530.0,10.0
19660,57775,1043,1.0,4500.0,5.0
12459,54905,1050,1.0,7140.0,5.0
12647,54981,1029,1.0,3490.0,0.0
10264,54044,1062,3.0,,5.0
6960,52739,1046,1.0,3450.0,0.0
9996,53941,1034,2.0,10530.0,20.0
18075,57125,1025,2.0,4730.0,10.0
2173,50847,1018,1.0,3890.0,10.0
1223,50483,1036,1.0,6710.0,0.0
4127,51629,1041,1.0,700.0,5.0
5946,52346,1019,1.0,4560.0,10.0
18698,57383,1011,1.0,4590.0,0.0
6697,52631,1051,2.0,7060.0,0.0
4600,51819,1055,1.0,1380.0,15.0
9253,53646,1014,1.0,2270.0,0.0
4463,51767,1069,1.0,4090.0,15.0
15822,56253,1026,1.0,7010.0,10.0
19356,57654,1001,1.0,6530.0,5.0
12028,54728,1013,2.0,220.0,0.0
9533,53757,1064,1.0,7500.0,0.0
186,50074,1019,1.0,4560.0,
7700,53031,1017,1.0,3470.0,20.0
13620,55365,1044,1.0,3230.0,0.0
18508,57303,1072,2.0,4390.0,10.0
15096,55964,1006,2.0,4150.0,10.0
8987,53541,1022,1.0,3830.0,15.0
12426,54893,1022,1.0,3830.0,0.0
6872,52705,1073,3.0,6680.0,5.0
13863,55461,1002,4.0,3080.0,0.0
9864,53890,1031,1.0,9170.0,0.0
12466,54907,1026,2.0,7010.0,5.0
1259,50497,1010,1.0,8870.0,10.0
15565,56148,1018,2.0,3890.0,5.0
16181,56387,1063,2.0,1660.0,20.0
15903,56280,1053,1.0,3470.0,10.0
9201,53621,1073,3.0,6680.0,0.0
4872,51929,1013,1.0,220.0,0.0
4786,51892,1033,1.0,2910.0,0.0
6609,52598,1028,1.0,4510.0,15.0
12469,54908,1022,1.0,3830.0,15.0
19562,57735,1025,1.0,4730.0,10.0
3566,51408,1024,2.0,9110.0,0.0
11863,54665,1050,1.0,7140.0,0.0
16629,56566,1072,2.0,4390.0,10.0
4385,51734,1039,1.0,8680.0,15.0
819,50323,1009,1.0,6030.0,0.0
5382,52129,1009,2.0,6030.0,20.0
11165,54388,1013,1.0,220.0,20.0
6923,52722,1014,1.0,2270.0,
18419,57267,1034,3.0,10530.0,0.0
3945,51557,1036,1.0,6710.0,20.0
12659,54985,1061,2.0,8080.0,10.0
12043,54735,1004,1.0,9380.0,10.0
18519,57307,1015,2.0,3850.0,15.0
16124,56365,1037,1.0,2640.0,15.0
9560,53768,1030,2.0,4290.0,0.0
16471,56497,1024,5.0,9110.0,0.0
2746,51085,1005,2.0,5510.0,5.0
2209,50863,1039,,8680.0,25.0
13119,55164,1022,3.0,3830.0,10.0
1606,50626,1042,1.0,590.0,0.0
7131,52809,1002,1.0,3080.0,0.0
755,50295,1058,1.0,5550.0,10.0
19299,57629,1003,2.0,2040.0,0.0
959,50380,1008,5.0,6630.0,0.0
17938,57072,1010,1.0,8870.0,5.0
7985,53149,1040,2.0,3060.0,10.0
12087,54754,1008,3.0,6630.0,10.0
13213,55203,1044,2.0,3230.0,0.0
3471,51371,1027,5.0,7200.0,20.0
18024,57104,1067,2.0,4370.0,5.0
8080,53183,1048,1.0,7870.0,15.0
11752,54621,1065,3.0,7400.0,20.0
20148,57981,1024,,9110.0,10.0
18995,57507,1024,2.0,9110.0,0.0
15638,56180,1069,2.0,4090.0,0.0
925,50366,1014,,2270.0,0.0
2549,51002,1033,1.0,2910.0,0.0
19860,57858,1055,1.0,1380.0,0.0
16584,56548,1073,3.0,6680.0,5.0
11841,54658,1066,3.0,3610.0,10.0
11492,54516,1069,2.0,4090.0,0.0
13834,55451,1073,1.0,6680.0,5.0
8399,53306,1018,2.0,3890.0,10.0
17109,56748,1075,,2140.0,0.0
8349,53286,1073,1.0,6680.0,0.0
7256,52856,1019,2.0,4560.0,5.0
16635,56568,1034,1.0,10530.0,10.0
2921,51156,1030,1.0,4290.0,0.0
15464,56107,1022,2.0,3830.0,5.0
7268,52860,1002,1.0,3080.0,15.0
13509,55323,1065,1.0,7400.0,5.0
20188,57997,1039,1.0,8680.0,5.0
17632,56949,1049,4.0,2810.0,10.0
15552,56144,1074,2.0,1880.0,20.0
5168,52045,1044,1.0,3230.0,10.0
16280,56428,1026,2.0,7010.0,20.0
5528,52190,1066,1.0,3610.0,5.0
8504,53349,1005,2.0,5510.0,0.0
3600,51421,1001,2.0,6530.0,5.0
17844,57037,1035,4.0,6470.0,5.0
16191,56391,1040,1.0,3060.0,15.0
8679,53420,1008,5.0,6630.0,20.0
9776,53855,1004,2.0,9380.0,0.0
7549,52968,1019,1.0,4560.0,0.0
16771,56618,1028,1.0,4510.0,0.0
9417,53710,1052,1.0,6950.0,0.0
18550,57319,1013,2.0,220.0,5.0
17535,56913,1020,2.0,720.0,15.0
14781,55838,1035,1.0,6470.0,10.0
11230,54417,1050,1.0,7140.0,10.0
3681,51455,1074,1.0,1880.0,10.0
13951,55496,1010,3.0,8870.0,10.0
639,50249,1019,1.0,4560.0,0.0
10900,54282,1023,1.0,4290.0,5.0
2042,50793,1006,1.0,4150.0,0.0
8727,53438,1060,1.0,5950.0,0.0
19473,57701,1046,5.0,3450.0,15.0
5662,52238,1026,2.0,7010.0,0.0
18098,57135,1032,1.0,1990.0,5.0
1478,50579,1048,2.0,7870.0,0.0
12878,55069,1026,2.0,7010.0,0.0
19502,57712,1060,3.0,5950.0,5.0
14184,55592,1068,2.0,10570.0,10.0
5750,52273,1058,1.0,5550.0,0.0
502,50195,1055,2.0,1380.0,5.0
5823,52301,1050,1.0,7140.0,10.0
16854,56648,1066,2.0,3610.0,5.0
3404,51345,1039,1.0,8680.0,0.0
6330,52494,1056,2.0,1230.0,0.0
11063,54347,1056,3.0,1230.0,5.0
14228,55614,1044,3.0,3230.0,20.0
16462,56493,1011,2.0,4590.0,20.0
6435,52534,1044,2.0,3230.0,0.0
15944,56297,1016,3.0,3350.0,0.0
10315,54061,1062,1.0,280.0,5.0
4282,51694,1055,1.0,1380.0,0.0
16706,56592,1051,5.0,7060.0,0.0
8491,53344,1069,2.0,4090.0,5.0
16190,56391,1051,2.0,7060.0,20.0
10710,54215,1044,1.0,3230.0,0.0
16697,56589,1009,1.0,6030.0,5.0
8466,53333,1029,1.0,3490.0,5.0
19162,57575,1030,1.0,4290.0,0.0
11551,54541,1056,3.0,1230.0,5.0
14964,55914,1008,1.0,6630.0,0.0
622,50243,1025,1.0,4730.0,5.0
8601,53389,1015,2.0,3850.0,0.0
16521,56521,1056,4.0,1230.0,10.0
18998,57509,1031,1.0,9170.0,10.0
690,50267,1031,1.0,9170.0,0.0
17582,56931,1031,3.0,9170.0,0.0
7891,53108,1061,2.0,8080.0,20.0
6736,52649,1005,1.0,5510.0,0.0
12162,54789,1056,2.0,1230.0,5.0
13464,55303,1030,1.0,4290.0,0.0
18376,57250,1070,2.0,2320.0,10.0
18101,57136,1011,2.0,4590.0,10.0
19396,57669,1062,2.0,280.0,0.0
1804,50702,1008,5.0,6630.0,0.0
1766,50689,1041,3.0,700.0,0.0
9866,53890,1003,1.0,2040.0,10.0
1949,50760,1036,1.0,6710.0,10.0
8427,53318,1010,2.0,8870.0,5.0
12141,54779,1055,1.0,1380.0,5.0
3365,51331,1054,1.0,1830.0,0.0
11390,54478,1020,2.0,720.0,5.0
1396,50550,1062,2.0,280.0,5.0
2881,51143,1055,1.0,1380.0,0.0
20011,57924,1060,1.0,5950.0,5.0
2143,50834,1029,3.0,3490.0,0.0
3699,51462,1056,3.0,1230.0,0.0
17716,56986,1034,2.0,10530.0,0.0
9510,53749,1068,1.0,10570.0,5.0
747,50291,1019,1.0,4560.0,10.0
19014,57515,1035,1.0,6470.0,15.0
17746,56998,1053,1.0,3470.0,10.0
19154,57572,1019,1.0,4560.0,0.0
10478,54124,1056,1.0,1230.0,0.0
9485,53738,1066,2.0,3610.0,5.0
19924,57886,1005,3.0,5510.0,0.0
10122,53991,1053,,3470.0,10.0
11318,54450,1072,1.0,4390.0,15.0
2306,50904,1072,3.0,4390.0,10.0
8986,53541,1070,1.0,2320.0,25.0
15255,56026,1060,1.0,5950.0,5.0
13765,55425,1007,2.0,1100.0,10.0
4990,51977,1071,1.0,1670.0,5.0
17294,56816,1022,2.0,3830.0,5.0
13426,55285,1071,2.0,1670.0,0.0
6051,52388,1056,1.0,1230.0,0.0
3331,51315,1024,2.0,9110.0,5.0
9984,53936,1045,1.0,8330.0,25.0
2934,51160,1048,2.0,7870.0,10.0
265,50106,1021,1.0,5530.0,5.0
3803,51500,1005,2.0,5510.0,5.0
20142,57979,1072,2.0,4390.0,10.0
3613,51425,1041,3.0,700.0,0.0
4172,51647,1014,3.0,2270.0,15.0
18875,57460,1040,1.0,3060.0,5.0
6248,52463,1024,1.0,9110.0,5.0
7838,53085,1056,1.0,1230.0,25.0
17359,56842,1051,1.0,7060.0,0.0
1965,50768,1022,1.0,3830.0,0.0
20127,57975,1014,2.0,2270.0,20.0
6112,52409,1075,2.0,2140.0,20.0
16472,56498,1016,3.0,3350.0,0.0
2610,51029,1028,1.0,4510.0,5.0
17360,56842,1037,1.0,2640.0,0.0
345,50138,1052,2.0,6950.0,0.0
17093,56741,1047,1.0,5950.0,0.0
14391,55683,1052,1.0,6950.0,5.0
10388,54088,1052,1.0,6950.0,10.0
1772,50691,1026,1.0,7010.0,10.0
473,50185,1012,1.0,6600.0,20.0
10872,54272,1057,3.0,2370.0,0.0
18329,57232,1008,1.0,6630.0,0.0
4986,51974,1037,2.0,2640.0,0.0
3774,51488,1058,1.0,5550.0,20.0
13317,55244,1068,1.0,10570.0,20.0
2451,50962,1034,1.0,10530.0,0.0
1441,50566,1034,2.0,10530.0,5.0
16459,56492,1008,1.0,6630.0,0.0
6441,52535,1020,2.0,720.0,
10647,54192,1002,3.0,3080.0,10.0
1589,50621,1003,2.0,2040.0,0.0
4585,51811,1073,1.0,6680.0,10.0
5882,52323,1003,1.0,2040.0,10.0
17706,56981,1059,1.0,4580.0,5.0
1205,50474,1012,1.0,6600.0,5.0
3490,51377,1044,2.0,3230.0,0.0
6545,52571,1040,1.0,3060.0,10.0
10030,53955,1060,1.0,5950.0,0.0
12453,54903,1060,4.0,5950.0,25.0
76,50030,1038,1.0,4270.0,5.0
15713,56212,1035,1.0,6470.0,0.0
18389,57256,1054,1.0,1830.0,0.0
13183,55192,1069,1.0,4090.0,0.0
7870,53097,1005,1.0,5510.0,20.0
10036,53957,1036,1.0,6710.0,5.0
16013,56324,1072,1.0,4390.0,0.0
9946,53920,1049,2.0,2810.0,5.0
12135,54775,1036,3.0,6710.0,5.0
16123,56365,1001,4.0,6530.0,0.0
11523,54528,1001,3.0,6530.0,20.0
14312,55649,1014,2.0,2270.0,0.0
15107,55969,1051,1.0,7060.0,10.0
2893,51147,1052,1.0,6950.0,0.0
19874,57864,1061,1.0,8080.0,5.0
16099,56356,1015,3.0,3850.0,10.0
12830,55052,1039,1.0,8680.0,15.0
13444,55293,1037,1.0,2640.0,5.0
11986,54712,1049,1.0,2810.0,20.0
8307,53271,1031,1.0,9170.0,0.0
13340,55253,1071,1.0,1670.0,5.0
9226,53633,1017,1.0,3470.0,15.0
4027,51588,1071,1.0,1670.0,10.0
14024,55527,1040,1.0,3060.0,10.0
1599,50624,1075,2.0,2140.0,25.0
3207,51267,1024,1.0,9110.0,0.0
7474,52934,1042,1.0,590.0,0.0
5375,52127,1009,1.0,6030.0,5.0
15085,55960,1030,1.0,4290.0,0.0
5023,51992,1024,2.0,9110.0,5.0
14363,55673,1001,1.0,6530.0,0.0
14474,55717,1075,2.0,,5.0
2502,50982,1043,1.0,4500.0,0.0
6148,52425,1046,2.0,3450.0,5.0
14320,55652,1061,2.0,8080.0,
4434,51754,1065,1.0,7400.0,0.0
15248,56023,1073,1.0,6680.0,10.0
201,50081,1060,1.0,5950.0,15.0
18638,57355,1042,2.0,590.0,0.0
6630,52605,1040,1.0,3060.0,20.0
9594,53782,1006,1.0,4150.0,0.0
15721,56214,1022,5.0,3830.0,
9652,53807,1045,2.0,8330.0,10.0
12232,54814,1001,3.0,6530.0,25.0
1238,50488,1010,4.0,8870.0,0.0
12554,54942,1030,2.0,4290.0,20.0
18051,57116,1055,1.0,1380.0,25.0
4130,51630,1050,3.0,7140.0,10.0
13070,55145,1054,1.0,1830.0,5.0
13248,55218,1046,1.0,,0.0
17323,56827,1035,1.0,6470.0,10.0
11777,54631,1064,3.0,7500.0,10.0
10322,54063,1062,4.0,,10.0
11817,54648,1063,2.0,1660.0,5.0
12805,55042,1005,5.0,5510.0,5.0
9175,53612,1056,2.0,1230.0,10.0
16020,56328,1068,3.0,10570.0,5.0
5307,52101,1012,1.0,6600.0,0.0
394,50156,1012,1.0,6600.0,5.0
10387,54087,1012,2.0,6600.0,25.0
17600,56937,1011,1.0,4590.0,20.0
4265,51688,1006,1.0,4150.0,0.0
12360,54867,1009,3.0,6030.0,0.0
1847,50722,1021,1.0,5530.0,25.0
4913,51944,1025,1.0,4730.0,0.0
13539,55336,1012,2.0,6600.0,10.0
16593,56550,1055,1.0,1380.0,20.0
5468,52166,1002,3.0,3080.0,0.0
19140,57567,1037,2.0,2640.0,10.0
4617,51825,1063,2.0,1660.0,0.0
260,50105,1030,1.0,4290.0,5.0
7875,53100,1001,1.0,6530.0,0.0
14638,55783,1059,2.0,4580.0,5.0
20038,57936,1051,1.0,7060.0,0.0
376,50148,1008,2.0,6630.0,5.0
16532,56526,1034,3.0,10530.0,10.0
16673,56581,1022,1.0,3830.0,0.0
3192,51261,1061,1.0,8080.0,10.0
6013,52372,1055,1.0,1380.0,0.0
14594,55767,1041,1.0,700.0,5.0
10637,54188,1064,1.0,7500.0,0.0
2426,50952,1039,3.0,8680.0,0.0
14273,55632,1014,2.0,2270.0,10.0
5497,52177,1012,1.0,6600.0,5.0
6252,52464,1021,2.0,5530.0,0.0
13126,55166,1017,1.0,3470.0,15.0
2711,51068,1073,1.0,6680.0,0.0
9812,53868,1033,4.0,2910.0,0.0
10058,53966,1015,1.0,3850.0,0.0
2506,50983,1015,1.0,3850.0,10.0
13437,55289,1059,1.0,4580.0,0.0
11834,54654,1006,1.0,4150.0,0.0
10424,54102,1073,4.0,6680.0,10.0
11882,54671,1075,1.0,2140.0,15.0
2830,51121,1022,1.0,3830.0,5.0
17804,57020,1036,1.0,6710.0,5.0
2715,51069,1011,2.0,4590.0,0.0
9549,53764,1009,1.0,6030.0,5.0
12227,54813,1061,1.0,8080.0,5.0
14037,55531,1045,1.0,8330.0,5.0
5952,52348,1027,4.0,7200.0,10.0
15225,56016,1051,1.0,7060.0,0.0
18658,57366,1045,1.0,8330.0,0.0
11320,54451,1029,1.0,3490.0,0.0
11447,54499,1028,1.0,4510.0,15.0
5121,52029,1022,2.0,3830.0,5.0
16949,56684,1018,2.0,3890.0,10.0
7404,52906,1017,1.0,3470.0,10.0
18938,57484,1010,1.0,8870.0,0.0
11054,54344,1065,2.0,7400.0,20.0
7344,52886,1046,1.0,3450.0,25.0
2655,51047,1022,1.0,3830.0,0.0
10753,54229,1051,1.0,7060.0,0.0
10926,54293,1040,1.0,3060.0,5.0
384,50152,1015,1.0,3850.0,5.0
14793,55842,1035,1.0,6470.0,0.0
2180,50851,1060,3.0,5950.0,10.0
1054,50414,1017,1.0,3470.0,10.0
2334,50916,1001,3.0,6530.0,10.0
5539,52193,1041,2.0,700.0,10.0
7415,52911,1071,1.0,1670.0,5.0
1102,50435,1054,1.0,1830.0,5.0
6375,52513,1065,2.0,7400.0,10.0
3044,51203,1008,,6630.0,20.0
16781,56621,1068,1.0,10570.0,5.0
13082,55150,1037,2.0,2640.0,5.0
2057,50801,1074,1.0,1880.0,0.0
18284,57215,1009,2.0,6030.0,5.0
3016,51192,1052,1.0,6950.0,0.0
14336,55659,1015,2.0,3850.0,25.0
1036,50409,1003,1.0,2040.0,0.0
9689,53820,1029,1.0,3490.0,0.0
3842,51517,1034,3.0,10530.0,0.0
9734,53839,1019,3.0,4560.0,0.0
16390,56465,1042,1.0,590.0,0.0
14700,55809,1029,4.0,3490.0,10.0
4175,51647,1046,3.0,3450.0,0.0
16267,56421,1057,2.0,2370.0,10.0
10243,54036,1042,3.0,590.0,0.0
7094,52794,1063,3.0,,0.0
3558,51404,1055,1.0,1380.0,10.0
7468,52931,1025,1.0,4730.0,10.0
10380,54085,1069,2.0,4090.0,10.0
18186,57177,1050,4.0,7140.0,10.0
1113,50438,1021,1.0,5530.0,0.0
6338,52498,1003,2.0,2040.0,20.0
9480,53736,1018,1.0,3890.0,5.0
10952,54304,1052,4.0,6950.0,5.0
15371,56067,1018,1.0,3890.0,10.0
10249,54039,1047,2.0,5950.0,0.0
5124,52031,1023,1.0,4290.0,20.0
13338,55252,1072,1.0,4390.0,0.0
18659,57366,1006,2.0,4150.0,
3961,51561,1015,1.0,3850.0,15.0
8880,53500,1008,1.0,6630.0,0.0
9209,53625,1069,4.0,4090.0,15.0
10870,54271,1071,1.0,1670.0,15.0
2221,50869,1073,2.0,6680.0,0.0
2340,50918,1010,1.0,8870.0,0.0
11329,54455,1022,1.0,3830.0,5.0
18263,57208,1016,1.0,3350.0,10.0
1248,50492,1066,1.0,3610.0,5.0
11908,54681,1075,1.0,2140.0,10.0
19735,57805,1049,4.0,2810.0,0.0
10659,54196,1043,3.0,4500.0,5.0
14774,55836,1036,2.0,6710.0,10.0
6883,52708,1002,1.0,3080.0,0.0
18304,57222,1013,2.0,220.0,0.0
11474,54510,1069,2.0,4090.0,15.0
18154,57160,1052,2.0,6950.0,0.0
9168,53609,1011,4.0,4590.0,0.0
16675,56582,1066,1.0,3610.0,10.0
11892,54675,1064,2.0,7500.0,5.0
3439,51358,1033,3.0,2910.0,0.0
17290,56815,1071,2.0,1670.0,0.0
16391,56466,1001,2.0,6530.0,25.0
13228,55211,1066,1.0,3610.0,15.0
19776,57824,1073,1.0,6680.0,10.0
20076,57951,1034,4.0,10530.0,20.0
10869,54271,1023,1.0,4290.0,10.0
12251,54821,1003,2.0,2040.0,5.0
10217,54027,1028,1.0,4510.0,0.0
17959,57079,1006,1.0,4150.0,5.0
2134,50832,1009,1.0,6030.0,20.0
4164,51645,1011,4.0,4590.0,25.0
13127,55166,1037,2.0,2640.0,0.0
16201,56395,1041,3.0,700.0,5.0
1173,50461,1055,1.0,1380.0,5.0
13676,55387,1073,2.0,6680.0,25.0
16515,56518,1043,1.0,4500.0,20.0
4578,51809,1031,1.0,9170.0,10.0
9668,53814,1071,2.0,1670.0,15.0
6948,52733,1001,3.0,6530.0,0.0
44,50018,1063,1.0,1660.0,20.0
14322,55654,1006,1.0,4150.0,0.0
15608,56166,1071,2.0,1670.0,0.0
11108,54366,1069,2.0,4090.0,20.0
3258,51287,1029,1.0,3490.0,0.0
14511,55734,1033,1.0,2910.0,10.0
8025,53163,1042,4.0,590.0,15.0
5490,52174,1065,1.0,7400.0,20.0
3144,51240,1067,1.0,4370.0,5.0
5732,52266,1028,5.0,4510.0,0.0
15291,56039,1063,2.0,1660.0,5.0
4597,51818,1011,1.0,4590.0,20.0
7402,52905,1067,3.0,4370.0,15.0
13725,55407,1006,1.0,4150.0,5.0
11261,54429,1005,1.0,5510.0,10.0
4910,51944,1031,1.0,9170.0,0.0
9185,53615,1020,2.0,720.0,0.0
9630,53797,1016,3.0,3350.0,0.0
5848,52311,1011,2.0,4590.0,0.0
8215,53237,1065,1.0,7400.0,20.0
4280,51694,1049,4.0,2810.0,0.0
8824,53476,1058,4.0,5550.0,15.0
7392,52901,1054,1.0,1830.0,5.0
99,50041,1005,3.0,5510.0,5.0
768,50300,1010,1.0,8870.0,20.0
11263,54430,1038,2.0,4270.0,5.0
13440,55291,1034,1.0,10530.0,5.0
17979,57085,1001,3.0,6530.0,0.0
18634,57353,1009,3.0,6030.0,5.0
13141,55173,1073,2.0,6680.0,0.0
15789,56239,1050,1.0,7140.0,10.0
9506,53748,1042,1.0,590.0,0.0
9651,53806,1074,1.0,1880.0,0.0
7785,53066,1039,1.0,8680.0,20.0
16559,56537,1050,2.0,7140.0,0.0
12146,54781,1002,1.0,3080.0,10.0
8678,53419,1027,1.0,7200.0,10.0
8792,53462,1030,4.0,4290.0,15.0
14649,55787,1072,2.0,4390.0,5.0
13059,55142,1028,1.0,,10.0
20180,57994,1073,1.0,6680.0,0.0
16843,56644,1073,2.0,6680.0,0.0
19129,57563,1009,4.0,6030.0,0.0
16938,56680,1002,1.0,3080.0,0.0
2261,50888,1072,2.0,4390.0,0.0
10166,54008,1059,1.0,4580.0,10.0
299,50121,1042,1.0,590.0,0.0
7546,52966,1047,5.0,5950.0,15.0
7388,52900,1067,1.0,4370.0,10.0
19755,57814,1021,1.0,5530.0,0.0
18622,57350,1016,1.0,3350.0,0.0
20147,57981,1004,2.0,9380.0,25.0
20,50008,1023,1.0,4290.0,10.0
5119,52029,1049,1.0,2810.0,5.0
11457,54502,1007,1.0,1100.0,0.0
8219,53239,1025,3.0,4730.0,0.0
8019,53161,1011,1.0,4590.0,15.0
9569,53771,1026,3.0,7010.0,0.0
5928,52338,1034,2.0,10530.0,0.0
12679,54993,1019,2.0,4560.0,0.0
18723,57392,1055,1.0,1380.0,25.0
11300,54442,1023,2.0,4290.0,0.0
19215,57594,1028,2.0,4510.0,0.0
894,50354,1025,1.0,4730.0,25.0
1697,50662,1047,4.0,5950.0,15.0
12176,54793,1061,3.0,8080.0,10.0
18277,57213,1011,2.0,4590.0,5.0
13319,55246,1025,1.0,4730.0,0.0
8496,53347,1037,1.0,2640.0,15.0
1395,50549,1031,1.0,9170.0,20.0
10333,54067,1040,5.0,3060.0,5.0
6800,52674,1021,1.0,5530.0,5.0
6189,52441,1004,1.0,9380.0,0.0
3275,51293,1071,2.0,1670.0,0.0
13389,55268,1075,1.0,2140.0,0.0
15599,56162,1069,2.0,4090.0,0.0
3241,51281,1017,3.0,3470.0,15.0
490,50190,1020,1.0,720.0,10.0
3683,51456,1039,1.0,8680.0,0.0
7395,52903,1053,1.0,3470.0,0.0
5757,52274,1035,3.0,6470.0,10.0
14157,55583,1066,3.0,3610.0,25.0
10638,54189,1069,3.0,4090.0,5.0
9136,53599,1030,2.0,4290.0,5.0
16329,56444,1047,1.0,5950.0,15.0
19348,57651,1053,1.0,3470.0,5.0
5524,52188,1061,1.0,8080.0,15.0
12971,55104,1028,1.0,4510.0,5.0
12722,55007,1030,1.0,4290.0,25.0
13594,55356,1011,1.0,4590.0,20.0
14151,55580,1073,1.0,6680.0,5.0
18953,57489,1070,1.0,2320.0,25.0
17215,56785,1055,2.0,1380.0,
3413,51348,1046,1.0,3450.0,0.0
15390,56077,1031,1.0,9170.0,5.0
6379,52515,1011,3.0,4590.0,5.0
7665,53014,1014,1.0,2270.0,5.0
6141,52422,1037,1.0,2640.0,5.0
19265,57616,1016,3.0,3350.0,0.0
16660,56577,1061,1.0,8080.0,0.0
4503,51781,1066,1.0,3610.0,5.0
16397,56468,1028,1.0,4510.0,5.0
19816,57840,1072,1.0,4390.0,25.0
2137,50832,1044,2.0,3230.0,25.0
15629,56174,1053,2.0,3470.0,10.0
19677,57779,1053,1.0,3470.0,15.0
3067,51211,1046,2.0,3450.0,0.0
9180,53613,1030,3.0,4290.0,0.0
1787,50697,1056,1.0,1230.0,25.0
11458,54503,1038,3.0,4270.0,25.0
5910,52332,1044,2.0,3230.0,10.0
3105,51226,1042,1.0,590.0,15.0
9724,53835,1009,3.0,6030.0,10.0
1843,50721,1045,1.0,8330.0,20.0
3363,51330,1043,1.0,4500.0,10.0
7054,52777,1074,1.0,1880.0,0.0
5238,52074,1035,1.0,6470.0,0.0
17743,56997,1074,1.0,1880.0,10.0
12139,54778,1051,2.0,7060.0,10.0
15005,55930,1008,1.0,6630.0,10.0
4102,51621,1025,4.0,4730.0,0.0
1093,50430,1015,1.0,3850.0,25.0
15588,56158,1049,1.0,2810.0,5.0
3583,51414,1038,3.0,4270.0,0.0
12248,54819,1035,1.0,6470.0,15.0
18597,57338,1058,1.0,5550.0,20.0
19739,57807,1070,3.0,2320.0,5.0
4738,51873,1052,1.0,6950.0,0.0
1711,50667,1001,1.0,6530.0,5.0
3731,51472,1064,1.0,7500.0,25.0
14441,55704,1067,3.0,4370.0,0.0
10885,54277,1043,3.0,4500.0,0.0
7022,52761,1042,1.0,590.0,20.0
2266,50889,1027,1.0,7200.0,10.0
1518,50596,1040,1.0,3060.0,10.0
10236,54034,1001,2.0,6530.0,0.0
2308,50905,1025,1.0,4730.0,10.0
16725,56600,1025,3.0,4730.0,10.0
19692,57788,1025,4.0,4730.0,0.0
14621,55778,1012,2.0,6600.0,20.0
691,50267,1003,1.0,2040.0,0.0
15762,56229,1032,1.0,1990.0,0.0
1251,50494,1015,1.0,3850.0,0.0
4157,51641,1061,5.0,8080.0,10.0
6890,52710,1015,1.0,3850.0,0.0
11068,54349,1048,1.0,7870.0,0.0
13784,55433,1011,2.0,4590.0,0.0
5035,51996,1035,1.0,6470.0,0.0
16044,56336,1010,5.0,8870.0,20.0
12455,54904,1032,1.0,1990.0,15.0
13877,55467,1062,2.0,280.0,5.0
16939,56680,1026,2.0,7010.0,0.0
12319,54851,1046,1.0,3450.0,5.0
9789,53860,1010,1.0,8870.0,5.0
2342,50919,1006,3.0,4150.0,10.0
13301,55238,1058,1.0,5550.0,0.0
4355,51725,1033,2.0,2910.0,5.0
3667,51450,1055,1.0,1380.0,20.0
14119,55565,1021,3.0,5530.0,15.0
7427,52916,1053,1.0,3470.0,20.0
17344,56834,1033,2.0,2910.0,0.0
3025,51195,1006,1.0,,5.0
13941,55493,1027,1.0,7200.0,0.0
10516,54142,1025,2.0,4730.0,0.0
15919,56289,1014,1.0,2270.0,10.0
18175,57169,1071,1.0,1670.0,0.0
2834,51122,1066,2.0,3610.0,20.0
3602,51422,1053,1.0,3470.0,10.0
17649,56958,1047,1.0,5950.0,20.0
1575,50616,1007,1.0,1100.0,5.0
20043,57938,1067,2.0,4370.0,0.0
20005,57921,1060,1.0,5950.0,0.0
8139,53204,1035,1.0,6470.0,10.0
16422,56478,1062,5.0,280.0,0.0
1168,50459,1022,2.0,3830.0,0.0
18011,57097,1047,5.0,5950.0,5.0
3216,51270,1073,4.0,6680.0,0.0
3539,51398,1038,3.0,4270.0,15.0
3083,51218,1014,2.0,2270.0,0.0
7332,52882,1075,1.0,2140.0,0.0
4548,51798,1040,1.0,3060.0,10.0
15768,56230,1029,1.0,3490.0,25.0
14005,55517,1026,1.0,7010.0,0.0
14613,55773,1071,3.0,1670.0,0.0
1267,50501,1046,1.0,3450.0,0.0
5001,51981,1007,1.0,1100.0,25.0
4148,51638,1004,1.0,9380.0,15.0
11005,54324,1044,1.0,,10.0
2014,50784,1033,1.0,2910.0,0.0
11258,54428,1047,1.0,5950.0,5.0
1816,50709,1037,1.0,2640.0,5.0
18793,57425,1009,3.0,6030.0,0.0
14302,55645,1022,1.0,3830.0,0.0
13826,55448,1066,1.0,3610.0,10.0
17621,56946,1016,3.0,3350.0,0.0
11717,54605,1066,1.0,3610.0,0.0
4191,51654,1033,1.0,2910.0,0.0
1866,50728,1058,1.0,5550.0,15.0
19800,57835,1053,1.0,3470.0,5.0
17973,57084,1011,3.0,4590.0,5.0
9401,53703,1048,2.0,7870.0,10.0
2437,50956,1004,2.0,9380.0,15.0
4590,51815,1017,4.0,3470.0,15.0
13866,55463,1021,1.0,5530.0,20.0
15912,56286,1022,1.0,3830.0,10.0
7918,53119,1013,1.0,220.0,20.0
204,50082,1003,2.0,2040.0,0.0
19604,57753,1044,3.0,3230.0,0.0
7699,53030,1002,1.0,3080.0,25.0
7030,52766,1038,1.0,4270.0,5.0
5485,52172,1061,2.0,8080.0,5.0
19932,57890,1009,2.0,6030.0,0.0
992,50392,1071,1.0,1670.0,0.0
7708,53036,1017,3.0,3470.0,0.0
8924,53515,1025,3.0,4730.0,0.0
2177,50850,1059,4.0,4580.0,
4109,51623,1010,1.0,8870.0,0.0
15262,56030,1014,2.0,2270.0,0.0
6929,52725,1061,2.0,8080.0,0.0
1610,50629,1069,2.0,4090.0,5.0
1597,50623,1058,1.0,5550.0,15.0
15325,56051,1032,1.0,1990.0,0.0
12432,54896,1065,3.0,7400.0,20.0
6756,52655,1016,1.0,3350.0,0.0
15030,55943,1041,2.0,700.0,10.0
7986,53149,1050,1.0,7140.0,5.0
11975,54706,1002,1.0,3080.0,0.0
7309,52876,1021,1.0,5530.0,0.0
7613,52994,1004,1.0,9380.0,5.0
11128,54373,1039,2.0,8680.0,25.0
3653,51444,1022,2.0,3830.0,10.0
6102,52405,1036,3.0,6710.0,10.0
17476,56890,1040,1.0,3060.0,10.0
2414,50947,1059,1.0,4580.0,0.0
3392,51341,1002,4.0,3080.0,0.0
17883,57051,1017,1.0,3470.0,25.0
8005,53156,1058,1.0,5550.0,0.0
11085,54357,1021,1.0,5530.0,25.0
12529,54931,1003,3.0,2040.0,5.0
9720,53834,1022,5.0,3830.0,10.0
13128,55167,1044,2.0,3230.0,10.0
11612,54563,1017,1.0,3470.0,5.0
18313,57226,1056,1.0,1230.0,0.0
2945,51163,1068,2.0,10570.0,15.0
6854,52696,1025,1.0,4730.0,20.0
14782,55838,1072,1.0,4390.0,5.0
4521,51787,1017,1.0,3470.0,10.0
14227,55614,1003,3.0,2040.0,0.0
18762,57411,1062,3.0,280.0,10.0
6135,52421,1058,4.0,5550.0,0.0
18044,57114,1024,3.0,9110.0,5.0
20009,57923,1037,3.0,2640.0,0.0
19722,57800,1051,3.0,7060.0,5.0
19266,57616,1015,1.0,3850.0,0.0
4179,51649,1060,5.0,5950.0,10.0
19787,57828,1014,1.0,2270.0,0.0
2905,51151,1044,1.0,3230.0,0.0
18976,57499,1058,2.0,5550.0,10.0
7439,52920,1038,1.0,4270.0,20.0
11486,54514,1042,2.0,590.0,20.0
16330,56445,1014,1.0,2270.0,10.0
13774,55429,1074,1.0,1880.0,15.0
9850,53884,1009,1.0,6030.0,0.0
9142,53601,1061,1.0,8080.0,0.0
9938,53917,1038,1.0,,0.0
14584,55762,1015,1.0,3850.0,5.0
2322,50911,1025,3.0,4730.0,0.0
16704,56591,1058,2.0,5550.0,20.0
13378,55264,1005,1.0,5510.0,0.0
4687,51851,1040,1.0,3060.0,5.0
17868,57046,1072,1.0,4390.0,5.0
16116,56362,1002,3.0,3080.0,10.0
15945,56297,1051,1.0,7060.0,5.0
13698,55397,1040,1.0,3060.0,0.0
13372,55263,1016,1.0,3350.0,0.0
18504,57302,1010,2.0,8870.0,0.0
19161,57574,1066,1.0,3610.0,0.0
10084,53976,1063,4.0,1660.0,10.0
10145,54001,1022,2.0,3830.0,0.0
18747,57402,1002,2.0,,5.0
14072,55546,1061,3.0,8080.0,10.0
4036,51591,1032,2.0,1990.0,0.0
17143,56759,1062,5.0,280.0,20.0
12492,54918,1029,1.0,3490.0,
13929,55488,1060,4.0,5950.0,15.0
1399,50551,1044,1.0,3230.0,0.0
9705,53828,1053,2.0,3470.0,5.0
13681,55390,1051,3.0,7060.0,15.0
11575,54551,1019,2.0,4560.0,5.0
10501,54136,1060,3.0,5950.0,0.0
3809,51503,1047,1.0,5950.0,20.0
2085,50812,1003,1.0,2040.0,0.0
13967,55502,1072,1.0,4390.0,15.0
7277,52863,1069,1.0,4090.0,5.0
595,50233,1033,3.0,2910.0,0.0
14872,55874,1004,2.0,9380.0,25.0
8535,53362,1002,2.0,3080.0,10.0
13436,55289,1001,1.0,6530.0,20.0
3195,51262,1015,4.0,3850.0,0.0
11125,54373,1001,2.0,6530.0,20.0
10879,54274,1030,1.0,4290.0,0.0
10289,54051,1053,1.0,3470.0,0.0
17578,56930,1070,4.0,2320.0,0.0
5813,52297,1039,2.0,8680.0,0.0
6936,52728,1048,1.0,7870.0,5.0
14132,55572,1033,2.0,2910.0,5.0
4163,51644,1057,1.0,2370.0,10.0
251,50101,1007,1.0,1100.0,20.0
7565,52974,1012,1.0,6600.0,5.0
18705,57386,1013,2.0,220.0,15.0
19842,57852,1057,5.0,2370.0,0.0
783,50308,1043,1.0,4500.0,10.0
6052,52388,1046,3.0,3450.0,10.0
3586,51415,1052,1.0,6950.0,20.0
13011,55118,1026,2.0,7010.0,15.0
16167,56381,1024,2.0,9110.0,5.0
10432,54106,1069,1.0,4090.0,15.0
1162,50457,1026,1.0,7010.0,10.0
13701,55398,1007,1.0,1100.0,0.0
10092,53980,1035,2.0,6470.0,5.0
17728,56990,1034,4.0,10530.0,5.0
3379,51335,1068,1.0,10570.0,15.0
734,50286,1061,3.0,8080.0,15.0
4822,51907,1025,2.0,4730.0,0.0
3362,51329,1039,1.0,8680.0,0.0
5909,52332,1046,2.0,3450.0,0.0
2812,51114,1046,3.0,,0.0
926,50366,1038,1.0,4270.0,0.0
4784,51891,1004,4.0,9380.0,0.0
11132,54375,1066,1.0,3610.0,10.0
8964,53532,1017,2.0,3470.0,10.0
13485,55313,1033,3.0,2910.0,0.0
18997,57508,1073,1.0,6680.0,0.0
6909,52716,1057,1.0,2370.0,5.0
17066,56732,1073,1.0,6680.0,5.0
5963,52354,1021,3.0,5530.0,0.0
1225,50483,1007,1.0,1100.0,10.0
6241,52461,1044,1.0,3230.0,5.0
17194,56778,1039,1.0,8680.0,0.0
12420,54892,1074,1.0,1880.0,5.0
15190,56003,1011,1.0,4590.0,0.0
1089,50429,1070,1.0,2320.0,15.0
18083,57129,1041,2.0,700.0,0.0
10270,54046,1057,1.0,2370.0,0.0
2353,50923,1044,1.0,3230.0,5.0
6803,52677,1020,1.0,720.0,0.0
15960,56302,1025,1.0,4730.0,0.0
18763,57411,1058,1.0,5550.0,0.0
3792,51495,1059,1.0,4580.0,5.0
4259,51684,1041,1.0,700.0,0.0
20010,57924,1033,2.0,2910.0,0.0
11152,54384,1063,1.0,1660.0,0.0
2786,51102,1066,1.0,3610.0,0.0
6165,52433,1040,1.0,3060.0,
18452,57281,1056,2.0,1230.0,0.0
19578,57741,1071,4.0,1670.0,20.0
4330,51715,1004,1.0,9380.0,0.0
8639,53404,1048,1.0,7870.0,0.0
12173,54792,1012,3.0,6600.0,15.0
5342,52116,1033,2.0,2910.0,20.0
12962,55098,1007,2.0,1100.0,0.0
238,50096,1062,2.0,280.0,5.0
17617,56944,1020,1.0,720.0,0.0
17298,56817,1015,4.0,3850.0,0.0
2942,51162,1016,1.0,3350.0,20.0
15528,56134,1049,1.0,2810.0,0.0
11770,54629,1017,1.0,3470.0,5.0
13451,55298,1020,2.0,720.0,0.0
17622,56946,1030,1.0,4290.0,5.0
12719,55006,1075,1.0,2140.0,10.0
5094,52020,1023,2.0,4290.0,20.0
11509,54523,1044,1.0,3230.0,5.0
2669,51052,1030,1.0,4290.0,0.0
14204,55601,1026,1.0,7010.0,10.0
1860,50726,1052,1.0,6950.0,5.0
7217,52842,1011,1.0,4590.0,0.0
10446,54112,1064,1.0,7500.0,10.0
3763,51483,1004,2.0,9380.0,0.0
4975,51970,1017,1.0,3470.0,10.0
13911,55479,1043,2.0,4500.0,5.0
8788,53460,1028,1.0,4510.0,5.0
17842,57035,1066,3.0,3610.0,0.0
7660,53012,1060,2.0,5950.0,0.0
17837,57033,1001,1.0,6530.0,15.0
6365,52509,1064,3.0,7500.0,15.0
4661,51842,1049,1.0,2810.0,5.0
610,50239,1015,1.0,3850.0,5.0
3920,51547,1070,1.0,2320.0,5.0
9944,53919,1040,1.0,3060.0,0.0
19027,57523,1034,1.0,10530.0,0.0
10884,54276,1075,1.0,2140.0,10.0
19655,57774,1003,1.0,2040.0,15.0
20061,57945,1065,1.0,7400.0,5.0
20144,57980,1064,1.0,7500.0,5.0
17739,56995,1050,1.0,7140.0,0.0
16661,56577,1032,1.0,1990.0,0.0
18010,57097,1031,1.0,9170.0,0.0
3513,51385,1022,2.0,3830.0,10.0
9154,53605,1029,1.0,3490.0,10.0
18285,57216,1029,2.0,3490.0,10.0
10550,54155,1015,3.0,3850.0,10.0
17443,56879,1030,1.0,4290.0,10.0
1350,50532,1002,3.0,3080.0,0.0
147,50062,1063,1.0,1660.0,5.0
194,50078,1061,2.0,8080.0,0.0
8373,53295,1003,2.0,2040.0,0.0
3225,51273,1038,3.0,4270.0,20.0
11468,54508,1012,1.0,6600.0,5.0
6192,52443,1016,1.0,3350.0,20.0
10919,54290,1075,1.0,2140.0,5.0
19273,57618,1055,1.0,1380.0,15.0
843,50331,1042,2.0,590.0,5.0
9179,53613,1004,2.0,9380.0,5.0
11891,54674,1035,3.0,6470.0,5.0
1428,50561,1005,4.0,5510.0,10.0
19308,57634,1074,2.0,1880.0,0.0
6253,52465,1068,1.0,10570.0,0.0
11154,54385,1035,1.0,6470.0,0.0
19238,57604,1014,1.0,2270.0,5.0
12436,54897,1073,3.0,6680.0,20.0
5016,51987,1074,2.0,1880.0,0.0
267,50108,1020,2.0,720.0,0.0
3862,51524,1010,1.0,8870.0,0.0
18012,57097,1024,1.0,9110.0,0.0
11993,54716,1020,1.0,720.0,10.0
1618,50633,1037,1.0,2640.0,20.0
13300,55238,1061,1.0,,10.0
15853,56263,1054,5.0,1830.0,10.0
11814,54647,1067,1.0,4370.0,0.0
361,50143,1023,1.0,4290.0,0.0
12616,54970,1011,1.0,4590.0,10.0
1818,50710,1042,2.0,590.0,10.0
2110,50822,1051,2.0,7060.0,10.0
18460,57284,1059,2.0,4580.0,10.0
2201,50859,1056,1.0,1230.0,5.0
9432,53720,1064,1.0,7500.0,25.0
27,50010,1058,1.0,5550.0,15.0
7515,52952,1069,1.0,4090.0,0.0
10631,54185,1023,1.0,4290.0,5.0
2857,51132,1014,4.0,2270.0,10.0
16684,56584,1024,2.0,9110.0,15.0
10285,54050,1029,2.0,3490.0,10.0
13874,55466,1059,3.0,4580.0,5.0
17712,56984,1041,4.0,700.0,5.0
449,50175,1054,1.0,1830.0,0.0
9146,53602,1060,1.0,5950.0,0.0
13590,55355,1019,1.0,4560.0,5.0
3162,51248,1006,2.0,4150.0,10.0
5091,52018,1070,3.0,2320.0,15.0
18771,57414,1051,4.0,7060.0,0.0
3913,51544,1015,1.0,3850.0,20.0
17281,56810,1031,4.0,9170.0,0.0
2313,50906,1068,1.0,10570.0,0.0
11980,54710,1019,1.0,4560.0,5.0
14155,55581,1051,2.0,7060.0,25.0
11526,54529,1074,1.0,1880.0,0.0
17086,56739,1028,2.0,4510.0,0.0
4890,51937,1068,1.0,10570.0,15.0
14125,55568,1001,1.0,6530.0,20.0
9152,53604,1035,2.0,6470.0,15.0
401,50159,1023,2.0,4290.0,0.0
9788,53860,1055,1.0,1380.0,0.0
13956,55498,1047,2.0,,25.0
18335,57234,1067,4.0,4370.0,10.0
7767,53057,1050,2.0,7140.0,0.0
14267,55630,1026,1.0,7010.0,20.0
12107,54762,1031,2.0,9170.0,5.0
12125,54770,1057,1.0,2370.0,5.0
2639,51040,1004,1.0,9380.0,0.0
10577,54165,1023,1.0,4290.0,0.0
13179,55190,1029,3.0,3490.0,5.0
18626,57351,1044,1.0,3230.0,
13957,55499,1002,2.0,3080.0,5.0
10527,54145,1039,4.0,8680.0,20.0
18210,57185,1026,1.0,7010.0,0.0
10062,53967,1067,3.0,4370.0,20.0
1931,50755,1030,3.0,4290.0,20.0
15126,55978,1030,2.0,4290.0,10.0
4396,51737,1037,1.0,2640.0,5.0
12698,54999,1059,1.0,4580.0,15.0
19085,57545,1072,1.0,4390.0,15.0
10537,54149,1031,3.0,9170.0,0.0
2465,50969,1058,1.0,5550.0,0.0
2737,51081,1073,1.0,6680.0,5.0
465,50181,1008,1.0,6630.0,20.0
7319,52878,1043,1.0,4500.0,10.0
16866,56652,1006,1.0,4150.0,15.0
10660,54196,1035,1.0,6470.0,5.0
1380,50543,1075,1.0,,5.0
13691,55394,1034,1.0,10530.0,15.0
9643,53802,1003,2.0,2040.0,0.0
1056,50415,1014,1.0,2270.0,10.0
1727,50674,1059,3.0,4580.0,0.0
8431,53319,1038,1.0,4270.0,10.0
5277,52089,1065,1.0,7400.0,10.0
16278,56427,1005,2.0,5510.0,0.0
9098,53582,1060,1.0,5950.0,0.0
3817,51507,1074,1.0,1880.0,0.0
845,50331,1043,2.0,4500.0,15.0
2637,51039,1063,2.0,1660.0,0.0
10727,54220,1022,2.0,3830.0,10.0
19948,57896,1005,3.0,5510.0,0.0
4448,51760,1040,3.0,3060.0,0.0
13806,55441,1019,3.0,4560.0,10.0
9101,53585,1057,,2370.0,15.0
5198,52059,1062,1.0,280.0,15.0
13008,55117,1075,3.0,2140.0,0.0
7019,52760,1040,4.0,3060.0,5.0
2260,50887,1012,1.0,6600.0,0.0
7071,52785,1043,,4500.0,15.0
6497,52555,1074,4.0,1880.0,10.0
7010,52757,1037,1.0,2640.0,0.0
14317,55651,1053,1.0,3470.0,0.0
8531,53359,1072,1.0,4390.0,25.0
12849,55058,1057,2.0,2370.0,0.0
3871,51528,1049,1.0,2810.0,0.0
10185,54015,1054,1.0,1830.0,0.0
8520,53354,1024,5.0,9110.0,0.0
210,50084,1050,2.0,7140.0,5.0
10263,54044,1003,1.0,2040.0,5.0
3572,51410,1064,1.0,7500.0,0.0
10544,54152,1074,1.0,1880.0,0.0
16343,56448,1032,2.0,1990.0,10.0
4252,51681,1072,1.0,4390.0,10.0
4064,51602,1035,1.0,6470.0,10.0
7339,52885,1040,1.0,3060.0,15.0
3329,51314,1050,1.0,7140.0,5.0
14006,55518,1021,1.0,5530.0,0.0
19095,57548,1026,2.0,7010.0,10.0
14775,55836,1034,2.0,10530.0,0.0
19468,57699,1008,3.0,6630.0,20.0
11728,54610,1035,1.0,6470.0,0.0
15370,56066,1036,1.0,6710.0,0.0
9174,53612,1006,1.0,4150.0,0.0
3555,51404,1001,1.0,6530.0,10.0
18927,57480,1001,1.0,6530.0,0.0
10883,54276,1003,2.0,2040.0,25.0
2803,51109,1009,1.0,6030.0,0.0
18855,57452,1006,1.0,4150.0,20.0
5733,52267,1006,1.0,4150.0,10.0
10771,54235,1034,1.0,10530.0,10.0
8755,53449,1054,3.0,1830.0,5.0
2092,50815,1047,1.0,5950.0,5.0
8692,53425,1066,1.0,3610.0,5.0
19611,57755,1040,2.0,3060.0,0.0
11444,54498,1044,3.0,3230.0,20.0
8864,53493,1022,1.0,3830.0,20.0
6769,52661,1043,1.0,,5.0
18213,57186,1018,3.0,3890.0,5.0
10536,54149,1062,1.0,280.0,10.0
5209,52064,1074,2.0,1880.0,15.0
18630,57352,1069,1.0,4090.0,0.0
16575,56544,1067,1.0,4370.0,20.0
12155,54784,1007,3.0,1100.0,0.0
5841,52308,1023,1.0,4290.0,15.0
14107,55561,1072,2.0,4390.0,0.0
10673,54201,1038,1.0,4270.0,5.0
2967,51172,1051,2.0,7060.0,5.0
13743,55414,1004,3.0,9380.0,0.0
19031,57524,1059,1.0,4580.0,5.0
4097,51618,1055,1.0,1380.0,10.0
18111,57141,1055,1.0,1380.0,20.0
18715,57390,1010,1.0,8870.0,0.0
2119,50824,1057,1.0,2370.0,0.0
5915,52334,1036,1.0,6710.0,10.0
197,50079,1030,1.0,4290.0,5.0
7274,52862,1071,2.0,1670.0,0.0
6891,52710,1016,1.0,3350.0,10.0
19877,57866,1050,3.0,7140.0,0.0
14712,55815,1039,1.0,8680.0,0.0
11702,54598,1058,1.0,5550.0,5.0
4279,51693,1037,3.0,2640.0,0.0
2420,50950,1042,2.0,590.0,25.0
10902,54283,1067,2.0,4370.0,0.0
19030,57524,1014,1.0,2270.0,20.0
18703,57385,1062,2.0,280.0,25.0
3461,51366,1025,1.0,4730.0,5.0
8356,53289,1014,1.0,2270.0,0.0
8886,53502,1006,1.0,4150.0,15.0
6993,52751,1054,2.0,1830.0,0.0
8415,53312,1063,1.0,1660.0,10.0
2866,51134,1044,3.0,3230.0,15.0
14298,55644,1066,2.0,3610.0,10.0
13276,55228,1046,3.0,3450.0,15.0
7400,52905,1040,1.0,3060.0,0.0
16095,56355,1035,2.0,6470.0,0.0
13193,55195,1068,1.0,10570.0,10.0
6284,52475,1050,1.0,7140.0,0.0
12918,55083,1070,1.0,2320.0,0.0
16108,56359,1068,1.0,10570.0,20.0
17190,56777,1068,1.0,10570.0,0.0
3395,51342,1057,1.0,2370.0,0.0
19760,57816,1047,3.0,5950.0,0.0
12637,54978,1002,2.0,3080.0,10.0
4381,51733,1022,3.0,3830.0,15.0
8063,53176,1037,2.0,2640.0,5.0
4735,51872,1062,2.0,280.0,15.0
7828,53081,1023,3.0,4290.0,15.0
16621,56560,1004,1.0,9380.0,0.0
13385,55267,1056,1.0,1230.0,15.0
4058,51599,1064,1.0,7500.0,25.0
3789,51494,1050,2.0,7140.0,20.0
11002,54323,1031,3.0,9170.0,0.0
9816,53870,1066,3.0,3610.0,5.0
16363,56456,1040,1.0,3060.0,25.0
17380,56850,1063,3.0,1660.0,5.0
14912,55890,1067,1.0,4370.0,0.0
7228,52846,1062,1.0,280.0,0.0
6289,52477,1041,1.0,700.0,10.0
10760,54232,1020,2.0,720.0,0.0
19395,57669,1028,2.0,4510.0,5.0
16991,56701,1060,1.0,5950.0,10.0
7025,52763,1014,2.0,2270.0,5.0
17227,56789,1067,2.0,4370.0,15.0
5872,52319,1027,1.0,7200.0,25.0
7122,52805,1069,2.0,4090.0,15.0
15352,56060,1004,1.0,9380.0,5.0
12281,54833,1019,1.0,4560.0,25.0
1627,50635,1063,2.0,1660.0,15.0
19400,57670,1025,,4730.0,0.0
12558,54943,1001,1.0,6530.0,0.0
3523,51389,1001,1.0,6530.0,15.0
2318,50908,1061,1.0,8080.0,5.0
5079,52012,1036,1.0,6710.0,10.0
5083,52013,1056,1.0,1230.0,0.0
17919,57066,1066,1.0,3610.0,10.0
15020,55939,1048,1.0,7870.0,10.0
12699,54999,1071,1.0,1670.0,5.0
18719,57391,1056,1.0,1230.0,0.0
7803,53073,1051,3.0,7060.0,0.0
4493,51777,1016,1.0,3350.0,15.0
2636,51039,1040,1.0,3060.0,15.0
16350,56450,1045,1.0,8330.0,20.0
17067,56732,1042,1.0,590.0,0.0
10662,54197,1024,1.0,9110.0,10.0
13593,55356,1074,1.0,1880.0,0.0
9681,53818,1013,2.0,220.0,15.0
681,50264,1003,1.0,2040.0,0.0
6469,52544,1029,1.0,3490.0,0.0
17267,56805,1018,1.0,3890.0,0.0
8313,53273,1059,1.0,,15.0
13555,55341,1024,1.0,9110.0,20.0
19887,57872,1007,2.0,1100.0,10.0
10768,54234,1006,1.0,4150.0,15.0
15705,56208,1033,1.0,2910.0,0.0
7843,53088,1035,1.0,6470.0,0.0
11150,54382,1005,3.0,5510.0,0.0
6540,52570,1056,3.0,1230.0,0.0
2376,50933,1044,5.0,3230.0,10.0
1656,50646,1046,3.0,3450.0,0.0
15402,56082,1072,1.0,4390.0,5.0
13170,55185,1069,2.0,4090.0,20.0
1191,50466,1012,,6600.0,5.0
259,50105,1018,1.0,3890.0,0.0
15185,56001,1073,2.0,6680.0,15.0
5308,52101,1020,1.0,720.0,0.0
16157,56377,1065,1.0,7400.0,10.0
4177,51648,1047,2.0,5950.0,0.0
19329,57644,1074,4.0,1880.0,0.0
11172,54391,1049,2.0,2810.0,5.0
6798,52673,1032,1.0,1990.0,10.0
6110,52408,1039,1.0,8680.0,20.0
2272,50890,1067,2.0,4370.0,20.0
5077,52011,1064,2.0,7500.0,15.0
18960,57492,1012,1.0,6600.0,20.0
806,50317,1028,1.0,4510.0,10.0
5348,52118,1045,2.0,8330.0,10.0
18303,57222,1057,1.0,2370.0,10.0
15010,55933,1053,2.0,3470.0,
10179,54013,1009,3.0,6030.0,0.0
17039,56721,1073,3.0,6680.0,15.0
17587,56933,1060,2.0,5950.0,25.0
11653,54579,1058,1.0,5550.0,10.0
18729,57394,1048,1.0,7870.0,5.0
1015,50401,1025,3.0,4730.0,10.0
14091,55554,1031,1.0,9170.0,0.0
13580,55352,1040,5.0,3060.0,0.0
14540,55744,1011,1.0,4590.0,5.0
13430,55287,1027,1.0,7200.0,5.0
8238,53245,1017,1.0,3470.0,0.0
415,50163,1031,1.0,9170.0,0.0
12119,54768,1071,1.0,1670.0,25.0
13429,55287,1067,1.0,4370.0,0.0
11981,54710,1033,1.0,2910.0,20.0
1112,50438,1075,1.0,2140.0,15.0
7976,53145,1051,3.0,7060.0,10.0
2532,50994,1018,1.0,3890.0,0.0
10164,54007,1041,3.0,700.0,5.0
15772,56232,1024,2.0,9110.0,0.0
4931,51954,1017,1.0,3470.0,15.0
11936,54690,1059,1.0,4580.0,0.0
15454,56103,1017,1.0,3470.0,5.0
8469,53333,1017,1.0,3470.0,0.0
12595,54958,1032,1.0,1990.0,0.0
8942,53522,1075,3.0,2140.0,
16222,56402,1071,1.0,1670.0,0.0
15087,55961,1015,2.0,3850.0,15.0
1260,50497,1002,2.0,3080.0,25.0
7201,52836,1019,1.0,4560.0,0.0
15930,56291,1057,4.0,2370.0,10.0
7712,53037,1051,1.0,7060.0,5.0
5014,51986,1001,1.0,6530.0,5.0
6911,52717,1029,3.0,3490.0,0.0
14644,55785,1019,,4560.0,0.0
18711,57389,1048,4.0,7870.0,0.0
4508,51783,1011,4.0,4590.0,0.0
13239,55215,1009,1.0,6030.0,10.0
5806,52294,1063,1.0,1660.0,0.0
15667,56191,1043,4.0,4500.0,0.0
12257,54823,1049,1.0,2810.0,5.0
8587,53385,1054,1.0,1830.0,0.0
15823,56253,1014,1.0,2270.0,20.0
2252,50882,1046,1.0,3450.0,0.0
14097,55556,1004,2.0,9380.0,25.0
7107,52799,1032,1.0,1990.0,10.0
19810,57839,1053,1.0,3470.0,5.0
9793,53861,1048,1.0,7870.0,20.0
11116,54369,1003,1.0,2040.0,0.0
3414,51348,1048,3.0,7870.0,15.0
5161,52043,1070,2.0,2320.0,20.0
19280,57621,1059,1.0,4580.0,0.0
2395,50940,1014,1.0,2270.0,20.0
16646,56572,1056,1.0,1230.0,5.0
14425,55697,1006,1.0,4150.0,0.0
12928,55086,1049,1.0,2810.0,5.0
2802,51108,1007,2.0,1100.0,10.0
7261,52858,1020,3.0,720.0,20.0
8600,53389,1063,4.0,1660.0,0.0
18327,57231,1063,2.0,1660.0,0.0
11591,54557,1050,3.0,7140.0,0.0
8920,53514,1023,3.0,4290.0,10.0
11723,54609,1015,2.0,3850.0,10.0
6450,52538,1075,2.0,2140.0,0.0
13825,55448,1001,1.0,6530.0,5.0
2728,51076,1012,1.0,6600.0,10.0
15703,56206,1042,1.0,590.0,0.0
4790,51893,1072,1.0,4390.0,5.0
10292,54051,1046,1.0,3450.0,0.0
7505,52947,1035,2.0,6470.0,15.0
6728,52645,1008,1.0,6630.0,5.0
364,50144,1063,2.0,1660.0,25.0
5150,52040,1010,4.0,8870.0,0.0
15095,55964,1016,1.0,3350.0,0.0
5800,52293,1044,3.0,3230.0,0.0
19827,57846,1022,1.0,3830.0,0.0
11032,54335,1070,1.0,2320.0,10.0
18713,57390,1002,1.0,3080.0,10.0
17424,56871,1042,1.0,590.0,5.0
7283,52865,1054,1.0,1830.0,0.0
16711,56594,1012,1.0,6600.0,10.0
12552,54941,1036,1.0,6710.0,0.0
1071,50422,1069,1.0,4090.0,10.0
46,50018,1013,1.0,220.0,20.0
5522,52187,1059,1.0,4580.0,0.0
1234,50486,1053,2.0,3470.0,10.0
11869,54667,1041,1.0,700.0,5.0
1455,50571,1003,1.0,2040.0,15.0
5064,52006,1073,1.0,6680.0,10.0
1682,50657,1002,1.0,3080.0,
12416,54891,1053,1.0,3470.0,20.0
13692,55394,1039,2.0,8680.0,0.0
13755,55419,1031,2.0,9170.0,0.0
4276,51692,1014,1.0,2270.0,5.0
18214,57187,1007,1.0,1100.0,0.0
14274,55632,1053,2.0,3470.0,0.0
7467,52931,1007,3.0,1100.0,15.0
18402,57260,1020,3.0,720.0,0.0
12935,55089,1039,1.0,8680.0,
12587,54955,1059,1.0,4580.0,10.0
15625,56173,1064,1.0,7500.0,20.0
13467,55305,1051,1.0,7060.0,20.0
10440,54109,1065,1.0,7400.0,0.0
10670,54200,1019,1.0,,0.0
13820,55447,1065,1.0,7400.0,15.0
8049,53172,1073,2.0,6680.0,10.0
9703,53826,1066,2.0,3610.0,0.0
8928,53516,1018,5.0,3890.0,0.0
77,50031,1066,1.0,3610.0,0.0
5697,52253,1058,1.0,5550.0,15.0
13245,55217,1023,1.0,4290.0,5.0
16213,56399,1017,2.0,3470.0,0.0
1313,50517,1046,2.0,3450.0,5.0
12736,55012,1025,2.0,4730.0,0.0
18971,57496,1002,2.0,3080.0,25.0
2606,51027,1006,3.0,4150.0,0.0
13072,55146,1032,2.0,1990.0,20.0
4646,51836,1001,1.0,6530.0,0.0
17075,56734,1003,5.0,2040.0,15.0
12757,55021,1061,2.0,8080.0,5.0
11668,54585,1011,1.0,4590.0,10.0
4993,51979,1041,2.0,700.0,10.0
5707,52256,1006,1.0,4150.0,0.0
14135,55573,1020,1.0,720.0,0.0
17209,56783,1072,1.0,4390.0,0.0
1935,50756,1003,1.0,2040.0,20.0
2020,50787,1011,1.0,4590.0,15.0
7024,52762,1064,1.0,7500.0,20.0
5740,52269,1050,2.0,7140.0,15.0
5581,52210,1006,2.0,4150.0,10.0
2250,50882,1013,1.0,220.0,10.0
11,50004,1044,1.0,3230.0,5.0
19889,57872,1005,3.0,5510.0,10.0
13868,55463,1052,1.0,6950.0,0.0
156,50065,1010,1.0,8870.0,0.0
5180,52050,1037,1.0,2640.0,10.0
2968,51172,1004,1.0,9380.0,15.0
13158,55180,1029,3.0,3490.0,5.0
6453,52539,1032,1.0,1990.0,0.0
19716,57799,1057,2.0,2370.0,5.0
6639,52610,1008,1.0,6630.0,0.0
5784,52285,1069,1.0,4090.0,15.0
9716,53832,1044,1.0,3230.0,5.0
12561,54944,1068,1.0,10570.0,20.0
520,50201,1069,2.0,4090.0,15.0
9640,53800,1033,1.0,2910.0,15.0
6552,52574,1040,1.0,3060.0,25.0
571,50225,1037,1.0,2640.0,0.0
12570,54947,1072,1.0,4390.0,15.0
4999,51981,1043,3.0,4500.0,0.0
17448,56881,1029,1.0,3490.0,0.0
16959,56688,1056,2.0,1230.0,5.0
15997,56318,1036,1.0,6710.0,10.0
9092,53581,1012,2.0,6600.0,0.0
14899,55884,1047,2.0,5950.0,10.0
8363,53292,1026,1.0,7010.0,10.0
8507,53351,1071,2.0,1670.0,0.0
19121,57560,1042,1.0,590.0,10.0
6503,52557,1009,3.0,6030.0,0.0
8584,53383,1066,4.0,3610.0,0.0
13601,55359,1031,3.0,9170.0,5.0
19871,57863,1010,1.0,8870.0,0.0
11931,54689,1069,1.0,4090.0,10.0
19614,57756,1027,1.0,7200.0,20.0
375,50148,1039,2.0,8680.0,5.0
5200,52061,1021,1.0,5530.0,20.0
7863,53094,1066,1.0,3610.0,5.0
9674,53816,1041,2.0,700.0,5.0
5461,52164,1064,1.0,7500.0,10.0
1139,50449,1021,1.0,5530.0,5.0
11710,54602,1030,1.0,4290.0,5.0
8859,53490,1056,3.0,,5.0
15598,56161,1057,2.0,2370.0,10.0
14126,55569,1060,1.0,5950.0,15.0
14205,55602,1016,1.0,3350.0,0.0
9177,53613,1038,1.0,4270.0,15.0
14841,55862,1064,1.0,7500.0,10.0
503,50195,1012,1.0,6600.0,0.0
8309,53271,1034,3.0,10530.0,5.0
18116,57143,1028,1.0,4510.0,10.0
17888,57052,1071,1.0,1670.0,5.0
19528,57721,1058,5.0,5550.0,5.0
19412,57674,1023,1.0,4290.0,5.0
3433,51355,1030,1.0,4290.0,5.0
17391,56857,1033,1.0,2910.0,20.0
13383,55266,1067,1.0,4370.0,0.0
19270,57617,1051,1.0,7060.0,0.0
15862,56267,1067,2.0,4370.0,15.0
16847,56645,1065,1.0,7400.0,0.0
6789,52668,1051,1.0,7060.0,0.0
9503,53747,1034,1.0,10530.0,0.0
18521,57308,1053,2.0,3470.0,15.0
3054,51207,1056,2.0,1230.0,25.0
2470,50971,1004,1.0,9380.0,15.0
11441,54497,1075,1.0,2140.0,10.0
8071,53180,1045,3.0,8330.0,0.0
873,50345,1048,3.0,7870.0,0.0
18331,57233,1016,1.0,3350.0,10.0
9629,53796,1037,1.0,2640.0,5.0
11992,54715,1022,2.0,3830.0,25.0
4350,51723,1030,2.0,4290.0,0.0
6046,52386,1004,2.0,9380.0,15.0
2536,50996,1059,1.0,4580.0,0.0
2035,50791,1003,2.0,2040.0,20.0
16101,56356,1033,2.0,2910.0,0.0
9949,53921,1028,2.0,4510.0,0.0
13282,55230,1057,1.0,2370.0,10.0
3496,51379,1051,2.0,7060.0,0.0
10651,54193,1063,1.0,1660.0,10.0
4540,51794,1072,2.0,4390.0,15.0
3138,51239,1021,1.0,5530.0,0.0
1308,50515,1004,1.0,9380.0,0.0
2641,51041,1014,1.0,2270.0,0.0
9425,53714,1022,1.0,3830.0,15.0
3686,51457,1050,1.0,7140.0,20.0
4967,51967,1071,2.0,1670.0,20.0
9959,53925,1065,1.0,,10.0
2292,50898,1020,5.0,720.0,0.0
2264,50888,1030,2.0,4290.0,10.0
14398,55686,1042,3.0,590.0,10.0
6156,52428,1061,1.0,8080.0,0.0
6691,52627,1005,2.0,5510.0,
19876,57865,1004,1.0,9380.0,0.0
8603,53390,1056,1.0,1230.0,10.0
11976,54707,1037,1.0,2640.0,20.0
4170,51646,1025,3.0,4730.0,0.0
13446,55295,1006,1.0,4150.0,0.0
3019,51193,1041,1.0,700.0,10.0
1876,50733,1053,1.0,3470.0,5.0
7883,53103,1050,1.0,7140.0,15.0
11873,54669,1025,1.0,4730.0,10.0
5173,52048,1013,3.0,220.0,10.0
7437,52919,1036,1.0,6710.0,15.0
1799,50700,1013,4.0,220.0,5.0
3690,51459,1028,1.0,4510.0,0.0
2841,51126,1048,3.0,7870.0,10.0
18396,57258,1059,1.0,4580.0,10.0
619,50242,1059,3.0,4580.0,5.0
17688,56975,1075,1.0,2140.0,0.0
368,50145,1031,2.0,9170.0,0.0
17981,57086,1044,2.0,3230.0,0.0
9221,53632,1069,2.0,4090.0,0.0
15197,56006,1074,3.0,1880.0,0.0
18871,57459,1022,1.0,3830.0,0.0
5796,52292,1050,2.0,7140.0,10.0
5071,52009,1037,1.0,2640.0,0.0
904,50357,1037,1.0,2640.0,10.0
18019,57101,1040,2.0,3060.0,25.0
9029,53560,1038,1.0,4270.0,0.0
14736,55823,1075,3.0,2140.0,0.0
13061,55143,1022,2.0,3830.0,0.0
3141,51240,1075,1.0,2140.0,0.0
1510,50593,1052,1.0,6950.0,10.0
3075,51215,1015,1.0,3850.0,0.0
18455,57282,1041,2.0,700.0,0.0
17214,56785,1007,2.0,1100.0,0.0
2547,51001,1048,1.0,7870.0,10.0
15686,56199,1072,1.0,4390.0,10.0
413,50163,1063,1.0,1660.0,10.0
16602,56552,1040,2.0,3060.0,5.0
9721,53835,1051,2.0,7060.0,0.0
11831,54653,1024,1.0,9110.0,5.0
5285,52092,1052,1.0,6950.0,25.0
19079,57544,1034,1.0,10530.0,15.0
15928,56291,1049,1.0,2810.0,0.0
7959,53135,1070,1.0,2320.0,0.0
16410,56472,1055,1.0,1380.0,20.0
17773,57008,1005,1.0,5510.0,0.0
1893,50739,1034,2.0,10530.0,5.0
13190,55194,1046,1.0,3450.0,5.0
7742,53048,1057,1.0,2370.0,5.0
14465,55714,1027,2.0,7200.0,15.0
15843,56260,1061,4.0,8080.0,10.0
10425,54103,1026,1.0,7010.0,5.0
7348,52888,1051,1.0,7060.0,0.0
7942,53129,1075,3.0,2140.0,0.0
9937,53917,1055,1.0,1380.0,0.0
6033,52380,1057,1.0,2370.0,0.0
5012,51986,1075,1.0,,0.0
14533,55741,1043,1.0,4500.0,5.0
1689,50660,1004,1.0,9380.0,10.0
7868,53096,1021,1.0,5530.0,20.0
16535,56526,1017,1.0,3470.0,0.0
16375,56460,1002,1.0,3080.0,0.0
18836,57444,1074,3.0,1880.0,
18539,57315,1014,1.0,2270.0,5.0
14784,55839,1039,1.0,8680.0,0.0
18209,57185,1070,1.0,2320.0,0.0
7915,53118,1054,1.0,1830.0,15.0
16553,56534,1066,2.0,3610.0,0.0
16595,56551,1042,3.0,590.0,10.0
13940,55492,1005,1.0,5510.0,0.0
17565,56926,1007,2.0,1100.0,15.0
11637,54573,1074,4.0,1880.0,0.0
13818,55446,1061,3.0,,20.0
17724,56989,1027,1.0,7200.0,0.0
8282,53261,1054,2.0,1830.0,10.0
11692,54594,1058,2.0,5550.0,20.0
16244,56410,1050,1.0,7140.0,10.0
15313,56047,1063,3.0,1660.0,15.0
3155,51246,1075,1.0,2140.0,15.0
9698,53824,1037,1.0,2640.0,0.0
9950,53921,1034,1.0,10530.0,20.0
4613,51823,1029,1.0,3490.0,20.0
14651,55788,1013,2.0,220.0,0.0
14494,55728,1075,1.0,2140.0,5.0
949,50375,1072,4.0,4390.0,5.0
19189,57586,1030,3.0,4290.0,0.0
13493,55317,1033,4.0,2910.0,0.0
13203,55199,1025,2.0,4730.0,5.0
12311,54847,1075,3.0,2140.0,0.0
19444,57688,1031,3.0,9170.0,10.0
8378,53296,1004,1.0,9380.0,0.0
9735,53839,1051,1.0,7060.0,0.0
16818,56633,1038,2.0,4270.0,20.0
523,50202,1025,2.0,4730.0,5.0
17762,57003,1030,3.0,4290.0,10.0
1218,50479,1010,2.0,8870.0,10.0
10541,54151,1042,2.0,590.0,15.0
2301,50902,1040,3.0,3060.0,15.0
8126,53200,1073,1.0,6680.0,10.0
10474,54123,1025,1.0,4730.0,10.0
4239,51675,1032,1.0,1990.0,10.0
15280,56036,1060,1.0,5950.0,0.0
3857,51522,1053,1.0,3470.0,0.0
3822,51509,1033,3.0,2910.0,0.0
17830,57030,1036,4.0,6710.0,15.0
19632,57765,1010,1.0,8870.0,0.0
4527,51790,1034,1.0,10530.0,20.0
6783,52666,1010,1.0,8870.0,0.0
10721,54218,1017,1.0,3470.0,0.0
1979,50773,1039,1.0,8680.0,10.0
5492,52175,1027,1.0,7200.0,0.0
18535,57314,1016,2.0,3350.0,0.0
2037,50791,1061,1.0,8080.0,5.0
14944,55903,1058,1.0,5550.0,0.0
9971,53930,1030,1.0,4290.0,5.0
16370,56459,1044,1.0,3230.0,10.0
3881,51532,1047,1.0,5950.0,5.0
18779,57418,1069,1.0,4090.0,5.0
5984,52361,1065,1.0,7400.0,0.0
16374,56460,1024,2.0,9110.0,5.0
6225,52456,1021,1.0,5530.0,5.0
3208,51267,1028,1.0,4510.0,0.0
4077,51607,1048,1.0,7870.0,10.0
824,50324,1028,1.0,4510.0,20.0
10543,54152,1035,3.0,6470.0,0.0
3988,51571,1030,1.0,4290.0,0.0
10980,54314,1003,1.0,2040.0,10.0
8095,53189,1011,2.0,4590.0,15.0
18333,57234,1065,1.0,7400.0,25.0
16813,56632,1067,2.0,4370.0,15.0
8680,53421,1015,1.0,3850.0,0.0
17407,56864,1016,2.0,3350.0,
4774,51887,1013,3.0,220.0,10.0
6349,52502,1040,4.0,3060.0,5.0
9808,53866,1063,2.0,1660.0,0.0
4619,51826,1071,1.0,1670.0,15.0
17178,56772,1066,2.0,3610.0,5.0
8812,53472,1015,2.0,,5.0
9122,53594,1029,2.0,3490.0,10.0
8468,53333,1067,2.0,4370.0,0.0
16715,56596,1016,2.0,3350.0,0.0
14146,55578,1043,3.0,4500.0,0.0
19589,57747,1048,1.0,7870.0,15.0
17626,56948,1058,3.0,5550.0,5.0
12737,55013,1062,2.0,280.0,0.0
16689,56587,1026,1.0,7010.0,0.0
1447,50568,1046,2.0,3450.0,5.0
8990,53542,1071,1.0,1670.0,0.0
3475,51373,1067,1.0,4370.0,20.0
10766,54233,1047,1.0,5950.0,5.0
2088,50813,1010,2.0,8870.0,10.0
8144,53205,1015,2.0,3850.0,0.0
17905,57058,1014,3.0,2270.0,0.0
16072,56345,1037,1.0,2640.0,10.0
8001,53154,1006,2.0,4150.0,0.0
8785,53459,1011,1.0,4590.0,5.0
5373,52126,1030,1.0,4290.0,5.0
1187,50464,1025,2.0,,0.0
9855,53885,1001,1.0,6530.0,15.0
8390,53303,1062,1.0,280.0,0.0
17040,56721,1065,1.0,7400.0,0.0
4143,51636,1001,3.0,6530.0,0.0
166,50068,1005,2.0,5510.0,15.0
4474,51770,1045,1.0,8330.0,0.0
8065,53177,1017,1.0,3470.0,0.0
14058,55541,1063,1.0,1660.0,25.0
19331,57645,1074,4.0,1880.0,20.0
8227,53241,1064,1.0,7500.0,5.0
18096,57134,1071,1.0,1670.0,0.0
2734,51080,1056,2.0,1230.0,10.0
3238,51279,1066,2.0,3610.0,5.0
1,50001,1014,1.0,2270.0,0.0
10051,53963,1022,1.0,3830.0,0.0
15978,56309,1051,2.0,7060.0,0.0
17699,56979,1028,1.0,4510.0,5.0
12233,54815,1018,1.0,3890.0,10.0
13257,55221,1032,4.0,1990.0,10.0
9405,53706,1068,2.0,10570.0,20.0
11382,54475,1053,1.0,3470.0,5.0
8167,53216,1004,3.0,,0.0
17903,57057,1008,3.0,6630.0,15.0
6393,52519,1024,2.0,9110.0,15.0
15204,56009,1052,2.0,6950.0,0.0
497,50192,1036,1.0,6710.0,
11587,54556,1051,3.0,7060.0,0.0
16128,56366,1001,1.0,6530.0,5.0
9002,53546,1049,1.0,2810.0,0.0
13309,55241,1071,3.0,1670.0,0.0
1662,50648,1036,1.0,6710.0,0.0
11695,54595,1068,3.0,10570.0,5.0
11754,54622,1061,2.0,8080.0,0.0
7127,52807,1032,1.0,1990.0,25.0
16152,56376,1012,1.0,6600.0,15.0
8159,53212,1006,2.0,4150.0,10.0
9892,53901,1056,1.0,1230.0,0.0
17167,56768,1047,1.0,5950.0,5.0
6748,52653,1042,4.0,590.0,5.0
11495,54518,1014,3.0,2270.0,0.0
8007,53156,1048,3.0,7870.0,5.0
6486,52551,1052,3.0,,5.0
9733,53839,1008,1.0,6630.0,10.0
2051,50798,1062,2.0,280.0,15.0
11020,54329,1002,2.0,3080.0,5.0
19647,57770,1057,2.0,2370.0,5.0
6433,52533,1038,1.0,4270.0,15.0
3609,51424,1034,1.0,10530.0,15.0
3707,51465,1056,1.0,1230.0,0.0
15952,56299,1019,1.0,4560.0,10.0
1068,50421,1071,1.0,1670.0,0.0
9932,53915,1068,1.0,10570.0,5.0
10323,54063,1017,1.0,3470.0,25.0
10464,54118,1012,2.0,6600.0,20.0
19536,57723,1033,2.0,2910.0,0.0
685,50265,1044,4.0,3230.0,15.0
17673,56969,1056,2.0,1230.0,0.0
1637,50640,1008,1.0,6630.0,0.0
6588,52592,1047,1.0,5950.0,0.0
13377,55264,1025,1.0,4730.0,10.0
5744,52271,1064,2.0,7500.0,10.0
7257,52856,1003,1.0,2040.0,0.0
5078,52011,1059,1.0,4580.0,10.0
11169,54390,1018,2.0,3890.0,0.0
6411,52525,1009,2.0,6030.0,0.0
14717,55817,1017,4.0,3470.0,5.0
13310,55242,1061,2.0,8080.0,0.0
8994,53544,1040,4.0,3060.0,0.0
14211,55606,1030,1.0,4290.0,5.0
8402,53307,1047,1.0,5950.0,0.0
9534,53757,1024,1.0,9110.0,0.0
15079,55958,1067,3.0,4370.0,5.0
9791,53860,1042,1.0,590.0,0.0
13095,55154,1038,1.0,4270.0,5.0
2683,51057,1033,1.0,2910.0,0.0
11055,54344,1010,2.0,,0.0
15616,56170,1003,2.0,2040.0,5.0
6590,52593,1072,4.0,4390.0,0.0
7652,53008,1026,2.0,7010.0,0.0
6523,52564,1070,2.0,2320.0,0.0
5113,52025,1030,1.0,4290.0,0.0
8809,53471,1031,3.0,9170.0,10.0
551,50217,1010,2.0,8870.0,5.0
9925,53914,1032,,1990.0,
18665,57369,1028,2.0,4510.0,10.0
6642,52610,1001,1.0,6530.0,25.0
4896,51939,1032,1.0,1990.0,15.0
13550,55339,1032,1.0,1990.0,0.0
19777,57825,1040,1.0,3060.0,5.0
6705,52634,1038,2.0,4270.0,0.0
5159,52043,1055,1.0,1380.0,0.0
19448,57689,1008,1.0,6630.0,0.0
1242,50489,1065,1.0,7400.0,0.0
7296,52869,1072,1.0,4390.0,0.0
9787,53859,1070,1.0,2320.0,0.0
4103,51621,1073,4.0,6680.0,0.0
16032,56333,1046,1.0,3450.0,0.0
11156,54385,1046,1.0,3450.0,5.0
15628,56174,1008,2.0,6630.0,20.0
15537,56137,1023,2.0,4290.0,10.0
856,50338,1059,1.0,4580.0,15.0
17849,57039,1047,1.0,5950.0,25.0
3726,51470,1057,1.0,2370.0,0.0
2738,51082,1033,1.0,2910.0,5.0
8346,53285,1054,2.0,1830.0,15.0
19053,57534,1026,5.0,7010.0,10.0
13684,55392,1045,1.0,8330.0,5.0
16088,56352,1030,5.0,4290.0,0.0
19213,57593,1020,1.0,720.0,0.0
14255,55625,1012,3.0,6600.0,10.0
8698,53426,1009,1.0,6030.0,5.0
14507,55732,1012,1.0,6600.0,0.0
8437,53322,1055,1.0,1380.0,0.0
9043,53565,1028,4.0,4510.0,5.0
4898,51939,1023,4.0,4290.0,0.0
17955,57078,1015,1.0,3850.0,5.0
12919,55083,1028,1.0,4510.0,5.0
52,50021,1041,1.0,700.0,10.0
2880,51142,1037,1.0,2640.0,5.0
14575,55759,1019,4.0,4560.0,5.0
16840,56643,1002,3.0,3080.0,20.0
8092,53188,1006,1.0,4150.0,0.0
1410,50554,1048,2.0,7870.0,5.0
6930,52725,1063,1.0,1660.0,10.0
6009,52371,1071,1.0,1670.0,0.0
4160,51643,1056,1.0,1230.0,20.0
4152,51639,1029,1.0,3490.0,15.0
527,50204,1016,1.0,3350.0,15.0
12951,55095,1067,4.0,4370.0,0.0
1453,50570,1005,1.0,5510.0,0.0
9998,53941,1045,1.0,8330.0,10.0
11164,54388,1041,2.0,,15.0
5556,52199,1007,2.0,1100.0,10.0
14924,55893,1028,1.0,4510.0,10.0
17449,56881,1027,3.0,7200.0,0.0
19846,57853,1028,1.0,4510.0,
19442,57687,1052,1.0,6950.0,0.0
17914,57062,1011,2.0,4590.0,5.0
16206,56397,1004,1.0,9380.0,0.0
14970,55917,1004,1.0,9380.0,0.0
16748,56609,1027,1.0,7200.0,0.0
12333,54857,1042,2.0,590.0,0.0
19751,57811,1061,3.0,8080.0,0.0
6586,52591,1025,1.0,4730.0,5.0
19998,57919,1016,1.0,3350.0,
7199,52836,1013,1.0,220.0,20.0
3476,51373,1005,1.0,5510.0,10.0
7231,52847,1064,5.0,7500.0,0.0
7254,52855,1071,1.0,1670.0,20.0
876,50348,1028,1.0,4510.0,0.0
4957,51964,1031,1.0,9170.0,20.0
727,50282,1059,1.0,4580.0,10.0
11266,54431,1031,1.0,9170.0,15.0
7890,53107,1033,1.0,2910.0,0.0
19741,57808,1025,2.0,4730.0,15.0
2595,51022,1075,1.0,2140.0,0.0
10196,54018,1050,1.0,7140.0,5.0
6431,52532,1073,2.0,6680.0,10.0
12072,54746,1019,1.0,4560.0,20.0
14751,55828,1071,2.0,1670.0,5.0
1706,50665,1034,2.0,10530.0,0.0
8617,53396,1045,4.0,8330.0,10.0
6179,52438,1032,2.0,1990.0,15.0
16332,56445,1046,1.0,3450.0,0.0
1978,50772,1032,1.0,1990.0,0.0
14738,55824,1007,1.0,1100.0,0.0
4983,51973,1033,3.0,2910.0,0.0
4731,51870,1043,1.0,4500.0,25.0
1862,50727,1068,1.0,10570.0,0.0
11086,54357,1060,2.0,5950.0,0.0
14870,55873,1025,1.0,4730.0,20.0
2132,50831,1054,2.0,1830.0,20.0
1563,50611,1016,3.0,3350.0,5.0
5385,52130,1052,1.0,6950.0,15.0
12551,54941,1064,1.0,7500.0,20.0
1591,50622,1028,1.0,4510.0,0.0
10500,54136,1029,2.0,3490.0,0.0
13465,55304,1028,2.0,4510.0,10.0
13603,55360,1038,4.0,4270.0,0.0
10612,54177,1024,2.0,9110.0,20.0
4877,51931,1030,2.0,4290.0,0.0
18004,57094,1028,1.0,4510.0,10.0
8205,53232,1062,1.0,280.0,5.0
7968,53141,1022,2.0,3830.0,0.0
19883,57869,1065,1.0,7400.0,10.0
9078,53576,1007,1.0,1100.0,10.0
15646,56183,1049,1.0,2810.0,15.0
4645,51836,1034,5.0,10530.0,0.0
1049,50413,1032,1.0,1990.0,0.0
17715,56986,1004,2.0,9380.0,0.0
17572,56928,1037,1.0,2640.0,0.0
15124,55978,1048,2.0,7870.0,0.0
10793,54243,1014,1.0,2270.0,15.0
2283,50894,1044,1.0,3230.0,0.0
446,50174,1059,1.0,4580.0,0.0
6666,52619,1045,2.0,8330.0,25.0
9203,53622,1004,1.0,9380.0,5.0
2078,50810,1050,1.0,7140.0,10.0
15658,56188,1069,1.0,4090.0,0.0
15312,56047,1026,1.0,7010.0,15.0
12930,55087,1064,1.0,7500.0,0.0
11351,54464,1008,2.0,6630.0,0.0
17201,56781,1071,4.0,1670.0,0.0
10646,54192,1040,2.0,3060.0,0.0
4490,51776,1027,1.0,7200.0,10.0
9250,53644,1025,1.0,4730.0,20.0
4977,51971,1019,1.0,4560.0,10.0
19937,57892,1030,1.0,4290.0,5.0
4859,51924,1073,5.0,6680.0,5.0
12284,54835,1049,3.0,2810.0,5.0
19707,57795,1054,1.0,1830.0,15.0
974,50385,1023,2.0,4290.0,0.0
11123,54371,1028,1.0,4510.0,10.0
7181,52828,1072,2.0,4390.0,0.0
10098,53982,1055,3.0,1380.0,5.0
19334,57645,1016,3.0,3350.0,0.0
9311,53668,1073,2.0,6680.0,0.0
10450,54114,1065,1.0,7400.0,0.0
14543,55745,1049,1.0,2810.0,0.0
296,50119,1005,2.0,5510.0,15.0
1339,50526,1054,1.0,1830.0,0.0
16238,56408,1064,1.0,7500.0,0.0
6980,52746,1027,,7200.0,5.0
19843,57852,1050,4.0,7140.0,10.0
2892,51147,1024,1.0,9110.0,20.0
9836,53877,1008,1.0,6630.0,0.0
3504,51381,1072,1.0,4390.0,0.0
3405,51345,1063,1.0,1660.0,10.0
10532,54147,1019,3.0,4560.0,0.0
8013,53159,1007,2.0,1100.0,0.0
16562,56539,1038,2.0,4270.0,0.0
11046,54341,1051,5.0,7060.0,0.0
2371,50931,1019,3.0,,5.0
6479,52548,1061,2.0,8080.0,5.0
17668,56967,1049,1.0,2810.0,0.0
10495,54132,1025,2.0,4730.0,15.0
16260,56418,1010,1.0,8870.0,10.0
8714,53434,1018,2.0,3890.0,5.0
4082,51610,1043,1.0,4500.0,10.0
2791,51103,1012,1.0,6600.0,10.0
18317,57227,1048,1.0,7870.0,5.0
5366,52124,1039,2.0,8680.0,5.0
15663,56190,1012,2.0,,0.0
6583,52589,1027,1.0,7200.0,15.0
14748,55827,1060,1.0,5950.0,10.0
13483,55312,1030,2.0,4290.0,5.0
9815,53870,1019,1.0,4560.0,0.0
5948,52346,1041,1.0,700.0,10.0
10834,54258,1044,1.0,3230.0,25.0
19137,57567,1056,2.0,1230.0,0.0
17937,57072,1024,3.0,9110.0,10.0
17054,56728,1045,1.0,8330.0,0.0
7747,53050,1051,2.0,7060.0,10.0
7087,52792,1058,1.0,5550.0,0.0
16762,56614,1059,1.0,4580.0,10.0
496,50192,1075,1.0,2140.0,15.0
1178,50462,1075,3.0,2140.0,10.0
6687,52626,1032,1.0,1990.0,0.0
1359,50534,1063,1.0,1660.0,0.0
6127,52416,1019,5.0,4560.0,0.0
18068,57122,1032,2.0,1990.0,15.0
16436,56483,1033,1.0,2910.0,25.0
13285,55232,1026,1.0,7010.0,15.0
13132,55168,1033,2.0,2910.0,0.0
3661,51446,1012,1.0,6600.0,15.0
16008,56322,1004,1.0,9380.0,15.0
6247,52463,1020,1.0,720.0,20.0
11426,54492,1026,2.0,7010.0,20.0
8385,53300,1051,3.0,7060.0,5.0
3637,51437,1017,1.0,3470.0,15.0
3118,51232,1038,1.0,4270.0,15.0
14834,55859,1013,2.0,220.0,20.0
543,50213,1016,1.0,3350.0,5.0
8570,53377,1024,2.0,9110.0,0.0
14925,55894,1024,1.0,9110.0,5.0
16801,56627,1062,1.0,280.0,0.0
8836,53481,1037,1.0,2640.0,20.0
1371,50540,1032,2.0,1990.0,0.0
11862,54665,1060,1.0,5950.0,15.0
18434,57274,1023,2.0,4290.0,15.0
17418,56868,1008,4.0,6630.0,0.0
19097,57549,1045,3.0,8330.0,5.0
17184,56774,1057,5.0,2370.0,0.0
17614,56942,1024,1.0,9110.0,0.0
12480,54913,1071,1.0,1670.0,10.0
19645,57769,1073,1.0,6680.0,5.0
15867,56269,1046,1.0,3450.0,5.0
5912,52333,1068,1.0,10570.0,15.0
9515,53752,1053,2.0,3470.0,5.0
2166,50844,1053,1.0,3470.0,10.0
12148,54781,1030,1.0,4290.0,15.0
1161,50457,1002,2.0,3080.0,20.0
15339,56056,1015,1.0,3850.0,15.0
9338,53676,1025,5.0,4730.0,15.0
8199,53229,1046,1.0,3450.0,0.0
9603,53785,1012,3.0,6600.0,10.0
15647,56183,1056,3.0,1230.0,20.0
10433,54106,1053,,3470.0,10.0
12414,54890,1062,1.0,280.0,0.0
7953,53133,1042,1.0,590.0,0.0
17866,57045,1011,2.0,4590.0,15.0
10678,54203,1057,2.0,2370.0,0.0
9410,53709,1032,1.0,1990.0,10.0
10941,54299,1047,2.0,5950.0,0.0
11708,54601,1023,3.0,4290.0,5.0
4624,51828,1055,2.0,1380.0,20.0
15702,56206,1041,1.0,700.0,15.0
10456,54116,1045,1.0,8330.0,10.0
18474,57291,1051,1.0,7060.0,0.0
984,50389,1021,1.0,5530.0,0.0
3124,51234,1065,1.0,7400.0,0.0
17239,56796,1029,3.0,3490.0,
6547,52572,1001,1.0,6530.0,5.0
15131,55980,1063,2.0,1660.0,5.0
19398,57669,1009,4.0,6030.0,0.0
18674,57372,1050,2.0,7140.0,15.0
17133,56756,1028,4.0,4510.0,5.0
3535,51396,1058,2.0,5550.0,0.0
10136,53996,1021,3.0,5530.0,0.0
7234,52848,1001,1.0,6530.0,20.0
7778,53061,1044,1.0,3230.0,15.0
9879,53895,1022,2.0,3830.0,20.0
9214,53628,1070,1.0,2320.0,5.0
16807,56630,1060,1.0,5950.0,25.0
16166,56380,1020,1.0,720.0,0.0
17975,57084,1016,2.0,3350.0,10.0
4633,51832,1029,1.0,3490.0,10.0
15316,56048,1034,1.0,10530.0,5.0
17628,56948,1009,1.0,6030.0,20.0
2747,51085,1071,1.0,1670.0,10.0
6809,52680,1040,3.0,3060.0,5.0
4675,51847,1047,1.0,5950.0,0.0
4778,51888,1053,4.0,3470.0,5.0
10967,54309,1045,2.0,8330.0,5.0
12939,55091,1041,2.0,700.0,0.0
8753,53448,1024,3.0,9110.0,0.0
13567,55346,1059,2.0,4580.0,5.0
8351,53287,1023,1.0,4290.0,0.0
6382,52515,1031,1.0,9170.0,5.0
18580,57331,1039,2.0,8680.0,5.0
4181,51649,1016,1.0,3350.0,15.0
11685,54592,1062,2.0,280.0,0.0
15320,56049,1031,2.0,9170.0,0.0
3557,51404,1040,1.0,3060.0,0.0
10917,54289,1041,1.0,700.0,15.0
16862,56650,1046,3.0,3450.0,10.0
18236,57195,1034,1.0,10530.0,0.0
19619,57757,1044,3.0,3230.0,0.0
9020,53556,1059,3.0,4580.0,5.0
13764,55424,1066,4.0,3610.0,10.0
14814,55851,1028,1.0,4510.0,5.0
7594,52985,1073,4.0,6680.0,0.0
16286,56430,1069,4.0,4090.0,20.0
12758,55022,1050,1.0,7140.0,15.0
7003,52755,1057,2.0,2370.0,0.0
3795,51496,1028,1.0,4510.0,0.0
3813,51505,1030,1.0,4290.0,0.0
4985,51974,1050,2.0,7140.0,20.0
3383,51337,1063,1.0,1660.0,0.0
19626,57762,1002,1.0,3080.0,15.0
12185,54797,1060,3.0,5950.0,0.0
1025,50405,1046,1.0,3450.0,
9273,53654,1049,3.0,2810.0,10.0
11844,54659,1022,3.0,3830.0,5.0
6857,52698,1038,1.0,4270.0,0.0
10636,54187,1071,,1670.0,5.0
12675,54991,1072,1.0,4390.0,20.0
2752,51086,1036,2.0,6710.0,0.0
8183,53222,1031,1.0,9170.0,0.0
19191,57586,1028,1.0,4510.0,15.0
12475,54910,1031,1.0,9170.0,5.0
609,50238,1024,2.0,9110.0,15.0
2247,50880,1003,1.0,2040.0,10.0
14434,55700,1072,1.0,4390.0,20.0
16468,56496,1033,2.0,2910.0,15.0
9679,53817,1026,2.0,7010.0,0.0
8398,53305,1050,1.0,7140.0,15.0
14290,55639,1028,1.0,4510.0,0.0
7694,53028,1025,1.0,4730.0,0.0
11552,54542,1070,2.0,2320.0,0.0
8719,53436,1001,1.0,6530.0,25.0
12379,54875,1015,1.0,3850.0,10.0
8663,53413,1045,2.0,8330.0,0.0
7823,53079,1012,2.0,6600.0,0.0
6324,52492,1029,2.0,3490.0,0.0
3869,51527,1067,1.0,4370.0,0.0
2223,50870,1035,2.0,6470.0,10.0
8182,53222,1017,1.0,3470.0,20.0
18040,57113,1062,3.0,280.0,0.0
10656,54195,1075,1.0,2140.0,20.0
11374,54473,1050,1.0,7140.0,5.0
2804,51109,1020,1.0,720.0,5.0
10964,54308,1031,1.0,9170.0,5.0
19065,57538,1027,2.0,7200.0,0.0
7137,52812,1022,2.0,3830.0,0.0
1123,50441,1041,2.0,700.0,5.0
13202,55198,1050,2.0,7140.0,10.0
12585,54954,1035,4.0,6470.0,5.0
15224,56016,1070,3.0,2320.0,0.0
15047,55947,1068,1.0,10570.0,25.0
11715,54603,1065,3.0,7400.0,0.0
16682,56584,1064,2.0,7500.0,0.0
4223,51669,1061,1.0,8080.0,5.0
1922,50751,1013,1.0,220.0,5.0
11369,54471,1072,4.0,4390.0,5.0
11103,54364,1026,2.0,7010.0,0.0
19950,57896,1014,1.0,2270.0,10.0
9408,53708,1074,1.0,1880.0,10.0
19015,57515,1032,1.0,1990.0,20.0
9225,53633,1036,1.0,,10.0
15055,55949,1066,2.0,3610.0,10.0
9727,53837,1037,1.0,2640.0,0.0
16118,56362,1050,1.0,7140.0,20.0
12104,54760,1064,1.0,7500.0,0.0
19116,57558,1055,1.0,1380.0,25.0
9871,53892,1035,1.0,6470.0,0.0
10230,54032,1073,3.0,6680.0,0.0
15700,56205,1061,1.0,8080.0,0.0
15983,56311,1013,4.0,220.0,0.0
1404,50552,1010,1.0,8870.0,15.0
338,50136,1060,1.0,5950.0,0.0
682,50265,1045,1.0,8330.0,5.0
8281,53260,1061,1.0,8080.0,25.0
18459,57284,1056,2.0,1230.0,15.0
11372,54472,1008,1.0,6630.0,0.0
7083,52790,1027,2.0,7200.0,15.0
2328,50914,1042,5.0,590.0,0.0
20121,57973,1040,3.0,3060.0,20.0
853,50337,1026,1.0,,0.0
11013,54327,1025,1.0,4730.0,0.0
13160,55181,1007,2.0,1100.0,0.0
16777,56620,1058,4.0,5550.0,20.0
13115,55163,1017,1.0,3470.0,5.0
5065,52007,1002,5.0,3080.0,0.0
2129,50829,1020,4.0,720.0,0.0
11414,54487,1023,2.0,4290.0,0.0
9139,53600,1005,1.0,5510.0,10.0
16027,56330,1052,2.0,6950.0,0.0
9375,53691,1042,1.0,590.0,5.0
11798,54639,1007,1.0,1100.0,5.0
3300,51304,1033,2.0,2910.0,10.0
16496,56509,1002,1.0,3080.0,0.0
6605,52597,1033,1.0,2910.0,5.0
13557,55342,1049,2.0,2810.0,15.0
7789,53067,1002,1.0,3080.0,5.0
14472,55717,1073,1.0,6680.0,10.0
8242,53246,1068,2.0,10570.0,0.0
9089,53580,1063,2.0,1660.0,5.0
7471,52933,1023,1.0,4290.0,5.0
7847,53089,1030,1.0,4290.0,5.0
5565,52202,1053,1.0,3470.0,10.0
17680,56973,1051,1.0,7060.0,5.0
5917,52335,1063,1.0,1660.0,0.0
3249,51284,1001,1.0,6530.0,5.0
12829,55052,1069,4.0,4090.0,5.0
19020,57520,1073,4.0,6680.0,15.0
18203,57183,1073,4.0,6680.0,15.0
987,50391,1041,1.0,700.0,25.0
1985,50776,1009,2.0,6030.0,0.0
11896,54677,1032,2.0,1990.0,25.0
14951,55908,1001,3.0,6530.0,5.0
14198,55599,1053,2.0,3470.0,0.0
7982,53147,1075,5.0,2140.0,0.0
3431,51355,1019,2.0,4560.0,20.0
1988,50776,1023,4.0,4290.0,5.0
3060,51209,1048,3.0,7870.0,0.0
16528,56524,1022,1.0,3830.0,10.0
11082,54355,1037,1.0,2640.0,
2635,51039,1034,1.0,10530.0,15.0
18562,57325,1044,1.0,3230.0,0.0
12471,54909,1029,3.0,3490.0,0.0
12876,55068,1063,1.0,1660.0,5.0
9591,53781,1005,1.0,5510.0,15.0
18379,57251,1038,2.0,4270.0,0.0
7315,52877,1016,3.0,3350.0,10.0
2944,51163,1035,3.0,6470.0,0.0
6794,52672,1043,1.0,4500.0,5.0
741,50288,1025,4.0,,5.0
5000,51981,1058,1.0,5550.0,5.0
3701,51463,1053,2.0,3470.0,0.0
20123,57973,1072,2.0,4390.0,0.0
11996,54717,1011,1.0,4590.0,0.0
4436,51755,1064,1.0,7500.0,0.0
643,50250,1064,2.0,7500.0,20.0
19656,57774,1027,2.0,7200.0,0.0
11283,54437,1034,1.0,10530.0,15.0
8331,53280,1043,1.0,4500.0,0.0
321,50129,1058,3.0,5550.0,0.0
6680,52624,1058,1.0,5550.0,10.0
11632,54571,1025,1.0,4730.0,5.0
19803,57836,1063,4.0,1660.0,15.0
7764,53056,1060,2.0,5950.0,0.0
12491,54918,1066,2.0,3610.0,0.0
6591,52593,1013,1.0,220.0,5.0
6730,52646,1058,1.0,,5.0
3599,51421,1036,3.0,6710.0,0.0
9559,53768,1009,1.0,6030.0,0.0
3288,51299,1020,1.0,720.0,0.0
10694,54209,1013,2.0,220.0,0.0
39,50016,1029,3.0,3490.0,10.0
5529,52190,1069,3.0,4090.0,10.0
19869,57862,1045,2.0,8330.0,5.0
3370,51332,1065,3.0,7400.0,10.0
7312,52876,1048,3.0,7870.0,0.0
19169,57578,1037,2.0,2640.0,0.0
456,50178,1062,3.0,280.0,10.0
7557,52970,1058,1.0,5550.0,5.0
16451,56489,1056,1.0,1230.0,0.0
10517,54142,1038,1.0,4270.0,10.0
899,50356,1051,1.0,7060.0,5.0
13421,55284,1016,3.0,3350.0,0.0
1172,50460,1053,1.0,3470.0,15.0
18485,57295,1025,1.0,4730.0,5.0
14256,55626,1010,2.0,8870.0,15.0
3796,51496,1006,2.0,4150.0,10.0
5305,52100,1057,1.0,2370.0,0.0
15427,56093,1046,1.0,3450.0,15.0
14765,55833,1072,2.0,4390.0,5.0
13795,55436,1042,2.0,590.0,5.0
2631,51036,1017,1.0,3470.0,5.0
16055,56339,1005,2.0,5510.0,5.0
14777,55837,1057,1.0,2370.0,10.0
13401,55273,1011,2.0,4590.0,0.0
17135,56757,1008,1.0,6630.0,25.0
4136,51631,1017,1.0,3470.0,0.0
5778,52283,1017,2.0,3470.0,0.0
4167,51645,1038,2.0,4270.0,0.0
18534,57313,1055,1.0,1380.0,20.0
14506,55732,1005,1.0,5510.0,20.0
17273,56807,1070,1.0,2320.0,0.0
2760,51092,1007,1.0,1100.0,0.0
19510,57714,1013,1.0,220.0,0.0
16757,56611,1018,1.0,3890.0,0.0
4407,51741,1061,1.0,8080.0,5.0
12953,55096,1030,2.0,4290.0,0.0
2010,50783,1019,3.0,4560.0,10.0
5977,52358,1023,1.0,4290.0,0.0
59,50023,1048,4.0,7870.0,0.0
1239,50489,1014,1.0,2270.0,15.0
13079,55149,1069,2.0,4090.0,5.0
12331,54856,1012,1.0,6600.0,10.0
10038,53958,1065,1.0,7400.0,0.0
5954,52350,1075,2.0,2140.0,
16039,56335,1065,2.0,7400.0,0.0
5335,52114,1029,5.0,3490.0,5.0
14721,55818,1047,2.0,5950.0,15.0
12598,54960,1053,2.0,3470.0,10.0
10047,53962,1026,1.0,7010.0,0.0
14914,55890,1012,3.0,6600.0,10.0
7962,53138,1074,1.0,1880.0,10.0
8905,53508,1020,1.0,720.0,0.0
19625,57761,1043,1.0,4500.0,0.0
20128,57975,1037,1.0,2640.0,10.0
6764,52659,1067,1.0,4370.0,0.0
8330,53280,1009,2.0,6030.0,15.0
3410,51347,1039,3.0,8680.0,0.0
10979,54314,1022,2.0,3830.0,15.0
8620,53397,1074,2.0,1880.0,10.0
6274,52472,1042,1.0,590.0,20.0
4227,51670,1008,1.0,6630.0,0.0
19314,57638,1043,1.0,4500.0,10.0
19797,57834,1033,1.0,2910.0,5.0
13462,55302,1039,1.0,8680.0,20.0
7279,52863,1007,3.0,1100.0,10.0
175,50071,1071,1.0,1670.0,5.0
2086,50813,1003,1.0,2040.0,10.0
16003,56320,1046,1.0,3450.0,0.0
14579,55760,1065,,7400.0,0.0
18117,57143,1004,1.0,9380.0,15.0
4269,51690,1011,2.0,4590.0,20.0
13003,55116,1010,2.0,8870.0,0.0
9722,53835,1066,1.0,3610.0,0.0
17833,57030,1073,2.0,6680.0,5.0
3073,51214,1059,1.0,4580.0,10.0
14918,55891,1064,4.0,7500.0,10.0
14890,55880,1036,2.0,6710.0,5.0
6161,52431,1070,1.0,2320.0,20.0
19138,57567,1044,4.0,3230.0,0.0
5470,52167,1027,1.0,7200.0,5.0
589,50231,1053,3.0,3470.0,10.0
12212,54806,1015,1.0,3850.0,0.0
14631,55781,1074,1.0,1880.0,20.0
5592,52216,1067,1.0,4370.0,20.0
1975,50772,1042,1.0,590.0,0.0
9888,53898,1042,1.0,590.0,15.0
7272,52861,1068,2.0,10570.0,20.0
5840,52307,1060,3.0,5950.0,0.0
14669,55797,1015,1.0,3850.0,0.0
17452,56882,1022,1.0,3830.0,5.0
4369,51729,1003,3.0,2040.0,15.0
18992,57506,1067,2.0,,10.0
16663,56578,1008,4.0,6630.0,10.0
9468,53732,1052,1.0,6950.0,10.0
3199,51263,1030,3.0,4290.0,10.0
12613,54969,1040,4.0,3060.0,0.0
14803,55847,1011,2.0,4590.0,5.0
8220,53239,1026,2.0,7010.0,0.0
16493,56508,1072,2.0,4390.0,20.0
14081,55550,1036,4.0,6710.0,5.0
2323,50911,1041,3.0,700.0,0.0
5668,52240,1024,3.0,9110.0,0.0
12482,54914,1030,2.0,,0.0
4793,51894,1065,1.0,7400.0,10.0
12682,54993,1002,1.0,3080.0,5.0
7292,52868,1019,3.0,4560.0,10.0
3473,51372,1026,2.0,7010.0,0.0
1567,50613,1032,1.0,1990.0,5.0
4853,51921,1026,3.0,7010.0,15.0
86,50034,1063,2.0,1660.0,20.0
11760,54624,1009,2.0,6030.0,5.0
8865,53493,1003,3.0,2040.0,10.0
9095,53582,1021,3.0,5530.0,20.0
6967,52741,1064,4.0,7500.0,0.0
9885,53897,1062,2.0,280.0,5.0
1230,50485,1034,3.0,10530.0,0.0
18222,57189,1036,3.0,6710.0,0.0
7797,53070,1016,4.0,,0.0
13123,55165,1004,1.0,9380.0,10.0
9589,53779,1073,3.0,6680.0,5.0
10105,53985,1065,2.0,7400.0,5.0
3770,51486,1003,4.0,2040.0,20.0
2936,51160,1068,1.0,10570.0,5.0
2992,51183,1075,2.0,2140.0,0.0
4592,51816,1075,1.0,2140.0,10.0
3995,51574,1023,1.0,4290.0,5.0
3078,51216,1034,1.0,10530.0,0.0
10193,54017,1030,4.0,4290.0,15.0
137,50058,1065,1.0,7400.0,15.0
11091,54359,1055,3.0,1380.0,0.0
8450,53327,1053,2.0,3470.0,0.0
9143,53602,1051,1.0,7060.0,0.0
13471,55306,1030,5.0,4290.0,
3406,51346,1039,3.0,8680.0,5.0
967,50382,1059,2.0,4580.0,5.0
3491,51378,1042,2.0,590.0,10.0
2469,50970,1037,1.0,2640.0,0.0
9519,53753,1009,4.0,6030.0,20.0
10853,54264,1029,3.0,3490.0,5.0
15364,56064,1013,2.0,220.0,0.0
8074,53181,1019,3.0,4560.0,25.0
16501,56512,1061,1.0,8080.0,10.0
12857,55061,1008,2.0,6630.0,5.0
10294,54052,1072,1.0,4390.0,0.0
17934,57071,1033,1.0,2910.0,0.0
3222,51271,1033,1.0,2910.0,20.0
18734,57397,1056,2.0,1230.0,0.0
16158,56378,1045,2.0,8330.0,20.0
8263,53252,1003,2.0,2040.0,20.0
4340,51718,1055,2.0,1380.0,25.0
10295,54052,1063,1.0,,5.0
1625,50635,1045,2.0,8330.0,5.0
5754,52274,1037,2.0,2640.0,15.0
7740,53047,1064,3.0,7500.0,0.0
14960,55912,1028,1.0,4510.0,15.0
16625,56563,1024,3.0,9110.0,5.0
16100,56356,1012,1.0,6600.0,0.0
10413,54097,1032,2.0,1990.0,20.0
19490,57709,1019,1.0,4560.0,20.0
9103,53586,1054,5.0,1830.0,25.0
11743,54617,1073,4.0,6680.0,0.0
10168,54009,1037,2.0,,10.0
15487,56118,1043,2.0,4500.0,10.0
19999,57919,1051,3.0,7060.0,0.0
11997,54718,1019,2.0,4560.0,10.0
10184,54014,1041,1.0,700.0,5.0
1543,50604,1048,1.0,7870.0,0.0
5010,51985,1004,1.0,9380.0,0.0
7290,52868,1007,1.0,,0.0
10235,54033,1073,1.0,6680.0,0.0
5020,51990,1056,2.0,1230.0,20.0
19561,57734,1003,3.0,2040.0,0.0
15727,56216,1073,1.0,6680.0,0.0
16952,56686,1045,1.0,8330.0,15.0
1028,50407,1057,2.0,2370.0,5.0
11812,54646,1010,2.0,8870.0,10.0
17850,57039,1052,1.0,6950.0,5.0
5686,52249,1027,1.0,7200.0,0.0
7081,52789,1017,1.0,3470.0,15.0
12329,54855,1063,1.0,1660.0,0.0
837,50329,1027,1.0,7200.0,5.0
17455,56883,1030,2.0,4290.0,0.0
17969,57082,1059,2.0,4580.0,0.0
7115,52802,1008,2.0,6630.0,20.0
9967,53928,1028,1.0,4510.0,0.0
17918,57065,1006,2.0,4150.0,0.0
10551,54155,1060,4.0,5950.0,10.0
12210,54805,1075,1.0,2140.0,10.0
13763,55424,1024,1.0,9110.0,25.0
386,50153,1019,1.0,4560.0,5.0
6217,52453,1037,4.0,2640.0,0.0
980,50387,1069,1.0,4090.0,15.0
15229,56017,1060,2.0,5950.0,15.0
9284,53657,1062,1.0,,5.0
8165,53216,1017,1.0,3470.0,5.0
14637,55783,1023,1.0,4290.0,15.0
6779,52665,1049,1.0,2810.0,0.0
3031,51197,1008,1.0,6630.0,25.0
6543,52571,1023,5.0,4290.0,25.0
8935,53519,1012,1.0,6600.0,0.0
14057,55540,1009,5.0,6030.0,10.0
16303,56436,1050,2.0,7140.0,0.0
1668,50652,1034,2.0,10530.0,15.0
5578,52208,1062,1.0,280.0,0.0
14449,55706,1010,2.0,8870.0,25.0
9822,53872,1008,1.0,6630.0,0.0
15551,56143,1026,2.0,7010.0,10.0
5845,52310,1024,2.0,9110.0,0.0
10546,54153,1019,1.0,4560.0,0.0
12622,54972,1038,1.0,4270.0,0.0
14393,55684,1074,1.0,1880.0,10.0
15191,56003,1017,3.0,3470.0,5.0
9907,53906,1011,3.0,4590.0,15.0
19986,57915,1032,1.0,1990.0,0.0
17253,56800,1046,4.0,3450.0,5.0
7776,53061,1043,3.0,4500.0,10.0
19651,57772,1022,1.0,3830.0,10.0
8122,53199,1075,,2140.0,0.0
5519,52187,1030,1.0,4290.0,0.0
13438,55290,1039,2.0,8680.0,5.0
3612,51424,1063,3.0,1660.0,0.0
8480,53339,1065,2.0,7400.0,15.0
835,50329,1066,5.0,3610.0,20.0
19362,57656,1015,1.0,3850.0,20.0
5045,52000,1044,1.0,3230.0,5.0
2954,51167,1006,1.0,4150.0,5.0
2240,50878,1021,1.0,5530.0,5.0
3035,51198,1052,2.0,,10.0
16122,56365,1068,3.0,10570.0,0.0
5794,52291,1050,1.0,7140.0,15.0
3430,51355,1033,1.0,2910.0,20.0
17342,56833,1027,3.0,7200.0,0.0
10343,54071,1027,1.0,7200.0,0.0
4056,51598,1018,1.0,3890.0,5.0
3160,51247,1075,1.0,2140.0,0.0
16844,56644,1036,2.0,6710.0,5.0
4416,51744,1053,1.0,3470.0,0.0
939,50372,1038,2.0,4270.0,10.0
8393,53304,1067,1.0,4370.0,10.0
19801,57835,1040,3.0,3060.0,20.0
3189,51260,1014,2.0,2270.0,15.0
9276,53655,1038,1.0,4270.0,0.0
9968,53929,1018,1.0,3890.0,10.0
19482,57705,1054,1.0,1830.0,5.0
8802,53468,1026,1.0,7010.0,5.0
13332,55249,1070,2.0,2320.0,5.0
9097,53582,1058,1.0,5550.0,10.0
19507,57713,1058,4.0,5550.0,0.0
5211,52064,1060,1.0,5950.0,0.0
17393,56858,1062,1.0,280.0,0.0
17872,57047,1046,1.0,3450.0,5.0
19763,57817,1054,1.0,1830.0,5.0
5437,52153,1001,1.0,6530.0,10.0
7996,53153,1066,2.0,3610.0,10.0
13970,55503,1031,2.0,9170.0,15.0
4882,51934,1025,2.0,4730.0,15.0
5604,52219,1006,1.0,4150.0,20.0
3230,51275,1041,1.0,700.0,20.0
3213,51269,1009,2.0,6030.0,0.0
6982,52747,1063,2.0,1660.0,0.0
2268,50889,1009,3.0,6030.0,0.0
10837,54258,1013,1.0,220.0,5.0
6234,52459,1057,2.0,2370.0,20.0
2501,50982,1038,1.0,4270.0,0.0
5449,52159,1002,4.0,3080.0,15.0
14662,55794,1036,1.0,6710.0,0.0
15874,56271,1016,1.0,3350.0,0.0
3595,51418,1002,1.0,,5.0
17078,56735,1066,4.0,3610.0,10.0
13821,55447,1064,2.0,7500.0,5.0
15611,56168,1007,4.0,1100.0,5.0
19303,57631,1022,1.0,3830.0,20.0
12545,54937,1007,2.0,1100.0,10.0
11462,54505,1043,2.0,4500.0,15.0
5896,52328,1053,4.0,3470.0,15.0
11954,54698,1023,3.0,4290.0,0.0
11611,54563,1026,2.0,7010.0,20.0
12848,55058,1009,2.0,6030.0,15.0
18584,57333,1042,3.0,590.0,10.0
3493,51379,1053,2.0,3470.0,0.0
6757,52656,1008,1.0,6630.0,0.0
14467,55714,1074,1.0,1880.0,0.0
1367,50538,1056,3.0,1230.0,15.0
8974,53536,1066,2.0,3610.0,0.0
13564,55345,1043,1.0,4500.0,0.0
16001,56320,1037,1.0,2640.0,0.0
9588,53779,1023,1.0,4290.0,5.0
6277,52473,1010,2.0,8870.0,0.0
6973,52743,1026,,7010.0,10.0
18156,57161,1058,1.0,5550.0,20.0
9336,53676,1070,5.0,2320.0,10.0
11658,54582,1001,1.0,6530.0,0.0
17721,56988,1006,2.0,4150.0,0.0
13535,55335,1048,4.0,7870.0,0.0
8308,53271,1023,3.0,4290.0,0.0
2314,50907,1021,1.0,5530.0,10.0
18876,57461,1009,1.0,6030.0,5.0
11916,54684,1045,1.0,8330.0,5.0
8166,53216,1036,2.0,6710.0,0.0
8913,53511,1040,3.0,3060.0,5.0
19300,57630,1001,2.0,6530.0,0.0
19260,57614,1019,1.0,4560.0,25.0
5844,52309,1022,2.0,3830.0,5.0
4,50002,1007,3.0,1100.0,15.0
8284,53261,1021,4.0,5530.0,0.0
8271,53256,1041,1.0,700.0,10.0
6650,52614,1007,3.0,1100.0,0.0
14281,55636,1054,1.0,1830.0,25.0
10554,54156,1047,2.0,5950.0,10.0
16776,56620,1043,5.0,4500.0,0.0
4801,51898,1065,5.0,7400.0,10.0
6979,52745,1068,2.0,10570.0,0.0
17207,56783,1060,2.0,5950.0,0.0
8444,53324,1015,3.0,3850.0,10.0
6601,52596,1058,3.0,5550.0,0.0
5357,52121,1062,5.0,280.0,15.0
15410,56085,1044,2.0,3230.0,0.0
10374,54083,1009,1.0,6030.0,25.0
15907,56283,1043,2.0,4500.0,10.0
19098,57549,1010,2.0,8870.0,10.0
8174,53218,1070,1.0,2320.0,0.0
8852,53488,1072,1.0,4390.0,10.0
16973,56692,1070,2.0,2320.0,0.0
8270,53256,1031,4.0,9170.0,0.0
15209,56010,1054,2.0,1830.0,10.0
9081,53577,1032,2.0,1990.0,10.0
5456,52162,1015,1.0,3850.0,5.0
18641,57356,1070,1.0,2320.0,10.0
9740,53841,1040,1.0,3060.0,15.0
12323,54852,1048,3.0,7870.0,10.0
14282,55637,1063,1.0,1660.0,0.0
8416,53313,1044,2.0,3230.0,0.0
6246,52463,1018,1.0,3890.0,0.0
4997,51980,1017,4.0,3470.0,0.0
6561,52578,1064,2.0,7500.0,0.0
17257,56801,1002,2.0,3080.0,5.0
11397,54481,1031,2.0,9170.0,0.0
17346,56836,1065,2.0,7400.0,10.0
6815,52684,1064,1.0,7500.0,5.0
6727,52645,1007,2.0,1100.0,0.0
14733,55821,1041,1.0,700.0,5.0
18788,57422,1031,2.0,9170.0,5.0
3931,51551,1075,2.0,2140.0,20.0
15195,56004,1015,1.0,3850.0,0.0
1677,50656,1025,2.0,4730.0,10.0
9389,53698,1040,1.0,3060.0,10.0
15158,55990,1004,1.0,9380.0,0.0
13930,55489,1074,1.0,1880.0,15.0
15228,56017,1004,3.0,9380.0,10.0
15268,56032,1061,2.0,8080.0,5.0
9738,53840,1067,3.0,4370.0,5.0
10403,54095,1006,2.0,4150.0,0.0
8546,53367,1027,1.0,7200.0,10.0
19441,57687,1049,4.0,2810.0,0.0
177,50072,1031,1.0,9170.0,15.0
7657,53011,1070,1.0,2320.0,5.0
14177,55589,1069,3.0,4090.0,15.0
4734,51872,1054,2.0,1830.0,20.0
12728,55010,1065,3.0,7400.0,0.0
12614,54970,1029,1.0,3490.0,0.0
2294,50899,1019,2.0,4560.0,5.0
8980,53538,1072,1.0,4390.0,10.0
7641,53004,1033,1.0,2910.0,0.0
3552,51403,1020,4.0,720.0,5.0
16826,56637,1042,3.0,590.0,15.0
10876,54273,1074,1.0,1880.0,0.0
13992,55512,1020,1.0,720.0,0.0
18224,57190,1034,1.0,10530.0,10.0
13803,55440,1066,4.0,3610.0,10.0
2188,50855,1011,1.0,4590.0,0.0
15149,55986,1005,2.0,5510.0,0.0
5201,52061,1032,1.0,1990.0,15.0
11759,54624,1060,1.0,5950.0,0.0
9453,53728,1019,2.0,4560.0,5.0
9007,53549,1034,1.0,10530.0,10.0
10078,53973,1021,1.0,5530.0,0.0
7058,52779,1049,1.0,2810.0,5.0
12589,54956,1056,3.0,1230.0,20.0
10598,54172,1058,1.0,5550.0,0.0
4841,51917,1052,4.0,6950.0,0.0
16814,56632,1015,3.0,3850.0,0.0
13447,55296,1030,1.0,4290.0,
4756,51880,1069,3.0,4090.0,0.0
11183,54399,1036,1.0,6710.0,10.0
20025,57929,1014,1.0,2270.0,0.0
8067,53178,1054,1.0,1830.0,10.0
2302,50903,1007,1.0,1100.0,0.0
9991,53939,1013,1.0,220.0,10.0
17226,56789,1045,1.0,8330.0,0.0
2560,51007,1064,1.0,7500.0,0.0
19495,57710,1018,1.0,3890.0,15.0
13012,55118,1071,1.0,1670.0,10.0
12789,55034,1032,2.0,1990.0,0.0
2049,50797,1056,1.0,1230.0,0.0
7939,53128,1031,1.0,9170.0,5.0
725,50282,1063,2.0,1660.0,
9178,53613,1015,1.0,3850.0,15.0
1208,50475,1036,4.0,6710.0,0.0
11392,54479,1010,2.0,8870.0,5.0
7754,53054,1048,1.0,7870.0,0.0
2384,50936,1042,1.0,590.0,5.0
16761,56614,1009,2.0,6030.0,0.0
7609,52993,1052,1.0,6950.0,5.0
2706,51067,1002,1.0,3080.0,5.0
124,50053,1032,2.0,1990.0,25.0
13018,55123,1014,1.0,2270.0,5.0
6869,52703,1004,1.0,9380.0,15.0
2001,50780,1019,2.0,4560.0,5.0
10502,54136,1014,1.0,2270.0,0.0
10691,54208,1030,1.0,4290.0,25.0
16525,56523,1048,1.0,7870.0,0.0
10732,54222,1011,3.0,4590.0,20.0
13731,55410,1003,1.0,2040.0,0.0
4311,51706,1054,4.0,1830.0,15.0
9604,53785,1011,1.0,4590.0,20.0
10789,54242,1070,2.0,2320.0,0.0
5283,52091,1044,1.0,3230.0,0.0
2219,50868,1062,1.0,280.0,15.0
5053,52003,1067,1.0,4370.0,20.0
9701,53824,1070,2.0,2320.0,0.0
12364,54870,1032,3.0,1990.0,0.0
14745,55827,1028,4.0,4510.0,10.0
7721,53041,1032,3.0,1990.0,5.0
344,50137,1014,1.0,2270.0,10.0
3059,51209,1013,2.0,220.0,5.0
2680,51056,1062,2.0,280.0,0.0
19857,57858,1021,1.0,5530.0,0.0
18828,57441,1027,1.0,7200.0,0.0
3361,51328,1028,1.0,4510.0,0.0
16083,56351,1014,1.0,,0.0
1379,50543,1024,2.0,9110.0,15.0
11348,54463,1052,3.0,6950.0,10.0
19324,57642,1043,1.0,4500.0,20.0
17070,56733,1015,1.0,3850.0,15.0
4520,51787,1020,1.0,720.0,0.0
10699,54210,1013,1.0,220.0,15.0
15925,56290,1058,2.0,,20.0
4615,51824,1011,1.0,4590.0,0.0
14528,55739,1001,1.0,6530.0,10.0
9412,53709,1050,5.0,7140.0,20.0
15109,55970,1029,1.0,3490.0,10.0
10199,54019,1031,3.0,9170.0,5.0
14865,55872,1049,1.0,2810.0,5.0
17185,56775,1052,1.0,6950.0,0.0
15426,56092,1066,1.0,3610.0,10.0
1781,50694,1050,2.0,7140.0,10.0
8949,53526,1049,2.0,,15.0
9731,53838,1054,4.0,1830.0,10.0
5787,52288,1075,1.0,2140.0,20.0
14773,55836,1001,3.0,6530.0,5.0
4217,51666,1068,1.0,10570.0,10.0
6306,52483,1035,2.0,6470.0,5.0
19616,57756,1002,4.0,3080.0,10.0
5921,52336,1064,1.0,7500.0,0.0
2128,50828,1063,1.0,1660.0,5.0
16387,56464,1003,3.0,2040.0,0.0
9322,53671,1059,1.0,4580.0,0.0
7012,52758,1064,2.0,7500.0,10.0
10488,54130,1031,1.0,9170.0,0.0
11843,54659,1044,1.0,3230.0,0.0
18166,57164,1068,1.0,10570.0,0.0
6996,52753,1017,2.0,3470.0,0.0
4428,51750,1037,3.0,2640.0,0.0
7340,52885,1056,4.0,1230.0,5.0
9874,53893,1044,1.0,3230.0,15.0
4092,51615,1006,2.0,4150.0,15.0
6173,52436,1033,2.0,2910.0,15.0
3480,51374,1064,2.0,7500.0,5.0
13294,55236,1005,1.0,5510.0,0.0
11850,54662,1072,1.0,4390.0,25.0
765,50298,1042,1.0,590.0,5.0
19416,57677,1003,1.0,2040.0,10.0
12026,54727,1032,2.0,1990.0,10.0
11885,54673,1053,2.0,3470.0,10.0
7085,52790,1046,2.0,3450.0,5.0
12934,55088,1034,3.0,10530.0,15.0
13048,55137,1031,1.0,9170.0,15.0
2993,51184,1032,1.0,1990.0,10.0
14723,55818,1019,,4560.0,10.0
1839,50719,1030,1.0,4290.0,0.0
6490,52552,1024,1.0,9110.0,15.0
13040,55134,1032,1.0,1990.0,10.0
19075,57543,1058,1.0,5550.0,0.0
9828,53874,1073,2.0,6680.0,20.0
14514,55735,1002,1.0,3080.0,5.0
9856,53886,1008,1.0,6630.0,0.0
5847,52310,1067,2.0,4370.0,
17907,57058,1007,1.0,1100.0,25.0
8894,53504,1033,2.0,2910.0,20.0
7,50003,1038,1.0,4270.0,0.0
16148,56375,1043,1.0,4500.0,0.0
7618,52995,1017,1.0,3470.0,0.0
2567,51009,1007,1.0,1100.0,5.0
11929,54688,1068,2.0,10570.0,10.0
10924,54292,1045,1.0,8330.0,5.0
12774,55028,1031,1.0,9170.0,0.0
16,50007,1058,3.0,5550.0,0.0
4220,51668,1029,2.0,3490.0,10.0
19107,57553,1075,2.0,2140.0,0.0
13830,55450,1073,,6680.0,20.0
10364,54080,1011,1.0,4590.0,5.0
3129,51236,1066,2.0,3610.0,0.0
3088,51221,1027,,7200.0,25.0
12716,55005,1059,2.0,4580.0,0.0
15570,56151,1047,1.0,5950.0,0.0
5852,52312,1073,1.0,6680.0,5.0
13268,55225,1015,1.0,3850.0,5.0
19553,57729,1017,1.0,3470.0,0.0
14209,55604,1051,2.0,7060.0,0.0
19177,57581,1069,2.0,4090.0,5.0
15524,56133,1061,2.0,8080.0,0.0
17316,56823,1064,1.0,7500.0,25.0
7569,52975,1043,1.0,4500.0,10.0
8360,53291,1035,3.0,6470.0,5.0
19904,57878,1004,1.0,9380.0,0.0
7047,52774,1035,2.0,6470.0,0.0
185,50074,1005,1.0,5510.0,15.0
7844,53088,1017,1.0,3470.0,10.0
13455,55299,1071,1.0,1670.0,10.0
19445,57688,1019,1.0,4560.0,5.0
6444,52536,1001,2.0,6530.0,0.0
3328,51313,1014,1.0,2270.0,5.0
649,50252,1037,1.0,2640.0,0.0
19935,57892,1015,2.0,3850.0,5.0
10021,53953,1040,1.0,3060.0,10.0
1357,50534,1041,2.0,700.0,5.0
5424,52149,1025,1.0,4730.0,0.0
9785,53859,1014,1.0,2270.0,25.0
13102,55157,1004,1.0,9380.0,0.0
13552,55340,1005,2.0,5510.0,0.0
6721,52642,1018,2.0,3890.0,10.0
7766,53057,1047,1.0,5950.0,15.0
14410,55693,1008,2.0,6630.0,10.0
17295,56816,1007,2.0,1100.0,0.0
5797,52292,1019,2.0,4560.0,5.0
6796,52673,1024,4.0,9110.0,20.0
18249,57199,1012,1.0,6600.0,5.0
16385,56464,1026,4.0,7010.0,25.0
14399,55687,1058,2.0,5550.0,10.0
15162,55991,1062,2.0,280.0,15.0
3592,51417,1001,1.0,6530.0,15.0
5637,52230,1021,1.0,5530.0,10.0
426,50167,1006,2.0,4150.0,0.0
10658,54196,1027,2.0,7200.0,0.0
7822,53079,1019,1.0,4560.0,5.0
15636,56179,1047,2.0,5950.0,0.0
493,50191,1015,2.0,3850.0,20.0
14602,55770,1033,1.0,2910.0,25.0
10108,53986,1021,1.0,5530.0,0.0
18895,57467,1020,1.0,720.0,0.0
15315,56048,1016,3.0,3350.0,0.0
900,50356,1055,1.0,1380.0,10.0
11763,54626,1056,1.0,1230.0,
5139,52036,1075,1.0,2140.0,0.0
9204,53623,1033,2.0,2910.0,0.0
12150,54782,1066,1.0,3610.0,15.0
13793,55436,1049,1.0,2810.0,5.0
18291,57217,1019,1.0,4560.0,0.0
13217,55204,1044,2.0,3230.0,5.0
4022,51586,1038,4.0,4270.0,0.0
7017,52760,1015,1.0,3850.0,10.0
263,50106,1068,3.0,10570.0,5.0
243,50097,1004,2.0,9380.0,0.0
15045,55947,1044,1.0,3230.0,5.0
7157,52821,1015,2.0,3850.0,15.0
10071,53971,1043,5.0,4500.0,5.0
8851,53488,1029,1.0,3490.0,0.0
19685,57784,1046,1.0,3450.0,10.0
9157,53605,1038,2.0,4270.0,0.0
9328,53673,1052,1.0,6950.0,5.0
11724,54609,1026,1.0,7010.0,5.0
968,50382,1057,2.0,2370.0,0.0
5713,52258,1008,3.0,6630.0,5.0
5621,52224,1054,1.0,1830.0,0.0
8766,53453,1058,1.0,5550.0,0.0
865,50342,1060,1.0,5950.0,5.0
10320,54062,1057,2.0,2370.0,15.0
14296,55643,1027,3.0,7200.0,5.0
12362,54869,1052,2.0,6950.0,0.0
19134,57565,1071,1.0,1670.0,5.0
7662,53012,1034,4.0,10530.0,0.0
5042,51998,1066,1.0,3610.0,5.0
19742,57808,1007,3.0,1100.0,0.0
17896,57055,1038,2.0,4270.0,5.0
291,50116,1007,1.0,1100.0,0.0
6606,52597,1052,1.0,6950.0,15.0
74,50030,1070,3.0,2320.0,5.0
15063,55951,1056,2.0,1230.0,0.0
5534,52192,1045,2.0,8330.0,15.0
6425,52530,1065,1.0,7400.0,15.0
15989,56314,1009,2.0,6030.0,15.0
11287,54438,1054,1.0,1830.0,0.0
11945,54694,1022,2.0,3830.0,5.0
8145,53206,1019,1.0,4560.0,5.0
5773,52282,1002,2.0,3080.0,5.0
9976,53933,1029,1.0,3490.0,15.0
4994,51979,1001,1.0,6530.0,5.0
16677,56583,1028,1.0,4510.0,0.0
17719,56987,1037,1.0,2640.0,0.0
16064,56342,1072,1.0,4390.0,0.0
18770,57413,1071,1.0,1670.0,0.0
4470,51769,1059,1.0,4580.0,0.0
9546,53763,1072,4.0,4390.0,0.0
5163,52044,1058,1.0,5550.0,5.0
5109,52024,1045,1.0,8330.0,20.0
68,50026,1040,2.0,3060.0,0.0
19852,57856,1049,1.0,2810.0,15.0
17028,56718,1073,3.0,6680.0,0.0
11198,54404,1033,1.0,2910.0,15.0
10482,54127,1058,2.0,5550.0,10.0
8232,53243,1004,2.0,9380.0,0.0
9509,53749,1074,1.0,1880.0,5.0
3194,51262,1030,2.0,4290.0,10.0
19590,57748,1025,2.0,4730.0,5.0
10565,54161,1019,1.0,4560.0,0.0
7698,53030,1014,1.0,2270.0,20.0
15618,56170,1051,3.0,7060.0,0.0
17546,56916,1014,2.0,2270.0,5.0
9653,53807,1007,2.0,1100.0,
3120,51233,1027,1.0,7200.0,0.0
9448,53725,1006,1.0,4150.0,0.0
13222,55206,1074,3.0,1880.0,20.0
19931,57890,1001,4.0,6530.0,0.0
20004,57921,1059,3.0,4580.0,0.0
16882,56659,1074,5.0,1880.0,25.0
12157,54785,1019,2.0,4560.0,0.0
12214,54806,1006,1.0,4150.0,15.0
11566,54547,1034,1.0,10530.0,5.0
19333,57645,1020,2.0,720.0,5.0
14148,55578,1013,1.0,220.0,0.0
617,50242,1022,4.0,3830.0,0.0
12912,55082,1044,1.0,3230.0,0.0
13615,55364,1065,1.0,7400.0,0.0
14994,55925,1052,1.0,6950.0,0.0
7589,52983,1034,2.0,10530.0,0.0
347,50138,1050,1.0,7140.0,0.0
11282,54436,1068,1.0,10570.0,15.0
6007,52371,1045,1.0,8330.0,0.0
10491,54131,1021,3.0,5530.0,0.0
583,50228,1056,1.0,1230.0,15.0
8965,53533,1052,2.0,6950.0,5.0
4334,51716,1008,1.0,6630.0,20.0
3055,51207,1014,,2270.0,0.0
53,50021,1069,1.0,4090.0,10.0
1794,50698,1030,2.0,4290.0,15.0
10296,54052,1017,2.0,3470.0,20.0
2793,51103,1030,4.0,4290.0,0.0
1712,50667,1033,1.0,2910.0,10.0
13728,55409,1069,3.0,4090.0,0.0
9995,53941,1003,1.0,2040.0,0.0
18318,57227,1050,1.0,7140.0,5.0
1004,50396,1050,1.0,7140.0,15.0
7733,53045,1025,2.0,4730.0,10.0
8710,53431,1013,1.0,220.0,5.0
620,50243,1049,1.0,2810.0,15.0
4737,51873,1039,1.0,8680.0,10.0
16113,56361,1005,1.0,5510.0,25.0
12854,55060,1075,1.0,2140.0,0.0
18967,57495,1044,2.0,3230.0,5.0
8696,53426,1060,2.0,5950.0,10.0
17951,57077,1010,3.0,8870.0,
18848,57449,1027,,7200.0,10.0
8333,53281,1015,1.0,3850.0,15.0
17950,57077,1071,1.0,1670.0,20.0
13159,55180,1015,1.0,3850.0,25.0
19470,57699,1023,2.0,4290.0,5.0
16831,56639,1002,1.0,3080.0,10.0
16277,56426,1025,1.0,4730.0,0.0
7527,52959,1013,1.0,220.0,10.0
17695,56978,1014,4.0,2270.0,0.0
10060,53967,1033,1.0,2910.0,0.0
20053,57942,1062,1.0,280.0,0.0
3186,51259,1015,3.0,3850.0,0.0
18100,57136,1073,1.0,6680.0,0.0
11901,54678,1056,1.0,1230.0,15.0
12765,55024,1021,1.0,5530.0,20.0
12520,54929,1047,1.0,5950.0,0.0
8744,53445,1035,2.0,6470.0,0.0
15732,56217,1012,1.0,6600.0,20.0
1269,50502,1068,1.0,10570.0,20.0
15938,56295,1015,2.0,3850.0,0.0
8181,53221,1042,3.0,590.0,10.0
362,50143,1050,3.0,7140.0,0.0
19219,57596,1017,2.0,3470.0,0.0
2401,50943,1066,1.0,3610.0,15.0
1910,50747,1064,1.0,7500.0,10.0
161,50066,1033,4.0,2910.0,10.0
5253,52080,1016,1.0,3350.0,0.0
8264,53253,1049,5.0,2810.0,25.0
1188,50465,1052,3.0,6950.0,5.0
6321,52491,1023,2.0,4290.0,5.0
13081,55150,1009,1.0,6030.0,0.0
16920,56671,1007,1.0,1100.0,0.0
646,50251,1062,1.0,280.0,20.0
17659,56963,1009,1.0,,0.0
10851,54263,1065,2.0,7400.0,25.0
1376,50542,1036,3.0,6710.0,5.0
17852,57040,1049,,2810.0,0.0
17484,56893,1065,,7400.0,20.0
1928,50753,1040,,3060.0,0.0
3030,51197,1068,1.0,10570.0,5.0
11078,54352,1034,3.0,10530.0,5.0
12102,54760,1027,1.0,7200.0,5.0
2894,51148,1062,3.0,280.0,0.0
20122,57973,1001,1.0,6530.0,0.0
13542,55337,1026,2.0,7010.0,0.0
16349,56450,1025,2.0,4730.0,0.0
4257,51683,1019,1.0,4560.0,5.0
3654,51444,1020,1.0,720.0,10.0
6329,52494,1037,1.0,2640.0,0.0
17818,57025,1045,1.0,8330.0,0.0
8522,53355,1012,1.0,6600.0,5.0
17068,56732,1027,2.0,7200.0,0.0
12074,54747,1073,1.0,6680.0,5.0
13756,55420,1064,1.0,7500.0,0.0
6118,52411,1051,,7060.0,0.0
7835,53084,1066,2.0,3610.0,10.0
17108,56747,1075,1.0,2140.0,15.0
5661,52238,1056,1.0,1230.0,10.0
6385,52516,1025,1.0,4730.0,0.0
1517,50595,1028,2.0,4510.0,5.0
18892,57466,1027,2.0,7200.0,
4673,51847,1032,1.0,1990.0,25.0
7796,53070,1012,3.0,6600.0,0.0
3351,51325,1018,1.0,3890.0,0.0
7948,53131,1033,1.0,2910.0,25.0
7769,53058,1052,1.0,6950.0,0.0
3516,51386,1016,2.0,3350.0,0.0
15994,56317,1067,1.0,4370.0,0.0
2097,50817,1058,1.0,,0.0
11272,54432,1055,2.0,1380.0,15.0
6460,52541,1007,2.0,1100.0,5.0
6356,52505,1045,1.0,8330.0,0.0
1742,50680,1042,1.0,590.0,0.0
7572,52975,1015,1.0,3850.0,0.0
6194,52444,1063,2.0,1660.0,0.0
10857,54266,1045,1.0,8330.0,0.0
2181,50852,1005,3.0,5510.0,10.0
17225,56789,1011,3.0,4590.0,5.0
8955,53529,1040,1.0,3060.0,10.0
10325,54064,1037,1.0,,0.0
18886,57464,1050,1.0,7140.0,0.0
13253,55220,1011,1.0,4590.0,0.0
17658,56962,1022,1.0,3830.0,10.0
19682,57782,1015,1.0,3850.0,0.0
8528,53357,1045,1.0,8330.0,0.0
6443,52536,1006,5.0,4150.0,5.0
6100,52404,1017,3.0,3470.0,0.0
18496,57299,1060,1.0,5950.0,5.0
9970,53930,1008,2.0,6630.0,5.0
11367,54470,1013,2.0,220.0,0.0
1890,50738,1049,1.0,2810.0,5.0
7951,53132,1062,1.0,,5.0
2582,51015,1004,2.0,9380.0,10.0
12223,54811,1008,1.0,6630.0,5.0
1948,50760,1041,1.0,700.0,0.0
6646,52613,1051,1.0,7060.0,15.0
19310,57635,1021,4.0,5530.0,0.0
12192,54799,1026,1.0,7010.0,15.0
16788,56623,1060,2.0,5950.0,0.0
19485,57706,1050,1.0,7140.0,0.0
11076,54351,1036,5.0,6710.0,10.0
15547,56142,1040,1.0,3060.0,0.0
18572,57329,1038,2.0,4270.0,10.0
4693,51854,1008,3.0,6630.0,0.0
4946,51961,1013,2.0,220.0,10.0
17508,56902,1001,1.0,6530.0,0.0
2013,50783,1025,1.0,4730.0,0.0
3951,51559,1052,1.0,6950.0,10.0
5374,52126,1043,1.0,4500.0,0.0
6997,52753,1030,1.0,4290.0,0.0
18991,57506,1074,1.0,1880.0,5.0
3718,51468,1008,1.0,6630.0,5.0
8387,53301,1043,2.0,4500.0,15.0
6976,52744,1051,1.0,7060.0,15.0
7992,53152,1047,1.0,5950.0,10.0
10529,54146,1069,2.0,4090.0,20.0
6123,52414,1073,1.0,6680.0,0.0
699,50271,1018,1.0,3890.0,0.0
18548,57319,1015,1.0,3850.0,0.0
19581,57743,1035,1.0,6470.0,5.0
13998,55515,1042,1.0,590.0,5.0
13,50005,1071,4.0,1670.0,15.0
3223,51272,1071,3.0,1670.0,25.0
11704,54600,1071,4.0,1670.0,15.0
8590,53386,1035,1.0,6470.0,5.0
9566,53770,1050,1.0,7140.0,10.0
10571,54163,1038,1.0,4270.0,15.0
10010,53947,1074,1.0,1880.0,20.0
4930,51953,1003,1.0,2040.0,0.0
13732,55410,1005,3.0,5510.0,15.0
18048,57115,1068,2.0,10570.0,0.0
14967,55916,1060,2.0,5950.0,0.0
10070,53971,1060,3.0,5950.0,0.0
8208,53234,1003,1.0,2040.0,0.0
6556,52576,1045,1.0,8330.0,0.0
15986,56314,1056,1.0,1230.0,10.0
4189,51653,1042,1.0,590.0,15.0
576,50227,1033,2.0,2910.0,5.0
13668,55383,1004,1.0,9380.0,10.0
19064,57537,1019,3.0,4560.0,0.0
6288,52477,1002,1.0,3080.0,20.0
11166,54389,1021,1.0,,0.0
9053,53568,1064,2.0,7500.0,10.0
10470,54122,1034,1.0,10530.0,0.0
13651,55376,1053,2.0,3470.0,10.0
15651,56185,1015,1.0,3850.0,0.0
15294,56040,1018,2.0,3890.0,25.0
318,50128,1049,2.0,2810.0,15.0
18139,57154,1023,2.0,4290.0,0.0
15501,56124,1068,1.0,10570.0,0.0
6515,52561,1061,1.0,8080.0,10.0
11279,54435,1050,2.0,7140.0,5.0
11982,54711,1049,1.0,2810.0,0.0
17429,56873,1031,2.0,9170.0,5.0
18765,57412,1051,2.0,7060.0,0.0
7583,52981,1018,1.0,3890.0,0.0
448,50175,1018,1.0,3890.0,5.0
15837,56258,1046,2.0,3450.0,
441,50172,1069,1.0,4090.0,15.0
2386,50937,1029,2.0,3490.0,0.0
1570,50613,1059,2.0,4580.0,0.0
14150,55579,1038,2.0,4270.0,5.0
10468,54120,1006,1.0,4150.0,20.0
5268,52085,1045,2.0,8330.0,15.0
3838,51515,1049,3.0,2810.0,0.0
659,50256,1011,1.0,4590.0,5.0
19275,57619,1035,2.0,6470.0,5.0
18115,57142,1020,1.0,720.0,0.0
20106,57966,1033,4.0,2910.0,10.0
15649,56184,1011,1.0,4590.0,10.0
13578,55350,1051,1.0,7060.0,0.0
16995,56703,1001,1.0,6530.0,0.0
10509,54139,1030,1.0,4290.0,10.0
10787,54241,1061,4.0,8080.0,0.0
2725,51074,1007,1.0,1100.0,0.0
10991,54319,1017,3.0,3470.0,0.0
12489,54916,1012,1.0,6600.0,0.0
18229,57193,1034,3.0,10530.0,5.0
12846,55057,1037,1.0,2640.0,0.0
12388,54880,1075,2.0,2140.0,20.0
19267,57616,1038,1.0,4270.0,10.0
13717,55405,1047,1.0,5950.0,0.0
4602,51819,1064,4.0,7500.0,0.0
20185,57996,1033,3.0,2910.0,10.0
6562,52579,1073,3.0,6680.0,15.0
2723,51073,1006,1.0,4150.0,10.0
6044,52386,1056,2.0,1230.0,5.0
5867,52318,1046,4.0,3450.0,0.0
10355,54077,1005,4.0,5510.0,5.0
10040,53959,1071,4.0,1670.0,10.0
8609,53393,1020,2.0,720.0,25.0
3068,51212,1044,1.0,3230.0,10.0
19203,57590,1040,3.0,3060.0,15.0
202,50082,1070,1.0,2320.0,0.0
12566,54946,1068,4.0,10570.0,10.0
6308,52484,1018,1.0,3890.0,10.0
13013,55119,1022,1.0,3830.0,5.0
12668,54989,1024,2.0,9110.0,5.0
17279,56810,1018,1.0,3890.0,25.0
16867,56653,1072,1.0,4390.0,15.0
4393,51737,1007,3.0,,0.0
4840,51917,1037,1.0,2640.0,15.0
9108,53589,1063,1.0,1660.0,15.0
13033,55130,1039,1.0,8680.0,0.0
20102,57963,1040,3.0,3060.0,0.0
9693,53821,1004,2.0,9380.0,15.0
5189,52055,1017,1.0,3470.0,0.0
10119,53989,1073,1.0,6680.0,5.0
521,50202,1044,4.0,3230.0,0.0
17774,57009,1013,1.0,220.0,0.0
7442,52921,1067,1.0,4370.0,10.0
4866,51927,1072,3.0,4390.0,15.0
2510,50986,1045,2.0,8330.0,10.0
1400,50551,1054,1.0,1830.0,
12583,54953,1054,1.0,1830.0,0.0
10293,54052,1049,3.0,2810.0,0.0
17115,56750,1036,1.0,6710.0,25.0
19244,57606,1012,1.0,6600.0,25.0
17034,56719,1053,3.0,3470.0,10.0
1423,50559,1034,1.0,10530.0,0.0
13241,55215,1057,1.0,2370.0,20.0
5941,52343,1032,2.0,1990.0,10.0
13788,55435,1002,1.0,3080.0,5.0
5926,52338,1062,2.0,280.0,0.0
12509,54924,1009,1.0,6030.0,0.0
6160,52430,1072,1.0,4390.0,5.0
17367,56845,1067,1.0,4370.0,15.0
8420,53315,1048,2.0,7870.0,20.0
19712,57797,1049,4.0,2810.0,0.0
19221,57597,1025,2.0,4730.0,0.0
11791,54637,1018,1.0,3890.0,0.0
9821,53872,1057,1.0,2370.0,25.0
16637,56569,1069,1.0,4090.0,0.0
1393,50548,1067,1.0,4370.0,0.0
12144,54780,1016,4.0,3350.0,0.0
16295,56433,1018,1.0,3890.0,25.0
15860,56266,1063,2.0,1660.0,0.0
2914,51154,1028,1.0,4510.0,5.0
1058,50416,1070,2.0,2320.0,0.0
14545,55745,1067,2.0,4370.0,0.0
13448,55296,1063,1.0,1660.0,25.0
11957,54699,1023,1.0,4290.0,0.0
3711,51466,1072,4.0,4390.0,0.0
15384,56074,1022,1.0,3830.0,5.0
15136,55983,1011,1.0,4590.0,20.0
14443,55704,1075,1.0,2140.0,0.0
8901,53507,1019,4.0,4560.0,10.0
9279,53655,1021,2.0,5530.0,20.0
11341,54461,1069,2.0,4090.0,
18654,57363,1010,4.0,8870.0,20.0
4714,51864,1009,1.0,6030.0,10.0
1621,50634,1017,1.0,3470.0,0.0
5857,52314,1026,3.0,7010.0,15.0
12000,54719,1063,2.0,1660.0,0.0
14116,55564,1071,2.0,1670.0,10.0
8877,53498,1054,3.0,1830.0,15.0
5868,52318,1057,2.0,2370.0,15.0
3550,51402,1038,3.0,4270.0,20.0
19749,57811,1025,1.0,4730.0,0.0
10635,54187,1003,1.0,2040.0,5.0
6078,52397,1056,1.0,1230.0,0.0
6833,52690,1034,1.0,10530.0,15.0
5526,52188,1026,1.0,7010.0,15.0
6449,52537,1033,1.0,2910.0,25.0
14518,55736,1022,1.0,3830.0,10.0
11449,54500,1069,1.0,4090.0,0.0
18543,57316,1041,1.0,700.0,0.0
3580,51412,1073,1.0,6680.0,0.0
8304,53270,1019,3.0,4560.0,5.0
6600,52596,1063,1.0,1660.0,15.0
829,50325,1064,1.0,7500.0,0.0
12205,54803,1043,2.0,4500.0,5.0
17520,56906,1063,2.0,1660.0,5.0
14127,55570,1037,3.0,2640.0,5.0
6231,52458,1041,1.0,700.0,10.0
19922,57885,1036,2.0,6710.0,10.0
2581,51015,1053,1.0,3470.0,0.0
19966,57905,1036,1.0,6710.0,15.0
17032,56719,1039,1.0,8680.0,5.0
12213,54806,1008,1.0,6630.0,5.0
9424,53713,1001,5.0,6530.0,10.0
10170,54010,1043,1.0,4500.0,15.0
1426,50561,1013,4.0,220.0,15.0
11385,54476,1032,4.0,1990.0,10.0
9610,53787,1061,1.0,8080.0,10.0
12477,54911,1075,2.0,2140.0,0.0
14417,55695,1041,1.0,700.0,0.0
14882,55878,1031,1.0,9170.0,10.0
8636,53403,1004,1.0,9380.0,5.0
14221,55611,1028,3.0,4510.0,0.0
16604,56553,1007,1.0,1100.0,10.0
6017,52375,1006,1.0,4150.0,25.0
18606,57342,1009,5.0,6030.0,0.0
9395,53701,1040,2.0,3060.0,0.0
31,50012,1057,3.0,2370.0,20.0
1354,50533,1010,1.0,8870.0,5.0
4630,51831,1011,1.0,4590.0,20.0
13376,55264,1017,1.0,3470.0,5.0
2230,50873,1051,1.0,7060.0,0.0
8278,53260,1008,2.0,6630.0,0.0
572,50225,1074,1.0,1880.0,0.0
16114,56361,1031,2.0,9170.0,0.0
17805,57021,1038,2.0,4270.0,0.0
17557,56923,1011,2.0,4590.0,0.0
252,50101,1009,1.0,6030.0,0.0
4596,51817,1036,1.0,6710.0,0.0
12164,54790,1034,3.0,10530.0,10.0
3027,51196,1010,1.0,8870.0,0.0
16561,56538,1050,1.0,7140.0,0.0
18973,57497,1018,1.0,3890.0,0.0
8312,53273,1014,1.0,2270.0,5.0
14436,55702,1011,1.0,4590.0,20.0
5798,52292,1001,1.0,6530.0,15.0
15372,56067,1041,1.0,700.0,5.0
16119,56362,1008,3.0,6630.0,0.0
4655,51840,1075,1.0,2140.0,5.0
12003,54720,1050,1.0,7140.0,0.0
2032,50790,1075,3.0,2140.0,0.0
9207,53624,1071,1.0,1670.0,0.0
188,50076,1059,2.0,4580.0,0.0
4824,51908,1069,1.0,4090.0,0.0
1075,50423,1023,1.0,4290.0,0.0
5263,52083,1006,1.0,4150.0,5.0
18888,57464,1011,4.0,4590.0,0.0
16976,56693,1009,2.0,6030.0,0.0
7548,52968,1029,1.0,3490.0,0.0
13274,55227,1046,1.0,3450.0,0.0
10385,54086,1065,2.0,7400.0,10.0
5004,51982,1006,3.0,4150.0,0.0
4917,51945,1045,1.0,8330.0,25.0
17030,56718,1018,,3890.0,5.0
3639,51439,1006,1.0,4150.0,5.0
10641,54189,1062,2.0,280.0,0.0
4763,51882,1029,2.0,3490.0,0.0
6263,52468,1028,1.0,4510.0,15.0
14064,55542,1014,1.0,2270.0,0.0
16772,56618,1009,1.0,6030.0,5.0
391,50154,1031,2.0,9170.0,5.0
19993,57917,1025,3.0,4730.0,0.0
1548,50606,1029,3.0,3490.0,0.0
4723,51867,1007,2.0,1100.0,10.0
17895,57055,1071,1.0,1670.0,0.0
11368,54471,1008,1.0,6630.0,0.0
316,50127,1041,2.0,700.0,0.0
18464,57287,1010,1.0,8870.0,25.0
13630,55369,1054,1.0,1830.0,5.0
6788,52667,1041,1.0,700.0,10.0
20062,57946,1071,1.0,1670.0,0.0
4938,51957,1055,2.0,1380.0,15.0
6473,52545,1046,2.0,3450.0,15.0
19024,57522,1075,2.0,2140.0,5.0
14305,55645,1003,1.0,2040.0,
833,50328,1070,3.0,2320.0,0.0
18517,57307,1021,1.0,5530.0,0.0
17526,56909,1027,1.0,7200.0,10.0
2048,50797,1029,3.0,3490.0,5.0
1408,50553,1058,3.0,5550.0,10.0
13709,55402,1032,1.0,1990.0,0.0
10454,54115,1057,2.0,2370.0,10.0
6949,52733,1052,2.0,6950.0,20.0
15289,56038,1021,1.0,5530.0,5.0
1654,50646,1035,1.0,6470.0,0.0
15683,56199,1032,1.0,1990.0,0.0
17841,57035,1073,1.0,6680.0,0.0
17446,56880,1059,1.0,4580.0,10.0
8201,53231,1049,2.0,2810.0,15.0
11210,54410,1044,4.0,3230.0,0.0
1834,50717,1021,3.0,5530.0,5.0
17563,56925,1049,1.0,2810.0,0.0
14370,55677,1021,2.0,5530.0,0.0
20124,57973,1060,2.0,5950.0,20.0
3349,51324,1063,1.0,1660.0,15.0
16619,56560,1070,3.0,2320.0,0.0
12175,54793,1042,1.0,590.0,20.0
9181,53614,1018,1.0,3890.0,25.0
1585,50620,1011,2.0,4590.0,5.0
19537,57724,1072,3.0,4390.0,10.0
434,50170,1045,1.0,8330.0,5.0
4834,51915,1046,2.0,3450.0,0.0
12088,54754,1048,1.0,7870.0,20.0
962,50380,1023,3.0,4290.0,10.0
8912,53511,1021,4.0,5530.0,10.0
13204,55199,1034,2.0,10530.0,0.0
13995,55512,1041,1.0,700.0,0.0
8162,53215,1025,2.0,4730.0,10.0
2432,50954,1009,2.0,6030.0,10.0
17507,56901,1034,1.0,10530.0,5.0
11411,54485,1028,1.0,4510.0,5.0
17098,56744,1041,1.0,700.0,10.0
11111,54366,1007,1.0,1100.0,5.0
5087,52015,1029,3.0,3490.0,0.0
9893,53901,1034,4.0,10530.0,15.0
14992,55924,1063,1.0,1660.0,10.0
7607,52992,1073,2.0,6680.0,
14600,55769,1067,1.0,4370.0,0.0
14921,55892,1071,,1670.0,0.0
13223,55207,1061,1.0,8080.0,5.0
7001,52754,1006,1.0,4150.0,0.0
4691,51854,1009,1.0,6030.0,5.0
6924,52723,1054,2.0,1830.0,0.0
5400,52136,1028,1.0,4510.0,10.0
1883,50736,1011,1.0,4590.0,25.0
1980,50774,1048,1.0,7870.0,5.0
15757,56227,1029,2.0,3490.0,0.0
8780,53457,1034,3.0,10530.0,0.0
11623,54568,1024,1.0,9110.0,0.0
16643,56571,1049,3.0,2810.0,0.0
20160,57987,1037,3.0,2640.0,0.0
9131,53598,1045,1.0,8330.0,0.0
14190,55595,1049,1.0,2810.0,0.0
12727,55009,1016,1.0,3350.0,0.0
16226,56403,1072,1.0,4390.0,5.0
9680,53817,1008,2.0,6630.0,10.0
10814,54251,1067,1.0,4370.0,0.0
7207,52838,1071,2.0,1670.0,0.0
9656,53808,1007,2.0,1100.0,5.0
18749,57404,1024,2.0,9110.0,0.0
8317,53274,1038,1.0,4270.0,10.0
18242,57197,1005,2.0,5510.0,0.0
16685,56585,1056,1.0,1230.0,0.0
5824,52301,1014,3.0,2270.0,0.0
1051,50414,1024,1.0,9110.0,5.0
6249,52464,1023,4.0,4290.0,20.0
3292,51300,1054,2.0,1830.0,0.0
3232,51277,1017,1.0,3470.0,5.0
12076,54747,1061,3.0,8080.0,5.0
20039,57936,1071,1.0,1670.0,15.0
12167,54791,1074,1.0,1880.0,20.0
7908,53115,1034,2.0,10530.0,25.0
5853,52312,1052,1.0,6950.0,0.0
10419,54100,1029,2.0,3490.0,10.0
15419,56088,1015,1.0,3850.0,20.0
4353,51724,1039,2.0,8680.0,5.0
10069,53970,1047,4.0,5950.0,0.0
6470,52544,1002,1.0,3080.0,0.0
16255,56416,1042,1.0,590.0,5.0
15605,56164,1040,1.0,3060.0,10.0
7990,53151,1034,1.0,10530.0,0.0
3536,51397,1058,3.0,5550.0,0.0
12817,55048,1073,2.0,6680.0,0.0
14355,55671,1052,1.0,6950.0,0.0
10319,54062,1018,2.0,3890.0,15.0
9341,53677,1071,1.0,,5.0
1184,50463,1054,2.0,1830.0,0.0
13704,55399,1027,2.0,7200.0,10.0
14704,55811,1016,2.0,3350.0,10.0
9461,53730,1053,1.0,3470.0,10.0
16239,56408,1054,2.0,1830.0,10.0
10466,54119,1013,1.0,220.0,5.0
1899,50742,1008,2.0,6630.0,0.0
10755,54231,1041,1.0,700.0,0.0
13884,55470,1010,1.0,8870.0,10.0
3973,51566,1039,1.0,8680.0,0.0
7414,52910,1034,1.0,10530.0,25.0
11000,54323,1065,3.0,7400.0,10.0
14063,55542,1065,2.0,7400.0,0.0
11007,54324,1029,1.0,3490.0,0.0
18463,57287,1055,1.0,1380.0,25.0
9138,53600,1074,3.0,1880.0,0.0
12337,54858,1058,4.0,5550.0,0.0
9390,53698,1024,1.0,9110.0,5.0
4887,51936,1068,1.0,10570.0,10.0
17451,56881,1002,1.0,3080.0,5.0
1073,50423,1008,2.0,6630.0,0.0
9881,53896,1075,4.0,2140.0,15.0
1542,50604,1020,2.0,720.0,15.0
17984,57086,1068,2.0,10570.0,0.0
11144,54380,1005,3.0,5510.0,0.0
16266,56421,1006,1.0,4150.0,0.0
17932,57071,1051,1.0,7060.0,0.0
9917,53910,1023,1.0,4290.0,0.0
5070,52009,1034,2.0,10530.0,0.0
7950,53132,1015,1.0,3850.0,0.0
16340,56447,1074,1.0,1880.0,0.0
17274,56808,1022,1.0,3830.0,5.0
2632,51037,1004,2.0,9380.0,10.0
196,50079,1069,2.0,4090.0,0.0
15099,55965,1015,1.0,3850.0,0.0
7720,53040,1024,2.0,9110.0,10.0
19352,57653,1002,4.0,3080.0,10.0
11324,54453,1001,2.0,6530.0,0.0
11036,54338,1026,4.0,7010.0,10.0
17398,56860,1018,1.0,3890.0,0.0
6476,52547,1058,2.0,,25.0
12021,54726,1075,2.0,2140.0,5.0
14607,55772,1019,2.0,4560.0,0.0
12375,54874,1046,1.0,3450.0,5.0
18935,57483,1052,3.0,6950.0,5.0
18412,57264,1061,3.0,8080.0,5.0
5619,52224,1037,3.0,2640.0,20.0
545,50214,1052,1.0,6950.0,15.0
6477,52548,1010,3.0,8870.0,15.0
12151,54782,1010,4.0,8870.0,15.0
18283,57215,1021,2.0,5530.0,25.0
3953,51559,1002,,3080.0,10.0
6159,52430,1040,2.0,3060.0,20.0
19484,57706,1054,3.0,1830.0,0.0
11135,54376,1040,1.0,3060.0,15.0
11822,54649,1033,1.0,2910.0,15.0
10008,53947,1061,2.0,8080.0,5.0
3545,51400,1072,1.0,4390.0,0.0
15937,56294,1019,3.0,4560.0,20.0
16811,56631,1066,3.0,3610.0,10.0
18896,57467,1066,1.0,3610.0,0.0
18670,57371,1070,1.0,2320.0,5.0
7110,52800,1004,1.0,9380.0,15.0
857,50338,1039,1.0,8680.0,15.0
19369,57658,1009,4.0,6030.0,15.0
16522,56521,1071,2.0,1670.0,0.0
18378,57250,1068,1.0,10570.0,0.0
5089,52017,1020,1.0,720.0,15.0
1767,50689,1012,2.0,6600.0,0.0
890,50353,1043,1.0,4500.0,0.0
9149,53603,1046,1.0,3450.0,15.0
9036,53563,1038,1.0,4270.0,5.0
8607,53391,1046,4.0,3450.0,10.0
15395,56078,1052,1.0,6950.0,10.0
3829,51512,1041,2.0,700.0,20.0
17387,56854,1052,2.0,6950.0,5.0
14386,55682,1002,2.0,3080.0,10.0
11545,54540,1040,,3060.0,10.0
10734,54222,1029,2.0,3490.0,5.0
1913,50748,1047,2.0,,10.0
8919,53514,1028,1.0,4510.0,15.0
18159,57162,1055,2.0,1380.0,10.0
10785,54240,1053,4.0,3470.0,5.0
10695,54209,1058,2.0,5550.0,0.0
5949,52347,1008,1.0,6630.0,0.0
17571,56928,1056,1.0,1230.0,10.0
9607,53787,1058,3.0,5550.0,5.0
7159,52822,1055,2.0,1380.0,5.0
20101,57963,1003,3.0,2040.0,5.0
9649,53805,1068,3.0,10570.0,0.0
8306,53270,1067,1.0,4370.0,10.0
7481,52937,1008,1.0,6630.0,0.0
10423,54102,1004,1.0,9380.0,5.0
2122,50826,1066,2.0,3610.0,0.0
17992,57088,1046,3.0,3450.0,0.0
985,50389,1005,1.0,5510.0,0.0
17602,56938,1056,2.0,1230.0,0.0
8885,53501,1001,3.0,6530.0,10.0
7175,52827,1053,1.0,3470.0,15.0
7757,53054,1064,2.0,7500.0,10.0
6293,52480,1051,2.0,7060.0,10.0
909,50360,1045,1.0,8330.0,5.0
10373,54083,1058,1.0,5550.0,0.0
8441,53324,1058,1.0,5550.0,
18802,57429,1044,1.0,3230.0,0.0
16333,56445,1067,3.0,4370.0,0.0
11782,54634,1007,1.0,1100.0,0.0
13921,55485,1065,1.0,7400.0,10.0
13779,55430,1004,2.0,9380.0,20.0
14660,55794,1068,3.0,10570.0,0.0
18739,57398,1045,3.0,8330.0,0.0
6683,52625,1006,2.0,4150.0,5.0
9477,53736,1041,1.0,700.0,5.0
11216,54412,1057,1.0,2370.0,20.0
11959,54700,1015,1.0,3850.0,0.0
18442,57278,1055,4.0,1380.0,5.0
627,50244,1033,1.0,2910.0,5.0
2640,51041,1054,1.0,1830.0,0.0
5774,52282,1036,2.0,6710.0,15.0
20015,57925,1029,1.0,3490.0,0.0
16735,56604,1020,1.0,720.0,0.0
11788,54636,1066,2.0,3610.0,5.0
8502,53349,1065,2.0,7400.0,5.0
14842,55862,1051,1.0,7060.0,0.0
15253,56024,1018,1.0,3890.0,5.0
7379,52897,1057,1.0,2370.0,10.0
18131,57151,1018,1.0,3890.0,5.0
5675,52243,1009,3.0,6030.0,0.0
4295,51700,1016,1.0,3350.0,0.0
18197,57181,1014,2.0,2270.0,20.0
276,50111,1049,2.0,2810.0,0.0
14758,55831,1038,2.0,4270.0,15.0
6343,52500,1043,2.0,4500.0,0.0
11737,54614,1026,2.0,7010.0,0.0
4272,51691,1050,3.0,7140.0,10.0
1996,50779,1023,2.0,4290.0,0.0
15066,55954,1039,3.0,8680.0,0.0
4185,51652,1003,4.0,2040.0,15.0
14949,55906,1020,1.0,720.0,5.0
17573,56929,1052,3.0,6950.0,0.0
15563,56147,1046,1.0,3450.0,5.0
1553,50608,1067,3.0,4370.0,5.0
10305,54056,1016,4.0,3350.0,0.0
1659,50647,1003,3.0,2040.0,0.0
1888,50738,1011,1.0,4590.0,0.0
2431,50953,1026,1.0,7010.0,25.0
13474,55308,1015,1.0,3850.0,0.0
18862,57455,1055,1.0,1380.0,0.0
4224,51669,1022,2.0,3830.0,0.0
10475,54124,1002,1.0,3080.0,0.0
14708,55813,1072,1.0,4390.0,5.0
13649,55375,1007,1.0,1100.0,0.0
3169,51252,1012,2.0,6600.0,15.0
14448,55706,1015,1.0,3850.0,15.0
10012,53948,1057,1.0,2370.0,5.0
19399,57670,1068,1.0,10570.0,20.0
16996,56703,1019,1.0,4560.0,25.0
11477,54511,1024,1.0,9110.0,20.0
12412,54889,1013,1.0,220.0,0.0
6034,52380,1026,1.0,7010.0,0.0
19748,57811,1051,3.0,7060.0,5.0
4249,51679,1018,2.0,3890.0,10.0
9540,53761,1038,1.0,4270.0,0.0
15474,56112,1011,4.0,4590.0,25.0
8355,53288,1003,1.0,2040.0,0.0
11097,54362,1012,1.0,6600.0,5.0
9525,53755,1003,2.0,2040.0,0.0
19840,57851,1031,3.0,9170.0,20.0
18351,57240,1067,2.0,4370.0,20.0
15074,55956,1023,1.0,4290.0,0.0
8109,53195,1075,4.0,2140.0,0.0
18780,57418,1037,1.0,2640.0,10.0
2331,50914,1024,1.0,9110.0,0.0
285,50114,1004,1.0,9380.0,5.0
12506,54924,1057,,2370.0,0.0
7570,52975,1025,2.0,4730.0,5.0
8979,53537,1020,1.0,720.0,5.0
9620,53792,1073,4.0,6680.0,0.0
2856,51132,1029,2.0,3490.0,5.0
19328,57643,1041,1.0,700.0,0.0
18556,57322,1038,1.0,4270.0,5.0
7967,53140,1063,2.0,1660.0,20.0
7092,52794,1051,1.0,7060.0,15.0
19517,57717,1024,1.0,9110.0,10.0
12415,54890,1033,1.0,2910.0,0.0
3029,51197,1002,1.0,3080.0,5.0
4571,51807,1045,2.0,8330.0,0.0
9162,53607,1061,3.0,8080.0,15.0
10940,54299,1043,4.0,4500.0,0.0
19374,57660,1065,1.0,7400.0,20.0
12815,55047,1025,1.0,4730.0,0.0
13862,55461,1005,2.0,5510.0,5.0
1547,50605,1037,3.0,2640.0,10.0
15555,56145,1023,2.0,4290.0,5.0
7327,52880,1041,1.0,700.0,15.0
566,50223,1066,3.0,3610.0,0.0
5313,52104,1060,1.0,5950.0,15.0
19910,57880,1060,2.0,5950.0,5.0
5425,52150,1038,2.0,4270.0,0.0
18816,57436,1051,2.0,7060.0,5.0
16937,56680,1061,3.0,8080.0,10.0
12793,55035,1044,1.0,3230.0,10.0
14627,55779,1047,3.0,5950.0,20.0
11425,54492,1037,1.0,2640.0,0.0
19323,57642,1061,1.0,8080.0,0.0
14737,55823,1038,2.0,4270.0,5.0
2352,50922,1038,2.0,4270.0,0.0
12032,54729,1048,4.0,7870.0,5.0
8776,53456,1057,1.0,2370.0,0.0
2286,50895,1019,2.0,4560.0,0.0
5325,52109,1013,1.0,220.0,10.0
10510,54139,1005,2.0,5510.0,0.0
12338,54858,1043,1.0,4500.0,25.0
12347,54863,1001,1.0,6530.0,0.0
15801,56243,1007,1.0,1100.0,15.0
7051,52776,1015,1.0,3850.0,10.0
1631,50638,1013,4.0,220.0,5.0
4884,51934,1030,1.0,4290.0,10.0
14969,55916,1069,1.0,4090.0,5.0
18614,57344,1062,3.0,280.0,0.0
12523,54930,1033,1.0,2910.0,0.0
892,50353,1032,3.0,1990.0,10.0
17318,56824,1004,5.0,9380.0,10.0
14595,55767,1024,4.0,9110.0,5.0
7493,52940,1008,1.0,6630.0,5.0
11380,54474,1056,1.0,1230.0,10.0
17320,56825,1060,1.0,5950.0,5.0
8910,53511,1054,1.0,1830.0,5.0
1237,50487,1011,1.0,4590.0,15.0
15078,55957,1059,2.0,4580.0,20.0
5241,52075,1041,1.0,700.0,0.0
17847,57038,1062,2.0,280.0,10.0
17974,57084,1008,1.0,6630.0,15.0
4771,51886,1025,2.0,4730.0,10.0
3689,51459,1017,1.0,3470.0,5.0
2475,50972,1055,2.0,1380.0,0.0
8456,53329,1039,1.0,8680.0,5.0
6407,52524,1072,1.0,4390.0,10.0
11556,54543,1044,2.0,3230.0,0.0
19649,57771,1012,1.0,6600.0,10.0
13857,55459,1009,1.0,6030.0,0.0
15580,56155,1067,2.0,4370.0,0.0
2076,50809,1029,2.0,3490.0,5.0
16907,56666,1065,2.0,7400.0,5.0
3636,51436,1001,1.0,6530.0,25.0
8259,53251,1058,1.0,5550.0,0.0
15584,56157,1029,2.0,3490.0,0.0
14727,55819,1053,1.0,3470.0,10.0
13896,55473,1044,1.0,3230.0,5.0
7325,52880,1016,1.0,3350.0,0.0
3569,51409,1025,3.0,4730.0,0.0
4347,51722,1055,2.0,1380.0,10.0
17858,57042,1058,1.0,5550.0,10.0
10100,53983,1070,1.0,2320.0,0.0
17592,56935,1028,1.0,4510.0,0.0
11326,54454,1039,3.0,8680.0,0.0
15179,55998,1075,1.0,2140.0,5.0
5252,52079,1061,3.0,8080.0,0.0
14090,55553,1025,1.0,4730.0,10.0
14990,55923,1002,1.0,3080.0,20.0
18314,57226,1073,2.0,6680.0,15.0
15758,56228,1032,1.0,1990.0,5.0
2101,50818,1022,1.0,3830.0,15.0
6670,52621,1032,1.0,1990.0,0.0
16517,56520,1070,2.0,2320.0,0.0
11480,54511,1032,1.0,1990.0,5.0
7490,52939,1059,1.0,4580.0,0.0
5369,52125,1041,2.0,700.0,5.0
2580,51015,1070,3.0,2320.0,0.0
3036,51199,1015,2.0,3850.0,10.0
14830,55858,1058,5.0,5550.0,20.0
12008,54722,1044,1.0,3230.0,0.0
9305,53666,1061,1.0,8080.0,10.0
4153,51639,1012,1.0,6600.0,0.0
16310,56439,1018,5.0,3890.0,10.0
15787,56237,1071,3.0,,10.0
16489,56506,1026,2.0,7010.0,10.0
4570,51807,1050,1.0,7140.0,0.0
13860,55460,1054,1.0,1830.0,20.0
8701,53427,1046,1.0,3450.0,10.0
20051,57942,1026,1.0,7010.0,0.0
6720,52641,1012,3.0,6600.0,5.0
1905,50744,1026,1.0,7010.0,15.0
1157,50456,1034,1.0,10530.0,0.0
2396,50941,1011,2.0,4590.0,0.0
11510,54523,1014,1.0,2270.0,0.0
15817,56251,1016,1.0,3350.0,0.0
13798,55438,1004,1.0,9380.0,0.0
16799,56626,1024,1.0,,5.0
7707,53035,1024,2.0,9110.0,0.0
7871,53097,1017,1.0,3470.0,5.0
16219,56401,1066,1.0,3610.0,25.0
12869,55065,1018,2.0,3890.0,10.0
5783,52285,1026,1.0,7010.0,0.0
1581,50619,1050,1.0,7140.0,5.0
1909,50746,1031,1.0,9170.0,10.0
945,50374,1029,2.0,3490.0,10.0
6922,52722,1005,3.0,5510.0,0.0
4485,51773,1066,1.0,,20.0
7497,52942,1060,1.0,5950.0,15.0
13714,55404,1043,1.0,4500.0,20.0
12911,55081,1055,3.0,1380.0,5.0
3262,51288,1074,4.0,1880.0,0.0
15751,56224,1031,1.0,9170.0,0.0
14604,55771,1020,1.0,720.0,15.0
18878,57461,1061,1.0,8080.0,5.0
8053,53173,1044,2.0,3230.0,5.0
12707,55002,1030,2.0,4290.0,10.0
12122,54768,1033,2.0,2910.0,
5075,52011,1049,1.0,2810.0,10.0
7731,53044,1070,2.0,2320.0,5.0
9345,53679,1008,2.0,6630.0,0.0
7581,52981,1023,1.0,4290.0,
10745,54227,1069,2.0,4090.0,10.0
4447,51759,1026,4.0,7010.0,0.0
17397,56860,1002,1.0,3080.0,0.0
10434,54107,1012,1.0,6600.0,0.0
8902,53507,1018,1.0,3890.0,0.0
2262,50888,1013,5.0,220.0,5.0
2922,51156,1016,2.0,3350.0,0.0
7715,53038,1002,1.0,3080.0,5.0
17332,56830,1032,5.0,1990.0,5.0
6299,52481,1075,1.0,,5.0
1144,50450,1017,1.0,3470.0,5.0
1675,50655,1074,1.0,1880.0,0.0
2552,51003,1012,1.0,6600.0,5.0
498,50193,1063,1.0,1660.0,10.0
11167,54389,1036,2.0,6710.0,20.0
2876,51140,1004,2.0,9380.0,0.0
2235,50876,1033,1.0,2910.0,5.0
17972,57083,1060,1.0,5950.0,10.0
5704,52255,1031,1.0,9170.0,20.0
18130,57150,1057,1.0,2370.0,5.0
2542,50998,1011,1.0,4590.0,15.0
1537,50602,1022,4.0,3830.0,20.0
15235,56019,1001,1.0,6530.0,0.0
8933,53519,1047,2.0,5950.0,5.0
6137,52421,1028,,4510.0,10.0
12221,54810,1016,4.0,3350.0,10.0
16503,56512,1050,,7140.0,5.0
1844,50721,1008,1.0,6630.0,0.0
1115,50439,1061,1.0,8080.0,0.0
355,50142,1045,5.0,8330.0,5.0
5319,52106,1069,3.0,4090.0,5.0
7146,52816,1065,2.0,7400.0,10.0
15227,56017,1066,1.0,3610.0,0.0
18899,57468,1041,1.0,700.0,0.0
1063,50418,1017,1.0,3470.0,20.0
16484,56505,1074,1.0,1880.0,10.0
15846,56261,1001,1.0,6530.0,0.0
12216,54807,1048,3.0,7870.0,0.0
19232,57601,1075,2.0,2140.0,20.0
18775,57416,1053,1.0,3470.0,0.0
7585,52982,1004,1.0,9380.0,0.0
18079,57128,1026,1.0,7010.0,0.0
10024,53953,1036,3.0,6710.0,0.0
3551,51403,1003,2.0,2040.0,20.0
11137,54377,1064,1.0,7500.0,5.0
4762,51882,1045,3.0,8330.0,0.0
11412,54486,1064,1.0,7500.0,0.0
13369,55262,1024,1.0,9110.0,5.0
3808,51503,1016,1.0,3350.0,20.0
17421,56869,1060,3.0,5950.0,15.0
4664,51843,1054,,1830.0,10.0
8867,53494,1058,1.0,5550.0,0.0
12982,55108,1058,2.0,5550.0,5.0
3326,51313,1060,2.0,5950.0,0.0
12701,55000,1016,1.0,3350.0,0.0
807,50317,1043,3.0,4500.0,0.0
11568,54548,1075,3.0,2140.0,10.0
11768,54628,1015,2.0,3850.0,20.0
18887,57464,1023,2.0,4290.0,10.0
7947,53131,1014,2.0,2270.0,25.0
931,50369,1052,1.0,6950.0,0.0
9999,53942,1057,1.0,2370.0,5.0
9707,53828,1073,3.0,6680.0,10.0
9611,53788,1068,3.0,10570.0,0.0
2965,51171,1059,1.0,4580.0,0.0
7979,53146,1009,3.0,6030.0,5.0
5153,52041,1041,2.0,700.0,5.0
13192,55194,1003,1.0,2040.0,0.0
1480,50580,1027,4.0,7200.0,20.0
3261,51288,1034,1.0,10530.0,0.0
2126,50828,1042,1.0,590.0,0.0
1194,50467,1029,1.0,3490.0,5.0
511,50197,1037,1.0,2640.0,5.0
19452,57691,1032,1.0,1990.0,5.0
3601,51421,1004,1.0,9380.0,20.0
4525,51789,1010,3.0,8870.0,0.0
4365,51728,1018,2.0,3890.0,20.0
16746,56608,1001,2.0,6530.0,5.0
999,50394,1012,1.0,6600.0,0.0
12799,55040,1050,1.0,7140.0,10.0
15882,56274,1016,1.0,3350.0,25.0
13398,55272,1012,1.0,6600.0,5.0
1147,50452,1029,1.0,3490.0,5.0
13175,55188,1036,2.0,6710.0,5.0
15217,56013,1002,2.0,3080.0,0.0
6893,52711,1036,1.0,6710.0,10.0
15223,56015,1007,1.0,1100.0,10.0
9315,53669,1049,1.0,2810.0,0.0
9289,53659,1011,1.0,4590.0,10.0
18660,57366,1004,1.0,9380.0,0.0
2383,50936,1011,1.0,4590.0,10.0
9552,53765,1068,1.0,10570.0,15.0
17004,56708,1015,4.0,3850.0,20.0
14883,55878,1058,4.0,5550.0,0.0
5588,52214,1036,3.0,6710.0,15.0
15473,56112,1006,1.0,4150.0,15.0
5687,52250,1006,1.0,4150.0,0.0
3840,51517,1075,2.0,2140.0,10.0
12070,54745,1072,1.0,4390.0,10.0
4607,51821,1074,1.0,1880.0,5.0
17542,56915,1038,3.0,4270.0,15.0
16382,56462,1072,2.0,4390.0,0.0
13122,55165,1023,4.0,4290.0,5.0
4309,51706,1025,2.0,4730.0,10.0
10613,54178,1058,1.0,5550.0,20.0
19450,57690,1035,1.0,6470.0,10.0
15106,55968,1071,1.0,1670.0,20.0
5321,52107,1035,1.0,6470.0,5.0
19007,57513,1025,2.0,4730.0,5.0
1451,50569,1002,1.0,3080.0,0.0
3989,51571,1057,3.0,2370.0,0.0
19338,57647,1033,4.0,2910.0,10.0
2974,51175,1026,1.0,7010.0,5.0
18530,57311,1070,1.0,2320.0,5.0
6394,52519,1011,1.0,4590.0,0.0
1907,50745,1030,1.0,4290.0,10.0
2624,51034,1012,1.0,,5.0
5221,52068,1036,1.0,6710.0,25.0
5477,52169,1068,1.0,10570.0,0.0
4953,51962,1044,2.0,3230.0,10.0
15460,56106,1015,5.0,3850.0,15.0
3380,51335,1062,1.0,280.0,5.0
8193,53227,1022,2.0,3830.0,10.0
7205,52837,1027,2.0,7200.0,0.0
16142,56373,1022,2.0,3830.0,10.0
5215,52066,1054,1.0,1830.0,0.0
1321,50520,1054,4.0,1830.0,0.0
9665,53813,1001,1.0,6530.0,0.0
18809,57432,1061,2.0,8080.0,0.0
4745,51876,1026,1.0,7010.0,0.0
9715,53832,1064,2.0,7500.0,5.0
16969,56691,1004,1.0,9380.0,0.0
18370,57248,1012,2.0,6600.0,0.0
7987,53150,1045,2.0,8330.0,0.0
3623,51429,1056,1.0,1230.0,5.0
6817,52684,1071,4.0,1670.0,0.0
7563,52973,1037,4.0,2640.0,5.0
8725,53437,1021,1.0,5530.0,5.0
12115,54765,1049,3.0,2810.0,0.0
10701,54211,1045,1.0,8330.0,10.0
18366,57246,1025,1.0,4730.0,0.0
16144,56373,1005,2.0,5510.0,0.0
11018,54329,1013,3.0,220.0,10.0
15141,55984,1014,1.0,2270.0,0.0
17790,57013,1034,3.0,10530.0,10.0
8103,53193,1043,1.0,4500.0,5.0
18290,57217,1029,5.0,3490.0,0.0
20110,57968,1001,2.0,6530.0,5.0
8589,53386,1013,1.0,220.0,0.0
1571,50614,1005,1.0,5510.0,25.0
6495,52554,1040,1.0,3060.0,5.0
14808,55849,1022,4.0,3830.0,10.0
12819,55049,1014,1.0,2270.0,5.0
17644,56954,1052,1.0,6950.0,10.0
1273,50503,1037,1.0,2640.0,0.0
9494,53743,1019,2.0,4560.0,5.0
13864,55461,1020,1.0,720.0,0.0
3624,51430,1016,2.0,3350.0,10.0
6331,52494,1008,1.0,6630.0,0.0
12825,55051,1040,1.0,3060.0,0.0
2455,50965,1028,2.0,4510.0,0.0
9890,53899,1054,1.0,1830.0,0.0
13191,55194,1032,1.0,1990.0,15.0
9045,53566,1026,2.0,7010.0,20.0
4685,51851,1053,1.0,3470.0,15.0
13855,55459,1030,3.0,4290.0,0.0
6595,52594,1002,1.0,3080.0,10.0
7287,52867,1016,1.0,3350.0,20.0
8123,53199,1006,3.0,4150.0,10.0
18727,57393,1057,3.0,2370.0,10.0
11286,54437,1007,,1100.0,10.0
4979,51971,1066,2.0,3610.0,5.0
11213,54411,1027,1.0,7200.0,10.0
9490,53741,1036,1.0,6710.0,0.0
19223,57598,1019,1.0,4560.0,0.0
11273,54433,1007,1.0,1100.0,0.0
7128,52807,1010,1.0,8870.0,0.0
5138,52035,1058,1.0,5550.0,10.0
1360,50535,1048,2.0,7870.0,15.0
12031,54729,1019,1.0,4560.0,5.0
10487,54129,1005,2.0,5510.0,5.0
13574,55348,1023,3.0,4290.0,0.0
8478,53338,1061,1.0,8080.0,5.0
1959,50764,1012,3.0,6600.0,5.0
1472,50576,1060,2.0,5950.0,5.0
9567,53770,1034,5.0,10530.0,20.0
19325,57642,1042,2.0,590.0,10.0
16233,56406,1065,4.0,7400.0,5.0
9899,53903,1010,1.0,8870.0,0.0
12405,54887,1028,2.0,4510.0,10.0
11100,54363,1015,2.0,3850.0,10.0
7135,52810,1071,2.0,1670.0,0.0
12541,54936,1008,1.0,6630.0,0.0
10798,54245,1055,2.0,1380.0,5.0
15475,56112,1015,5.0,3850.0,5.0
13086,55151,1047,2.0,5950.0,10.0
14368,55676,1067,2.0,4370.0,15.0
16523,56521,1062,3.0,280.0,0.0
6203,52446,1069,4.0,4090.0,20.0
6133,52420,1008,1.0,6630.0,0.0
7352,52889,1002,1.0,3080.0,20.0
14615,55775,1039,2.0,8680.0,15.0
18880,57462,1073,3.0,6680.0,15.0
9218,53629,1036,2.0,6710.0,10.0
13334,55250,1022,2.0,3830.0,0.0
9714,53831,1073,1.0,6680.0,5.0
6436,52534,1005,2.0,5510.0,5.0
5039,51997,1060,2.0,5950.0,5.0
11185,54399,1006,2.0,4150.0,5.0
16726,56600,1039,1.0,8680.0,10.0
7318,52878,1036,2.0,6710.0,0.0
16968,56691,1015,1.0,3850.0,20.0
7846,53089,1020,1.0,720.0,15.0
16035,56333,1063,3.0,,5.0
2979,51177,1055,1.0,1380.0,5.0
5141,52036,1022,2.0,3830.0,15.0
3611,51424,1015,4.0,3850.0,0.0
18831,57442,1020,1.0,720.0,10.0
7431,52918,1007,4.0,1100.0,15.0
1915,50749,1039,2.0,8680.0,0.0
6391,52518,1055,4.0,1380.0,0.0
10358,54078,1045,1.0,8330.0,5.0
13293,55235,1042,1.0,590.0,0.0
5547,52195,1016,1.0,3350.0,10.0
3153,51246,1074,1.0,1880.0,0.0
7633,53001,1075,4.0,2140.0,0.0
13068,55145,1030,1.0,4290.0,0.0
13548,55338,1003,4.0,2040.0,10.0
181,50073,1007,4.0,1100.0,0.0
12204,54803,1002,1.0,3080.0,20.0
19542,57725,1021,1.0,5530.0,5.0
8081,53183,1029,1.0,3490.0,0.0
17687,56975,1026,1.0,7010.0,5.0
18940,57484,1001,3.0,6530.0,25.0
8524,53356,1015,1.0,3850.0,5.0
11562,54546,1027,1.0,7200.0,10.0
678,50263,1051,1.0,7060.0,0.0
5959,52353,1047,3.0,5950.0,15.0
5408,52141,1015,2.0,3850.0,15.0
18174,57169,1029,1.0,3490.0,0.0
15517,56131,1061,2.0,8080.0,0.0
2736,51081,1030,3.0,4290.0,0.0
19226,57599,1039,2.0,8680.0,0.0
12238,54816,1010,1.0,8870.0,20.0
12120,54768,1014,1.0,2270.0,5.0
10888,54279,1060,1.0,5950.0,20.0
779,50304,1069,2.0,4090.0,10.0
11721,54607,1013,1.0,220.0,0.0
20129,57976,1062,2.0,280.0,15.0
478,50186,1003,1.0,2040.0,0.0
9590,53780,1044,2.0,3230.0,25.0
19093,57548,1065,2.0,7400.0,20.0
7903,53113,1058,1.0,5550.0,15.0
7880,53102,1045,1.0,8330.0,0.0
18819,57437,1072,1.0,4390.0,0.0
14201,55600,1020,1.0,720.0,10.0
4545,51797,1074,1.0,1880.0,5.0
15814,56249,1070,1.0,2320.0,0.0
7432,52918,1024,,9110.0,5.0
1560,50609,1043,3.0,4500.0,25.0
12648,54982,1054,3.0,1830.0,0.0
7687,53024,1035,1.0,6470.0,0.0
4647,51836,1069,3.0,4090.0,5.0
11785,54634,1024,1.0,9110.0,0.0
18502,57301,1044,1.0,3230.0,10.0
16077,56348,1073,1.0,6680.0,5.0
3492,51378,1005,2.0,5510.0,0.0
12286,54836,1003,1.0,2040.0,15.0
3664,51448,1047,1.0,5950.0,10.0
12166,54790,1053,2.0,3470.0,0.0
19498,57711,1016,2.0,3350.0,10.0
1716,50669,1039,1.0,8680.0,25.0
8222,53240,1072,1.0,4390.0,
18759,57410,1029,2.0,3490.0,10.0
13477,55310,1050,1.0,7140.0,
3497,51380,1060,1.0,5950.0,15.0
19572,57740,1052,1.0,6950.0,25.0
18740,57398,1040,2.0,3060.0,5.0
1181,50463,1001,4.0,6530.0,15.0
1921,50751,1020,2.0,720.0,0.0
1445,50567,1015,4.0,3850.0,10.0
476,50185,1064,1.0,7500.0,0.0
3905,51541,1057,1.0,2370.0,0.0
6037,52381,1029,2.0,3490.0,20.0
18949,57488,1040,2.0,3060.0,0.0
18446,57279,1019,1.0,4560.0,10.0
10494,54132,1036,1.0,6710.0,0.0
1562,50611,1056,1.0,1230.0,0.0
8726,53438,1042,1.0,590.0,0.0
1493,50585,1007,1.0,1100.0,15.0
812,50321,1059,1.0,4580.0,15.0
11313,54448,1033,3.0,2910.0,25.0
16970,56692,1006,1.0,4150.0,10.0
18280,57214,1030,1.0,4290.0,20.0
7313,52877,1045,1.0,8330.0,0.0
9631,53798,1060,2.0,5950.0,10.0
2573,51012,1026,1.0,7010.0,5.0
13461,55301,1043,3.0,4500.0,0.0
1546,50605,1018,1.0,3890.0,0.0
10533,54148,1056,3.0,1230.0,15.0
5269,52085,1070,1.0,2320.0,0.0
5636,52229,1007,1.0,1100.0,0.0
11303,54444,1038,1.0,4270.0,0.0
13969,55502,1060,2.0,5950.0,0.0
8577,53380,1038,5.0,4270.0,0.0
6069,52394,1046,1.0,3450.0,5.0
17798,57018,1019,2.0,4560.0,0.0
2019,50787,1012,1.0,6600.0,5.0
13734,55410,1052,1.0,6950.0,15.0
17249,56798,1056,2.0,1230.0,5.0
12535,54934,1073,1.0,6680.0,0.0
10679,54203,1010,1.0,8870.0,20.0
7033,52767,1051,4.0,7060.0,0.0
15240,56021,1054,1.0,1830.0,0.0
17041,56722,1019,1.0,4560.0,10.0
11628,54570,1006,1.0,4150.0,0.0
18347,57238,1068,2.0,10570.0,10.0
655,50255,1073,2.0,6680.0,0.0
6604,52597,1005,2.0,5510.0,10.0
10137,53997,1023,,4290.0,0.0
9023,53557,1048,1.0,7870.0,15.0
10227,54031,1017,1.0,3470.0,0.0
17826,57028,1064,1.0,7500.0,10.0
10939,54299,1035,4.0,6470.0,10.0
12579,54951,1071,1.0,1670.0,10.0
8130,53201,1030,1.0,4290.0,5.0
5717,52259,1074,1.0,1880.0,10.0
9082,53578,1009,1.0,6030.0,10.0
18261,57207,1030,4.0,4290.0,5.0
19080,57544,1015,1.0,3850.0,0.0
17768,57006,1052,1.0,6950.0,5.0
3046,51204,1042,3.0,590.0,0.0
271,50109,1048,1.0,7870.0,0.0
154,50064,1058,3.0,5550.0,0.0
9084,53578,1062,3.0,280.0,0.0
1842,50720,1025,2.0,4730.0,10.0
3590,51416,1053,1.0,3470.0,20.0
760,50296,1062,1.0,280.0,0.0
14139,55575,1045,1.0,8330.0,10.0
6493,52553,1042,1.0,590.0,20.0
11537,54536,1011,2.0,4590.0,0.0
5015,51987,1063,1.0,1660.0,25.0
10829,54256,1019,1.0,4560.0,0.0
18185,57176,1027,1.0,7200.0,5.0
10511,54140,1069,,4090.0,0.0
6744,52652,1038,1.0,4270.0,25.0
17913,57062,1005,1.0,5510.0,5.0
14653,55789,1052,3.0,6950.0,25.0
6668,52621,1023,4.0,4290.0,0.0
17547,56917,1045,1.0,8330.0,15.0
13799,55438,1060,2.0,5950.0,20.0
12103,54760,1017,,3470.0,0.0
1751,50684,1046,1.0,3450.0,0.0
14680,55802,1036,2.0,6710.0,0.0
9300,53664,1003,1.0,2040.0,20.0
2,50002,1066,2.0,3610.0,10.0
8869,53494,1049,1.0,2810.0,10.0
16398,56468,1007,3.0,1100.0,0.0
16179,56387,1050,3.0,7140.0,5.0
8991,53543,1026,2.0,7010.0,0.0
18522,57308,1025,2.0,4730.0,0.0
11813,54646,1047,2.0,5950.0,0.0
10792,54243,1048,2.0,7870.0,15.0
14017,55523,1047,1.0,5950.0,0.0
4804,51899,1013,1.0,220.0,0.0
15199,56007,1012,3.0,6600.0,10.0
6336,52497,1008,1.0,6630.0,0.0
8247,53248,1029,2.0,3490.0,10.0
1198,50469,1064,3.0,7500.0,20.0
15281,56036,1074,2.0,1880.0,5.0
8619,53396,1073,1.0,6680.0,0.0
8622,53398,1039,3.0,8680.0,0.0
8862,53492,1029,2.0,3490.0,15.0
11642,54576,1044,2.0,3230.0,10.0
9470,53733,1021,3.0,5530.0,0.0
16084,56351,1015,1.0,3850.0,5.0
2813,51114,1014,1.0,2270.0,10.0
11197,54404,1048,1.0,7870.0,15.0
1272,50502,1025,1.0,4730.0,5.0
16648,56573,1071,2.0,1670.0,25.0
20134,57977,1022,4.0,3830.0,0.0
3597,51419,1023,4.0,4290.0,0.0
4798,51896,1021,3.0,5530.0,0.0
1574,50615,1056,4.0,1230.0,15.0
6943,52731,1075,2.0,2140.0,0.0
17326,56828,1038,3.0,4270.0,0.0
17432,56875,1020,3.0,720.0,15.0
12889,55073,1029,1.0,3490.0,5.0
17806,57021,1006,1.0,4150.0,15.0
14923,55892,1072,1.0,4390.0,5.0
13090,55153,1019,1.0,4560.0,10.0
16683,56584,1040,2.0,3060.0,0.0
16823,56636,1020,1.0,720.0,0.0
6461,52541,1067,1.0,4370.0,0.0
9896,53903,1040,1.0,3060.0,5.0
6570,52584,1030,1.0,4290.0,0.0
11621,54567,1033,3.0,2910.0,0.0
19680,57781,1041,2.0,700.0,15.0
2828,51120,1040,2.0,3060.0,0.0
10188,54015,1058,1.0,5550.0,0.0
16609,56555,1046,1.0,3450.0,0.0
2621,51033,1051,2.0,7060.0,20.0
16752,56610,1033,1.0,2910.0,0.0
14035,55531,1070,2.0,2320.0,10.0
13155,55179,1068,2.0,10570.0,0.0
5387,52131,1014,5.0,2270.0,20.0
14480,55721,1012,3.0,6600.0,5.0
3820,51508,1052,2.0,6950.0,0.0
15498,56124,1010,1.0,8870.0,0.0
6845,52694,1061,1.0,8080.0,0.0
6269,52470,1011,2.0,4590.0,5.0
2625,51034,1041,3.0,700.0,0.0
3860,51524,1001,1.0,6530.0,5.0
6920,52721,1013,4.0,220.0,0.0
10969,54309,1039,1.0,8680.0,20.0
1019,50403,1048,4.0,7870.0,0.0
13368,55261,1071,1.0,1670.0,20.0
13000,55115,1024,3.0,9110.0,5.0
1177,50462,1070,1.0,,5.0
2941,51162,1010,2.0,8870.0,0.0
17978,57085,1053,1.0,3470.0,10.0
14947,55905,1024,1.0,9110.0,
4264,51688,1063,1.0,1660.0,0.0
19788,57829,1018,1.0,3890.0,0.0
4287,51696,1073,1.0,6680.0,5.0
19353,57653,1061,2.0,8080.0,0.0
1148,50453,1011,1.0,4590.0,0.0
1108,50437,1059,1.0,4580.0,15.0
17220,56786,1034,1.0,10530.0,10.0
3627,51432,1021,3.0,5530.0,0.0
6985,52748,1035,2.0,6470.0,0.0
18950,57489,1012,1.0,6600.0,10.0
3593,51417,1040,1.0,3060.0,0.0
7334,52883,1030,1.0,4290.0,10.0
14764,55833,1039,1.0,8680.0,5.0
6081,52397,1025,,4730.0,15.0
5304,52100,1045,1.0,8330.0,20.0
2705,51067,1021,1.0,5530.0,5.0
4345,51721,1024,2.0,9110.0,5.0
5311,52103,1025,1.0,4730.0,5.0
6084,52399,1046,1.0,3450.0,0.0
17260,56803,1052,2.0,6950.0,0.0
12267,54828,1060,1.0,5950.0,15.0
2111,50822,1060,4.0,5950.0,20.0
15901,56279,1007,3.0,1100.0,0.0
17786,57012,1056,1.0,1230.0,15.0
4903,51942,1065,1.0,7400.0,25.0
9752,53845,1062,1.0,280.0,10.0
4740,51875,1032,3.0,1990.0,10.0
5555,52199,1034,1.0,10530.0,5.0
710,50275,1052,1.0,6950.0,0.0
15740,56219,1060,5.0,5950.0,0.0
11819,54648,1070,1.0,2320.0,0.0
16497,56510,1010,3.0,8870.0,10.0
10875,54273,1062,1.0,280.0,10.0
1595,50623,1065,1.0,,0.0
11146,54380,1071,1.0,1670.0,10.0
13400,55273,1041,1.0,700.0,10.0
14531,55740,1034,2.0,10530.0,15.0
8985,53540,1054,1.0,1830.0,5.0
18969,57496,1005,1.0,5510.0,0.0
4244,51677,1009,3.0,6030.0,0.0
13744,55415,1015,2.0,3850.0,10.0
16944,56683,1002,2.0,3080.0,10.0
13118,55163,1069,3.0,4090.0,0.0
8083,53185,1075,2.0,2140.0,0.0
11138,54377,1039,1.0,8680.0,5.0
702,50272,1020,2.0,720.0,5.0
17555,56921,1004,1.0,9380.0,5.0
3345,51322,1010,1.0,8870.0,10.0
14686,55804,1024,1.0,9110.0,0.0
1319,50519,1013,2.0,220.0,5.0
9577,53775,1046,2.0,3450.0,10.0
11280,54436,1012,1.0,6600.0,0.0
19584,57744,1068,1.0,10570.0,5.0
17154,56764,1007,4.0,1100.0,10.0
17470,56888,1008,1.0,6630.0,25.0
9684,53819,1021,4.0,5530.0,15.0
10139,53998,1065,3.0,7400.0,0.0
2191,50855,1033,1.0,2910.0,20.0
8008,53157,1001,1.0,6530.0,10.0
18608,57342,1037,1.0,2640.0,5.0
8907,53510,1067,3.0,4370.0,0.0
15160,55990,1031,5.0,9170.0,20.0
17386,56853,1055,1.0,1380.0,15.0
18059,57118,1015,2.0,3850.0,15.0
2281,50893,1069,3.0,4090.0,15.0
14587,55764,1037,2.0,2640.0,5.0
11451,54501,1002,2.0,3080.0,20.0
12685,54995,1026,1.0,7010.0,5.0
15494,56122,1041,2.0,700.0,20.0
13131,55168,1005,1.0,5510.0,0.0
19070,57541,1018,3.0,3890.0,0.0
2285,50895,1029,2.0,3490.0,0.0
13514,55325,1068,1.0,10570.0,0.0
8790,53460,1016,5.0,3350.0,0.0
16426,56479,1065,3.0,7400.0,0.0
16448,56488,1020,1.0,720.0,0.0
12062,54742,1034,2.0,10530.0,20.0
12783,55032,1003,3.0,2040.0,5.0
1372,50541,1002,1.0,3080.0,5.0
3020,51193,1075,1.0,2140.0,5.0
20194,57999,1064,4.0,7500.0,0.0
4070,51604,1033,2.0,2910.0,15.0
5394,52134,1002,2.0,3080.0,10.0
15355,56061,1021,1.0,5530.0,10.0
15604,56163,1016,2.0,3350.0,0.0
5116,52026,1021,1.0,5530.0,5.0
4161,51643,1046,1.0,3450.0,10.0
3615,51425,1032,2.0,1990.0,15.0
15863,56267,1045,1.0,8330.0,5.0
19638,57766,1036,1.0,6710.0,25.0
12305,54844,1063,1.0,1660.0,0.0
12191,54798,1054,1.0,1830.0,15.0
12976,55105,1060,1.0,5950.0,15.0
2192,50856,1070,2.0,2320.0,10.0
6538,52569,1027,2.0,7200.0,5.0
13051,55138,1017,,3470.0,10.0
13344,55254,1016,1.0,3350.0,0.0
504,50195,1068,5.0,10570.0,0.0
7983,53148,1022,3.0,3830.0,10.0
3730,51471,1053,4.0,,0.0
19706,57795,1034,4.0,10530.0,0.0
16383,56463,1057,2.0,2370.0,10.0
6041,52383,1030,1.0,4290.0,0.0
8730,53439,1001,5.0,6530.0,15.0
102,50043,1074,1.0,1880.0,0.0
13063,55143,1026,2.0,7010.0,5.0
16452,56489,1050,2.0,7140.0,0.0
13324,55247,1028,1.0,4510.0,0.0
15749,56224,1020,1.0,720.0,0.0
1568,50613,1017,2.0,3470.0,10.0
8087,53186,1002,1.0,3080.0,5.0
1717,50670,1042,1.0,590.0,10.0
10799,54245,1061,2.0,8080.0,5.0
16429,56480,1021,1.0,5530.0,0.0
6719,52640,1061,3.0,8080.0,15.0
8447,53326,1031,2.0,9170.0,20.0
1378,50543,1007,1.0,1100.0,10.0
8236,53244,1037,2.0,2640.0,10.0
18945,57487,1010,3.0,8870.0,0.0
12343,54860,1028,3.0,4510.0,0.0
16671,56580,1074,1.0,1880.0,5.0
10381,54085,1016,3.0,3350.0,20.0
9969,53929,1067,2.0,4370.0,5.0
3520,51387,1002,1.0,3080.0,20.0
17099,56744,1054,1.0,1830.0,0.0
4183,51651,1021,1.0,5530.0,0.0
1487,50583,1010,2.0,8870.0,0.0
16662,56578,1060,1.0,5950.0,5.0
15856,56264,1059,2.0,4580.0,5.0
17767,57005,1012,1.0,6600.0,0.0
2694,51062,1062,1.0,280.0,15.0
2112,50822,1046,2.0,3450.0,5.0
5710,52256,1050,1.0,7140.0,10.0
3848,51520,1075,3.0,2140.0,0.0
7798,53070,1001,1.0,6530.0,5.0
2700,51065,1051,3.0,7060.0,0.0
18858,57453,1072,1.0,4390.0,10.0
11697,54596,1053,1.0,3470.0,5.0
12184,54796,1013,1.0,220.0,0.0
1495,50587,1028,4.0,4510.0,20.0
16743,56607,1004,1.0,9380.0,15.0
823,50324,1026,1.0,7010.0,0.0
12199,54801,1006,4.0,4150.0,25.0
15715,56212,1024,4.0,9110.0,5.0
9895,53902,1008,1.0,6630.0,0.0
5722,52262,1016,1.0,3350.0,25.0
8477,53338,1042,3.0,590.0,0.0
17684,56974,1020,3.0,720.0,
4584,51811,1029,1.0,3490.0,10.0
16500,56511,1010,2.0,8870.0,15.0
752,50292,1007,1.0,1100.0,10.0
8467,53333,1037,2.0,2640.0,5.0
17500,56899,1025,2.0,4730.0,5.0
9228,53634,1040,1.0,3060.0,0.0
14438,55702,1056,1.0,1230.0,
8395,53304,1071,1.0,1670.0,0.0
1653,50645,1025,2.0,4730.0,15.0
10693,54208,1060,1.0,5950.0,0.0
7799,53071,1003,2.0,2040.0,10.0
7588,52982,1052,1.0,6950.0,10.0
17876,57048,1023,1.0,4290.0,0.0
9445,53725,1012,1.0,6600.0,15.0
17206,56782,1033,1.0,2910.0,20.0
12091,54755,1056,1.0,1230.0,20.0
17404,56863,1071,1.0,1670.0,0.0
19603,57753,1003,2.0,2040.0,0.0
4025,51587,1061,2.0,8080.0,10.0
9386,53697,1024,3.0,9110.0,5.0
9215,53628,1048,3.0,7870.0,0.0
13619,55365,1042,1.0,590.0,0.0
14866,55872,1074,2.0,1880.0,0.0
1519,50596,1023,1.0,4290.0,5.0
7619,52996,1001,1.0,6530.0,0.0
17792,57014,1058,2.0,5550.0,5.0
17283,56811,1053,1.0,3470.0,0.0
13812,55443,1005,1.0,5510.0,5.0
8021,53162,1059,1.0,4580.0,25.0
6907,52716,1022,3.0,3830.0,0.0
16069,56344,1059,2.0,4580.0,10.0
14270,55631,1049,1.0,2810.0,0.0
17235,56794,1046,1.0,3450.0,10.0
8077,53182,1015,5.0,3850.0,10.0
15342,56058,1031,2.0,9170.0,0.0
19909,57880,1037,3.0,2640.0,15.0
4742,51875,1037,1.0,2640.0,0.0
7050,52775,1062,2.0,280.0,0.0
12820,55049,1017,,3470.0,0.0
8629,53400,1030,1.0,4290.0,5.0
1596,50623,1052,1.0,6950.0,5.0
17434,56875,1066,2.0,3610.0,0.0
18472,57290,1001,1.0,6530.0,0.0
8914,53512,1039,3.0,8680.0,5.0
7761,53055,1049,3.0,2810.0,5.0
5603,52219,1011,1.0,4590.0,0.0
5488,52173,1021,3.0,5530.0,5.0
5444,52157,1036,3.0,6710.0,15.0
10213,54024,1019,3.0,4560.0,10.0
16110,56360,1046,1.0,3450.0,15.0
5222,52069,1028,3.0,4510.0,5.0
11244,54423,1046,1.0,3450.0,5.0
5466,52165,1051,1.0,7060.0,10.0
7049,52774,1062,1.0,280.0,10.0
9759,53848,1005,1.0,5510.0,10.0
13811,55443,1006,1.0,4150.0,10.0
3863,51525,1025,1.0,4730.0,
16254,56415,1031,1.0,9170.0,10.0
3297,51303,1017,1.0,3470.0,15.0
9961,53927,1021,1.0,5530.0,20.0
15657,56188,1039,1.0,8680.0,20.0
8490,53344,1005,2.0,5510.0,10.0
11024,54332,1067,2.0,4370.0,0.0
3002,51188,1021,1.0,5530.0,15.0
4634,51833,1004,1.0,9380.0,0.0
6718,52640,1045,4.0,8330.0,10.0
16982,56696,1048,4.0,7870.0,
277,50112,1067,1.0,4370.0,5.0
12441,54898,1019,4.0,4560.0,0.0
15831,56255,1017,1.0,3470.0,0.0
8261,53252,1033,2.0,2910.0,20.0
14272,55632,1048,1.0,7870.0,10.0
18384,57254,1040,2.0,3060.0,10.0
20176,57993,1031,1.0,9170.0,5.0
5673,52243,1059,1.0,4580.0,5.0
5924,52337,1007,2.0,1100.0,10.0
17871,57047,1065,1.0,7400.0,0.0
16980,56695,1038,2.0,4270.0,0.0
1920,50750,1018,2.0,3890.0,0.0
25,50009,1035,2.0,6470.0,0.0
12042,54735,1066,1.0,3610.0,5.0
12222,54810,1063,3.0,1660.0,0.0
18803,57430,1039,1.0,8680.0,5.0
6146,52425,1014,2.0,2270.0,15.0
19026,57522,1071,1.0,1670.0,0.0
15735,56218,1029,2.0,3490.0,10.0
11953,54698,1052,1.0,6950.0,0.0
4911,51944,1023,3.0,4290.0,25.0
4894,51938,1056,2.0,1230.0,5.0
10863,54268,1035,1.0,6470.0,15.0
333,50135,1007,1.0,1100.0,5.0
18567,57327,1021,3.0,5530.0,0.0
1549,50607,1010,2.0,8870.0,0.0
19025,57522,1019,1.0,4560.0,10.0
8492,53345,1024,1.0,,0.0
6416,52527,1025,1.0,4730.0,10.0
1944,50759,1032,2.0,1990.0,5.0
5562,52201,1033,1.0,2910.0,0.0
6374,52513,1063,1.0,1660.0,10.0
10609,54175,1047,2.0,5950.0,0.0
11362,54468,1013,1.0,220.0,0.0
10530,54147,1066,1.0,3610.0,10.0
13116,55163,1015,1.0,3850.0,5.0
9160,53606,1011,2.0,4590.0,0.0
13945,55495,1038,,4270.0,10.0
15634,56177,1063,1.0,1660.0,10.0
9933,53916,1040,1.0,3060.0,5.0
1158,50456,1055,1.0,1380.0,10.0
1060,50417,1072,4.0,4390.0,20.0
2611,51030,1072,1.0,4390.0,5.0
19478,57704,1012,1.0,6600.0,0.0
14257,55626,1012,1.0,6600.0,0.0
14152,55580,1040,1.0,3060.0,20.0
5706,52255,1015,1.0,3850.0,
2125,50827,1066,1.0,3610.0,5.0
4231,51671,1070,1.0,2320.0,15.0
429,50168,1049,2.0,2810.0,0.0
6939,52730,1068,4.0,10570.0,10.0
9262,53649,1031,1.0,9170.0,0.0
5531,52190,1068,1.0,10570.0,10.0
6057,52391,1018,1.0,3890.0,0.0
11709,54602,1070,2.0,2320.0,0.0
6012,52372,1007,1.0,1100.0,10.0
10009,53947,1040,1.0,3060.0,
4421,51747,1055,1.0,1380.0,10.0
4553,51800,1007,1.0,1100.0,20.0
2034,50790,1015,1.0,3850.0,0.0
4863,51925,1028,2.0,4510.0,10.0
631,50247,1006,4.0,4150.0,5.0
15344,56058,1038,1.0,4270.0,10.0
4577,51809,1026,2.0,7010.0,5.0
1797,50700,1023,3.0,4290.0,0.0
14422,55696,1016,1.0,3350.0,25.0
11839,54656,1005,1.0,5510.0,10.0
12442,54899,1070,1.0,2320.0,0.0
12687,54995,1043,2.0,4500.0,5.0
1069,50421,1069,1.0,4090.0,0.0
12754,55021,1031,1.0,9170.0,10.0
18679,57374,1008,3.0,6630.0,0.0
4108,51623,1002,1.0,3080.0,0.0
14659,55793,1027,4.0,7200.0,15.0
4237,51674,1009,1.0,6030.0,0.0
12129,54772,1004,1.0,9380.0,0.0
5551,52198,1027,1.0,7200.0,0.0
5025,51992,1030,2.0,4290.0,10.0
16588,56549,1035,2.0,6470.0,5.0
13367,55261,1065,5.0,7400.0,10.0
19110,57555,1020,1.0,,20.0
8462,53332,1027,1.0,7200.0,5.0
19318,57639,1025,2.0,4730.0,0.0
7977,53145,1021,2.0,5530.0,10.0
1461,50572,1036,1.0,6710.0,20.0
16294,56433,1037,4.0,2640.0,25.0
16774,56619,1033,1.0,2910.0,15.0
17383,56851,1023,2.0,4290.0,5.0
13386,55267,1055,2.0,1380.0,0.0
6884,52708,1069,2.0,4090.0,10.0
19319,57639,1023,1.0,4290.0,10.0
12625,54974,1029,1.0,3490.0,10.0
7533,52960,1042,2.0,590.0,0.0
7041,52771,1029,2.0,3490.0,0.0
15382,56072,1024,2.0,9110.0,5.0
18343,57237,1025,1.0,4730.0,5.0
19949,57896,1046,2.0,3450.0,10.0
378,50150,1002,2.0,3080.0,10.0
14667,55797,1024,1.0,9110.0,0.0
6940,52730,1032,1.0,1990.0,5.0
5383,52129,1006,1.0,4150.0,15.0
16326,56444,1035,1.0,6470.0,10.0
1687,50659,1027,1.0,7200.0,0.0
16466,56495,1050,1.0,7140.0,15.0
7040,52770,1056,1.0,1230.0,0.0
13330,55249,1056,1.0,1230.0,5.0
14629,55780,1016,2.0,3350.0,
12796,55038,1011,1.0,4590.0,15.0
18720,57392,1007,3.0,1100.0,15.0
2775,51096,1063,2.0,1660.0,5.0
3389,51340,1055,1.0,1380.0,15.0
7579,52979,1002,1.0,3080.0,0.0
19225,57598,1060,1.0,5950.0,0.0
11389,54478,1012,1.0,6600.0,0.0
6684,52625,1033,1.0,2910.0,10.0
15336,56055,1044,1.0,3230.0,15.0
4757,51880,1035,2.0,6470.0,10.0
5167,52045,1073,1.0,6680.0,0.0
9511,53750,1031,1.0,9170.0,
9547,53763,1045,1.0,8330.0,10.0
14275,55633,1051,1.0,7060.0,20.0
1361,50536,1003,1.0,2040.0,0.0
14447,55706,1072,1.0,4390.0,0.0
16620,56560,1052,1.0,6950.0,0.0
19694,57789,1062,2.0,280.0,10.0
16147,56375,1052,2.0,6950.0,10.0
16597,56551,1031,1.0,9170.0,0.0
15949,56298,1066,4.0,3610.0,10.0
11358,54467,1002,1.0,3080.0,5.0
684,50265,1057,1.0,2370.0,0.0
8392,53303,1028,1.0,4510.0,0.0
8746,53446,1012,1.0,6600.0,0.0
15544,56142,1063,5.0,1660.0,0.0
19995,57918,1036,2.0,6710.0,0.0
12811,55046,1065,1.0,7400.0,5.0
19503,57712,1043,1.0,4500.0,10.0
8138,53204,1045,1.0,8330.0,10.0
20008,57923,1027,1.0,7200.0,0.0
12428,54894,1044,2.0,3230.0,5.0
11122,54371,1055,3.0,1380.0,15.0
538,50211,1064,2.0,7500.0,10.0
6799,52674,1061,3.0,8080.0,5.0
17105,56746,1047,3.0,5950.0,15.0
8206,53233,1075,2.0,2140.0,25.0
11903,54679,1062,2.0,280.0,10.0
12054,54739,1029,2.0,3490.0,20.0
17256,56801,1071,1.0,1670.0,15.0
19652,57772,1002,2.0,3080.0,5.0
12109,54762,1035,2.0,6470.0,10.0
5230,52072,1062,1.0,280.0,0.0
14243,55619,1008,1.0,6630.0,0.0
19838,57851,1037,4.0,2640.0,0.0
7893,53108,1013,1.0,220.0,10.0
15755,56227,1015,3.0,3850.0,0.0
2889,51146,1028,5.0,4510.0,25.0
10321,54063,1007,1.0,1100.0,0.0
9622,53792,1015,2.0,3850.0,5.0
14189,55595,1036,2.0,6710.0,10.0
1976,50772,1022,4.0,3830.0,5.0
603,50235,1051,4.0,7060.0,20.0
19586,57746,1064,1.0,7500.0,10.0
7805,53073,1052,1.0,6950.0,5.0
5095,52020,1014,1.0,2270.0,5.0
17450,56881,1033,3.0,2910.0,5.0
17044,56723,1070,2.0,2320.0,10.0
4817,51905,1036,1.0,6710.0,10.0
8016,53160,1043,1.0,4500.0,10.0
18415,57265,1006,2.0,4150.0,15.0
2913,51154,1005,2.0,5510.0,5.0
4041,51593,1027,3.0,7200.0,0.0
5276,52089,1011,4.0,4590.0,25.0
11325,54454,1010,1.0,8870.0,0.0
2482,50975,1025,3.0,4730.0,0.0
3610,51424,1051,2.0,7060.0,0.0
16838,56641,1053,,3470.0,20.0
9905,53906,1071,2.0,1670.0,5.0
2503,50983,1001,1.0,6530.0,0.0
10664,54198,1017,2.0,3470.0,0.0
7189,52831,1055,2.0,1380.0,0.0
11848,54661,1048,1.0,7870.0,0.0
7090,52793,1036,5.0,6710.0,5.0
18977,57500,1074,2.0,1880.0,15.0
501,50195,1057,1.0,2370.0,15.0
10112,53987,1057,2.0,2370.0,15.0
5682,52248,1070,1.0,2320.0,0.0
13099,55156,1001,2.0,6530.0,0.0
9829,53874,1042,3.0,590.0,0.0
4606,51820,1050,1.0,7140.0,0.0
9512,53751,1070,2.0,2320.0,20.0
7541,52965,1048,1.0,7870.0,10.0
4618,51825,1017,1.0,3470.0,10.0
6793,52671,1021,2.0,5530.0,5.0
6838,52692,1043,1.0,4500.0,5.0
5580,52209,1011,1.0,4590.0,10.0
778,50303,1017,1.0,3470.0,5.0
3425,51352,1010,1.0,8870.0,0.0
6525,52565,1029,1.0,3490.0,20.0
1573,50614,1011,1.0,4590.0,10.0
8179,53221,1019,1.0,4560.0,0.0
3466,51369,1052,1.0,6950.0,0.0
18696,57382,1034,2.0,10530.0,5.0
12001,54719,1058,2.0,5550.0,15.0
12081,54751,1030,4.0,4290.0,0.0
18254,57203,1054,4.0,1830.0,25.0
2398,50942,1045,1.0,8330.0,0.0
11073,54350,1021,1.0,5530.0,0.0
12456,54904,1044,3.0,3230.0,5.0
519,50200,1022,1.0,3830.0,15.0
14310,55647,1072,1.0,4390.0,5.0
17083,56737,1035,3.0,6470.0,0.0
18245,57198,1022,1.0,3830.0,5.0
8045,53169,1035,1.0,6470.0,25.0
17693,56977,1058,1.0,5550.0,5.0
3971,51565,1060,1.0,5950.0,0.0
7567,52974,1043,1.0,4500.0,0.0
15543,56141,1064,3.0,7500.0,5.0
17024,56715,1040,1.0,3060.0,10.0
18316,57226,1007,5.0,1100.0,5.0
3524,51390,1004,1.0,9380.0,10.0
18375,57250,1053,1.0,3470.0,10.0
1341,50526,1043,4.0,4500.0,10.0
17709,56983,1029,5.0,3490.0,0.0
17690,56976,1049,1.0,2810.0,0.0
1808,50704,1048,2.0,7870.0,20.0
16111,56360,1010,3.0,8870.0,0.0
12957,55097,1050,1.0,7140.0,10.0
8088,53186,1048,1.0,7870.0,5.0
616,50242,1034,1.0,10530.0,20.0
18933,57482,1046,1.0,3450.0,0.0
19443,57687,1019,1.0,4560.0,0.0
2766,51093,1047,2.0,5950.0,20.0
12748,55017,1042,1.0,590.0,0.0
9571,53772,1028,2.0,4510.0,5.0
4505,51782,1052,1.0,6950.0,15.0
5494,52176,1051,1.0,7060.0,0.0
8830,53480,1021,3.0,5530.0,0.0
13328,55248,1005,2.0,5510.0,0.0
6191,52442,1009,1.0,6030.0,0.0
5363,52123,1008,2.0,6630.0,15.0
9107,53589,1047,1.0,5950.0,25.0
10777,54238,1047,5.0,5950.0,10.0
15443,56100,1036,5.0,6710.0,0.0
1429,50561,1032,1.0,1990.0,0.0
16274,56424,1024,2.0,9110.0,5.0
5257,52081,1065,1.0,7400.0,0.0
6190,52442,1051,2.0,7060.0,10.0
17001,56706,1072,2.0,4390.0,5.0
6096,52403,1015,1.0,3850.0,5.0
8302,53269,1002,1.0,3080.0,5.0
19658,57775,1057,1.0,2370.0,0.0
13926,55487,1035,2.0,6470.0,5.0
11574,54550,1074,3.0,1880.0,20.0
20020,57926,1063,3.0,1660.0,5.0
12290,54837,1064,2.0,7500.0,15.0
16045,56336,1059,2.0,4580.0,5.0
2456,50966,1055,1.0,1380.0,0.0
11852,54663,1024,1.0,9110.0,15.0
17928,57069,1056,4.0,1230.0,25.0
18882,57462,1052,4.0,6950.0,10.0
4711,51863,1059,1.0,4580.0,15.0
19228,57599,1059,3.0,4580.0,0.0
14109,55562,1024,1.0,9110.0,20.0
8433,53321,1039,3.0,8680.0,0.0
15891,56277,1053,1.0,3470.0,0.0
13137,55172,1020,2.0,720.0,10.0
421,50166,1022,3.0,3830.0,
2452,50963,1015,3.0,3850.0,5.0
8344,53285,1066,1.0,3610.0,15.0
18966,57494,1020,2.0,720.0,0.0
785,50309,1014,1.0,2270.0,20.0
4066,51603,1018,3.0,3890.0,15.0
870,50344,1057,2.0,2370.0,15.0
1977,50772,1037,2.0,2640.0,10.0
17106,56747,1043,1.0,4500.0,0.0
12252,54821,1020,1.0,720.0,0.0
17977,57085,1034,2.0,10530.0,5.0
2145,50835,1054,2.0,1830.0,0.0
12310,54847,1009,1.0,6030.0,15.0
9730,53838,1007,4.0,1100.0,0.0
13984,55509,1009,1.0,6030.0,15.0
3128,51235,1040,1.0,3060.0,15.0
15203,56009,1044,1.0,3230.0,10.0
1277,50504,1016,1.0,3350.0,0.0
6206,52448,1004,1.0,9380.0,10.0
13713,55404,1006,1.0,4150.0,5.0
10686,54206,1036,3.0,6710.0,0.0
292,50117,1033,1.0,2910.0,5.0
131,50056,1027,1.0,7200.0,15.0
5586,52213,1032,1.0,1990.0,25.0
4651,51838,1014,1.0,2270.0,20.0
2011,50783,1040,1.0,3060.0,5.0
1422,50559,1016,1.0,3350.0,5.0
18551,57320,1073,5.0,6680.0,0.0
15970,56306,1022,3.0,3830.0,10.0
199,50080,1018,1.0,3890.0,0.0
15510,56129,1033,3.0,2910.0,15.0
3094,51222,1005,1.0,5510.0,10.0
10770,54235,1006,2.0,4150.0,5.0
17103,56746,1024,2.0,9110.0,0.0
4131,51630,1031,3.0,9170.0,0.0
3912,51544,1071,1.0,1670.0,0.0
5571,52205,1058,1.0,5550.0,20.0
17886,57051,1060,2.0,5950.0,20.0
1666,50651,1053,3.0,3470.0,15.0
8342,53284,1048,2.0,7870.0,0.0
15513,56130,1065,1.0,7400.0,5.0
14734,55821,1014,2.0,2270.0,0.0
19072,57541,1057,5.0,2370.0,10.0
5893,52328,1021,1.0,5530.0,5.0
18400,57259,1043,1.0,4500.0,10.0
15015,55936,1071,2.0,1670.0,0.0
4978,51971,1072,3.0,4390.0,5.0
12017,54725,1030,4.0,4290.0,10.0
14381,55680,1024,1.0,9110.0,20.0
13199,55198,1004,1.0,9380.0,5.0
17822,57027,1072,3.0,4390.0,0.0
16194,56392,1035,1.0,6470.0,20.0
8882,53501,1013,1.0,220.0,20.0
13547,55338,1012,1.0,6600.0,10.0
2405,50944,1066,1.0,3610.0,0.0
5254,52080,1046,1.0,3450.0,10.0
10165,54007,1070,1.0,2320.0,5.0
14286,55638,1016,4.0,3350.0,0.0
598,50234,1040,1.0,3060.0,25.0
13026,55127,1003,2.0,2040.0,0.0
3174,51253,1004,3.0,9380.0,5.0
4017,51584,1075,5.0,2140.0,15.0
8909,53510,1025,2.0,4730.0,0.0
6432,52533,1072,3.0,4390.0,5.0
15091,55962,1064,2.0,7500.0,0.0
2212,50864,1003,1.0,2040.0,0.0
8648,53407,1047,2.0,5950.0,5.0
17559,56924,1065,1.0,7400.0,10.0
1983,50774,1027,1.0,7200.0,10.0
15890,56277,1012,2.0,6600.0,0.0
2629,51035,1011,1.0,4590.0,10.0
11494,54518,1032,1.0,1990.0,15.0
15381,56072,1003,1.0,2040.0,5.0
6236,52460,1004,1.0,9380.0,0.0
10626,54184,1004,2.0,9380.0,0.0
17158,56765,1038,3.0,4270.0,5.0
16440,56484,1071,1.0,1670.0,
16164,56380,1075,1.0,2140.0,0.0
1660,50647,1033,1.0,2910.0,0.0
11648,54578,1028,1.0,4510.0,0.0
11276,54433,1017,1.0,3470.0,5.0
3915,51545,1075,1.0,2140.0,10.0
15092,55963,1064,1.0,7500.0,10.0
12597,54960,1064,1.0,7500.0,0.0
11972,54705,1017,1.0,3470.0,0.0
18863,57456,1032,3.0,1990.0,5.0
2259,50886,1022,2.0,3830.0,10.0
6763,52658,1038,3.0,4270.0,10.0
9434,53720,1036,2.0,6710.0,5.0
13071,55146,1024,1.0,9110.0,5.0
2721,51072,1058,1.0,5550.0,10.0
674,50262,1069,1.0,4090.0,0.0
9173,53611,1058,1.0,5550.0,5.0
10675,54202,1041,2.0,700.0,0.0
7675,53018,1046,4.0,3450.0,0.0
16539,56528,1015,1.0,3850.0,0.0
13278,55228,1002,1.0,3080.0,0.0
8672,53417,1040,1.0,3060.0,0.0
320,50129,1012,1.0,6600.0,0.0
11121,54371,1011,3.0,4590.0,20.0
10776,54238,1071,1.0,1670.0,10.0
4682,51850,1074,2.0,1880.0,5.0
266,50107,1041,3.0,700.0,5.0
2862,51133,1036,2.0,6710.0,0.0
8446,53325,1062,3.0,280.0,25.0
19073,57542,1063,,1660.0,15.0
19709,57795,1066,1.0,3610.0,10.0
18628,57352,1072,1.0,4390.0,0.0
11393,54479,1008,4.0,6630.0,15.0
13348,55255,1007,1.0,1100.0,0.0
7739,53047,1029,1.0,3490.0,5.0
4379,51732,1030,1.0,4290.0,0.0
12505,54923,1031,3.0,9170.0,0.0
16483,56505,1006,2.0,4150.0,5.0
13230,55211,1003,1.0,2040.0,15.0
13961,55500,1038,2.0,4270.0,0.0
6954,52736,1070,3.0,2320.0,0.0
14469,55716,1042,1.0,590.0,0.0
5749,52272,1073,1.0,6680.0,10.0
4721,51866,1074,1.0,1880.0,15.0
7186,52831,1068,1.0,10570.0,0.0
5443,52156,1019,,4560.0,5.0
5316,52105,1007,1.0,1100.0,10.0
1958,50764,1051,2.0,7060.0,5.0
10081,53975,1051,1.0,7060.0,15.0
14628,55780,1044,1.0,3230.0,0.0
13797,55438,1068,5.0,10570.0,0.0
15892,56277,1045,1.0,8330.0,5.0
13439,55290,1058,2.0,5550.0,10.0
6067,52394,1056,1.0,1230.0,15.0
19212,57593,1008,2.0,6630.0,0.0
481,50187,1059,1.0,4580.0,0.0
8191,53227,1056,3.0,1230.0,5.0
7351,52889,1070,4.0,2320.0,0.0
20170,57992,1040,2.0,3060.0,5.0
7347,52888,1047,1.0,5950.0,10.0
5418,52146,1053,3.0,3470.0,10.0
3908,51542,1075,3.0,2140.0,5.0
16510,56516,1008,1.0,6630.0,10.0
19891,57873,1044,1.0,3230.0,0.0
7209,52838,1023,3.0,4290.0,5.0
18306,57223,1038,3.0,4270.0,0.0
6988,52749,1070,1.0,2320.0,5.0
4329,51714,1054,1.0,1830.0,0.0
2985,51179,1012,1.0,6600.0,0.0
15068,55954,1017,3.0,3470.0,0.0
3979,51568,1030,1.0,4290.0,5.0
15542,56140,1066,2.0,3610.0,0.0
5585,52212,1017,2.0,3470.0,5.0
6121,52413,1035,1.0,6470.0,10.0
11691,54594,1071,3.0,1670.0,10.0
7397,52904,1050,2.0,7140.0,0.0
10253,54040,1040,1.0,3060.0,0.0
13032,55130,1023,2.0,4290.0,0.0
5639,52230,1072,1.0,4390.0,0.0
12782,55031,1055,1.0,1380.0,0.0
16289,56431,1049,1.0,2810.0,10.0
8831,53480,1042,1.0,590.0,20.0
10037,53958,1066,2.0,3610.0,0.0
16026,56330,1057,2.0,2370.0,0.0
17091,56741,1073,1.0,6680.0,20.0
16071,56345,1007,3.0,1100.0,0.0
13938,55491,1021,1.0,5530.0,5.0
2483,50975,1019,3.0,,10.0
3626,51432,1071,1.0,1670.0,0.0
6584,52590,1029,1.0,3490.0,10.0
5583,52210,1004,1.0,9380.0,0.0
630,50246,1044,,3230.0,0.0
17961,57080,1022,1.0,3830.0,20.0
19092,57548,1043,1.0,4500.0,0.0
12346,54862,1053,1.0,3470.0,5.0
4491,51777,1032,2.0,1990.0,20.0
6995,52752,1056,1.0,1230.0,0.0
6675,52622,1023,1.0,4290.0,0.0
18835,57443,1030,1.0,4290.0,5.0
10273,54046,1046,,3450.0,5.0
2233,50875,1036,1.0,6710.0,0.0
3318,51311,1006,2.0,4150.0,0.0
6998,52753,1038,1.0,4270.0,5.0
1103,50435,1064,1.0,7500.0,15.0
10220,54028,1072,3.0,4390.0,0.0
18958,57492,1018,2.0,3890.0,0.0
1879,50735,1058,3.0,5550.0,25.0
12066,54744,1069,3.0,4090.0,20.0
84,50034,1049,4.0,2810.0,0.0
14666,55796,1062,1.0,280.0,5.0
18755,57407,1044,4.0,3230.0,5.0
10182,54014,1007,1.0,1100.0,10.0
12660,54985,1056,1.0,1230.0,10.0
10284,54049,1050,3.0,7140.0,20.0
6504,52557,1056,1.0,1230.0,0.0
18298,57220,1061,3.0,8080.0,0.0
6214,52452,1051,3.0,7060.0,10.0
18721,57392,1038,2.0,4270.0,0.0
3540,51398,1042,2.0,590.0,0.0
15278,56035,1035,1.0,6470.0,25.0
15246,56023,1044,1.0,3230.0,0.0
6202,52446,1058,1.0,5550.0,5.0
11061,54346,1058,2.0,5550.0,0.0
18267,57209,1028,1.0,4510.0,0.0
1758,50686,1059,2.0,4580.0,5.0
20183,57995,1074,1.0,1880.0,0.0
781,50306,1029,1.0,3490.0,20.0
7810,53075,1051,1.0,7060.0,15.0
7993,53152,1020,2.0,720.0,0.0
3270,51291,1001,1.0,6530.0,20.0
7864,53095,1047,2.0,5950.0,5.0
1516,50595,1003,2.0,2040.0,15.0
7999,53153,1016,1.0,3350.0,0.0
14068,55544,1034,5.0,10530.0,10.0
19921,57884,1065,,7400.0,10.0
17007,56709,1049,2.0,2810.0,0.0
2229,50872,1075,1.0,2140.0,10.0
1489,50584,1043,2.0,4500.0,15.0
3799,51499,1007,2.0,1100.0,10.0
4194,51656,1035,1.0,6470.0,15.0
18282,57215,1048,1.0,7870.0,10.0
3048,51205,1073,2.0,6680.0,0.0
3280,51297,1009,1.0,6030.0,0.0
18929,57481,1017,2.0,3470.0,5.0
7052,52777,1022,2.0,3830.0,0.0
19643,57768,1012,1.0,6600.0,10.0
3790,51494,1029,1.0,3490.0,10.0
11714,54603,1036,1.0,6710.0,5.0
3658,51445,1020,2.0,720.0,20.0
6480,52549,1066,1.0,3610.0,0.0
2279,50892,1007,,1100.0,10.0
10835,54258,1051,3.0,7060.0,10.0
11452,54501,1075,2.0,2140.0,20.0
5769,52280,1071,4.0,1670.0,0.0
16479,56502,1040,2.0,3060.0,5.0
1170,50460,1065,3.0,7400.0,0.0
14500,55731,1059,1.0,4580.0,0.0
12709,55003,1053,2.0,3470.0,5.0
16453,56490,1016,2.0,3350.0,0.0
6031,52379,1056,2.0,1230.0,0.0
60,50024,1069,1.0,4090.0,0.0
11615,54565,1063,3.0,1660.0,5.0
7681,53020,1030,1.0,4290.0,5.0
15968,56306,1013,3.0,220.0,5.0
1661,50648,1028,2.0,4510.0,5.0
8240,53246,1039,3.0,8680.0,5.0
2805,51110,1066,1.0,3610.0,10.0
9444,53724,1024,1.0,9110.0,20.0
18974,57498,1033,2.0,2910.0,10.0
16669,56580,1037,2.0,2640.0,10.0
16019,56327,1033,1.0,2910.0,0.0
8404,53308,1025,2.0,4730.0,0.0
4642,51835,1030,3.0,4290.0,10.0
15506,56127,1011,1.0,4590.0,0.0
5725,52263,1071,3.0,1670.0,15.0
7424,52915,1061,4.0,8080.0,0.0
16469,56496,1074,4.0,1880.0,0.0
19639,57766,1058,1.0,5550.0,0.0
12691,54996,1067,1.0,4370.0,0.0
16433,56482,1020,2.0,720.0,0.0
6209,52450,1015,1.0,3850.0,5.0
3740,51475,1032,1.0,1990.0,0.0
2138,50833,1068,1.0,10570.0,10.0
19930,57890,1050,2.0,7140.0,10.0
11639,54575,1068,,10570.0,0.0
11890,54674,1015,2.0,3850.0,0.0
17971,57083,1042,1.0,590.0,10.0
7989,53150,1031,1.0,9170.0,15.0
1770,50690,1042,1.0,590.0,0.0
5361,52122,1054,1.0,1830.0,5.0
12265,54827,1018,,3890.0,0.0
7353,52889,1052,3.0,6950.0,5.0
9216,53629,1059,1.0,4580.0,5.0
17740,56995,1052,2.0,6950.0,5.0
14756,55830,1035,1.0,6470.0,0.0
1084,50426,1068,1.0,10570.0,10.0
11483,54512,1003,1.0,2040.0,0.0
13571,55347,1014,1.0,2270.0,5.0
10899,54282,1029,1.0,3490.0,0.0
16407,56471,1002,1.0,3080.0,0.0
3272,51291,1009,1.0,6030.0,10.0
5192,52056,1021,2.0,5530.0,20.0
16824,56636,1019,2.0,4560.0,0.0
2623,51034,1040,4.0,3060.0,0.0
18748,57403,1049,1.0,2810.0,15.0
514,50198,1061,4.0,8080.0,15.0
1698,50663,1061,1.0,8080.0,25.0
3436,51357,1013,2.0,220.0,0.0
17473,56889,1046,2.0,3450.0,0.0
9621,53792,1041,2.0,700.0,10.0
19641,57767,1053,1.0,3470.0,0.0
19123,57562,1051,1.0,7060.0,20.0
16246,56412,1047,1.0,5950.0,0.0
5063,52006,1007,1.0,1100.0,10.0
9633,53798,1016,1.0,3350.0,0.0
18192,57179,1051,3.0,7060.0,10.0
18103,57137,1061,2.0,8080.0,25.0
2178,50851,1003,1.0,2040.0,10.0
19766,57818,1004,2.0,9380.0,5.0
2650,51045,1046,1.0,3450.0,15.0
13988,55510,1057,1.0,2370.0,0.0
10594,54171,1051,1.0,7060.0,20.0
9624,53793,1004,1.0,9380.0,20.0
5509,52183,1070,2.0,2320.0,0.0
7654,53010,1058,2.0,5550.0,0.0
12905,55079,1059,2.0,4580.0,0.0
18363,57245,1029,5.0,3490.0,10.0
3381,51336,1023,4.0,4290.0,0.0
16775,56619,1046,1.0,3450.0,0.0
12734,55012,1057,1.0,2370.0,25.0
7704,53034,1040,1.0,3060.0,10.0
226,50090,1074,4.0,1880.0,0.0
7426,52915,1062,1.0,280.0,15.0
13724,55407,1014,1.0,2270.0,20.0
10989,54317,1069,1.0,4090.0,0.0
12269,54829,1034,4.0,10530.0,15.0
13851,55457,1030,3.0,4290.0,5.0
8621,53398,1075,1.0,2140.0,15.0
8010,53158,1037,2.0,2640.0,10.0
10959,54306,1006,5.0,4150.0,20.0
9251,53644,1067,1.0,4370.0,10.0
10503,54137,1003,3.0,2040.0,10.0
1329,50523,1068,1.0,10570.0,15.0
11806,54643,1043,2.0,4500.0,10.0
13507,55322,1049,1.0,2810.0,0.0
10595,54171,1030,2.0,4290.0,20.0
19012,57514,1055,1.0,1380.0,0.0
10055,53965,1017,1.0,3470.0,20.0
15975,56307,1053,1.0,3470.0,5.0
18424,57269,1017,1.0,3470.0,0.0
12309,54846,1062,1.0,280.0,0.0
6916,52720,1075,1.0,2140.0,5.0
14260,55627,1075,3.0,2140.0,10.0
2962,51170,1029,4.0,3490.0,5.0
14920,55892,1040,1.0,3060.0,0.0
10661,54197,1034,1.0,10530.0,25.0
3825,51510,1004,3.0,9380.0,5.0
2731,51078,1012,1.0,6600.0,0.0
4024,51587,1055,1.0,1380.0,0.0
18941,57485,1001,2.0,6530.0,10.0
7322,52879,1026,1.0,7010.0,20.0
10143,54000,1020,1.0,720.0,20.0
1940,50758,1072,1.0,4390.0,0.0
12450,54902,1030,2.0,4290.0,0.0
15090,55961,1058,1.0,5550.0,15.0
6767,52660,1042,1.0,590.0,5.0
11157,54386,1010,1.0,8870.0,20.0
12322,54852,1014,4.0,2270.0,10.0
5044,51999,1052,2.0,6950.0,0.0
15075,55957,1001,4.0,6530.0,15.0
14347,55665,1008,2.0,6630.0,5.0
9496,53744,1067,2.0,4370.0,10.0
12513,54926,1052,1.0,6950.0,5.0
13971,55503,1045,1.0,8330.0,0.0
1053,50414,1002,2.0,3080.0,10.0
17506,56900,1006,3.0,4150.0,15.0
11888,54674,1026,1.0,7010.0,5.0
1044,50412,1019,1.0,4560.0,10.0
15284,56037,1021,1.0,5530.0,5.0
4811,51901,1049,1.0,2810.0,0.0
4901,51941,1054,2.0,1830.0,0.0
20056,57944,1007,1.0,1100.0,5.0
14016,55523,1046,1.0,3450.0,15.0
2852,51130,1036,1.0,6710.0,0.0
3883,51533,1073,3.0,6680.0,0.0
19363,57656,1054,2.0,1830.0,0.0
17366,56845,1016,1.0,3350.0,15.0
13047,55137,1046,2.0,3450.0,5.0
5716,52258,1023,1.0,4290.0,0.0
19465,57698,1057,1.0,2370.0,5.0
5548,52196,1061,1.0,8080.0,0.0
3110,51229,1069,2.0,4090.0,10.0
17912,57062,1052,1.0,6950.0,5.0
6983,52747,1031,2.0,9170.0,5.0
13613,55363,1051,1.0,7060.0,10.0
20067,57947,1070,2.0,2320.0,0.0
18456,57282,1018,1.0,3890.0,10.0
17347,56837,1069,1.0,4090.0,20.0
16094,56354,1014,2.0,2270.0,0.0
4698,51857,1069,2.0,4090.0,0.0
17475,56890,1005,1.0,5510.0,20.0
16304,56436,1066,1.0,3610.0,5.0
2912,51153,1032,2.0,1990.0,5.0
7815,53076,1005,3.0,5510.0,10.0
6593,52594,1050,3.0,7140.0,0.0
15329,56052,1034,3.0,10530.0,0.0
14197,55598,1062,2.0,280.0,0.0
13889,55471,1018,3.0,3890.0,0.0
20003,57920,1075,2.0,2140.0,0.0
11415,54487,1016,1.0,3350.0,5.0
16897,56663,1071,2.0,1670.0,5.0
1176,50461,1013,5.0,220.0,15.0
3982,51569,1043,2.0,4500.0,20.0
14571,55757,1018,2.0,3890.0,
4468,51768,1012,,6600.0,0.0
17458,56885,1063,1.0,1660.0,10.0
10607,54175,1050,1.0,7140.0,25.0
6439,52535,1025,1.0,4730.0,0.0
16749,56609,1046,1.0,3450.0,20.0
16007,56322,1021,1.0,5530.0,15.0
8188,53225,1043,,4500.0,15.0
4021,51585,1037,1.0,2640.0,0.0
16477,56501,1045,1.0,8330.0,20.0
10477,54124,1043,3.0,4500.0,15.0
11113,54367,1046,1.0,,5.0
4333,51715,1017,2.0,3470.0,10.0
18494,57298,1063,1.0,1660.0,0.0
13242,55215,1073,1.0,6680.0,15.0
14503,55731,1072,3.0,4390.0,10.0
3146,51241,1010,3.0,8870.0,0.0
1609,50628,1053,3.0,3470.0,25.0
1254,50495,1035,1.0,6470.0,0.0
6256,52466,1010,2.0,8870.0,5.0
11195,54404,1023,1.0,4290.0,0.0
3015,51192,1073,1.0,6680.0,5.0
11860,54665,1047,1.0,5950.0,25.0
8422,53316,1044,1.0,3230.0,0.0
13402,55274,1032,2.0,1990.0,10.0
11644,54577,1026,2.0,7010.0,25.0
9165,53609,1067,3.0,4370.0,0.0
7149,52818,1075,1.0,2140.0,10.0
7079,52788,1006,1.0,4150.0,0.0
642,50250,1054,4.0,1830.0,0.0
17431,56875,1008,2.0,6630.0,15.0
8534,53361,1062,2.0,280.0,5.0
15967,56305,1054,1.0,1830.0,5.0
7534,52961,1067,3.0,4370.0,0.0
16851,56647,1004,1.0,9380.0,10.0
12367,54871,1055,4.0,1380.0,0.0
18925,57479,1067,2.0,4370.0,15.0
15635,56178,1014,1.0,2270.0,5.0
2923,51157,1073,2.0,6680.0,15.0
8853,53489,1018,1.0,3890.0,0.0
11438,54497,1053,3.0,3470.0,20.0
14047,55536,1028,1.0,4510.0,5.0
15216,56012,1044,1.0,3230.0,0.0
5998,52367,1030,1.0,4290.0,15.0
4472,51770,1017,1.0,3470.0,0.0
16313,56439,1050,1.0,7140.0,20.0
8563,53375,1049,5.0,2810.0,5.0
19227,57599,1073,1.0,6680.0,0.0
12729,55010,1067,1.0,4370.0,15.0
9725,53836,1045,2.0,8330.0,0.0
7686,53023,1056,1.0,1230.0,0.0
15174,55996,1026,1.0,7010.0,0.0
11095,54360,1072,5.0,4390.0,15.0
7372,52895,1043,2.0,4500.0,0.0
918,50363,1014,2.0,2270.0,10.0
7577,52978,1050,2.0,7140.0,5.0
1719,50671,1019,2.0,4560.0,15.0
4301,51703,1069,2.0,4090.0,25.0
10406,54095,1032,5.0,1990.0,15.0
18147,57157,1008,1.0,6630.0,5.0
18834,57442,1013,1.0,220.0,0.0
4059,51600,1064,2.0,7500.0,5.0
3462,51367,1007,2.0,1100.0,0.0
6197,52444,1011,4.0,4590.0,0.0
5054,52004,1063,3.0,1660.0,0.0
12483,54915,1052,1.0,6950.0,10.0
8321,53275,1074,2.0,1880.0,5.0
9909,53907,1023,1.0,4290.0,5.0
18784,57421,1031,1.0,9170.0,0.0
12264,54826,1041,1.0,700.0,20.0
14851,55866,1066,3.0,3610.0,0.0
5549,52197,1033,3.0,2910.0,0.0
4918,51946,1009,1.0,6030.0,0.0
14566,55754,1057,1.0,2370.0,5.0
15484,56117,1036,1.0,6710.0,0.0
3873,51529,1074,1.0,1880.0,0.0
16984,56697,1042,2.0,590.0,20.0
8728,53438,1043,1.0,4500.0,0.0
17612,56942,1041,2.0,700.0,0.0
5231,52072,1046,1.0,3450.0,0.0
3112,51229,1042,2.0,590.0,0.0
5514,52185,1034,5.0,10530.0,10.0
2317,50907,1048,1.0,7870.0,10.0
19601,57752,1069,2.0,4090.0,10.0
12626,54974,1036,2.0,6710.0,0.0
11148,54381,1053,2.0,3470.0,0.0
3003,51188,1020,1.0,720.0,0.0
10411,54097,1010,3.0,8870.0,5.0
14229,55615,1037,1.0,2640.0,10.0
18968,57495,1034,2.0,10530.0,20.0
10023,53953,1073,1.0,6680.0,25.0
7783,53064,1050,1.0,7140.0,5.0
2885,51144,1013,1.0,220.0,0.0
3390,51340,1058,1.0,5550.0,20.0
5411,52143,1009,1.0,6030.0,0.0
12908,55080,1045,1.0,8330.0,0.0
5789,52288,1010,1.0,8870.0,15.0
17125,56753,1047,1.0,,5.0
9513,53751,1040,1.0,3060.0,0.0
11699,54597,1045,2.0,8330.0,15.0
3057,51208,1045,3.0,8330.0,5.0
7408,52909,1001,2.0,6530.0,0.0
10982,54314,1039,1.0,8680.0,0.0
8784,53458,1051,1.0,7060.0,0.0
19964,57904,1050,2.0,7140.0,5.0
1316,50518,1024,2.0,9110.0,20.0
19884,57869,1032,2.0,1990.0,15.0
17819,57025,1034,2.0,10530.0,5.0
18122,57146,1064,3.0,7500.0,15.0
10483,54128,1003,1.0,2040.0,15.0
12318,54851,1035,1.0,6470.0,0.0
8922,53514,1069,2.0,4090.0,0.0
17930,57069,1006,2.0,4150.0,20.0
9031,53561,1017,3.0,3470.0,20.0
6574,52586,1043,4.0,4500.0,10.0
9598,53783,1029,1.0,3490.0,0.0
16203,56396,1014,1.0,2270.0,0.0
15744,56221,1021,2.0,5530.0,0.0
809,50319,1004,1.0,9380.0,0.0
1837,50718,1051,3.0,7060.0,20.0
2033,50790,1057,,2370.0,20.0
14284,55637,1035,1.0,6470.0,0.0
13665,55381,1014,2.0,2270.0,5.0
4862,51925,1050,2.0,7140.0,25.0
5474,52168,1006,2.0,,15.0
2616,51032,1034,2.0,10530.0,5.0
15956,56300,1001,2.0,6530.0,5.0
1932,50755,1061,2.0,8080.0,
20131,57976,1014,1.0,2270.0,20.0
4398,51738,1020,1.0,720.0,0.0
2349,50921,1033,3.0,2910.0,0.0
19192,57587,1010,2.0,8870.0,15.0
3459,51366,1034,3.0,10530.0,20.0
17590,56934,1074,2.0,1880.0,0.0
7703,53034,1026,1.0,7010.0,25.0
17809,57022,1034,1.0,10530.0,5.0
13854,55459,1003,1.0,2040.0,5.0
10397,54092,1010,5.0,8870.0,0.0
13596,55357,1073,1.0,6680.0,0.0
19836,57850,1042,2.0,590.0,0.0
19200,57589,1041,1.0,700.0,5.0
8432,53320,1018,1.0,3890.0,0.0
7036,52769,1044,2.0,3230.0,0.0
7078,52788,1025,1.0,4730.0,10.0
13551,55340,1056,2.0,1230.0,0.0
10328,54065,1025,1.0,4730.0,0.0
19367,57658,1020,2.0,720.0,0.0
17322,56826,1051,1.0,7060.0,5.0
17355,56840,1016,1.0,3350.0,15.0
17811,57023,1044,2.0,3230.0,0.0
971,50384,1007,1.0,1100.0,5.0
13044,55136,1029,1.0,3490.0,10.0
1383,50544,1015,1.0,3850.0,0.0
4045,51594,1019,1.0,4560.0,25.0
12145,54780,1024,3.0,9110.0,0.0
17823,57027,1030,1.0,4290.0,0.0
1482,50581,1001,1.0,6530.0,0.0
1110,50437,1008,2.0,6630.0,0.0
18204,57184,1003,1.0,2040.0,10.0
13343,55253,1020,1.0,720.0,10.0
12617,54971,1031,1.0,9170.0,10.0
19207,57591,1003,1.0,2040.0,5.0
17412,56866,1041,2.0,700.0,10.0
10141,53999,1022,1.0,3830.0,10.0
12991,55112,1010,1.0,8870.0,10.0
18289,57217,1005,2.0,5510.0,0.0
1245,50491,1031,1.0,9170.0,5.0
4620,51827,1060,4.0,5950.0,5.0
3123,51234,1055,4.0,1380.0,5.0
5657,52237,1057,3.0,2370.0,0.0
10016,53950,1064,1.0,7500.0,5.0
18269,57210,1019,1.0,4560.0,0.0
3765,51484,1067,1.0,4370.0,15.0
3293,51301,1057,3.0,2370.0,5.0
10281,54049,1041,4.0,700.0,0.0
591,50232,1064,3.0,7500.0,0.0
18163,57163,1058,3.0,5550.0,0.0
4603,51819,1018,1.0,3890.0,20.0
2329,50914,1065,3.0,7400.0,10.0
35,50014,1043,1.0,4500.0,20.0
14140,55575,1002,1.0,3080.0,15.0
130,50055,1035,1.0,6470.0,10.0
4069,51604,1065,3.0,7400.0,0.0
18687,57378,1029,2.0,3490.0,0.0
2564,51008,1031,3.0,9170.0,10.0
8970,53535,1073,2.0,6680.0,0.0
9202,53621,1025,1.0,4730.0,0.0
1424,50560,1010,1.0,8870.0,5.0
1752,50684,1063,1.0,1660.0,5.0
12270,54829,1044,2.0,3230.0,5.0
18355,57242,1073,1.0,6680.0,15.0
1306,50515,1051,1.0,7060.0,15.0
18577,57331,1034,3.0,10530.0,0.0
11554,54543,1041,2.0,700.0,0.0
5683,52249,1055,1.0,1380.0,25.0
19644,57768,1021,1.0,5530.0,10.0
11536,54535,1014,1.0,2270.0,0.0
9351,53682,1018,1.0,3890.0,0.0
19669,57777,1019,4.0,4560.0,0.0
4765,51884,1023,4.0,4290.0,10.0
2660,51049,1015,1.0,3850.0,0.0
8791,53461,1027,3.0,7200.0,10.0
7919,53119,1045,3.0,8330.0,15.0
17095,56742,1066,1.0,3610.0,0.0
17820,57026,1072,1.0,4390.0,20.0
323,50130,1062,3.0,280.0,0.0
16380,56462,1018,1.0,3890.0,5.0
8930,53517,1054,3.0,1830.0,10.0
13903,55477,1068,1.0,10570.0,5.0
5577,52208,1038,3.0,4270.0,10.0
16232,56405,1033,1.0,2910.0,25.0
14569,55756,1032,2.0,1990.0,10.0
17675,56970,1029,1.0,3490.0,0.0
13669,55383,1034,2.0,10530.0,0.0
9748,53843,1040,1.0,3060.0,0.0
359,50143,1051,2.0,7060.0,10.0
3134,51238,1034,4.0,10530.0,0.0
8241,53246,1043,2.0,4500.0,20.0
17860,57043,1009,2.0,6030.0,0.0
12756,55021,1072,2.0,4390.0,5.0
5108,52024,1038,1.0,4270.0,0.0
2675,51054,1061,2.0,8080.0,0.0
8488,53343,1043,3.0,4500.0,5.0
17840,57035,1063,2.0,1660.0,10.0
19518,57718,1007,4.0,1100.0,15.0
3407,51346,1064,5.0,7500.0,10.0
879,50349,1039,2.0,8680.0,5.0
15013,55935,1009,1.0,6030.0,10.0
15196,56005,1056,,1230.0,0.0
7200,52836,1045,1.0,8330.0,0.0
16734,56604,1012,5.0,6600.0,20.0
17534,56912,1075,2.0,2140.0,5.0
15595,56161,1063,1.0,1660.0,5.0
6875,52705,1061,1.0,8080.0,0.0
13723,55406,1030,2.0,4290.0,20.0
7692,53027,1069,1.0,4090.0,15.0
14932,55897,1033,2.0,2910.0,0.0
7100,52797,1060,1.0,5950.0,0.0
4096,51618,1070,3.0,2320.0,20.0
18999,57510,1016,1.0,3350.0,0.0
5407,52141,1008,1.0,6630.0,0.0
15642,56182,1016,2.0,3350.0,5.0
19583,57743,1018,2.0,3890.0,10.0
5898,52329,1004,1.0,9380.0,25.0
5392,52134,1069,1.0,4090.0,5.0
8515,53353,1047,1.0,5950.0,0.0
119,50051,1009,3.0,6030.0,5.0
1746,50682,1022,3.0,3830.0,10.0
17800,57019,1031,1.0,9170.0,0.0
4608,51822,1049,1.0,2810.0,10.0
2663,51050,1038,2.0,4270.0,10.0
17325,56827,1063,1.0,1660.0,0.0
16622,56560,1063,1.0,1660.0,0.0
4758,51880,1020,1.0,720.0,10.0
10958,54306,1047,1.0,5950.0,10.0
3553,51403,1032,,1990.0,5.0
8829,53479,1030,1.0,4290.0,0.0
1750,50684,1054,,1830.0,0.0
18822,57439,1019,2.0,4560.0,0.0
11773,54630,1065,1.0,7400.0,0.0
11337,54459,1064,1.0,7500.0,15.0
11861,54665,1056,3.0,1230.0,25.0
13452,55299,1040,3.0,3060.0,20.0
7969,53141,1052,1.0,6950.0,0.0
535,50209,1013,4.0,220.0,20.0
17749,56999,1016,3.0,3350.0,0.0
15893,56277,1037,1.0,2640.0,15.0
5251,52079,1033,2.0,2910.0,0.0
1432,50563,1023,1.0,4290.0,10.0
15403,56082,1049,1.0,2810.0,10.0
7935,53127,1032,1.0,1990.0,5.0
15825,56253,1041,2.0,700.0,0.0
13705,55399,1061,1.0,8080.0,0.0
8440,53323,1040,1.0,3060.0,0.0
8794,53463,1055,1.0,1380.0,0.0
6180,52439,1042,1.0,590.0,0.0
5493,52176,1005,3.0,5510.0,5.0
17894,57055,1063,2.0,1660.0,5.0
2345,50919,1067,2.0,4370.0,0.0
15008,55932,1063,2.0,1660.0,0.0
9350,53681,1051,1.0,7060.0,0.0
1492,50584,1030,5.0,4290.0,0.0
11530,54531,1035,2.0,6470.0,15.0
12050,54737,1020,1.0,720.0,15.0
14325,55655,1036,2.0,6710.0,10.0
7384,52899,1052,1.0,6950.0,10.0
15624,56173,1063,1.0,1660.0,0.0
18172,57168,1049,3.0,2810.0,5.0
19176,57580,1050,1.0,7140.0,20.0
15256,56026,1043,5.0,4500.0,25.0
3076,51215,1059,1.0,4580.0,10.0
420,50165,1006,1.0,4150.0,10.0
19359,57655,1028,2.0,4510.0,10.0
8762,53452,1045,1.0,8330.0,0.0
8266,53253,1038,2.0,4270.0,0.0
4748,51877,1029,1.0,3490.0,0.0
6438,52534,1052,2.0,6950.0,5.0
15553,56145,1028,2.0,4510.0,5.0
11793,54637,1051,3.0,7060.0,10.0
18350,57239,1012,2.0,6600.0,0.0
8004,53155,1046,1.0,3450.0,0.0
1761,50687,1053,3.0,3470.0,10.0
17254,56801,1023,3.0,4290.0,0.0
4926,51951,1001,1.0,6530.0,5.0
16074,56346,1063,3.0,1660.0,5.0
18681,57376,1040,1.0,3060.0,10.0
13404,55275,1060,1.0,5950.0,20.0
10874,54272,1046,1.0,3450.0,10.0
17727,56990,1027,2.0,7200.0,10.0
7531,52960,1002,1.0,3080.0,10.0
3145,51241,1069,2.0,4090.0,20.0
19546,57726,1007,1.0,1100.0,15.0
14554,55750,1052,1.0,6950.0,0.0
10903,54284,1037,2.0,2640.0,0.0
5434,52152,1047,3.0,5950.0,5.0
5484,52172,1051,2.0,7060.0,0.0
3542,51399,1036,1.0,6710.0,5.0
18742,57399,1075,1.0,2140.0,0.0
17678,56972,1066,2.0,3610.0,5.0
1140,50449,1046,1.0,3450.0,0.0
437,50171,1036,1.0,6710.0,0.0
10927,54294,1060,3.0,5950.0,10.0
12778,55029,1031,4.0,,5.0
1192,50466,1020,1.0,720.0,10.0
10302,54056,1014,1.0,2270.0,15.0
4510,51784,1036,1.0,6710.0,5.0
16654,56575,1070,2.0,2320.0,10.0
12530,54932,1058,2.0,5550.0,5.0
14431,55699,1026,5.0,7010.0,0.0
15187,56001,1053,1.0,3470.0,5.0
9832,53876,1045,2.0,8330.0,0.0
6,50003,1029,1.0,3490.0,0.0
9219,53630,1038,1.0,4270.0,5.0
9926,53914,1015,1.0,3850.0,10.0
9427,53715,1053,1.0,3470.0,0.0
6895,52711,1040,1.0,3060.0,0.0
1291,50509,1048,1.0,7870.0,5.0
12433,54896,1027,,7200.0,25.0
8683,53422,1014,1.0,2270.0,5.0
10714,54216,1065,2.0,7400.0,0.0
4351,51724,1055,2.0,1380.0,5.0
13766,55425,1011,1.0,4590.0,25.0
3434,51356,1035,1.0,6470.0,0.0
16655,56575,1061,1.0,8080.0,0.0
11278,54435,1024,1.0,9110.0,10.0
13873,55465,1054,4.0,1830.0,20.0
12355,54865,1029,4.0,3490.0,10.0
3994,51574,1031,2.0,9170.0,20.0
2214,50865,1034,2.0,10530.0,0.0
14297,55643,1068,1.0,10570.0,5.0
9352,53682,1074,2.0,1880.0,15.0
7116,52803,1050,3.0,7140.0,20.0
17199,56780,1066,2.0,3610.0,0.0
7383,52898,1055,1.0,1380.0,0.0
11297,54441,1050,3.0,7140.0,0.0
9381,53694,1010,1.0,8870.0,0.0
12644,54981,1003,2.0,2040.0,0.0
2829,51120,1029,2.0,3490.0,0.0
4391,51736,1001,2.0,6530.0,10.0
2031,50790,1006,1.0,,0.0
18579,57331,1014,1.0,2270.0,5.0
3827,51511,1072,3.0,4390.0,5.0
6038,52382,1019,1.0,4560.0,20.0
2021,50787,1013,1.0,220.0,10.0
16934,56678,1074,1.0,1880.0,10.0
9493,53743,1006,2.0,4150.0,10.0
11716,54604,1053,1.0,3470.0,10.0
6734,52647,1058,2.0,5550.0,5.0
6947,52733,1053,1.0,3470.0,10.0
19880,57867,1016,1.0,3350.0,0.0
12767,55025,1029,1.0,3490.0,0.0
12404,54886,1029,4.0,3490.0,5.0
281,50113,1022,1.0,3830.0,10.0
2583,51015,1034,1.0,10530.0,20.0
1160,50457,1046,3.0,3450.0,5.0
4090,51614,1073,2.0,6680.0,15.0
17751,57000,1016,1.0,3350.0,0.0
15835,56256,1043,2.0,4500.0,10.0
11239,54421,1034,1.0,10530.0,
2280,50892,1015,2.0,3850.0,0.0
6598,52595,1060,3.0,5950.0,0.0
10539,54150,1007,1.0,1100.0,10.0
1105,50435,1068,2.0,10570.0,10.0
10259,54043,1014,3.0,2270.0,15.0
5160,52043,1071,2.0,1670.0,0.0
10272,54046,1055,1.0,1380.0,10.0
6791,52670,1027,2.0,7200.0,0.0
11563,54546,1054,2.0,,5.0
472,50184,1069,3.0,4090.0,5.0
14461,55711,1007,1.0,1100.0,0.0
9348,53680,1024,1.0,9110.0,5.0
12117,54766,1035,2.0,6470.0,0.0
5753,52273,1020,1.0,720.0,15.0
15031,55943,1061,1.0,8080.0,25.0
5093,52019,1061,4.0,8080.0,0.0
12143,54779,1017,1.0,3470.0,5.0
862,50341,1065,1.0,7400.0,0.0
12574,54949,1054,4.0,1830.0,0.0
951,50376,1074,1.0,1880.0,15.0
19268,57616,1022,1.0,3830.0,5.0
17785,57012,1045,1.0,8330.0,15.0
15110,55970,1038,1.0,4270.0,
9206,53624,1031,1.0,9170.0,0.0
10925,54292,1064,2.0,7500.0,15.0
5546,52195,1052,2.0,6950.0,0.0
9198,53620,1048,2.0,7870.0,5.0
8643,53405,1026,1.0,7010.0,20.0
7093,52794,1041,1.0,700.0,5.0
9718,53832,1052,1.0,6950.0,10.0
16700,56590,1050,3.0,7140.0,10.0
872,50345,1049,2.0,2810.0,20.0
4203,51658,1069,1.0,4090.0,0.0
9088,53580,1044,5.0,3230.0,10.0
7469,52932,1022,2.0,3830.0,5.0
8731,53439,1075,5.0,2140.0,10.0
16080,56349,1069,1.0,4090.0,0.0
10109,53986,1022,1.0,3830.0,20.0
2381,50935,1050,1.0,7140.0,0.0
11647,54577,1057,2.0,2370.0,0.0
8190,53226,1020,1.0,720.0,0.0
7601,52988,1064,3.0,7500.0,5.0
4451,51762,1012,1.0,6600.0,
2447,50961,1029,3.0,3490.0,20.0
16961,56689,1047,1.0,5950.0,0.0
19089,57546,1005,1.0,5510.0,20.0
15546,56142,1034,1.0,10530.0,0.0
18230,57193,1047,3.0,5950.0,10.0
14129,55571,1039,1.0,8680.0,20.0
13198,55197,1036,3.0,6710.0,20.0
6080,52397,1032,1.0,1990.0,0.0
7114,52802,1047,3.0,5950.0,20.0
17802,57020,1068,3.0,10570.0,5.0
20145,57981,1028,2.0,4510.0,0.0
11540,54538,1064,1.0,7500.0,10.0
17828,57029,1075,1.0,2140.0,10.0
10593,54171,1074,3.0,1880.0,0.0
16010,56322,1022,1.0,3830.0,10.0
11141,54379,1018,1.0,3890.0,15.0
14959,55912,1067,3.0,4370.0,0.0
10974,54312,1050,2.0,7140.0,0.0
15394,56078,1017,5.0,3470.0,15.0
11835,54655,1028,1.0,4510.0,20.0
5574,52207,1068,2.0,10570.0,5.0
12657,54985,1002,2.0,3080.0,0.0
11620,54567,1026,1.0,7010.0,20.0
14839,55861,1009,1.0,6030.0,10.0
5993,52365,1067,1.0,4370.0,15.0
7554,52970,1070,1.0,2320.0,0.0
14338,55660,1020,1.0,720.0,20.0
7988,53150,1019,2.0,4560.0,10.0
13362,55260,1012,1.0,6600.0,0.0
5440,52155,1025,2.0,4730.0,5.0
3348,51323,1012,1.0,6600.0,0.0
8354,53288,1018,3.0,3890.0,0.0
19565,57736,1024,1.0,9110.0,5.0
13273,55227,1038,1.0,4270.0,0.0
18846,57448,1030,1.0,4290.0,10.0
14891,55881,1041,2.0,700.0,15.0
13302,55238,1053,1.0,3470.0,25.0
14938,55901,1059,1.0,4580.0,5.0
7104,52798,1052,1.0,6950.0,20.0
15297,56041,1010,1.0,8870.0,0.0
17137,56757,1022,1.0,3830.0,5.0
5256,52081,1056,1.0,1230.0,0.0
18274,57212,1039,1.0,8680.0,5.0
2255,50885,1013,1.0,220.0,0.0
11973,54706,1003,2.0,2040.0,5.0
11656,54580,1042,1.0,590.0,0.0
2605,51026,1065,4.0,7400.0,25.0
15706,56209,1071,1.0,1670.0,25.0
1741,50680,1027,1.0,7200.0,10.0
15746,56222,1033,3.0,,0.0
2378,50934,1006,3.0,4150.0,15.0
14301,55644,1044,4.0,3230.0,5.0
5327,52110,1058,1.0,5550.0,25.0
17469,56887,1012,2.0,6600.0,5.0
6972,52743,1006,1.0,4150.0,0.0
5884,52324,1006,3.0,4150.0,
4084,51610,1062,1.0,280.0,
574,50226,1061,1.0,8080.0,0.0
8866,53493,1048,3.0,7870.0,10.0
14335,55659,1040,2.0,3060.0,20.0
11965,54702,1065,1.0,7400.0,20.0
18700,57384,1046,2.0,3450.0,20.0
11712,54602,1055,3.0,1380.0,0.0
6028,52378,1058,2.0,5550.0,10.0
13284,55232,1024,1.0,9110.0,15.0
13021,55124,1030,1.0,4290.0,0.0
13046,55137,1072,2.0,4390.0,15.0
20086,57957,1028,,4510.0,5.0
15521,56132,1051,2.0,7060.0,5.0
20078,57953,1036,2.0,6710.0,15.0
9197,53620,1003,3.0,2040.0,15.0
1249,50493,1038,1.0,4270.0,0.0
19274,57618,1068,,10570.0,10.0
6846,52694,1030,1.0,4290.0,20.0
1648,50644,1039,1.0,8680.0,15.0
11597,54559,1024,1.0,9110.0,5.0
18457,57283,1028,1.0,4510.0,5.0
12424,54893,1012,1.0,6600.0,10.0
12183,54796,1035,1.0,6470.0,20.0
928,50368,1049,2.0,2810.0,25.0
15369,56066,1013,2.0,220.0,10.0
19375,57661,1029,2.0,3490.0,0.0
6166,52434,1043,2.0,4500.0,0.0
3064,51211,1023,2.0,4290.0,0.0
18520,57307,1003,1.0,2040.0,0.0
13214,55203,1024,2.0,9110.0,10.0
9046,53566,1015,1.0,3850.0,25.0
4001,51577,1038,1.0,4270.0,20.0
7247,52853,1035,1.0,6470.0,0.0
16837,56641,1038,1.0,4270.0,0.0
1822,50713,1066,1.0,3610.0,10.0
6485,52551,1008,1.0,6630.0,15.0
6222,52454,1064,1.0,7500.0,5.0
16881,56658,1055,2.0,1380.0,0.0
8464,53332,1051,2.0,7060.0,10.0
2785,51101,1074,1.0,1880.0,20.0
13640,55373,1023,1.0,4290.0,10.0
12702,55000,1066,1.0,3610.0,25.0
14168,55587,1011,3.0,4590.0,20.0
8260,53251,1040,1.0,3060.0,0.0
8357,53290,1063,5.0,1660.0,0.0
10398,54092,1031,1.0,9170.0,0.0
1295,50510,1038,2.0,4270.0,10.0
13531,55334,1002,3.0,3080.0,15.0
860,50340,1028,3.0,4510.0,5.0
8613,53394,1066,4.0,3610.0,10.0
13538,55336,1053,2.0,3470.0,0.0
11679,54590,1007,5.0,1100.0,10.0
9765,53850,1041,2.0,700.0,0.0
10933,54296,1025,1.0,4730.0,0.0
8032,53166,1048,1.0,7870.0,10.0
16616,56557,1017,1.0,3470.0,15.0
14892,55881,1048,1.0,7870.0,0.0
537,50211,1016,1.0,3350.0,5.0
5525,52188,1047,1.0,5950.0,10.0
14871,55873,1049,1.0,2810.0,5.0
14744,55826,1054,1.0,1830.0,10.0
17760,57002,1048,2.0,7870.0,10.0
1099,50433,1062,3.0,280.0,0.0
17593,56935,1041,1.0,700.0,5.0
11238,54421,1011,4.0,4590.0,0.0
17390,56856,1054,1.0,1830.0,5.0
14050,55537,1018,1.0,3890.0,20.0
9025,53558,1059,1.0,4580.0,0.0
18199,57182,1021,1.0,5530.0,0.0
2107,50821,1059,1.0,4580.0,0.0
11994,54716,1063,2.0,1660.0,10.0
2392,50940,1030,1.0,4290.0,0.0
20140,57979,1064,4.0,7500.0,0.0
16574,56543,1007,1.0,1100.0,10.0
64,50025,1071,1.0,1670.0,5.0
8596,53388,1019,3.0,4560.0,0.0
10986,54316,1028,1.0,4510.0,0.0
7103,52798,1008,2.0,6630.0,10.0
3706,51464,1041,3.0,700.0,0.0
7904,53113,1056,3.0,1230.0,
10521,54143,1034,2.0,10530.0,0.0
4484,51773,1072,1.0,4390.0,5.0
12884,55072,1004,1.0,9380.0,20.0
3752,51480,1035,1.0,6470.0,15.0
16416,56474,1001,2.0,6530.0,10.0
16192,56391,1021,1.0,5530.0,15.0
4544,51796,1055,3.0,1380.0,10.0
17851,57039,1026,2.0,7010.0,5.0
3458,51366,1006,1.0,4150.0,0.0
1412,50556,1042,1.0,590.0,10.0
11749,54620,1054,2.0,1830.0,0.0
11730,54611,1073,,6680.0,
20071,57949,1015,2.0,3850.0,10.0
19558,57733,1017,1.0,3470.0,25.0
7576,52978,1034,1.0,10530.0,0.0
3884,51533,1050,4.0,7140.0,0.0
11429,54493,1019,2.0,4560.0,15.0
2242,50878,1063,1.0,1660.0,25.0
1335,50525,1009,3.0,6030.0,0.0
5489,52174,1016,,3350.0,20.0
12839,55056,1010,1.0,8870.0,0.0
9955,53924,1028,2.0,4510.0,15.0
17549,56919,1043,1.0,4500.0,0.0
7684,53022,1040,1.0,3060.0,20.0
6614,52600,1058,4.0,5550.0,0.0
12211,54805,1014,4.0,2270.0,25.0
16218,56401,1005,1.0,5510.0,0.0
5106,52023,1009,5.0,6030.0,5.0
17988,57087,1031,3.0,9170.0,0.0
5008,51983,1071,2.0,1670.0,20.0
11539,54537,1049,4.0,2810.0,10.0
6228,52456,1031,1.0,9170.0,0.0
11964,54702,1044,2.0,3230.0,0.0
6103,52406,1024,1.0,9110.0,0.0
11459,54503,1012,5.0,6600.0,5.0
9030,53560,1033,1.0,2910.0,0.0
6115,52410,1072,1.0,4390.0,10.0
17188,56776,1059,1.0,4580.0,5.0
9048,53567,1062,2.0,280.0,0.0
11479,54511,1070,1.0,2320.0,0.0
2063,50805,1032,1.0,1990.0,15.0
8499,53348,1052,1.0,6950.0,
17620,56946,1002,3.0,3080.0,25.0
680,50264,1063,1.0,1660.0,0.0
8293,53265,1037,1.0,2640.0,20.0
1171,50460,1064,2.0,7500.0,5.0
12652,54983,1031,2.0,9170.0,5.0
18821,57439,1029,1.0,3490.0,0.0
12410,54889,1004,1.0,9380.0,10.0
1917,50749,1046,1.0,3450.0,15.0
14687,55805,1002,2.0,3080.0,0.0
19407,57672,1014,1.0,2270.0,15.0
182,50073,1014,1.0,2270.0,0.0
12443,54900,1040,1.0,3060.0,0.0
15053,55949,1061,,8080.0,20.0
3240,51281,1051,2.0,7060.0,10.0
18756,57408,1014,2.0,2270.0,10.0
10619,54180,1065,2.0,7400.0,20.0
11542,54539,1007,2.0,1100.0,10.0
8939,53522,1018,1.0,3890.0,15.0
15851,56262,1069,3.0,4090.0,10.0
15694,56203,1027,2.0,7200.0,10.0
8286,53262,1064,1.0,7500.0,0.0
14010,55519,1026,2.0,7010.0,0.0
17636,56951,1019,1.0,4560.0,0.0
1414,50556,1027,1.0,7200.0,0.0
7608,52993,1050,1.0,7140.0,10.0
6128,52417,1037,3.0,2640.0,0.0
11979,54709,1011,2.0,4590.0,20.0
5669,52241,1050,2.0,7140.0,0.0
7101,52797,1038,1.0,4270.0,20.0
6773,52662,1053,1.0,3470.0,10.0
12474,54910,1027,1.0,,20.0
17498,56898,1037,4.0,2640.0,10.0
11864,54666,1045,1.0,8330.0,
3101,51225,1043,1.0,4500.0,20.0
11335,54458,1075,1.0,,0.0
11215,54411,1033,4.0,2910.0,10.0
12549,54940,1001,4.0,6530.0,0.0
4878,51931,1017,1.0,3470.0,15.0
3544,51400,1061,1.0,8080.0,0.0
11529,54530,1065,3.0,7400.0,0.0
17308,56821,1035,1.0,6470.0,0.0
17425,56871,1051,1.0,7060.0,5.0
10639,54189,1041,1.0,700.0,0.0
4852,51921,1062,1.0,280.0,20.0
18850,57450,1020,1.0,720.0,0.0
8413,53311,1024,1.0,9110.0,10.0
5404,52139,1022,1.0,3830.0,5.0
8706,53430,1072,1.0,4390.0,5.0
2868,51135,1025,1.0,4730.0,0.0
14055,55538,1069,4.0,4090.0,5.0
14013,55522,1061,1.0,8080.0,5.0
2055,50801,1061,1.0,8080.0,0.0
19467,57698,1012,1.0,6600.0,0.0
4891,51938,1037,1.0,2640.0,0.0
718,50278,1058,1.0,5550.0,10.0
12262,54825,1073,2.0,6680.0,0.0
3541,51399,1073,1.0,6680.0,10.0
16312,56439,1042,2.0,590.0,5.0
9094,53581,1007,5.0,1100.0,0.0
3007,51189,1057,3.0,2370.0,15.0
15478,56114,1053,1.0,3470.0,0.0
14916,55891,1029,1.0,3490.0,0.0
6144,52424,1009,1.0,6030.0,10.0
2647,51043,1048,3.0,7870.0,15.0
3720,51468,1050,2.0,7140.0,25.0
19557,57733,1016,3.0,3350.0,0.0
886,50352,1026,1.0,7010.0,0.0
8225,53241,1042,4.0,590.0,20.0
13173,55187,1056,2.0,1230.0,5.0
1310,50516,1018,1.0,3890.0,10.0
4422,51748,1066,1.0,3610.0,0.0
10469,54121,1065,1.0,7400.0,10.0
1457,50571,1051,1.0,7060.0,10.0
12776,55029,1022,1.0,3830.0,10.0
18546,57318,1005,1.0,5510.0,5.0
3776,51489,1064,1.0,7500.0,0.0
11688,54593,1030,1.0,4290.0,0.0
18955,57490,1072,2.0,4390.0,0.0
14779,55837,1014,3.0,2270.0,0.0
14319,55652,1062,2.0,280.0,0.0
505,50196,1054,1.0,1830.0,5.0
7251,52854,1015,1.0,3850.0,5.0
8022,53162,1056,5.0,1230.0,10.0
9945,53919,1034,1.0,10530.0,10.0
3782,51491,1053,1.0,3470.0,0.0
4788,51893,1056,1.0,1230.0,5.0
19394,57668,1066,1.0,3610.0,0.0
9886,53898,1048,2.0,7870.0,15.0
3012,51191,1024,1.0,9110.0,10.0
7359,52891,1028,1.0,4510.0,5.0
5861,52316,1046,2.0,3450.0,0.0
6058,52391,1075,3.0,2140.0,5.0
16805,56629,1072,2.0,4390.0,5.0
12108,54762,1036,2.0,6710.0,0.0
14352,55668,1017,1.0,3470.0,25.0
13569,55347,1026,2.0,7010.0,10.0
14822,55853,1064,1.0,7500.0,5.0
13729,55409,1068,1.0,10570.0,5.0
15962,56304,1062,1.0,280.0,15.0
12396,54884,1024,2.0,9110.0,0.0
13579,55351,1015,2.0,3850.0,0.0
7612,52994,1030,1.0,4290.0,0.0
12280,54833,1052,3.0,6950.0,10.0
8146,53207,1007,2.0,1100.0,5.0
4118,51625,1037,4.0,2640.0,25.0
2387,50937,1064,1.0,7500.0,5.0
2098,50817,1056,1.0,1230.0,20.0
15264,56031,1074,2.0,1880.0,0.0
12179,54794,1030,2.0,4290.0,0.0
17389,56856,1042,1.0,590.0,0.0
7625,52998,1047,1.0,5950.0,10.0
11968,54703,1030,2.0,4290.0,5.0
6114,52410,1002,1.0,3080.0,0.0
19250,57609,1043,3.0,4500.0,10.0
17139,56758,1049,1.0,2810.0,10.0
19197,57588,1024,1.0,9110.0,0.0
20097,57961,1063,3.0,1660.0,10.0
7516,52952,1052,1.0,6950.0,10.0
6414,52527,1021,1.0,5530.0,15.0
13475,55309,1054,2.0,1830.0,10.0
12512,54926,1016,1.0,3350.0,10.0
16145,56373,1075,1.0,2140.0,0.0
9676,53816,1036,2.0,6710.0,20.0
11189,54400,1035,1.0,6470.0,10.0
7615,52995,1016,1.0,3350.0,0.0
13495,55318,1048,1.0,7870.0,0.0
9236,53638,1035,2.0,6470.0,0.0
7444,52922,1034,2.0,10530.0,25.0
13254,55221,1067,1.0,4370.0,0.0
298,50120,1074,2.0,1880.0,0.0
9786,53859,1067,2.0,4370.0,20.0
13138,55172,1014,1.0,2270.0,0.0
17234,56793,1051,,7060.0,0.0
19491,57709,1071,1.0,1670.0,5.0
19747,57810,1047,1.0,5950.0,
8608,53392,1028,1.0,4510.0,10.0
18527,57310,1073,1.0,6680.0,0.0
217,50087,1014,2.0,2270.0,5.0
17278,56809,1052,1.0,6950.0,0.0
6294,52480,1058,1.0,5550.0,0.0
14683,55803,1038,1.0,4270.0,25.0
15040,55945,1008,1.0,6630.0,20.0
3687,51457,1042,1.0,590.0,10.0
19336,57646,1051,2.0,7060.0,25.0
5696,52253,1026,3.0,7010.0,0.0
20037,57936,1044,2.0,3230.0,5.0
11507,54522,1060,,5950.0,0.0
12646,54981,1064,1.0,7500.0,5.0
2662,51050,1051,2.0,7060.0,0.0
7496,52942,1043,1.0,4500.0,15.0
15437,56098,1008,3.0,6630.0,20.0
18778,57417,1039,1.0,8680.0,0.0
19845,57853,1012,1.0,6600.0,5.0
17258,56802,1060,3.0,5950.0,0.0
7463,52929,1013,3.0,220.0,0.0
17174,56771,1042,2.0,590.0,5.0
3633,51436,1063,3.0,,25.0
14505,55732,1048,2.0,7870.0,10.0
10921,54291,1047,3.0,5950.0,25.0
82,50033,1036,3.0,6710.0,0.0
12010,54722,1008,2.0,6630.0,0.0
670,50261,1047,2.0,5950.0,25.0
13767,55425,1021,1.0,5530.0,10.0
12636,54978,1025,1.0,4730.0,0.0
2832,51122,1072,2.0,4390.0,0.0
6644,52612,1059,1.0,4580.0,10.0
12623,54973,1072,2.0,4390.0,0.0
5435,52152,1017,1.0,3470.0,10.0
3682,51456,1067,1.0,4370.0,0.0
907,50359,1053,3.0,3470.0,25.0
9758,53848,1019,3.0,4560.0,0.0
19532,57722,1016,1.0,3350.0,10.0
2479,50973,1057,2.0,2370.0,0.0
16307,56438,1050,2.0,7140.0,5.0
19469,57699,1058,1.0,5550.0,0.0
15027,55941,1058,1.0,5550.0,0.0
8740,53443,1018,1.0,3890.0,10.0
3107,51227,1014,1.0,2270.0,15.0
2918,51155,1027,4.0,7200.0,10.0
11636,54573,1042,1.0,590.0,0.0
10357,54078,1003,1.0,2040.0,15.0
14873,55874,1020,5.0,720.0,10.0
1253,50495,1051,1.0,7060.0,10.0
8540,53364,1036,3.0,6710.0,0.0
17345,56835,1073,1.0,6680.0,20.0
19418,57678,1056,1.0,1230.0,15.0
10159,54006,1035,3.0,6470.0,10.0
784,50308,1013,1.0,220.0,5.0
10578,54165,1029,3.0,3490.0,25.0
7974,53144,1016,3.0,3350.0,10.0
2029,50789,1055,1.0,1380.0,0.0
15936,56293,1065,1.0,7400.0,5.0
20081,57954,1048,1.0,7870.0,0.0
3403,51345,1059,3.0,4580.0,5.0
16632,56567,1022,2.0,3830.0,25.0
11580,54553,1070,2.0,2320.0,0.0
8160,53213,1048,1.0,7870.0,10.0
14342,55662,1051,1.0,7060.0,5.0
13164,55182,1020,2.0,720.0,0.0
8611,53394,1075,1.0,2140.0,10.0
15050,55948,1001,1.0,6530.0,0.0
8111,53195,1025,1.0,4730.0,5.0
17436,56876,1049,2.0,2810.0,0.0
6607,52598,1015,2.0,3850.0,5.0
20088,57958,1014,1.0,2270.0,20.0
5764,52278,1073,1.0,6680.0,5.0
16090,56353,1070,5.0,2320.0,0.0
19968,57905,1028,1.0,4510.0,0.0
17496,56897,1019,1.0,4560.0,20.0
4307,51705,1051,1.0,7060.0,20.0
6373,52513,1045,1.0,8330.0,15.0
3958,51560,1053,1.0,3470.0,5.0
12838,55055,1001,2.0,6530.0,20.0
20091,57959,1035,4.0,6470.0,10.0
12300,54843,1072,1.0,4390.0,0.0
9385,53697,1060,4.0,5950.0,
13181,55191,1041,1.0,700.0,5.0
5331,52112,1031,1.0,9170.0,5.0
16230,56404,1039,1.0,8680.0,10.0
16607,56554,1011,2.0,4590.0,5.0
4498,51780,1043,1.0,4500.0,10.0
13353,55257,1033,1.0,2910.0,5.0
4781,51889,1072,1.0,4390.0,0.0
1305,50514,1070,1.0,2320.0,5.0
1971,50770,1026,2.0,7010.0,10.0
997,50394,1010,1.0,8870.0,5.0
1021,50404,1073,1.0,,20.0
4158,51641,1046,2.0,3450.0,10.0
3508,51383,1071,4.0,1670.0,0.0
11915,54683,1054,1.0,1830.0,10.0
607,50237,1021,2.0,5530.0,5.0
19291,57626,1015,2.0,3850.0,5.0
19049,57532,1072,2.0,4390.0,5.0
4004,51578,1024,3.0,9110.0,10.0
3960,51561,1053,1.0,3470.0,5.0
26,50010,1027,2.0,7200.0,0.0
17423,56870,1015,1.0,3850.0,0.0
19521,57719,1017,3.0,3470.0,0.0
5343,52116,1037,1.0,2640.0,
8800,53467,1037,1.0,2640.0,10.0
7045,52773,1002,1.0,3080.0,10.0
18128,57150,1028,2.0,4510.0,0.0
17569,56928,1065,3.0,7400.0,0.0
11816,54648,1071,2.0,1670.0,10.0
18587,57335,1044,1.0,3230.0,15.0
2767,51093,1009,1.0,6030.0,25.0
453,50177,1029,3.0,3490.0,5.0
2784,51100,1074,2.0,1880.0,0.0
10219,54028,1051,1.0,7060.0,0.0
13336,55251,1035,3.0,,0.0
6423,52530,1043,1.0,4500.0,15.0
16570,56542,1022,1.0,3830.0,10.0
13261,55223,1021,1.0,5530.0,15.0
1333,50524,1039,1.0,8680.0,5.0
3061,51209,1069,1.0,4090.0,15.0
19405,57672,1008,2.0,6630.0,10.0
4971,51969,1017,2.0,3470.0,10.0
7580,52980,1032,1.0,1990.0,0.0
7674,53018,1013,2.0,220.0,0.0
14020,55525,1021,3.0,5530.0,5.0
5814,52298,1074,2.0,1880.0,10.0
14993,55924,1058,2.0,5550.0,20.0
5270,52085,1022,,3830.0,15.0
18270,57211,1025,5.0,4730.0,5.0
11771,54629,1030,1.0,4290.0,0.0
19488,57708,1066,2.0,3610.0,5.0
13428,55286,1016,1.0,3350.0,10.0
570,50224,1044,1.0,3230.0,0.0
19648,57770,1020,1.0,720.0,10.0
1059,50417,1025,1.0,4730.0,10.0
17517,56905,1066,1.0,3610.0,0.0
15672,56193,1017,3.0,3470.0,0.0
18262,57208,1036,4.0,6710.0,0.0
8545,53366,1004,2.0,9380.0,5.0
4432,51752,1059,2.0,4580.0,5.0
18691,57379,1054,1.0,1830.0,0.0
10484,54128,1044,1.0,3230.0,0.0
5157,52042,1074,1.0,1880.0,10.0
15696,56204,1052,1.0,6950.0,5.0
13694,55395,1003,1.0,2040.0,0.0
152,50063,1045,3.0,8330.0,25.0
2449,50962,1072,1.0,4390.0,10.0
9364,53687,1004,1.0,9380.0,20.0
4390,51735,1019,1.0,4560.0,5.0
12439,54897,1074,4.0,1880.0,5.0
10342,54071,1071,1.0,1670.0,20.0
19671,57778,1008,2.0,6630.0,15.0
13031,55129,1045,2.0,8330.0,15.0
2794,51104,1048,1.0,7870.0,0.0
8736,53440,1047,1.0,,0.0
4739,51874,1056,1.0,1230.0,5.0
828,50325,1058,1.0,5550.0,5.0
4142,51635,1005,2.0,5510.0,5.0
9942,53918,1035,2.0,6470.0,10.0
5858,52315,1013,2.0,220.0,0.0
8116,53197,1058,3.0,5550.0,0.0
8953,53529,1018,2.0,3890.0,20.0
9638,53800,1039,1.0,8680.0,5.0
16431,56481,1044,1.0,3230.0,20.0
14642,55784,1030,1.0,,0.0
2676,51055,1031,2.0,9170.0,0.0
8614,53395,1030,1.0,4290.0,5.0
5206,52063,1064,4.0,7500.0,5.0
15065,55953,1012,2.0,6600.0,15.0
7568,52974,1075,2.0,2140.0,25.0
18406,57263,1007,2.0,1100.0,0.0
17173,56771,1040,3.0,3060.0,5.0
8254,53250,1026,1.0,7010.0,10.0
18158,57161,1046,1.0,3450.0,0.0
5032,51994,1022,3.0,3830.0,20.0
19173,57580,1004,1.0,9380.0,0.0
6825,52688,1021,2.0,5530.0,0.0
17881,57050,1010,1.0,8870.0,10.0
5982,52361,1050,1.0,7140.0,0.0
12581,54952,1042,4.0,590.0,0.0
19689,57787,1021,2.0,5530.0,5.0
9423,53713,1025,1.0,4730.0,
16790,56624,1016,1.0,3350.0,20.0
9184,53614,1010,1.0,8870.0,0.0
12818,55048,1006,2.0,4150.0,15.0
4479,51771,1046,3.0,3450.0,20.0
7029,52766,1071,3.0,1670.0,0.0
1433,50563,1049,2.0,2810.0,0.0
5971,52356,1075,1.0,2140.0,10.0
19731,57804,1020,1.0,720.0,0.0
3543,51399,1001,1.0,6530.0,5.0
13697,55396,1014,2.0,2270.0,0.0
13919,55483,1040,2.0,3060.0,5.0
2315,50907,1038,3.0,4270.0,0.0
7896,53109,1029,3.0,3490.0,0.0
6175,52437,1012,1.0,6600.0,25.0
3116,51231,1034,1.0,10530.0,0.0
6851,52696,1072,1.0,4390.0,10.0
3618,51427,1057,1.0,2370.0,
11515,54524,1011,1.0,4590.0,15.0
13745,55415,1016,1.0,3350.0,0.0
5575,52208,1028,1.0,4510.0,15.0
2527,50992,1028,1.0,4510.0,5.0
13816,55446,1067,4.0,4370.0,0.0
4992,51978,1013,3.0,220.0,15.0
9324,53672,1044,1.0,3230.0,15.0
11627,54570,1002,1.0,3080.0,15.0
4304,51704,1046,1.0,3450.0,0.0
9520,53754,1014,1.0,2270.0,15.0
17836,57033,1017,1.0,3470.0,5.0
4601,51819,1069,2.0,4090.0,0.0
7821,53078,1041,1.0,700.0,0.0
7519,52954,1029,1.0,3490.0,10.0
3259,51287,1013,2.0,220.0,0.0
6155,52428,1055,1.0,1380.0,0.0
13661,55380,1041,1.0,700.0,0.0
4348,51722,1073,1.0,6680.0,0.0
2339,50917,1004,2.0,9380.0,
10418,54100,1042,1.0,590.0,5.0
9554,53766,1049,1.0,2810.0,10.0
12723,55008,1039,3.0,8680.0,0.0
10555,54157,1036,1.0,6710.0,5.0
2664,51050,1022,1.0,3830.0,0.0
6853,52696,1019,2.0,4560.0,15.0
16520,56520,1045,2.0,8330.0,0.0
11999,54718,1055,2.0,1380.0,0.0
4785,51891,1052,2.0,6950.0,20.0
9558,53767,1053,1.0,3470.0,5.0
1008,50398,1059,,4580.0,25.0
13975,55504,1063,2.0,1660.0,0.0
4700,51858,1035,2.0,6470.0,5.0
140,50059,1034,1.0,10530.0,0.0
335,50135,1051,1.0,7060.0,5.0
14376,55678,1003,1.0,2040.0,10.0
7936,53127,1067,1.0,4370.0,10.0
10375,54083,1052,2.0,6950.0,0.0
17415,56867,1025,2.0,4730.0,20.0
17831,57030,1031,1.0,9170.0,20.0
2585,51016,1057,4.0,2370.0,10.0
9537,53760,1019,1.0,4560.0,5.0
326,50131,1005,1.0,5510.0,10.0
3810,51504,1066,1.0,3610.0,5.0
16279,56428,1034,4.0,10530.0,0.0
12619,54971,1052,2.0,6950.0,10.0
9601,53784,1071,1.0,1670.0,0.0
1358,50534,1007,1.0,1100.0,5.0
10907,54285,1056,1.0,1230.0,0.0
2158,50842,1029,2.0,3490.0,0.0
10157,54005,1042,1.0,590.0,20.0
5594,52216,1005,2.0,5510.0,20.0
3384,51338,1035,3.0,6470.0,5.0
9320,53670,1073,2.0,6680.0,5.0
14818,55852,1011,1.0,4590.0,15.0
5199,52060,1065,2.0,7400.0,5.0
15520,56132,1042,1.0,590.0,0.0
10718,54217,1068,1.0,10570.0,25.0
7403,52906,1001,3.0,6530.0,0.0
11789,54636,1046,2.0,3450.0,10.0
20177,57994,1013,2.0,220.0,15.0
16852,56647,1005,3.0,5510.0,0.0
667,50259,1024,1.0,9110.0,0.0
11265,54431,1058,,5550.0,10.0
9466,53732,1022,1.0,3830.0,0.0
12254,54821,1073,2.0,6680.0,5.0
695,50269,1007,4.0,1100.0,5.0
2341,50918,1044,1.0,3230.0,0.0
3092,51222,1003,2.0,2040.0,5.0
11060,54346,1020,1.0,720.0,0.0
10965,54308,1034,2.0,10530.0,0.0
11902,54679,1052,4.0,6950.0,0.0
4678,51848,1055,2.0,1380.0,10.0
163,50067,1068,2.0,10570.0,0.0
424,50166,1044,3.0,,25.0
15656,56188,1063,3.0,1660.0,0.0
2617,51032,1070,2.0,2320.0,5.0
2184,50853,1069,3.0,4090.0,5.0
13167,55183,1041,1.0,700.0,0.0
1933,50755,1074,2.0,1880.0,10.0
17126,56753,1027,2.0,7200.0,
8403,53308,1008,1.0,6630.0,15.0
3579,51412,1030,3.0,4290.0,15.0
17031,56718,1062,2.0,280.0,5.0
1756,50685,1013,2.0,,0.0
19090,57547,1040,2.0,3060.0,25.0
3487,51377,1023,1.0,4290.0,5.0
6843,52693,1005,1.0,5510.0,5.0
18873,57459,1019,2.0,4560.0,0.0
18962,57493,1052,2.0,6950.0,10.0
10915,54288,1004,1.0,9380.0,20.0
11081,54354,1028,1.0,4510.0,20.0
17726,56990,1041,1.0,700.0,0.0
5048,52001,1052,1.0,6950.0,25.0
16269,56423,1022,2.0,3830.0,5.0
10422,54101,1037,4.0,2640.0,0.0
2254,50884,1014,2.0,2270.0,25.0
9196,53619,1051,2.0,7060.0,15.0
16641,56570,1001,1.0,6530.0,25.0
3756,51481,1073,2.0,6680.0,10.0
20019,57926,1045,3.0,8330.0,10.0
3043,51202,1008,1.0,6630.0,5.0
17793,57014,1069,2.0,4090.0,0.0
9801,53863,1067,1.0,4370.0,25.0
5518,52186,1062,1.0,280.0,10.0
2940,51162,1029,1.0,3490.0,0.0
12177,54793,1043,1.0,4500.0,5.0
18905,57470,1050,1.0,7140.0,0.0
15252,56024,1057,3.0,2370.0,0.0
19149,57570,1031,5.0,9170.0,10.0
14946,55904,1061,4.0,8080.0,5.0
17494,56897,1028,4.0,4510.0,0.0
1042,50411,1065,2.0,7400.0,
16806,56629,1040,1.0,3060.0,5.0
10642,54190,1028,2.0,4510.0,0.0
1503,50590,1033,1.0,2910.0,0.0
6332,52495,1068,2.0,10570.0,5.0
19762,57817,1069,2.0,4090.0,15.0
10830,54257,1004,1.0,9380.0,10.0
12099,54758,1053,2.0,3470.0,0.0
11859,54664,1071,1.0,,5.0
15717,56213,1012,1.0,6600.0,15.0
17916,57064,1058,3.0,5550.0,0.0
126,50054,1030,3.0,4290.0,5.0
8941,53522,1072,3.0,4390.0,0.0
11305,54446,1050,1.0,7140.0,10.0
10828,54256,1001,1.0,6530.0,0.0
14616,55776,1036,1.0,6710.0,0.0
14876,55875,1062,1.0,280.0,0.0
5379,52128,1011,1.0,4590.0,0.0
12900,55077,1052,2.0,6950.0,5.0
941,50372,1065,1.0,7400.0,5.0
17661,56965,1022,1.0,3830.0,20.0
10756,54231,1044,1.0,3230.0,0.0
648,50252,1073,1.0,6680.0,15.0
15098,55965,1073,1.0,6680.0,0.0
14499,55730,1030,4.0,4290.0,25.0
7811,53075,1073,1.0,6680.0,0.0
13470,55305,1001,4.0,6530.0,15.0
9912,53908,1044,2.0,3230.0,20.0
15039,55945,1045,1.0,8330.0,15.0
19698,57791,1054,5.0,1830.0,5.0
9939,53918,1005,2.0,5510.0,0.0
5695,52252,1002,2.0,3080.0,0.0
5538,52193,1036,3.0,6710.0,20.0
4256,51683,1045,1.0,8330.0,0.0
12203,54803,1073,1.0,6680.0,5.0
19756,57815,1019,1.0,4560.0,20.0
7323,52879,1048,1.0,7870.0,0.0
5281,52091,1059,1.0,4580.0,5.0
3888,51534,1035,4.0,6470.0,0.0
17229,56791,1010,1.0,8870.0,0.0
7571,52975,1050,1.0,7140.0,0.0
5036,51996,1073,1.0,6680.0,10.0
9443,53724,1058,1.0,5550.0,5.0
5507,52182,1027,3.0,7200.0,0.0
4323,51711,1072,1.0,4390.0,0.0
3358,51328,1016,1.0,3350.0,15.0
17615,56943,1030,1.0,4290.0,5.0
14618,55777,1075,1.0,2140.0,10.0
14513,55735,1022,3.0,3830.0,20.0
17291,56815,1036,1.0,6710.0,0.0
18443,57278,1005,2.0,,5.0
2781,51099,1045,3.0,8330.0,0.0
7239,52850,1070,2.0,2320.0,15.0
2513,50986,1008,2.0,6630.0,20.0
2350,50921,1056,1.0,1230.0,0.0
19587,57747,1025,1.0,4730.0,0.0
3156,51246,1048,1.0,7870.0,15.0
5808,52296,1047,2.0,5950.0,0.0
5009,51984,1054,1.0,1830.0,5.0
15327,56051,1027,2.0,7200.0,5.0
18218,57188,1051,2.0,7060.0,10.0
6536,52568,1032,1.0,1990.0,5.0
6397,52521,1003,3.0,2040.0,0.0
19832,57848,1068,,10570.0,0.0
10563,54160,1052,1.0,6950.0,0.0
13519,55327,1007,1.0,1100.0,5.0
13973,55504,1070,4.0,2320.0,0.0
4033,51590,1054,1.0,1830.0,5.0
12770,55026,1047,5.0,5950.0,20.0
9868,53891,1015,1.0,3850.0,10.0
7961,53137,1005,2.0,5510.0,0.0
16414,56473,1024,1.0,9110.0,5.0
17652,56960,1052,1.0,6950.0,10.0
15379,56072,1034,1.0,10530.0,10.0
19563,57735,1048,3.0,7870.0,20.0
13604,55360,1041,1.0,700.0,5.0
16803,56628,1022,1.0,3830.0,15.0
6897,52713,1031,1.0,9170.0,10.0
5166,52045,1064,1.0,7500.0,0.0
11466,54507,1012,1.0,6600.0,5.0
13177,55189,1029,2.0,3490.0,20.0
89,50036,1062,2.0,280.0,5.0
4012,51582,1028,1.0,4510.0,0.0
18247,57199,1044,2.0,3230.0,25.0
17676,56971,1038,1.0,4270.0,0.0
17193,56778,1020,1.0,720.0,15.0
12295,54840,1011,2.0,4590.0,0.0
6553,52575,1061,3.0,8080.0,0.0
16780,56621,1071,2.0,1670.0,0.0
13195,55196,1001,1.0,6530.0,0.0
2435,50956,1068,1.0,10570.0,10.0
9340,53677,1013,1.0,220.0,10.0
19208,57591,1016,2.0,3350.0,0.0
8418,53315,1024,1.0,9110.0,20.0
16516,56519,1046,1.0,3450.0,20.0
17911,57061,1065,3.0,7400.0,5.0
20173,57993,1010,2.0,8870.0,0.0
83,50033,1070,2.0,2320.0,0.0
3663,51448,1008,2.0,6630.0,25.0
8314,53273,1069,1.0,4090.0,20.0
15420,56089,1005,4.0,5510.0,0.0
17172,56770,1050,1.0,7140.0,20.0
11070,54350,1003,1.0,2040.0,5.0
13212,55202,1069,1.0,4090.0,15.0
4057,51599,1019,2.0,4560.0,0.0
10564,54160,1064,1.0,7500.0,0.0
9442,53723,1032,1.0,1990.0,0.0
5297,52097,1045,1.0,8330.0,5.0
14473,55717,1065,4.0,7400.0,25.0
15723,56214,1069,1.0,4090.0,15.0
13602,55360,1051,2.0,7060.0,15.0
13229,55211,1026,4.0,7010.0,25.0
15976,56308,1073,1.0,6680.0,10.0
5110,52024,1009,5.0,6030.0,5.0
2943,51163,1075,1.0,2140.0,0.0
15145,55985,1008,3.0,6630.0,0.0
12229,54813,1027,1.0,7200.0,5.0
17944,57075,1053,1.0,3470.0,0.0
6805,52678,1020,2.0,720.0,5.0
17857,57042,1007,1.0,1100.0,0.0
18677,57374,1051,1.0,7060.0,20.0
17580,56931,1052,1.0,6950.0,20.0
8366,53293,1014,2.0,2270.0,15.0
1984,50775,1015,1.0,3850.0,0.0
4253,51682,1041,1.0,700.0,5.0
18062,57120,1016,2.0,3350.0,5.0
13977,55506,1066,1.0,3610.0,0.0
15304,56045,1028,1.0,4510.0,5.0
621,50243,1028,5.0,4510.0,0.0
5193,52057,1053,1.0,3470.0,0.0
600,50235,1040,2.0,3060.0,10.0
12161,54788,1043,1.0,4500.0,20.0
8394,53304,1059,1.0,4580.0,5.0
612,50240,1034,1.0,10530.0,5.0
1185,50464,1043,1.0,4500.0,5.0
1264,50498,1043,1.0,4500.0,10.0
12024,54727,1025,3.0,4730.0,10.0
11598,54559,1053,4.0,3470.0,0.0
6612,52599,1013,1.0,220.0,5.0
7693,53028,1054,3.0,1830.0,5.0
2027,50789,1023,3.0,4290.0,0.0
2702,51066,1061,1.0,8080.0,10.0
1672,50654,1053,1.0,3470.0,15.0
10376,54084,1011,1.0,4590.0,10.0
5207,52063,1010,1.0,8870.0,25.0
17237,56794,1019,1.0,4560.0,5.0
100,50042,1056,1.0,1230.0,0.0
18184,57175,1057,2.0,2370.0,20.0
7818,53077,1050,1.0,7140.0,0.0
14630,55780,1048,1.0,7870.0,20.0
19048,57531,1003,2.0,2040.0,
13981,55508,1014,1.0,2270.0,0.0
541,50212,1055,1.0,1380.0,0.0
206,50083,1071,1.0,1670.0,0.0
7604,52990,1002,2.0,3080.0,0.0
13027,55128,1045,4.0,8330.0,20.0
16353,56452,1074,3.0,1880.0,15.0
15472,56111,1011,1.0,4590.0,5.0
2528,50993,1059,2.0,4580.0,10.0
3074,51214,1033,2.0,2910.0,10.0
3333,51317,1021,4.0,5530.0,0.0
16753,56610,1075,1.0,2140.0,0.0
16599,56552,1002,2.0,3080.0,0.0
8615,53395,1054,1.0,1830.0,5.0
14318,55651,1015,,3850.0,5.0
8858,53490,1058,1.0,5550.0,10.0
14120,55566,1014,1.0,2270.0,10.0
4320,51711,1005,1.0,5510.0,5.0
8034,53166,1006,1.0,4150.0,20.0
15222,56015,1060,2.0,5950.0,5.0
14719,55817,1021,3.0,5530.0,0.0
16062,56342,1054,1.0,1830.0,0.0
16379,56462,1052,2.0,6950.0,20.0
5904,52331,1011,2.0,4590.0,0.0
633,50247,1037,3.0,2640.0,0.0
6708,52635,1019,5.0,4560.0,20.0
17958,57079,1055,1.0,1380.0,0.0
17056,56728,1065,2.0,7400.0,5.0
18694,57381,1013,4.0,220.0,15.0
13227,55210,1070,3.0,2320.0,0.0
11676,54588,1009,3.0,6030.0,15.0
889,50353,1037,2.0,2640.0,0.0
13738,55412,1058,1.0,5550.0,5.0
12434,54896,1030,1.0,4290.0,20.0
4616,51825,1073,1.0,6680.0,5.0
18148,57157,1063,1.0,1660.0,20.0
2646,51043,1036,2.0,6710.0,0.0
5130,52032,1049,1.0,2810.0,25.0
11951,54697,1074,3.0,1880.0,20.0
5976,52358,1059,2.0,4580.0,15.0
20179,57994,1061,1.0,8080.0,0.0
3457,51365,1023,2.0,4290.0,15.0
392,50155,1002,3.0,3080.0,0.0
1397,50550,1054,1.0,1830.0,15.0
10134,53995,1027,3.0,,5.0
17605,56939,1014,1.0,2270.0,5.0
7795,53069,1043,1.0,4500.0,15.0
4382,51733,1016,1.0,3350.0,0.0
4219,51667,1075,1.0,2140.0,0.0
9169,53610,1034,1.0,10530.0,0.0
18484,57295,1072,1.0,4390.0,15.0
15094,55964,1072,1.0,4390.0,10.0
8230,53242,1001,1.0,6530.0,0.0
17268,56805,1071,2.0,1670.0,0.0
19159,57574,1020,3.0,720.0,5.0
16325,56443,1062,1.0,280.0,20.0
10409,54096,1068,2.0,10570.0,0.0
772,50301,1003,2.0,2040.0,10.0
12564,54945,1033,2.0,2910.0,25.0
12053,54738,1028,5.0,4510.0,0.0
16172,56384,1043,1.0,4500.0,5.0
7507,52947,1066,1.0,3610.0,5.0
18743,57400,1033,1.0,2910.0,0.0
13635,55371,1016,2.0,3350.0,0.0
6384,52516,1027,2.0,7200.0,5.0
3196,51262,1066,3.0,3610.0,15.0
14788,55840,1053,1.0,3470.0,
8352,53288,1062,1.0,280.0,0.0
9321,53671,1072,4.0,4390.0,20.0
4406,51740,1043,1.0,4500.0,0.0
2307,50905,1064,3.0,7500.0,0.0
19848,57854,1033,1.0,2910.0,0.0
17789,57013,1004,1.0,9380.0,20.0
4825,51909,1032,2.0,1990.0,5.0
10788,54242,1030,1.0,4290.0,0.0
16988,56698,1052,1.0,6950.0,5.0
17893,57054,1040,1.0,3060.0,0.0
13038,55134,1040,1.0,3060.0,25.0
4156,51640,1018,1.0,3890.0,5.0
6501,52557,1069,1.0,4090.0,10.0
7412,52910,1046,1.0,3450.0,0.0
3972,51565,1070,1.0,2320.0,0.0
18923,57478,1073,1.0,6680.0,0.0
13152,55177,1010,3.0,8870.0,0.0
14521,55737,1069,2.0,4090.0,0.0
20028,57931,1032,1.0,1990.0,0.0
6022,52376,1014,1.0,2270.0,15.0
5029,51994,1057,2.0,2370.0,0.0
11579,54553,1037,1.0,2640.0,5.0
6319,52490,1071,3.0,1670.0,5.0
2176,50849,1065,1.0,7400.0,0.0
5523,52188,1021,3.0,,20.0
1082,50425,1037,1.0,,0.0
9087,53579,1064,1.0,7500.0,20.0
15311,56047,1016,1.0,3350.0,0.0
3133,51237,1040,1.0,3060.0,15.0
12326,54854,1023,2.0,4290.0,0.0
15719,56213,1025,2.0,4730.0,0.0
9304,53666,1015,1.0,3850.0,0.0
9187,53616,1009,1.0,6030.0,0.0
19820,57841,1014,2.0,2270.0,0.0
2599,51023,1059,2.0,4580.0,15.0
3570,51409,1020,2.0,720.0,10.0
18207,57184,1024,1.0,9110.0,0.0
12750,55019,1047,1.0,5950.0,0.0
17081,56736,1067,1.0,4370.0,5.0
2179,50851,1009,1.0,6030.0,15.0
18367,57247,1042,1.0,590.0,5.0
901,50356,1020,3.0,720.0,15.0
15170,55994,1059,3.0,4580.0,0.0
11401,54482,1038,2.0,4270.0,0.0
18601,57339,1051,1.0,7060.0,0.0
16183,56389,1031,1.0,9170.0,5.0
8038,53167,1068,4.0,10570.0,10.0
18573,57330,1067,1.0,4370.0,15.0
16467,56495,1019,1.0,4560.0,0.0
17962,57080,1002,2.0,3080.0,0.0
13287,55233,1042,1.0,590.0,5.0
15665,56190,1038,1.0,4270.0,5.0
19204,57590,1008,1.0,6630.0,0.0
4442,51757,1010,3.0,8870.0,25.0
3264,51289,1036,1.0,6710.0,0.0
14974,55918,1042,1.0,590.0,0.0
14,50006,1017,1.0,3470.0,10.0
8082,53184,1068,2.0,10570.0,5.0
17198,56780,1046,1.0,3450.0,0.0
7958,53135,1033,1.0,2910.0,0.0
12960,55098,1025,1.0,4730.0,0.0
14599,55769,1060,1.0,5950.0,0.0
15422,56089,1032,1.0,1990.0,20.0
10611,54176,1074,1.0,1880.0,25.0
1927,50753,1028,1.0,4510.0,0.0
18033,57110,1041,1.0,700.0,5.0
12516,54927,1055,2.0,1380.0,0.0
11618,54566,1046,2.0,3450.0,10.0
14420,55696,1074,3.0,1880.0,0.0
15093,55964,1051,2.0,7060.0,15.0
20031,57932,1060,1.0,5950.0,0.0
5885,52325,1016,1.0,3350.0,0.0
18716,57390,1004,3.0,9380.0,0.0
8439,53323,1045,1.0,8330.0,5.0
11237,54420,1037,1.0,2640.0,25.0
10842,54260,1071,1.0,1670.0,0.0
936,50371,1006,4.0,4150.0,10.0
402,50159,1070,2.0,2320.0,0.0
15365,56065,1026,1.0,7010.0,0.0
7237,52849,1027,1.0,,0.0
6835,52690,1073,1.0,6680.0,0.0
11703,54599,1045,1.0,8330.0,5.0
3325,51313,1067,2.0,4370.0,5.0
1955,50763,1067,1.0,4370.0,10.0
5018,51988,1019,4.0,4560.0,5.0
5262,52083,1012,2.0,6600.0,10.0
16880,56657,1067,1.0,4370.0,0.0
12618,54971,1001,,6530.0,5.0
3714,51467,1064,1.0,7500.0,15.0
15318,56049,1063,5.0,1660.0,20.0
8425,53317,1071,1.0,1670.0,0.0
6991,52750,1010,2.0,8870.0,10.0
457,50178,1013,1.0,220.0,0.0
11087,54357,1014,2.0,2270.0,5.0
8863,53492,1037,1.0,2640.0,0.0
14928,55895,1012,1.0,6600.0,0.0
13413,55279,1043,3.0,4500.0,5.0
5545,52195,1028,1.0,4510.0,5.0
977,50386,1003,2.0,2040.0,25.0
17863,57044,1004,,9380.0,0.0
4663,51843,1046,1.0,,5.0
8675,53418,1022,1.0,3830.0,10.0
5922,52336,1071,1.0,1670.0,0.0
2848,51128,1037,1.0,2640.0,5.0
14486,55725,1074,1.0,1880.0,5.0
9663,53812,1024,1.0,9110.0,0.0
12628,54975,1067,1.0,4370.0,0.0
4702,51860,1004,2.0,9380.0,0.0
17771,57007,1012,1.0,6600.0,20.0
12334,54857,1001,1.0,6530.0,0.0
2909,51152,1018,1.0,3890.0,0.0
9163,53608,1069,2.0,4090.0,20.0
1743,50681,1057,1.0,2370.0,0.0
6171,52435,1070,3.0,2320.0,10.0
1617,50633,1005,2.0,5510.0,0.0
19455,57692,1012,1.0,6600.0,20.0
18309,57224,1017,1.0,3470.0,5.0
14837,55861,1027,1.0,7200.0,10.0
19307,57634,1062,2.0,280.0,15.0
6177,52437,1071,1.0,1670.0,10.0
19241,57605,1055,3.0,1380.0,5.0
11958,54700,1035,5.0,6470.0,5.0
11961,54701,1019,1.0,4560.0,10.0
6097,52403,1025,1.0,4730.0,5.0
8768,53454,1056,1.0,1230.0,10.0
1544,50605,1049,3.0,2810.0,10.0
13768,55426,1060,1.0,5950.0,0.0
17596,56936,1026,4.0,7010.0,0.0
4746,51876,1074,1.0,1880.0,0.0
14563,55753,1065,5.0,7400.0,0.0
10525,54145,1028,1.0,4510.0,0.0
4441,51756,1022,2.0,3830.0,5.0
18125,57147,1049,1.0,2810.0,0.0
13942,55493,1065,2.0,7400.0,15.0
12508,54924,1039,5.0,8680.0,0.0
11701,54598,1014,1.0,2270.0,0.0
16486,56505,1038,2.0,4270.0,5.0
11792,54637,1060,1.0,5950.0,0.0
13910,55479,1032,2.0,1990.0,0.0
12004,54721,1057,3.0,2370.0,15.0
7375,52896,1035,1.0,6470.0,10.0
8856,53490,1066,1.0,3610.0,25.0
4298,51702,1058,2.0,5550.0,0.0
11421,54491,1070,1.0,2320.0,20.0
6092,52402,1075,5.0,2140.0,10.0
10820,54253,1049,1.0,2810.0,0.0
12507,54924,1071,2.0,1670.0,0.0
4471,51769,1019,1.0,4560.0,25.0
1924,50752,1064,1.0,7500.0,20.0
10850,54263,1014,,2270.0,15.0
16247,56412,1051,3.0,7060.0,20.0
15866,56268,1038,2.0,4270.0,10.0
7297,52870,1007,2.0,1100.0,5.0
897,50355,1026,1.0,7010.0,0.0
17683,56973,1011,2.0,4590.0,0.0
16150,56376,1044,1.0,3230.0,0.0
2998,51185,1010,1.0,8870.0,0.0
15175,55997,1064,1.0,7500.0,20.0
1813,50706,1071,1.0,1670.0,0.0
7771,53058,1067,2.0,,0.0
9272,53654,1038,1.0,4270.0,0.0
1853,50725,1033,1.0,2910.0,25.0
17710,56983,1069,1.0,4090.0,0.0
7834,53084,1007,1.0,1100.0,10.0
4030,51588,1057,1.0,2370.0,10.0
13758,55421,1012,3.0,6600.0,0.0
104,50043,1011,1.0,4590.0,15.0
404,50159,1005,1.0,5510.0,5.0
8125,53200,1057,2.0,2370.0,5.0
18288,57216,1025,,4730.0,0.0
4277,51693,1064,1.0,7500.0,0.0
12772,55027,1042,3.0,590.0,10.0
3801,51499,1042,3.0,590.0,0.0
7458,52928,1064,4.0,7500.0,0.0
4814,51903,1048,1.0,7870.0,10.0
14849,55865,1038,1.0,4270.0,15.0
2409,50946,1030,3.0,4290.0,5.0
559,50220,1008,1.0,6630.0,5.0
10003,53945,1063,3.0,1660.0,10.0
10784,54240,1045,1.0,8330.0,10.0
8486,53341,1021,4.0,5530.0,10.0
19297,57629,1010,1.0,8870.0,25.0
13133,55169,1070,1.0,2320.0,5.0
9508,53749,1048,3.0,7870.0,0.0
4857,51923,1058,1.0,5550.0,0.0
16235,56406,1044,3.0,3230.0,0.0
12378,54875,1009,1.0,6030.0,20.0
9504,53748,1005,2.0,5510.0,15.0
19217,57594,1069,2.0,4090.0,10.0
11747,54619,1038,1.0,4270.0,5.0
14726,55819,1001,3.0,6530.0,0.0
14154,55581,1057,1.0,2370.0,15.0
5987,52363,1062,2.0,280.0,0.0
15509,56129,1046,4.0,3450.0,20.0
927,50367,1002,1.0,3080.0,10.0
2416,50947,1019,3.0,4560.0,0.0
2740,51083,1069,1.0,4090.0,20.0
16979,56695,1033,1.0,2910.0,25.0
16465,56495,1002,1.0,3080.0,10.0
12788,55034,1026,,7010.0,0.0
5511,52184,1005,1.0,5510.0,0.0
4388,51735,1066,1.0,3610.0,0.0
13960,55500,1054,1.0,1830.0,5.0
8429,53319,1043,3.0,4500.0,5.0
18403,57261,1002,2.0,3080.0,20.0
6218,52453,1026,1.0,7010.0,5.0
10684,54205,1050,2.0,7140.0,0.0
10615,54178,1073,2.0,6680.0,0.0
13166,55182,1065,3.0,7400.0,0.0
19989,57916,1022,1.0,3830.0,10.0
15905,56281,1034,1.0,10530.0,5.0
13456,55300,1059,3.0,,5.0
5747,52272,1060,1.0,5950.0,0.0
12988,55110,1039,1.0,8680.0,5.0
2884,51143,1066,1.0,3610.0,
13706,55399,1063,1.0,1660.0,25.0
6512,52560,1068,2.0,10570.0,0.0
9006,53549,1033,1.0,2910.0,15.0
13908,55478,1075,3.0,2140.0,0.0
16288,56430,1016,1.0,3350.0,10.0
10947,54301,1012,1.0,6600.0,5.0
16389,56465,1051,3.0,7060.0,5.0
8872,53496,1073,2.0,6680.0,0.0
6818,52685,1030,1.0,4290.0,5.0
19084,57545,1056,1.0,1230.0,0.0
11293,54440,1016,1.0,3350.0,0.0
8347,53285,1040,2.0,3060.0,20.0
1642,50642,1059,5.0,4580.0,0.0
17647,56956,1019,2.0,4560.0,15.0
12672,54990,1058,2.0,5550.0,10.0
12353,54865,1044,3.0,3230.0,25.0
5057,52004,1037,1.0,2640.0,0.0
618,50242,1068,1.0,10570.0,20.0
16067,56343,1022,1.0,3830.0,10.0
11543,54539,1049,,2810.0,10.0
13189,55194,1066,2.0,3610.0,25.0
17217,56785,1047,2.0,5950.0,0.0
17624,56947,1026,1.0,7010.0,20.0
13907,55478,1040,1.0,3060.0,15.0
1309,50516,1006,3.0,4150.0,0.0
9699,53824,1040,1.0,3060.0,5.0
13065,55144,1023,1.0,4290.0,0.0
14225,55614,1022,2.0,3830.0,0.0
3097,51224,1048,1.0,7870.0,
1377,50543,1017,1.0,3470.0,0.0
17159,56766,1029,1.0,3490.0,0.0
2677,51055,1069,1.0,4090.0,5.0
12090,54755,1037,1.0,2640.0,5.0
1912,50748,1041,2.0,700.0,20.0
16075,56347,1047,1.0,5950.0,10.0
7475,52934,1013,1.0,220.0,10.0
20130,57976,1013,2.0,220.0,5.0
17801,57020,1019,,4560.0,0.0
6422,52529,1032,1.0,1990.0,5.0
13664,55381,1016,2.0,3350.0,20.0
12842,55056,1069,2.0,4090.0,10.0
17000,56706,1023,1.0,4290.0,15.0
2276,50891,1036,1.0,6710.0,10.0
13566,55346,1016,4.0,3350.0,0.0
593,50232,1075,2.0,2140.0,15.0
19180,57581,1018,5.0,3890.0,0.0
10218,54027,1007,2.0,1100.0,5.0
17904,57058,1064,1.0,7500.0,0.0
4465,51768,1073,2.0,6680.0,20.0
2080,50811,1059,2.0,4580.0,20.0
1757,50686,1006,1.0,4150.0,15.0
19421,57679,1011,2.0,4590.0,15.0
4705,51861,1058,3.0,5550.0,15.0
3163,51248,1042,3.0,590.0,15.0
8112,53195,1007,1.0,1100.0,20.0
1368,50539,1069,1.0,4090.0,5.0
6429,52531,1053,3.0,3470.0,5.0
5666,52239,1069,1.0,4090.0,0.0
11478,54511,1059,2.0,4580.0,0.0
1039,50410,1055,,1380.0,0.0
13226,55209,1016,1.0,3350.0,0.0
18588,57335,1068,3.0,10570.0,5.0
14239,55618,1035,2.0,6470.0,10.0
19196,57588,1071,2.0,1670.0,0.0
14187,55594,1061,2.0,8080.0,10.0
5131,52033,1018,1.0,3890.0,5.0
54,50021,1009,2.0,6030.0,5.0
2557,51005,1037,1.0,2640.0,5.0
14845,55864,1070,3.0,2320.0,0.0
2067,50806,1049,3.0,2810.0,25.0
6768,52660,1048,2.0,7870.0,10.0
14813,55850,1033,2.0,2910.0,10.0
4174,51647,1074,1.0,1880.0,15.0
11040,54339,1001,1.0,6530.0,0.0
5355,52120,1058,2.0,5550.0,5.0
12655,54984,1074,1.0,1880.0,0.0
4478,51771,1024,1.0,9110.0,5.0
6483,52550,1061,1.0,8080.0,20.0
78,50031,1073,4.0,6680.0,10.0
11435,54495,1035,1.0,6470.0,0.0
13231,55211,1004,4.0,9380.0,5.0
2707,51067,1072,2.0,,20.0
7640,53004,1063,1.0,1660.0,0.0
14173,55588,1015,3.0,3850.0,5.0
11267,54431,1055,2.0,1380.0,0.0
17242,56796,1063,4.0,1660.0,5.0
14158,55583,1073,1.0,6680.0,15.0
11003,54323,1013,3.0,220.0,0.0
18107,57138,1075,2.0,2140.0,10.0
3778,51489,1070,1.0,2320.0,10.0
2444,50960,1062,1.0,280.0,20.0
4114,51624,1047,2.0,5950.0,5.0
18009,57097,1061,1.0,8080.0,15.0
2491,50979,1024,2.0,9110.0,25.0
16763,56615,1051,4.0,7060.0,0.0
19167,57577,1057,1.0,2370.0,0.0
11448,54499,1035,1.0,6470.0,15.0
14674,55799,1003,1.0,2040.0,5.0
15122,55976,1074,2.0,1880.0,20.0
3946,51557,1046,1.0,3450.0,10.0
19429,57683,1022,1.0,3830.0,0.0
7154,52820,1062,2.0,280.0,5.0
2087,50813,1057,2.0,2370.0,0.0
14549,55748,1040,1.0,3060.0,15.0
6631,52605,1035,1.0,6470.0,5.0
19163,57575,1065,1.0,7400.0,5.0
11349,54463,1056,1.0,1230.0,0.0
11288,54438,1043,2.0,4500.0,0.0
14344,55663,1006,2.0,4150.0,0.0
17043,56723,1022,1.0,3830.0,20.0
18785,57421,1062,1.0,280.0,0.0
14278,55634,1073,2.0,6680.0,5.0
15496,56122,1051,1.0,7060.0,20.0
16418,56476,1021,2.0,5530.0,5.0
173,50070,1045,1.0,8330.0,5.0
7124,52806,1011,4.0,4590.0,20.0
6075,52396,1006,1.0,4150.0,10.0
2131,50830,1050,1.0,7140.0,0.0
7434,52918,1073,2.0,6680.0,0.0
15147,55986,1071,4.0,1670.0,15.0
2712,51069,1046,1.0,3450.0,25.0
13716,55404,1071,2.0,1670.0,0.0
10519,54143,1038,1.0,4270.0,0.0
356,50142,1066,1.0,3610.0,0.0
9773,53854,1032,2.0,1990.0,0.0
15556,56146,1075,1.0,2140.0,0.0
1501,50589,1040,1.0,3060.0,20.0
11375,54473,1064,2.0,7500.0,5.0
6237,52460,1011,4.0,4590.0,5.0
9532,53757,1048,2.0,7870.0,20.0
12887,55073,1059,1.0,4580.0,5.0
3021,51194,1038,2.0,4270.0,20.0
5543,52194,1034,1.0,10530.0,0.0
3509,51384,1011,2.0,4590.0,10.0
7271,52861,1048,1.0,7870.0,5.0
8944,53524,1068,1.0,10570.0,15.0
3581,51413,1070,1.0,2320.0,0.0
6208,52449,1024,2.0,9110.0,0.0
16998,56705,1011,2.0,4590.0,15.0
15062,55951,1071,1.0,1670.0,20.0
16507,56515,1006,1.0,4150.0,10.0
16879,56657,1063,2.0,1660.0,0.0
4034,51590,1011,1.0,4590.0,0.0
16564,56540,1012,2.0,6600.0,0.0
15913,56286,1039,4.0,8680.0,15.0
10310,54059,1045,1.0,8330.0,0.0
4424,51748,1050,1.0,7140.0,0.0
8647,53407,1034,3.0,10530.0,0.0
19278,57620,1035,1.0,6470.0,0.0
2324,50911,1029,3.0,3490.0,15.0
4517,51785,1015,2.0,3850.0,5.0
7032,52767,1061,1.0,8080.0,0.0
15180,55998,1044,3.0,3230.0,0.0
8164,53216,1038,1.0,4270.0,0.0
17453,56883,1072,1.0,4390.0,0.0
11204,54407,1054,2.0,1830.0,10.0
3452,51363,1022,2.0,3830.0,0.0
9948,53921,1051,1.0,7060.0,10.0
10371,54082,1011,2.0,4590.0,10.0
16395,56467,1048,1.0,7870.0,5.0
12601,54962,1028,1.0,4510.0,5.0
5132,52033,1044,1.0,3230.0,0.0
13675,55387,1066,1.0,3610.0,15.0
6216,52453,1044,1.0,3230.0,15.0
555,50219,1023,2.0,4290.0,15.0
151,50063,1033,1.0,2910.0,5.0
13959,55499,1044,1.0,3230.0,0.0
4973,51970,1015,2.0,,10.0
4429,51751,1009,1.0,6030.0,0.0
10587,54168,1074,1.0,1880.0,5.0
11675,54587,1013,2.0,220.0,10.0
3727,51471,1011,1.0,4590.0,0.0
3368,51331,1044,1.0,3230.0,5.0
15554,56145,1068,1.0,10570.0,0.0
13773,55428,1030,3.0,4290.0,0.0
8221,53239,1058,1.0,5550.0,20.0
18001,57093,1052,2.0,6950.0,0.0
12749,55018,1050,1.0,7140.0,5.0
7528,52959,1020,3.0,720.0,0.0
7916,53118,1058,1.0,5550.0,0.0
17213,56784,1032,1.0,1990.0,0.0
6713,52638,1068,1.0,10570.0,5.0
10985,54315,1031,4.0,9170.0,0.0
15803,56245,1029,4.0,3490.0,0.0
814,50321,1056,3.0,1230.0,0.0
18840,57446,1020,2.0,720.0,15.0
2897,51149,1040,2.0,3060.0,10.0
18071,57123,1054,4.0,1830.0,15.0
10608,54175,1053,1.0,3470.0,5.0
2538,50996,1070,1.0,2320.0,0.0
19702,57793,1036,2.0,6710.0,25.0
13371,55262,1018,1.0,3890.0,15.0
8405,53308,1019,2.0,4560.0,0.0
7511,52949,1030,1.0,4290.0,10.0
8510,53352,1017,1.0,3470.0,0.0
13050,55138,1057,3.0,2370.0,0.0
9593,53781,1030,1.0,4290.0,0.0
14460,55711,1055,1.0,1380.0,5.0
1882,50736,1026,4.0,7010.0,0.0
14279,55635,1067,2.0,4370.0,5.0
3849,51520,1012,1.0,6600.0,10.0
18065,57121,1011,2.0,4590.0,5.0
10344,54072,1070,1.0,2320.0,0.0
6508,52559,1010,1.0,8870.0,20.0
2225,50871,1018,1.0,3890.0,5.0
327,50132,1043,1.0,4500.0,0.0
7164,52823,1002,1.0,3080.0,0.0
11633,54571,1057,3.0,2370.0,5.0
14856,55868,1073,1.0,6680.0,0.0
7774,53059,1031,3.0,9170.0,10.0
5261,52082,1016,3.0,3350.0,10.0
17901,57056,1075,4.0,2140.0,0.0
16143,56373,1021,1.0,5530.0,0.0
1488,50583,1028,1.0,4510.0,0.0
12189,54798,1042,1.0,590.0,10.0
13312,55242,1015,1.0,3850.0,0.0
15,50006,1042,1.0,590.0,0.0
491,50190,1065,1.0,7400.0,10.0
14470,55716,1005,1.0,5510.0,10.0
7669,53016,1006,3.0,4150.0,0.0
11379,54474,1018,3.0,3890.0,25.0
6724,52644,1068,1.0,10570.0,10.0
4561,51803,1063,2.0,1660.0,0.0
8606,53391,1008,2.0,6630.0,0.0
12494,54920,1054,1.0,1830.0,5.0
5802,52293,1032,4.0,1990.0,5.0
7722,53041,1067,2.0,4370.0,0.0
5243,52077,1020,4.0,720.0,25.0
13397,55272,1022,2.0,3830.0,10.0
18881,57462,1033,2.0,2910.0,0.0
4964,51966,1058,5.0,5550.0,15.0
13687,55393,1053,1.0,3470.0,5.0
6951,52734,1014,1.0,2270.0,5.0
13927,55487,1075,1.0,2140.0,0.0
17829,57029,1054,1.0,1830.0,0.0
18885,57463,1016,3.0,3350.0,5.0
2458,50967,1005,2.0,5510.0,0.0
19927,57887,1046,,3450.0,0.0
20149,57982,1065,1.0,7400.0,0.0
13742,55414,1010,1.0,8870.0,15.0
18558,57323,1063,1.0,1660.0,10.0
2849,51129,1044,1.0,3230.0,0.0
12567,54946,1016,1.0,3350.0,5.0
3252,51285,1031,1.0,9170.0,5.0
7705,53035,1073,1.0,6680.0,0.0
418,50165,1010,1.0,8870.0,0.0
12680,54993,1004,1.0,9380.0,20.0
5782,52285,1054,1.0,1830.0,10.0
668,50260,1001,1.0,6530.0,0.0
8463,53332,1007,1.0,1100.0,5.0
18176,57170,1007,3.0,1100.0,15.0
14696,55808,1008,1.0,6630.0,5.0
15847,56261,1052,1.0,6950.0,20.0
136,50057,1066,1.0,3610.0,0.0
14703,55811,1014,1.0,2270.0,10.0
13034,55131,1028,1.0,4510.0,0.0
19847,57854,1030,2.0,4290.0,10.0
5239,52075,1030,1.0,4290.0,0.0
7298,52871,1004,2.0,9380.0,0.0
11006,54324,1055,2.0,1380.0,0.0
334,50135,1014,1.0,2270.0,0.0
19786,57828,1036,1.0,6710.0,5.0
11201,54406,1049,1.0,2810.0,0.0
13354,55257,1007,1.0,1100.0,5.0
3266,51290,1056,1.0,1230.0,10.0
9362,53687,1012,,6600.0,0.0
2487,50978,1047,2.0,5950.0,0.0
16709,56594,1041,1.0,700.0,0.0
13540,55336,1071,1.0,1670.0,20.0
4665,51844,1026,1.0,7010.0,0.0
7214,52841,1066,3.0,3610.0,5.0
3678,51454,1024,1.0,9110.0,5.0
11406,54484,1048,1.0,7870.0,20.0
13850,55457,1067,1.0,4370.0,10.0
1640,50641,1070,2.0,2320.0,5.0
1974,50771,1028,1.0,4510.0,0.0
15489,56119,1015,1.0,3850.0,0.0
19897,57875,1028,1.0,4510.0,5.0
10207,54021,1051,1.0,7060.0,0.0
6377,52514,1055,3.0,1380.0,0.0
1246,50492,1016,4.0,3350.0,0.0
6296,52480,1037,1.0,2640.0,15.0
2576,51013,1063,1.0,1660.0,0.0
6043,52385,1026,3.0,7010.0,0.0
15750,56224,1005,2.0,5510.0,0.0
18702,57385,1028,2.0,4510.0,5.0
13792,55436,1052,3.0,6950.0,5.0
1821,50712,1007,4.0,1100.0,0.0
11184,54399,1039,1.0,8680.0,10.0
11107,54365,1009,2.0,6030.0,0.0
3372,51333,1048,2.0,7870.0,0.0
13573,55348,1035,1.0,6470.0,10.0
1255,50495,1027,1.0,7200.0,0.0
3367,51331,1027,1.0,7200.0,20.0
588,50231,1041,2.0,700.0,15.0
19896,57874,1022,3.0,3830.0,20.0
10353,54077,1001,2.0,6530.0,10.0
13778,55430,1041,1.0,700.0,20.0
13965,55501,1007,2.0,1100.0,5.0
2836,51124,1034,1.0,10530.0,5.0
10447,54113,1035,1.0,6470.0,5.0
14003,55517,1011,1.0,4590.0,0.0
1749,50683,1054,1.0,1830.0,0.0
19815,57840,1069,1.0,4090.0,10.0
1312,50516,1065,3.0,7400.0,5.0
2975,51175,1020,2.0,720.0,0.0
8835,53481,1046,5.0,3450.0,20.0
12273,54830,1068,2.0,10570.0,10.0
7084,52790,1032,1.0,1990.0,25.0
20001,57919,1033,1.0,2910.0,0.0
17073,56734,1051,1.0,7060.0,0.0
2929,51158,1045,1.0,8330.0,25.0
9121,53594,1062,2.0,280.0,10.0
16376,56460,1025,1.0,4730.0,0.0
10192,54016,1044,2.0,3230.0,5.0
5570,52205,1032,1.0,1990.0,20.0
20026,57929,1058,1.0,5550.0,10.0
13934,55490,1006,2.0,,0.0
7994,53152,1075,2.0,2140.0,10.0
1612,50631,1034,2.0,10530.0,5.0
2498,50981,1047,2.0,5950.0,0.0
698,50271,1013,1.0,220.0,0.0
2946,51164,1065,1.0,7400.0,10.0
4435,51754,1046,5.0,3450.0,5.0
10819,54253,1046,,3450.0,15.0
6462,52542,1002,1.0,3080.0,0.0
17157,56765,1070,4.0,2320.0,0.0
1130,50444,1041,2.0,700.0,10.0
13887,55470,1004,1.0,9380.0,0.0
1332,50524,1073,1.0,6680.0,15.0
17120,56752,1023,3.0,4290.0,0.0
1057,50416,1058,4.0,5550.0,0.0
14145,55577,1042,1.0,,5.0
16056,56340,1040,4.0,3060.0,15.0
14208,55603,1066,2.0,3610.0,5.0
8958,53530,1015,1.0,3850.0,5.0
11883,54672,1041,,700.0,0.0
14051,55537,1023,1.0,4290.0,5.0
11919,54684,1054,1.0,1830.0,0.0
18392,57256,1072,3.0,4390.0,5.0
15984,56312,1069,1.0,4090.0,0.0
18473,57291,1025,5.0,4730.0,0.0
477,50186,1045,1.0,8330.0,10.0
12228,54813,1038,1.0,4270.0,0.0
4855,51923,1037,1.0,2640.0,20.0
1693,50661,1063,2.0,1660.0,0.0
8580,53381,1046,3.0,3450.0,15.0
2843,51126,1035,1.0,6470.0,15.0
6717,52639,1069,1.0,4090.0,15.0
5918,52335,1036,1.0,6710.0,20.0
19530,57722,1047,4.0,5950.0,0.0
7096,52795,1013,2.0,220.0,10.0
4487,51774,1007,1.0,1100.0,0.0
701,50272,1054,1.0,1830.0,10.0
17181,56773,1028,1.0,4510.0,20.0
10938,54298,1007,1.0,1100.0,15.0
3625,51431,1012,1.0,6600.0,15.0
969,50382,1019,1.0,4560.0,15.0
7377,52897,1062,1.0,280.0,0.0
7932,53124,1075,2.0,2140.0,20.0
11275,54433,1067,1.0,4370.0,10.0
17909,57060,1052,4.0,6950.0,0.0
16526,56524,1069,1.0,4090.0,25.0
8320,53275,1051,2.0,7060.0,5.0
11009,54326,1053,3.0,3470.0,20.0
18286,57216,1056,2.0,1230.0,10.0
6295,52480,1005,4.0,5510.0,10.0
4426,51749,1068,2.0,,0.0
1009,50398,1060,1.0,5950.0,0.0
9241,53640,1032,2.0,1990.0,0.0
5780,52284,1019,3.0,4560.0,5.0
8362,53291,1016,3.0,3350.0,20.0
10155,54005,1061,1.0,8080.0,15.0
3350,51324,1055,3.0,1380.0,0.0
5739,52269,1004,2.0,9380.0,25.0
4532,51792,1068,3.0,10570.0,0.0
13686,55393,1039,2.0,8680.0,10.0
15914,56286,1072,2.0,4390.0,0.0
2402,50943,1056,1.0,1230.0,25.0
3290,51299,1069,,4090.0,20.0
15504,56126,1049,1.0,2810.0,0.0
7727,53043,1010,3.0,8870.0,5.0
5412,52143,1028,2.0,4510.0,0.0
3716,51467,1065,2.0,7400.0,0.0
19548,57727,1048,1.0,7870.0,0.0
9819,53871,1054,3.0,1830.0,25.0
6792,52671,1054,1.0,1830.0,0.0
8839,53482,1010,1.0,8870.0,10.0
10176,54011,1052,1.0,6950.0,10.0
11544,54540,1010,3.0,8870.0,0.0
4980,51972,1007,2.0,1100.0,20.0
6510,52559,1018,1.0,3890.0,5.0
248,50100,1071,1.0,1670.0,10.0
8043,53169,1020,1.0,720.0,25.0
19575,57740,1035,4.0,6470.0,0.0
10148,54003,1064,2.0,7500.0,15.0
13807,55441,1074,1.0,1880.0,0.0
20138,57978,1074,3.0,1880.0,10.0
18639,57355,1006,1.0,4150.0,0.0
8056,53174,1058,3.0,5550.0,0.0
19010,57514,1065,1.0,7400.0,0.0
14619,55777,1001,3.0,6530.0,0.0
3028,51197,1069,1.0,4090.0,5.0
2441,50958,1038,1.0,4270.0,0.0
11811,54645,1034,1.0,10530.0,10.0
14907,55887,1008,1.0,6630.0,5.0
5147,52039,1044,1.0,3230.0,0.0
17029,56718,1072,2.0,4390.0,0.0
743,50290,1011,3.0,4590.0,10.0
10283,54049,1046,1.0,3450.0,15.0
9343,53679,1016,2.0,3350.0,0.0
7163,52823,1056,3.0,1230.0,5.0
11206,54407,1036,2.0,6710.0,0.0
7355,52890,1070,2.0,2320.0,0.0
14557,55751,1040,1.0,3060.0,5.0
6673,52622,1061,3.0,8080.0,0.0
18683,57376,1016,1.0,3350.0,15.0
14515,55735,1024,1.0,9110.0,0.0
17241,56796,1041,3.0,700.0,0.0
1456,50571,1020,1.0,720.0,5.0
13388,55268,1072,1.0,4390.0,0.0
3104,51226,1048,2.0,7870.0,10.0
12283,54834,1002,4.0,3080.0,
10687,54206,1019,2.0,4560.0,5.0
606,50237,1055,3.0,1380.0,15.0
5677,52244,1029,1.0,3490.0,0.0
17200,56780,1052,1.0,6950.0,0.0
10267,54045,1060,1.0,5950.0,10.0
17504,56900,1047,1.0,5950.0,0.0
18629,57352,1019,1.0,,
5777,52283,1059,1.0,4580.0,0.0
2688,51060,1030,1.0,4290.0,0.0
17189,56776,1030,1.0,4290.0,10.0
20082,57954,1054,2.0,1830.0,0.0
2115,50823,1053,1.0,3470.0,0.0
815,50322,1041,2.0,700.0,25.0
19947,57895,1062,3.0,280.0,10.0
13112,55162,1075,1.0,2140.0,20.0
2649,51045,1011,1.0,4590.0,5.0
11295,54441,1010,3.0,8870.0,15.0
4251,51681,1049,2.0,2810.0,5.0
1833,50716,1051,1.0,7060.0,10.0
1796,50700,1021,2.0,5530.0,0.0
11077,54352,1001,1.0,6530.0,0.0
19738,57807,1009,1.0,6030.0,25.0
10015,53949,1013,4.0,220.0,15.0
14178,55590,1012,1.0,6600.0,0.0
9894,53902,1026,2.0,7010.0,15.0
14487,55726,1032,3.0,1990.0,5.0
12007,54721,1012,2.0,6600.0,0.0
9744,53842,1032,3.0,1990.0,20.0
20125,57974,1033,1.0,2910.0,0.0
17420,56869,1056,1.0,1230.0,5.0
6696,52630,1055,2.0,1380.0,0.0
16845,56644,1061,4.0,8080.0,0.0
7009,52757,1047,3.0,5950.0,5.0
273,50109,1005,1.0,5510.0,25.0
8189,53226,1039,2.0,8680.0,15.0
2983,51178,1035,2.0,6470.0,20.0
8798,53465,1012,1.0,6600.0,0.0
2484,50976,1012,1.0,6600.0,5.0
11900,54678,1066,1.0,3610.0,5.0
15678,56196,1024,1.0,9110.0,15.0
2739,51082,1015,1.0,3850.0,10.0
5279,52090,1067,3.0,4370.0,15.0
4342,51719,1025,1.0,4730.0,0.0
4005,51578,1012,1.0,6600.0,0.0
3170,51252,1049,1.0,2810.0,5.0
8169,53217,1002,2.0,3080.0,5.0
6912,52718,1071,1.0,1670.0,0.0
19841,57852,1008,3.0,6630.0,25.0
2265,50889,1029,2.0,3490.0,0.0
4087,51612,1020,3.0,720.0,15.0
16309,56438,1046,2.0,3450.0,5.0
3903,51541,1016,4.0,3350.0,0.0
10712,54215,1011,3.0,4590.0,5.0
6770,52661,1007,1.0,1100.0,0.0
16903,56665,1027,1.0,7200.0,10.0
17634,56950,1059,2.0,4580.0,0.0
6577,52587,1063,1.0,1660.0,0.0
4598,51818,1025,1.0,4730.0,0.0
18127,57149,1011,1.0,4590.0,10.0
16856,56648,1055,3.0,1380.0,20.0
1664,50650,1013,1.0,220.0,0.0
2393,50940,1041,1.0,700.0,20.0
5723,52262,1030,1.0,4290.0,5.0
14641,55784,1027,1.0,7200.0,0.0
12429,54894,1009,1.0,6030.0,0.0
1035,50409,1050,1.0,7140.0,20.0
7455,52926,1047,1.0,5950.0,10.0
351,50140,1049,1.0,2810.0,10.0
12296,54841,1055,2.0,1380.0,25.0
4128,51629,1027,1.0,7200.0,
19732,57804,1058,2.0,5550.0,20.0
8995,53544,1001,1.0,6530.0,0.0
2394,50940,1026,1.0,7010.0,25.0
5895,52328,1033,1.0,2910.0,10.0
10822,54254,1026,1.0,7010.0,0.0
19779,57826,1005,,5510.0,5.0
12828,55051,1015,2.0,3850.0,0.0
8194,53227,1060,1.0,5950.0,0.0
6455,52540,1031,2.0,9170.0,0.0
4035,51590,1040,1.0,3060.0,0.0
14242,55619,1006,2.0,4150.0,20.0
13680,55389,1037,3.0,2640.0,0.0
549,50215,1059,1.0,4580.0,0.0
15366,56065,1015,2.0,3850.0,5.0
4121,51627,1062,2.0,280.0,5.0
11853,54663,1008,1.0,6630.0,10.0
11383,54475,1012,1.0,6600.0,15.0
19279,57620,1047,1.0,5950.0,0.0
2327,50913,1029,1.0,3490.0,5.0
2036,50791,1048,2.0,7870.0,0.0
6481,52550,1002,1.0,3080.0,10.0
3482,51374,1022,1.0,3830.0,0.0
12642,54980,1009,3.0,6030.0,5.0
16178,56387,1001,4.0,,0.0
8383,53298,1037,1.0,2640.0,0.0
8718,53435,1055,1.0,1380.0,5.0
18360,57244,1026,4.0,7010.0,5.0
11321,54452,1036,2.0,6710.0,0.0
18102,57136,1062,1.0,280.0,5.0
15505,56127,1026,1.0,7010.0,10.0
12947,55094,1044,2.0,3230.0,15.0
18737,57397,1048,2.0,7870.0,25.0
41,50016,1068,1.0,10570.0,5.0
9824,53873,1074,1.0,1880.0,0.0
5426,52150,1067,1.0,4370.0,20.0
11917,54684,1015,3.0,3850.0,5.0
8235,53244,1007,1.0,1100.0,15.0
17603,56938,1055,2.0,1380.0,20.0
16236,56406,1033,1.0,2910.0,10.0
15710,56211,1013,4.0,220.0,20.0
4708,51862,1048,,7870.0,15.0
17672,56969,1003,1.0,2040.0,0.0
216,50087,1072,2.0,4390.0,5.0
18808,57432,1059,3.0,4580.0,0.0
4724,51867,1073,1.0,6680.0,10.0
5866,52317,1015,1.0,3850.0,0.0
9026,53559,1025,1.0,4730.0,0.0
10019,53952,1016,2.0,3350.0,5.0
75,50030,1020,1.0,720.0,0.0
15018,55938,1001,1.0,6530.0,0.0
1356,50533,1029,1.0,3490.0,0.0
10498,54135,1072,2.0,4390.0,
5838,52307,1010,1.0,8870.0,10.0
4504,51782,1064,1.0,7500.0,10.0
10911,54286,1054,2.0,1830.0,25.0
4916,51945,1063,3.0,1660.0,0.0
13030,55129,1034,1.0,10530.0,0.0
15016,55937,1074,1.0,1880.0,5.0
10632,54186,1013,1.0,220.0,0.0
12540,54935,1028,1.0,4510.0,10.0
15103,55967,1058,1.0,5550.0,20.0
4317,51709,1020,1.0,720.0,0.0
442,50173,1075,1.0,2140.0,0.0
7250,52854,1064,2.0,7500.0,0.0
15581,56155,1060,3.0,5950.0,10.0
18589,57336,1072,1.0,4390.0,5.0
17722,56988,1057,5.0,2370.0,0.0
5690,52250,1047,2.0,5950.0,0.0
19564,57736,1038,1.0,4270.0,0.0
18673,57372,1045,1.0,8330.0,
6130,52419,1025,1.0,4730.0,15.0
5874,52320,1034,2.0,10530.0,0.0
1311,50516,1036,1.0,6710.0,0.0
8411,53310,1027,1.0,7200.0,10.0
14394,55684,1044,2.0,,20.0
16596,56551,1008,1.0,6630.0,15.0
4587,51813,1050,3.0,7140.0,5.0
677,50263,1026,1.0,7010.0,15.0
15418,56088,1034,3.0,10530.0,0.0
19199,57589,1045,1.0,,10.0
14504,55732,1031,1.0,9170.0,5.0
17138,56758,1054,1.0,1830.0,10.0
12923,55085,1027,1.0,7200.0,15.0
13108,55160,1032,2.0,1990.0,0.0
15003,55929,1072,1.0,4390.0,5.0
5142,52037,1043,1.0,4500.0,0.0
15961,56303,1045,1.0,8330.0,0.0
6368,52510,1055,1.0,1380.0,10.0
8296,53267,1048,2.0,7870.0,0.0
17382,56851,1060,1.0,5950.0,0.0
1880,50735,1073,1.0,6680.0,0.0
9049,53567,1063,1.0,1660.0,10.0
3450,51362,1062,1.0,280.0,5.0
3294,51302,1061,1.0,8080.0,0.0
10729,54221,1052,1.0,6950.0,0.0
17701,56980,1058,2.0,5550.0,0.0
14961,55913,1051,2.0,7060.0,0.0
6147,52425,1064,1.0,7500.0,10.0
14490,55726,1066,1.0,3610.0,15.0
19001,57510,1019,1.0,4560.0,0.0
18926,57480,1012,1.0,6600.0,0.0
15301,56044,1028,2.0,4510.0,10.0
11797,54638,1006,1.0,4150.0,0.0
8658,53412,1009,2.0,6030.0,10.0
5171,52047,1047,1.0,5950.0,20.0
16174,56386,1001,1.0,6530.0,0.0
2489,50979,1049,3.0,2810.0,5.0
15655,56187,1026,1.0,7010.0,0.0
9205,53623,1011,1.0,4590.0,15.0
17309,56822,1003,3.0,2040.0,5.0
5196,52057,1020,1.0,720.0,0.0
16710,56594,1063,2.0,1660.0,0.0
5471,52167,1062,1.0,280.0,0.0
3242,51282,1006,1.0,4150.0,0.0
16864,56651,1058,2.0,5550.0,20.0
5205,52062,1059,1.0,4580.0,0.0
19304,57632,1058,3.0,5550.0,10.0
3024,51195,1029,2.0,3490.0,10.0
218,50088,1071,1.0,1670.0,0.0
7695,53028,1051,1.0,7060.0,0.0
18257,57205,1055,3.0,1380.0,0.0
11833,54653,1014,1.0,2270.0,0.0
9127,53596,1045,1.0,8330.0,
16547,56531,1013,1.0,220.0,20.0
9811,53868,1066,3.0,3610.0,0.0
13673,55385,1071,3.0,1670.0,5.0
3651,51443,1072,1.0,4390.0,5.0
8118,53197,1065,1.0,7400.0,0.0
1791,50698,1056,2.0,1230.0,20.0
14753,55829,1025,2.0,4730.0,15.0
2778,51098,1025,2.0,4730.0,0.0
1901,50743,1050,1.0,7140.0,5.0
19157,57573,1019,1.0,4560.0,0.0
16066,56343,1024,3.0,9110.0,5.0
18135,57153,1020,3.0,720.0,0.0
11056,54345,1012,1.0,6600.0,10.0
10616,54179,1039,1.0,8680.0,0.0
14654,55790,1061,2.0,8080.0,10.0
13017,55122,1007,1.0,1100.0,10.0
2053,50799,1056,2.0,1230.0,5.0
14207,55603,1036,1.0,6710.0,0.0
7420,52913,1032,2.0,1990.0,25.0
8857,53490,1068,1.0,10570.0,15.0
9337,53676,1071,1.0,1670.0,5.0
348,50138,1056,2.0,1230.0,5.0
7627,52998,1035,1.0,6470.0,0.0
18097,57135,1008,1.0,6630.0,0.0
6971,52742,1069,1.0,4090.0,5.0
20152,57982,1056,4.0,1230.0,20.0
4860,51924,1004,3.0,9380.0,10.0
6282,52475,1010,4.0,8870.0,10.0
1747,50682,1063,2.0,1660.0,0.0
19433,57685,1037,1.0,2640.0,5.0
13306,55240,1051,1.0,7060.0,20.0
9486,53738,1067,1.0,4370.0,5.0
12844,55057,1018,1.0,3890.0,0.0
15650,56185,1058,2.0,5550.0,0.0
3549,51402,1001,1.0,,
5129,52032,1003,1.0,2040.0,5.0
16825,56636,1025,1.0,4730.0,0.0
1704,50664,1020,2.0,720.0,15.0
705,50273,1041,1.0,700.0,10.0
2833,51122,1020,1.0,720.0,5.0
4325,51713,1040,1.0,3060.0,15.0
12260,54824,1017,2.0,3470.0,20.0
7680,53020,1073,1.0,6680.0,10.0
2613,51030,1036,2.0,6710.0,5.0
1338,50526,1034,2.0,10530.0,0.0
17524,56907,1003,1.0,2040.0,15.0
18761,57411,1072,4.0,4390.0,10.0
938,50371,1011,1.0,4590.0,20.0
17717,56987,1067,1.0,4370.0,5.0
18526,57309,1029,2.0,3490.0,0.0
13315,55244,1058,1.0,5550.0,20.0
1592,50622,1038,1.0,4270.0,0.0
17210,56783,1051,1.0,7060.0,0.0
7027,52765,1004,1.0,9380.0,0.0
1003,50396,1007,1.0,1100.0,20.0
7582,52981,1075,1.0,2140.0,0.0
2116,50823,1004,1.0,9380.0,0.0
10228,54031,1021,3.0,5530.0,0.0
4050,51596,1053,2.0,3470.0,0.0
14172,55588,1014,1.0,2270.0,0.0
13311,55242,1068,1.0,10570.0,5.0
7486,52938,1010,2.0,8870.0,15.0
12382,54877,1048,2.0,7870.0,15.0
19859,57858,1044,1.0,3230.0,0.0
483,50187,1062,1.0,280.0,0.0
4366,51728,1028,4.0,4510.0,25.0
18321,57228,1015,2.0,3850.0,0.0
16935,56679,1030,3.0,4290.0,0.0
12351,54864,1044,3.0,3230.0,5.0
14596,55768,1043,1.0,4500.0,0.0
1207,50475,1026,2.0,7010.0,20.0
18525,57309,1073,1.0,6680.0,10.0
19058,57535,1022,3.0,3830.0,10.0
16107,56359,1036,1.0,6710.0,10.0
13488,55315,1047,4.0,5950.0,5.0
11731,54611,1028,1.0,4510.0,0.0
6345,52500,1026,1.0,7010.0,10.0
12769,55025,1069,1.0,4090.0,0.0
3812,51505,1039,2.0,8680.0,25.0
10318,54062,1071,2.0,1670.0,10.0
9561,53769,1066,1.0,3610.0,15.0
13607,55361,1006,2.0,4150.0,20.0
16972,56692,1072,1.0,4390.0,10.0
18566,57327,1008,2.0,6630.0,25.0
7598,52986,1014,1.0,2270.0,25.0
6264,52468,1068,2.0,10570.0,0.0
6625,52603,1013,1.0,220.0,0.0
289,50116,1073,3.0,6680.0,15.0
16848,56645,1006,3.0,4150.0,0.0
6002,52368,1004,1.0,9380.0,5.0
2130,50830,1019,2.0,4560.0,0.0
14997,55926,1030,1.0,4290.0,15.0
789,50311,1039,2.0,8680.0,5.0
5447,52158,1015,1.0,3850.0,5.0
7067,52783,1063,3.0,1660.0,0.0
14450,55706,1050,1.0,7140.0,0.0
10147,54002,1069,4.0,4090.0,0.0
8810,53471,1063,1.0,1660.0,0.0
17263,56804,1053,2.0,3470.0,0.0
9329,53674,1009,1.0,6030.0,0.0
18398,57259,1072,1.0,4390.0,5.0
9862,53889,1014,2.0,2270.0,10.0
1632,50638,1035,2.0,6470.0,5.0
6886,52709,1065,1.0,7400.0,0.0
3197,51263,1022,4.0,3830.0,20.0
16097,56355,1010,2.0,8870.0,0.0
506,50196,1073,2.0,6680.0,0.0
811,50320,1013,1.0,220.0,10.0
1941,50758,1041,1.0,700.0,0.0
10880,54274,1056,2.0,1230.0,0.0
12882,55071,1051,1.0,7060.0,0.0
4658,51841,1071,1.0,1670.0,10.0
15861,56266,1066,1.0,3610.0,0.0
3122,51233,1016,1.0,3350.0,5.0
7450,52925,1057,2.0,2370.0,5.0
19175,57580,1046,1.0,3450.0,0.0
7213,52841,1063,2.0,1660.0,0.0
15699,56204,1041,1.0,700.0,10.0
8898,53506,1067,2.0,4370.0,15.0
13523,55329,1018,1.0,3890.0,0.0
4201,51658,1033,1.0,2910.0,15.0
5467,52165,1005,1.0,5510.0,0.0
17613,56942,1038,1.0,4270.0,15.0
8509,53351,1015,4.0,3850.0,10.0
16936,56679,1005,1.0,5510.0,15.0
2908,51152,1008,1.0,6630.0,0.0
11428,54493,1075,1.0,2140.0,10.0
17433,56875,1016,3.0,3350.0,20.0
1204,50473,1004,1.0,9380.0,0.0
18089,57132,1049,2.0,2810.0,15.0
155,50064,1037,1.0,2640.0,20.0
10140,53999,1004,2.0,9380.0,0.0
15488,56118,1048,1.0,7870.0,0.0
6925,52723,1048,1.0,7870.0,10.0
4378,51732,1043,2.0,4500.0,5.0
4099,51619,1060,1.0,5950.0,10.0
2222,50870,1053,1.0,3470.0,5.0
17466,56887,1010,1.0,8870.0,0.0
5457,52163,1006,5.0,4150.0,0.0
4730,51870,1040,3.0,3060.0,0.0
10665,54198,1020,1.0,720.0,10.0
1485,50582,1025,1.0,4730.0,15.0
24,50009,1019,1.0,4560.0,0.0
5442,52156,1016,1.0,3350.0,0.0
11384,54476,1051,2.0,7060.0,10.0
4476,51771,1003,3.0,2040.0,0.0
7800,53072,1004,1.0,9380.0,5.0
4438,51755,1010,1.0,8870.0,0.0
4032,51589,1046,2.0,3450.0,0.0
7270,52861,1071,1.0,1670.0,5.0
12332,54857,1056,1.0,1230.0,0.0
19340,57648,1063,1.0,1660.0,10.0
7112,52801,1013,1.0,220.0,15.0
4534,51793,1042,2.0,590.0,15.0
19568,57737,1061,1.0,8080.0,0.0
8414,53311,1025,1.0,4730.0,0.0
9331,53675,1027,2.0,7200.0,20.0
15500,56124,1022,2.0,3830.0,0.0
3680,51454,1029,2.0,3490.0,15.0
10151,54003,1035,5.0,6470.0,10.0
15413,56087,1014,2.0,2270.0,0.0
15590,56159,1010,3.0,8870.0,0.0
20105,57965,1017,2.0,3470.0,
7187,52831,1014,1.0,2270.0,0.0
7603,52989,1034,1.0,10530.0,0.0
4293,51699,1034,,10530.0,10.0
16783,56622,1017,,3470.0,0.0
13759,55421,1021,1.0,5530.0,5.0
16651,56574,1011,2.0,4590.0,0.0
20153,57983,1067,3.0,4370.0,0.0
4562,51803,1047,4.0,5950.0,0.0
15951,56298,1009,1.0,6030.0,0.0
3793,51496,1002,3.0,3080.0,5.0
13292,55235,1053,1.0,3470.0,0.0
2987,51181,1061,2.0,8080.0,10.0
3219,51271,1073,1.0,6680.0,5.0
17691,56976,1066,2.0,3610.0,25.0
16361,56455,1072,3.0,4390.0,10.0
16760,56613,1044,3.0,3230.0,5.0
18672,57371,1065,1.0,7400.0,0.0
12325,54853,1027,1.0,7200.0,0.0
8742,53445,1055,1.0,1380.0,5.0
14171,55588,1034,4.0,10530.0,20.0
5451,52160,1056,3.0,1230.0,10.0
12862,55063,1061,1.0,8080.0,0.0
871,50345,1057,1.0,2370.0,0.0
15043,55946,1002,1.0,3080.0,20.0
14191,55595,1004,3.0,9380.0,0.0
9891,53900,1060,5.0,5950.0,20.0
13575,55348,1066,3.0,3610.0,0.0
12932,55087,1075,2.0,2140.0,0.0
17128,56755,1010,1.0,8870.0,15.0
10740,54224,1004,,9380.0,0.0
3256,51286,1011,4.0,4590.0,15.0
14276,55633,1056,1.0,1230.0,0.0
9661,53811,1063,2.0,1660.0,0.0
11264,54430,1058,4.0,5550.0,15.0
8989,53541,1002,2.0,3080.0,10.0
11738,54614,1027,1.0,7200.0,0.0
6266,52469,1040,1.0,3060.0,15.0
10620,54181,1006,1.0,4150.0,0.0
2474,50972,1044,1.0,3230.0,5.0
2900,51150,1030,2.0,4290.0,10.0
12924,55085,1019,2.0,4560.0,10.0
998,50394,1071,1.0,1670.0,0.0
1435,50564,1046,1.0,3450.0,0.0
15669,56192,1017,1.0,3470.0,15.0
5660,52237,1033,1.0,2910.0,10.0
14233,55616,1069,1.0,4090.0,0.0
10738,54223,1014,1.0,2270.0,10.0
9258,53647,1069,1.0,4090.0,20.0
4440,51756,1068,2.0,10570.0,0.0
7666,53014,1020,1.0,720.0,0.0
12055,54739,1026,1.0,7010.0,0.0
17579,56930,1067,2.0,4370.0,5.0
16202,56396,1047,2.0,5950.0,0.0
16205,56396,1057,3.0,2370.0,5.0
2267,50889,1039,3.0,8680.0,5.0
1956,50764,1044,2.0,3230.0,5.0
16563,56539,1064,3.0,7500.0,0.0
6618,52601,1034,2.0,10530.0,10.0
19757,57815,1058,4.0,5550.0,0.0
7358,52891,1059,5.0,4580.0,5.0
15440,56099,1067,1.0,4370.0,10.0
4782,51889,1062,1.0,280.0,0.0
19774,57822,1039,3.0,8680.0,0.0
9193,53619,1014,1.0,2270.0,15.0
13653,55377,1035,1.0,6470.0,0.0
3191,51261,1009,1.0,6030.0,0.0
11436,54496,1023,3.0,4290.0,0.0
13568,55346,1024,1.0,9110.0,
13341,55253,1052,1.0,6950.0,10.0
14838,55861,1056,1.0,1230.0,10.0
5903,52330,1018,1.0,3890.0,20.0
1885,50737,1067,3.0,4370.0,0.0
14903,55885,1013,3.0,220.0,15.0
2895,51148,1015,1.0,3850.0,0.0
16531,56525,1071,3.0,1670.0,0.0
1785,50696,1045,2.0,8330.0,
7621,52996,1054,1.0,1830.0,0.0
9843,53881,1036,3.0,6710.0,0.0
20079,57953,1016,1.0,3350.0,20.0
6942,52730,1053,1.0,3470.0,5.0
9123,53594,1026,1.0,7010.0,0.0
10968,54309,1022,1.0,3830.0,10.0
11829,54652,1014,2.0,2270.0,0.0
11203,54406,1023,1.0,4290.0,0.0
18714,57390,1014,2.0,2270.0,5.0
12981,55107,1020,2.0,720.0,20.0
17222,56787,1035,3.0,6470.0,0.0
230,50092,1039,1.0,8680.0,15.0
12726,55009,1040,4.0,3060.0,5.0
877,50348,1002,1.0,3080.0,0.0
14105,55560,1031,2.0,9170.0,5.0
15924,56290,1072,2.0,4390.0,0.0
2627,51035,1032,2.0,1990.0,0.0
5550,52197,1006,3.0,4150.0,15.0
7872,53098,1052,3.0,6950.0,20.0
4124,51628,1054,1.0,1830.0,5.0
12967,55101,1004,2.0,9380.0,0.0
10453,54114,1011,1.0,4590.0,0.0
18919,57476,1070,1.0,2320.0,20.0
15453,56103,1021,1.0,5530.0,5.0
8457,53330,1009,3.0,6030.0,5.0
10841,54260,1031,2.0,9170.0,0.0
5573,52207,1069,2.0,4090.0,0.0
12510,54925,1016,1.0,3350.0,20.0
214,50086,1039,1.0,8680.0,0.0
1454,50570,1049,2.0,2810.0,0.0
3179,51255,1039,1.0,8680.0,0.0
20193,57999,1039,1.0,8680.0,0.0
8310,53271,1001,1.0,6530.0,5.0
2991,51183,1041,2.0,700.0,15.0
13403,55274,1061,4.0,8080.0,10.0
12418,54891,1032,4.0,1990.0,0.0
12484,54915,1046,2.0,3450.0,5.0
15193,56003,1049,3.0,2810.0,0.0
687,50266,1047,2.0,5950.0,15.0
14220,55610,1001,1.0,,0.0
1285,50507,1054,2.0,1830.0,0.0
17931,57070,1032,1.0,1990.0,10.0
14175,55589,1043,1.0,4500.0,5.0
777,50303,1009,2.0,6030.0,10.0
10775,54237,1065,2.0,7400.0,20.0
350,50140,1052,1.0,6950.0,0.0
16508,56515,1035,1.0,6470.0,10.0
8775,53455,1037,1.0,2640.0,5.0
5887,52326,1030,2.0,4290.0,0.0
6272,52471,1035,2.0,6470.0,10.0
19672,57778,1064,2.0,7500.0,15.0
16624,56562,1011,1.0,4590.0,0.0
5587,52213,1046,1.0,3450.0,0.0
657,50255,1056,2.0,1230.0,0.0
1692,50660,1016,1.0,3350.0,0.0
14392,55683,1075,1.0,2140.0,5.0
6376,52514,1012,4.0,6600.0,10.0
2434,50955,1020,3.0,720.0,0.0
9435,53721,1013,2.0,220.0,20.0
2930,51159,1029,1.0,3490.0,0.0
279,50113,1025,1.0,4730.0,0.0
9093,53581,1062,1.0,280.0,0.0
15282,56036,1032,1.0,1990.0,25.0
11673,54587,1068,,10570.0,0.0
6632,52606,1062,2.0,280.0,15.0
15687,56200,1012,1.0,6600.0,0.0
13997,55514,1047,4.0,5950.0,15.0
16975,56693,1041,2.0,700.0,15.0
1569,50613,1056,3.0,1230.0,0.0
17010,56710,1031,1.0,9170.0,15.0
1856,50725,1037,2.0,2640.0,0.0
129,50055,1041,1.0,700.0,20.0
556,50220,1063,2.0,1660.0,5.0
10076,53973,1052,1.0,6950.0,5.0
5642,52231,1004,4.0,9380.0,0.0
7949,53131,1055,1.0,1380.0,0.0
9741,53841,1012,1.0,6600.0,0.0
4657,51841,1053,1.0,3470.0,5.0
10772,54235,1065,1.0,7400.0,25.0
2682,51057,1070,2.0,2320.0,0.0
13612,55363,1023,1.0,4290.0,5.0
4200,51658,1072,1.0,4390.0,15.0
9292,53660,1066,1.0,3610.0,15.0
8579,53381,1034,1.0,10530.0,0.0
18661,57367,1071,3.0,1670.0,10.0
3481,51374,1023,1.0,4290.0,0.0
7837,53085,1044,2.0,3230.0,25.0
1195,50467,1032,2.0,1990.0,15.0
10812,54250,1059,2.0,4580.0,5.0
9382,53694,1040,1.0,3060.0,5.0
3712,51466,1003,1.0,2040.0,0.0
8471,53335,1044,2.0,3230.0,5.0
5146,52039,1030,1.0,4290.0,15.0
19531,57722,1059,1.0,,25.0
7221,52843,1019,1.0,4560.0,0.0
6370,52511,1060,1.0,5950.0,10.0
12005,54721,1005,1.0,5510.0,0.0
17160,56766,1074,1.0,1880.0,0.0
17357,56841,1053,3.0,3470.0,0.0
2618,51032,1001,,6530.0,5.0
1128,50443,1073,2.0,6680.0,5.0
3833,51514,1003,1.0,2040.0,15.0
7922,53120,1073,2.0,6680.0,5.0
13815,55445,1024,1.0,9110.0,20.0
3435,51356,1014,1.0,2270.0,10.0
4716,51865,1039,1.0,8680.0,0.0
4865,51927,1020,4.0,720.0,0.0
1878,50734,1049,1.0,2810.0,5.0
13194,55195,1039,2.0,8680.0,0.0
17991,57088,1075,2.0,2140.0,10.0
1477,50579,1035,1.0,6470.0,10.0
6323,52492,1073,2.0,6680.0,0.0
7389,52900,1030,2.0,4290.0,10.0
3205,51266,1072,1.0,4390.0,10.0
7333,52883,1071,2.0,1670.0,15.0
329,50133,1036,1.0,6710.0,10.0
2295,50899,1062,1.0,,5.0
707,50274,1067,4.0,4370.0,5.0
16639,56570,1009,1.0,6030.0,0.0
3715,51467,1021,1.0,5530.0,10.0
14180,55590,1032,2.0,1990.0,0.0
864,50342,1042,2.0,590.0,5.0
8700,53427,1034,1.0,10530.0,10.0
16668,56580,1011,1.0,4590.0,0.0
250,50100,1049,2.0,2810.0,10.0
19729,57802,1016,2.0,3350.0,5.0
16428,56480,1040,2.0,3060.0,10.0
19156,57573,1072,2.0,4390.0,0.0
19829,57847,1046,1.0,3450.0,15.0
4006,51578,1038,4.0,4270.0,10.0
16590,56549,1072,1.0,4390.0,0.0
7065,52782,1034,1.0,10530.0,0.0
5334,52113,1056,3.0,1230.0,10.0
17921,57066,1064,2.0,7500.0,0.0
4210,51663,1027,1.0,7200.0,20.0
9145,53602,1047,4.0,5950.0,0.0
10790,54242,1064,2.0,7500.0,10.0
14795,55843,1071,1.0,1670.0,0.0
15497,56123,1040,1.0,3060.0,20.0
11497,54519,1034,2.0,10530.0,5.0
5409,52142,1003,3.0,2040.0,10.0
8129,53201,1026,3.0,7010.0,5.0
6739,52649,1039,1.0,8680.0,15.0
6239,52460,1016,1.0,3350.0,10.0
11051,54343,1037,5.0,2640.0,5.0
18477,57292,1041,1.0,700.0,15.0
6623,52603,1016,1.0,3350.0,10.0
15844,56260,1005,3.0,5510.0,5.0
5128,52032,1022,1.0,3830.0,0.0
3017,51192,1018,1.0,3890.0,0.0
17967,57082,1005,2.0,5510.0,10.0
19778,57825,1061,1.0,8080.0,25.0
336,50135,1058,2.0,5550.0,0.0
9632,53798,1024,1.0,9110.0,20.0
17936,57072,1051,1.0,7060.0,0.0
14022,55526,1002,1.0,3080.0,0.0
15568,56150,1062,2.0,280.0,5.0
14164,55585,1042,1.0,590.0,10.0
18617,57346,1017,1.0,3470.0,0.0
11765,54627,1055,3.0,1380.0,5.0
13554,55341,1041,2.0,700.0,0.0
10649,54192,1005,3.0,5510.0,10.0
2819,51117,1006,3.0,4150.0,0.0
640,50249,1037,1.0,2640.0,0.0
14677,55800,1005,1.0,5510.0,0.0
3136,51238,1005,1.0,5510.0,5.0
2847,51128,1036,1.0,6710.0,0.0
18815,57435,1019,2.0,4560.0,10.0
16344,56448,1031,3.0,9170.0,20.0
8771,53454,1032,3.0,1990.0,0.0
9754,53845,1044,1.0,3230.0,20.0
15884,56274,1068,3.0,10570.0,5.0
16923,56673,1031,1.0,9170.0,0.0
7227,52846,1029,4.0,3490.0,0.0
13974,55504,1001,1.0,6530.0,0.0
20098,57961,1048,1.0,7870.0,5.0
7620,52996,1026,1.0,7010.0,10.0
10507,54139,1048,5.0,7870.0,5.0
13006,55117,1009,1.0,6030.0,0.0
8217,53238,1012,1.0,6600.0,0.0
19585,57745,1020,2.0,720.0,25.0
14271,55631,1029,2.0,,5.0
11490,54516,1057,2.0,2370.0,15.0
3674,51452,1063,1.0,1660.0,0.0
17764,57003,1042,1.0,590.0,0.0
4956,51963,1070,2.0,2320.0,0.0
18478,57292,1059,4.0,4580.0,5.0
6129,52418,1051,3.0,7060.0,10.0
13234,55213,1054,4.0,1830.0,10.0
8338,53283,1042,2.0,590.0,5.0
19650,57771,1040,1.0,3060.0,10.0
11906,54680,1058,1.0,5550.0,0.0
19288,57624,1037,2.0,2640.0,5.0
2744,51084,1047,1.0,5950.0,5.0
13125,55166,1044,2.0,3230.0,10.0
15773,56233,1071,2.0,1670.0,0.0
15995,56318,1047,2.0,5950.0,20.0
2703,51066,1048,2.0,7870.0,10.0
14908,55887,1024,1.0,9110.0,20.0
12795,55037,1075,1.0,2140.0,0.0
19620,57758,1065,5.0,7400.0,0.0
12002,54720,1010,1.0,8870.0,20.0
12438,54897,1053,1.0,3470.0,0.0
16888,56661,1047,2.0,5950.0,0.0
3791,51495,1041,1.0,700.0,5.0
13522,55329,1023,4.0,4290.0,0.0
11418,54488,1009,1.0,6030.0,15.0
13320,55246,1005,3.0,5510.0,0.0
11578,54552,1042,3.0,590.0,0.0
8814,53472,1036,1.0,6710.0,10.0
16797,56626,1020,2.0,720.0,0.0
17358,56841,1031,1.0,9170.0,5.0
2047,50796,1009,1.0,6030.0,25.0
8516,53353,1006,2.0,4150.0,0.0
4848,51920,1075,3.0,2140.0,5.0
8372,53294,1010,1.0,8870.0,5.0
6140,52422,1061,4.0,8080.0,20.0
17490,56896,1026,5.0,7010.0,10.0
313,50126,1062,3.0,280.0,
8438,53322,1060,1.0,5950.0,20.0
4310,51706,1015,1.0,3850.0,15.0
2054,50800,1048,,7870.0,0.0
2696,51063,1003,1.0,2040.0,10.0
14389,55682,1012,3.0,6600.0,0.0
3925,51548,1010,3.0,8870.0,10.0
8485,53341,1048,1.0,7870.0,5.0
2571,51012,1051,2.0,7060.0,5.0
884,50350,1075,1.0,2140.0,5.0
18299,57220,1062,2.0,280.0,15.0
628,50245,1001,1.0,6530.0,10.0
13290,55233,1075,1.0,2140.0,20.0
7178,52828,1061,1.0,8080.0,10.0
13045,55136,1048,1.0,7870.0,20.0
4088,51612,1014,1.0,2270.0,10.0
11309,54447,1035,1.0,6470.0,5.0
16606,56554,1033,1.0,2910.0,0.0
11914,54683,1060,3.0,5950.0,25.0
8410,53310,1008,1.0,6630.0,0.0
16104,56358,1074,1.0,1880.0,10.0
3962,51561,1021,1.0,5530.0,0.0
7172,52826,1050,5.0,7140.0,0.0
17864,57045,1068,1.0,10570.0,0.0
20083,57955,1024,1.0,9110.0,0.0
2199,50858,1021,1.0,5530.0,0.0
12985,55109,1050,1.0,7140.0,0.0
11815,54647,1060,4.0,5950.0,0.0
10999,54322,1024,4.0,9110.0,10.0
20048,57940,1041,1.0,700.0,0.0
4806,51900,1041,1.0,700.0,0.0
2654,51047,1069,1.0,4090.0,5.0
10877,54273,1034,2.0,10530.0,10.0
8837,53482,1050,2.0,7140.0,0.0
1754,50685,1067,3.0,4370.0,10.0
7623,52997,1013,2.0,220.0,15.0
16133,56369,1063,2.0,1660.0,10.0
19105,57552,1069,3.0,4090.0,25.0
11629,54570,1069,1.0,4090.0,10.0
12852,55059,1070,3.0,2320.0,0.0
15221,56015,1001,1.0,6530.0,15.0
2377,50934,1040,,3060.0,0.0
3744,51476,1036,2.0,6710.0,0.0
7064,52782,1059,2.0,4580.0,20.0
10668,54200,1036,1.0,6710.0,0.0
4354,51724,1030,4.0,4290.0,0.0
19216,57594,1031,3.0,,0.0
6746,52652,1067,5.0,4370.0,5.0
16506,56514,1031,1.0,9170.0,15.0
6913,52718,1049,1.0,2810.0,0.0
18023,57104,1035,1.0,6470.0,0.0
15391,56077,1045,1.0,8330.0,0.0
693,50268,1016,2.0,3350.0,5.0
14984,55921,1075,3.0,2140.0,10.0
11799,54639,1003,1.0,,5.0
4674,51847,1067,2.0,4370.0,0.0
623,50243,1019,1.0,4560.0,25.0
14373,55677,1065,1.0,7400.0,5.0
18324,57229,1071,1.0,1670.0,20.0
7723,53041,1023,1.0,4290.0,0.0
16587,56549,1047,2.0,5950.0,0.0
1936,50757,1060,2.0,5950.0,20.0
6953,52735,1041,2.0,700.0,10.0
10763,54233,1018,4.0,3890.0,0.0
19516,57717,1045,3.0,8330.0,15.0
17920,57066,1048,1.0,7870.0,5.0
12784,55032,1017,2.0,3470.0,5.0
19556,57732,1027,1.0,7200.0,5.0
12321,54852,1042,1.0,590.0,0.0
14367,55676,1059,1.0,4580.0,0.0
10162,54007,1057,1.0,2370.0,10.0
12397,54884,1041,1.0,700.0,5.0
4081,51610,1066,1.0,3610.0,10.0
1579,50618,1029,1.0,3490.0,10.0
12093,54756,1042,1.0,590.0,0.0
1871,50730,1017,2.0,3470.0,5.0
16768,56616,1004,2.0,9380.0,10.0
10481,54127,1040,3.0,3060.0,10.0
5712,52257,1035,1.0,6470.0,10.0
11913,54682,1053,1.0,3470.0,0.0
18268,57210,1039,3.0,8680.0,0.0
7765,53056,1011,1.0,4590.0,0.0
4339,51718,1012,1.0,6600.0,10.0
2206,50862,1018,1.0,3890.0,5.0
18112,57141,1073,1.0,6680.0,10.0
19460,57694,1003,1.0,2040.0,5.0
7539,52964,1057,3.0,2370.0,5.0
10629,54185,1072,1.0,4390.0,0.0
7734,53045,1043,2.0,4500.0,10.0
2400,50943,1007,1.0,1100.0,0.0
9682,53818,1065,1.0,7400.0,15.0
10839,54259,1005,1.0,5510.0,15.0
9460,53730,1052,2.0,6950.0,0.0
4187,51653,1031,1.0,9170.0,15.0
7259,52857,1053,1.0,3470.0,15.0
15971,56306,1005,3.0,5510.0,0.0
7887,53105,1028,1.0,4510.0,25.0
16582,56547,1072,4.0,4390.0,0.0
18987,57504,1027,1.0,7200.0,0.0
18624,57350,1056,1.0,1230.0,5.0
14789,55841,1016,1.0,3350.0,10.0
19428,57683,1019,1.0,4560.0,5.0
4073,51605,1011,2.0,4590.0,0.0
9769,53851,1023,3.0,4290.0,10.0
12340,54859,1059,1.0,4580.0,0.0
16600,56552,1065,,7400.0,0.0
17016,56712,1012,1.0,6600.0,15.0
15082,55959,1042,3.0,590.0,5.0
13162,55181,1041,1.0,700.0,5.0
4207,51660,1058,1.0,5550.0,10.0
18205,57184,1051,1.0,7060.0,5.0
19683,57783,1014,1.0,2270.0,5.0
8896,53505,1042,1.0,590.0,0.0
7790,53067,1055,1.0,1380.0,20.0
20030,57931,1038,1.0,4270.0,0.0
7492,52940,1062,1.0,280.0,0.0
17924,57067,1011,4.0,4590.0,0.0
14364,55674,1042,1.0,590.0,15.0
850,50335,1017,1.0,3470.0,5.0
15711,56211,1053,2.0,3470.0,0.0
961,50380,1029,2.0,3490.0,0.0
17670,56968,1001,3.0,6530.0,20.0
14122,55566,1021,1.0,5530.0,10.0
14617,55776,1059,2.0,4580.0,0.0
10439,54108,1037,3.0,2640.0,20.0
18144,57156,1010,4.0,8870.0,0.0
19410,57673,1024,1.0,9110.0,0.0
2566,51009,1004,2.0,9380.0,15.0
12747,55017,1058,4.0,5550.0,0.0
10436,54108,1026,4.0,7010.0,5.0
2141,50834,1007,4.0,1100.0,0.0
15935,56293,1022,2.0,3830.0,15.0
7964,53139,1018,3.0,3890.0,25.0
7151,52819,1074,2.0,1880.0,0.0
305,50123,1046,4.0,3450.0,10.0
10149,54003,1013,,220.0,15.0
358,50142,1007,1.0,1100.0,5.0
18903,57469,1029,1.0,3490.0,20.0
10280,54048,1026,2.0,7010.0,20.0
8569,53377,1035,1.0,6470.0,0.0
1829,50715,1074,2.0,1880.0,20.0
13443,55292,1063,1.0,1660.0,10.0
15782,56236,1057,2.0,2370.0,0.0
14222,55612,1007,2.0,1100.0,20.0
1674,50655,1042,2.0,590.0,5.0
16779,56621,1065,1.0,7400.0,0.0
1146,50451,1032,2.0,1990.0,5.0
14429,55698,1003,1.0,2040.0,10.0
17779,57010,1065,1.0,7400.0,10.0
8143,53205,1034,3.0,10530.0,0.0
1137,50448,1073,2.0,6680.0,5.0
1630,50637,1002,3.0,3080.0,15.0
1474,50578,1055,1.0,1380.0,10.0
4454,51762,1008,3.0,6630.0,0.0
10988,54317,1047,3.0,5950.0,0.0
17880,57049,1039,2.0,8680.0,10.0
2949,51165,1014,4.0,2270.0,25.0
4640,51834,1052,1.0,6950.0,15.0
7281,52864,1051,2.0,7060.0,15.0
12059,54741,1044,1.0,3230.0,0.0
586,50230,1026,1.0,7010.0,0.0
8565,53376,1014,3.0,2270.0,0.0
7385,52899,1074,2.0,1880.0,25.0
14113,55564,1026,1.0,7010.0,10.0
7070,52784,1066,1.0,3610.0,10.0
14690,55806,1029,4.0,3490.0,0.0
18441,57277,1007,1.0,1100.0,5.0
6589,52592,1051,2.0,7060.0,10.0
14169,55587,1032,1.0,1990.0,0.0
14324,55655,1008,1.0,6630.0,15.0
8257,53251,1006,1.0,4150.0,0.0
9313,53668,1032,1.0,1990.0,10.0
9233,53636,1039,1.0,,25.0
19144,57568,1058,1.0,5550.0,0.0
18507,57303,1018,3.0,3890.0,5.0
11604,54561,1006,1.0,4150.0,0.0
11758,54623,1012,1.0,6600.0,5.0
5965,52354,1006,1.0,4150.0,5.0
10417,54099,1059,1.0,4580.0,5.0
11092,54360,1056,1.0,1230.0,15.0
20099,57962,1054,1.0,1830.0,0.0
2961,51170,1051,1.0,7060.0,0.0
18795,57426,1049,2.0,,5.0
4704,51861,1030,2.0,4290.0,25.0
4604,51820,1008,3.0,6630.0,0.0
2208,50863,1038,1.0,4270.0,0.0
9240,53640,1008,1.0,6630.0,5.0
8121,53199,1019,1.0,4560.0,0.0
3821,51509,1050,2.0,7140.0,0.0
9502,53746,1046,3.0,3450.0,10.0
3647,51442,1038,2.0,4270.0,0.0
15567,56149,1038,3.0,4270.0,5.0
12301,54843,1020,2.0,720.0,25.0
9526,53755,1012,2.0,6600.0,0.0
14375,55678,1020,3.0,720.0,10.0
8926,53516,1046,3.0,3450.0,0.0
9317,53669,1075,1.0,2140.0,10.0
3622,51428,1008,4.0,6630.0,10.0
12730,55011,1055,2.0,1380.0,5.0
12403,54886,1068,2.0,10570.0,20.0
1006,50397,1020,2.0,720.0,0.0
13414,55280,1061,2.0,8080.0,5.0
10395,54091,1065,1.0,7400.0,5.0
14978,55919,1011,1.0,4590.0,0.0
19724,57801,1010,3.0,8870.0,10.0
369,50146,1015,2.0,3850.0,25.0
12987,55109,1059,5.0,4580.0,0.0
12831,55052,1064,1.0,7500.0,10.0
3102,51226,1040,1.0,3060.0,0.0
19687,57785,1034,5.0,10530.0,15.0
8443,53324,1065,1.0,7400.0,0.0
9704,53827,1073,1.0,6680.0,10.0
5512,52184,1014,1.0,2270.0,5.0
6255,52466,1045,1.0,8330.0,0.0
3956,51560,1066,1.0,3610.0,15.0
8661,53413,1030,1.0,4290.0,0.0
4621,51827,1023,1.0,4290.0,0.0
16767,56616,1036,1.0,6710.0,15.0
3301,51305,1036,3.0,6710.0,10.0
10352,54076,1011,1.0,4590.0,0.0
2907,51152,1071,1.0,1670.0,15.0
16098,56355,1014,2.0,2270.0,5.0
5755,52274,1023,1.0,4290.0,0.0
13307,55240,1001,2.0,6530.0,0.0
3360,51328,1030,1.0,4290.0,10.0
17265,56804,1073,1.0,6680.0,0.0
15449,56102,1020,2.0,720.0,0.0
14639,55783,1063,2.0,1660.0,5.0
4009,51579,1027,1.0,7200.0,25.0
9426,53714,1074,2.0,1880.0,10.0
8152,53209,1035,1.0,6470.0,0.0
13350,55256,1054,2.0,1830.0,25.0
13914,55480,1070,1.0,2320.0,0.0
2507,50984,1020,1.0,720.0,10.0
3766,51484,1057,1.0,2370.0,0.0
10223,54029,1029,1.0,3490.0,5.0
3584,51414,1020,1.0,720.0,0.0
4599,51818,1044,1.0,3230.0,0.0
14933,55897,1044,2.0,3230.0,0.0
17385,56852,1025,1.0,4730.0,10.0
5326,52110,1004,1.0,9380.0,10.0
3997,51576,1037,3.0,2640.0,5.0
7905,53113,1012,4.0,6600.0,0.0
14606,55771,1049,2.0,2810.0,5.0
16652,56575,1038,1.0,4270.0,15.0
9675,53816,1028,1.0,4510.0,0.0
4543,51796,1022,1.0,3830.0,10.0
12794,55036,1049,1.0,2810.0,0.0
5501,52181,1074,4.0,1880.0,0.0
3032,51198,1057,2.0,2370.0,5.0
12926,55086,1036,1.0,6710.0,10.0
15888,56275,1049,2.0,2810.0,0.0
5691,52251,1013,4.0,220.0,15.0
1707,50665,1004,1.0,9380.0,20.0
827,50325,1060,1.0,5950.0,0.0
6580,52589,1068,2.0,10570.0,5.0
379,50150,1020,2.0,720.0,0.0
13174,55188,1007,1.0,1100.0,0.0
3559,51405,1003,4.0,2040.0,15.0
722,50280,1055,3.0,1380.0,0.0
12518,54928,1057,1.0,2370.0,0.0
2575,51013,1028,1.0,4510.0,20.0
1925,50752,1021,1.0,5530.0,10.0
17763,57003,1003,1.0,2040.0,0.0
5248,52078,1025,1.0,4730.0,15.0
15373,56067,1064,1.0,7500.0,0.0
17667,56967,1058,2.0,5550.0,0.0
13733,55410,1002,4.0,3080.0,5.0
6250,52464,1025,1.0,4730.0,10.0
16950,56684,1051,3.0,7060.0,15.0
14794,55842,1054,2.0,1830.0,0.0
14287,55638,1006,2.0,4150.0,5.0
10861,54267,1067,1.0,4370.0,0.0
1430,50562,1064,1.0,7500.0,0.0
14931,55896,1014,3.0,2270.0,0.0
5864,52316,1019,1.0,4560.0,0.0
18781,57419,1074,1.0,1880.0,20.0
19796,57834,1043,1.0,4500.0,5.0
6346,52501,1074,1.0,1880.0,0.0
2670,51052,1040,1.0,3060.0,15.0
19654,57773,1058,2.0,5550.0,10.0
18305,57222,1054,2.0,1830.0,15.0
18212,57186,1063,3.0,1660.0,15.0
15376,56069,1048,2.0,7870.0,20.0
11847,54661,1014,2.0,2270.0,0.0
8558,53373,1018,2.0,3890.0,5.0
10954,54304,1050,2.0,7140.0,15.0
17422,56870,1028,3.0,4510.0,0.0
16623,56561,1071,1.0,1670.0,0.0
499,50193,1008,3.0,6630.0,0.0
13776,55430,1053,4.0,3470.0,20.0
19052,57533,1009,1.0,6030.0,5.0
12986,55109,1056,1.0,1230.0,5.0
1520,50597,1034,2.0,10530.0,0.0
3794,51496,1013,2.0,220.0,15.0
4338,51717,1004,1.0,9380.0,0.0
7784,53065,1017,1.0,3470.0,10.0
15526,56134,1022,2.0,3830.0,5.0
15804,56245,1041,1.0,700.0,0.0
9281,53656,1047,3.0,5950.0,10.0
1962,50766,1041,1.0,700.0,10.0
10754,54230,1050,1.0,7140.0,0.0
15428,56094,1019,1.0,4560.0,10.0
15288,56038,1069,1.0,4090.0,0.0
6151,52427,1024,4.0,9110.0,0.0
10416,54098,1068,1.0,10570.0,0.0
771,50301,1025,1.0,4730.0,0.0
15652,56185,1001,1.0,6530.0,20.0
5422,52149,1059,1.0,4580.0,0.0
2750,51086,1018,1.0,3890.0,0.0
5324,52109,1039,2.0,8680.0,10.0
14365,55675,1038,1.0,4270.0,0.0
9975,53932,1053,1.0,3470.0,0.0
19907,57879,1046,1.0,3450.0,0.0
18252,57202,1051,1.0,7060.0,10.0
7886,53105,1031,1.0,9170.0,5.0
6678,52623,1036,2.0,6710.0,0.0
16693,56588,1039,2.0,8680.0,20.0
10774,54237,1068,3.0,10570.0,0.0
139,50059,1075,1.0,2140.0,0.0
19823,57843,1065,,7400.0,0.0
1206,50474,1038,1.0,4270.0,15.0
12532,54933,1062,1.0,280.0,10.0
7269,52860,1059,1.0,4580.0,25.0
10301,54055,1039,2.0,8680.0,0.0
17946,57076,1004,2.0,9380.0,0.0
16886,56660,1074,1.0,1880.0,0.0
8301,53268,1034,1.0,10530.0,0.0
13029,55129,1008,2.0,6630.0,20.0
14976,55919,1015,4.0,3850.0,5.0
6401,52522,1051,2.0,7060.0,0.0
17529,56910,1033,1.0,2910.0,5.0
12527,54931,1021,1.0,5530.0,0.0
1814,50707,1046,1.0,3450.0,25.0
13080,55149,1065,1.0,7400.0,10.0
3069,51212,1056,2.0,1230.0,0.0
10022,53953,1012,5.0,6600.0,10.0
15870,56269,1001,2.0,6530.0,20.0
96,50040,1059,,4580.0,0.0
2142,50834,1033,1.0,2910.0,0.0
12105,54761,1056,3.0,1230.0,10.0
8154,53210,1047,1.0,5950.0,25.0
9678,53817,1068,2.0,10570.0,0.0
5219,52067,1001,3.0,6530.0,5.0
7153,52820,1064,2.0,7500.0,10.0
5827,52303,1031,1.0,9170.0,5.0
20151,57982,1038,1.0,4270.0,0.0
17088,56740,1059,1.0,4580.0,5.0
15783,56236,1007,1.0,1100.0,5.0
16687,56586,1070,1.0,2320.0,10.0
18794,57425,1014,1.0,2270.0,0.0
3143,51240,1043,2.0,4500.0,5.0
7138,52813,1048,2.0,7870.0,10.0
7500,52943,1008,4.0,6630.0,15.0
3437,51357,1031,2.0,9170.0,0.0
15089,55961,1049,2.0,2810.0,5.0
9372,53691,1064,1.0,7500.0,5.0
16815,56633,1029,4.0,3490.0,5.0
11952,54698,1061,1.0,8080.0,5.0
1143,50450,1053,3.0,3470.0,20.0
6344,52500,1033,3.0,2910.0,5.0
9670,53815,1042,1.0,590.0,0.0
9839,53878,1019,2.0,4560.0,0.0
5289,52094,1002,1.0,3080.0,25.0
6268,52470,1062,2.0,280.0,0.0
1135,50447,1047,2.0,5950.0,20.0
1407,50553,1006,1.0,4150.0,20.0
11090,54358,1067,1.0,4370.0,10.0
10994,54319,1034,2.0,10530.0,20.0
19414,57675,1040,2.0,3060.0,10.0
6961,52739,1019,1.0,4560.0,25.0
8751,53447,1063,2.0,1660.0,10.0
19193,57587,1069,1.0,4090.0,0.0
12902,55077,1006,1.0,4150.0,10.0
3072,51214,1072,1.0,4390.0,15.0
10992,54319,1070,1.0,2320.0,5.0
15001,55928,1063,1.0,1660.0,5.0
625,50244,1042,4.0,590.0,0.0
17236,56794,1017,3.0,3470.0,25.0
5310,52102,1008,2.0,6630.0,0.0
18439,57277,1046,1.0,3450.0,5.0
8026,53163,1047,1.0,5950.0,20.0
18817,57436,1048,2.0,7870.0,10.0
9243,53641,1038,1.0,4270.0,20.0
16412,56472,1036,1.0,6710.0,0.0
16723,56599,1047,1.0,5950.0,5.0
15920,56289,1034,1.0,10530.0,0.0
8703,53428,1065,2.0,7400.0,15.0
17183,56774,1053,1.0,3470.0,0.0
5825,52302,1015,2.0,3850.0,0.0
13492,55316,1034,2.0,10530.0,0.0
18483,57295,1068,1.0,10570.0,20.0
11274,54433,1053,1.0,3470.0,20.0
8916,53512,1065,3.0,7400.0,10.0
3952,51559,1047,1.0,5950.0,0.0
14502,55731,1018,2.0,3890.0,5.0
8047,53170,1012,2.0,6600.0,5.0
13780,55431,1027,2.0,7200.0,0.0
1120,50440,1012,1.0,6600.0,25.0
19023,57522,1029,1.0,3490.0,0.0
8079,53183,1035,1.0,6470.0,5.0
7646,53006,1058,2.0,5550.0,5.0
10067,53969,1007,1.0,1100.0,0.0
13057,55141,1057,1.0,2370.0,15.0
4011,51581,1024,1.0,9110.0,5.0
8671,53416,1045,2.0,8330.0,10.0
10946,54301,1029,1.0,3490.0,15.0
7479,52935,1026,2.0,7010.0,0.0
4588,51813,1044,1.0,3230.0,25.0
6270,52470,1039,1.0,8680.0,10.0
3135,51238,1074,2.0,1880.0,0.0
3834,51514,1010,1.0,8870.0,10.0
10657,54196,1036,1.0,6710.0,0.0
12634,54976,1002,1.0,3080.0,0.0
11484,54513,1028,1.0,4510.0,0.0
14374,55678,1029,2.0,3490.0,0.0
11235,54420,1067,1.0,4370.0,10.0
14351,55667,1066,3.0,3610.0,0.0
4727,51869,1011,2.0,4590.0,0.0
13460,55301,1074,1.0,1880.0,10.0
4941,51958,1056,1.0,1230.0,5.0
17292,56815,1074,3.0,1880.0,5.0
306,50123,1064,1.0,7500.0,10.0
19195,57587,1034,1.0,10530.0,15.0
322,50130,1012,1.0,6600.0,0.0
19016,57516,1003,,2040.0,10.0
7909,53116,1011,1.0,4590.0,10.0
7006,52755,1061,2.0,8080.0,0.0
782,50307,1074,3.0,1880.0,25.0
13685,55392,1047,1.0,5950.0,5.0
714,50277,1003,1.0,2040.0,15.0
4075,51606,1054,1.0,1830.0,
5298,52097,1037,2.0,2640.0,0.0
10743,54226,1064,1.0,7500.0,5.0
19900,57875,1030,1.0,4290.0,0.0
18110,57141,1024,1.0,9110.0,20.0
2874,51139,1064,5.0,7500.0,
4713,51864,1011,1.0,4590.0,5.0
4803,51899,1066,1.0,3610.0,0.0
19174,57580,1008,2.0,6630.0,15.0
14581,55761,1016,1.0,3350.0,5.0
19382,57664,1052,3.0,6950.0,5.0
7491,52940,1059,3.0,4580.0,10.0
8709,53431,1061,2.0,8080.0,0.0
2358,50925,1003,2.0,2040.0,5.0
5320,52106,1036,1.0,6710.0,10.0
13151,55177,1061,4.0,8080.0,15.0
4650,51838,1062,1.0,280.0,0.0
3835,51514,1036,3.0,6710.0,0.0
16836,56641,1051,1.0,7060.0,0.0
13266,55224,1074,1.0,1880.0,0.0
696,50270,1072,1.0,4390.0,0.0
6928,52725,1022,1.0,3830.0,0.0
7300,52872,1005,1.0,5510.0,5.0
19853,57856,1057,1.0,2370.0,0.0
2217,50867,1052,2.0,6950.0,0.0
237,50095,1007,1.0,1100.0,0.0
13010,55118,1035,2.0,6470.0,5.0
3655,51445,1014,3.0,2270.0,15.0
8673,53417,1063,2.0,1660.0,0.0
5339,52115,1024,1.0,9110.0,15.0
8988,53541,1013,1.0,220.0,0.0
10244,54036,1013,1.0,220.0,0.0
1900,50743,1030,1.0,4290.0,10.0
12533,54934,1061,3.0,8080.0,0.0
12159,54786,1060,1.0,5950.0,0.0
9189,53616,1055,1.0,1380.0,0.0
4106,51622,1016,3.0,3350.0,5.0
10610,54176,1070,3.0,2320.0,0.0
15808,56246,1072,2.0,4390.0,0.0
1180,50462,1071,1.0,1670.0,0.0
11646,54577,1036,2.0,6710.0,15.0
8161,53214,1004,1.0,9380.0,5.0
1738,50678,1009,1.0,6030.0,5.0
11131,54375,1019,1.0,4560.0,15.0
16640,56570,1008,2.0,6630.0,0.0
15138,55983,1030,4.0,4290.0,15.0
5338,52114,1032,1.0,1990.0,5.0
20126,57974,1041,1.0,700.0,5.0
3993,51574,1002,1.0,3080.0,10.0
8635,53402,1064,,7500.0,0.0
17176,56772,1045,1.0,8330.0,0.0
4283,51695,1039,1.0,8680.0,10.0
2508,50984,1013,1.0,220.0,0.0
9723,53835,1005,1.0,5510.0,10.0
13392,55269,1058,1.0,5550.0,0.0
15261,56029,1045,1.0,8330.0,0.0
5626,52226,1020,1.0,720.0,10.0
9231,53635,1010,2.0,8870.0,0.0
15675,56194,1074,2.0,1880.0,0.0
8559,53373,1025,2.0,4730.0,0.0
9268,53652,1034,1.0,10530.0,0.0
5486,52173,1052,1.0,6950.0,10.0
14343,55662,1007,1.0,1100.0,0.0
9543,53762,1057,1.0,2370.0,
3309,51307,1024,1.0,9110.0,15.0
14413,55694,1054,1.0,1830.0,10.0
18675,57373,1009,1.0,6030.0,15.0
16925,56674,1028,3.0,4510.0,0.0
17781,57011,1027,1.0,7200.0,0.0
17968,57082,1073,1.0,6680.0,0.0
512,50198,1009,2.0,6030.0,0.0
9696,53823,1014,1.0,2270.0,10.0
1512,50594,1026,2.0,7010.0,5.0
16822,56635,1031,2.0,9170.0,20.0
7185,52830,1008,4.0,6630.0,10.0
15681,56197,1016,1.0,3350.0,0.0
7663,53013,1046,1.0,3450.0,0.0
8291,53264,1032,2.0,1990.0,25.0
168,50069,1023,2.0,4290.0,5.0
19555,57731,1012,2.0,6600.0,0.0
6813,52683,1002,1.0,3080.0,0.0
6198,52445,1033,5.0,2910.0,15.0
7346,52887,1073,1.0,6680.0,0.0
3018,51193,1053,1.0,3470.0,0.0
16538,56528,1021,1.0,5530.0,0.0
863,50341,1060,1.0,5950.0,10.0
12560,54944,1026,2.0,7010.0,5.0
7738,53046,1032,1.0,1990.0,15.0
11898,54678,1013,1.0,220.0,10.0
14955,55910,1006,1.0,4150.0,10.0
3517,51387,1057,1.0,2370.0,0.0
15250,56024,1016,1.0,3350.0,10.0
18028,57106,1035,1.0,6470.0,5.0
5563,52201,1048,1.0,7870.0,20.0
5309,52101,1062,1.0,280.0,0.0
337,50136,1073,1.0,6680.0,15.0
15482,56115,1002,4.0,3080.0,0.0
1020,50403,1032,3.0,1990.0,15.0
3764,51484,1054,3.0,,0.0
5951,52347,1005,1.0,5510.0,0.0
13329,55248,1028,3.0,4510.0,10.0
11674,54587,1038,3.0,4270.0,5.0
13906,55478,1046,1.0,3450.0,0.0
16435,56482,1074,1.0,1880.0,10.0
14768,55834,1038,2.0,4270.0,10.0
13316,55244,1062,3.0,280.0,0.0
14002,55517,1052,4.0,6950.0,5.0
8943,53523,1049,1.0,2810.0,5.0
13583,55353,1034,1.0,10530.0,0.0
16580,56546,1015,2.0,3850.0,5.0
12929,55086,1022,3.0,3830.0,0.0
13802,55439,1026,1.0,7010.0,20.0
12246,54819,1057,1.0,2370.0,0.0
19415,57676,1037,1.0,2640.0,5.0
14427,55698,1007,,1100.0,0.0
2355,50924,1007,1.0,1100.0,0.0
2226,50871,1075,1.0,2140.0,0.0
18646,57358,1001,1.0,6530.0,10.0
16210,56399,1071,1.0,1670.0,10.0
7456,52927,1013,1.0,220.0,20.0
16439,56484,1002,1.0,3080.0,10.0
17204,56782,1028,2.0,4510.0,0.0
5182,52052,1046,1.0,3450.0,0.0
7768,53057,1024,1.0,9110.0,0.0
2687,51059,1007,2.0,1100.0,5.0
19657,57774,1020,1.0,720.0,0.0
3818,51507,1011,4.0,4590.0,
18799,57428,1033,1.0,2910.0,0.0
14004,55517,1003,3.0,2040.0,0.0
15014,55935,1007,1.0,1100.0,20.0
14678,55800,1063,1.0,1660.0,0.0
11895,54677,1041,1.0,700.0,0.0
2695,51063,1013,1.0,220.0,0.0
11589,54556,1052,2.0,6950.0,15.0
13107,55159,1009,1.0,6030.0,25.0
5463,52164,1017,1.0,3470.0,5.0
7842,53087,1003,1.0,2040.0,15.0
1352,50532,1024,1.0,9110.0,0.0
7564,52973,1044,2.0,3230.0,15.0
9660,53811,1058,1.0,5550.0,15.0
11045,54341,1049,2.0,2810.0,0.0
12137,54777,1014,1.0,2270.0,25.0
7126,52807,1064,,7500.0,10.0
7862,53094,1073,1.0,6680.0,0.0
16347,56449,1062,,280.0,5.0
20045,57939,1044,1.0,3230.0,15.0
3062,51209,1035,1.0,6470.0,0.0
12239,54816,1064,1.0,7500.0,0.0
14804,55847,1020,,720.0,0.0
11576,54551,1065,3.0,7400.0,25.0
13560,55344,1074,2.0,1880.0,5.0
9414,53710,1043,1.0,4500.0,0.0
12289,54837,1037,2.0,2640.0,10.0
18996,57508,1065,1.0,7400.0,15.0
11344,54462,1017,3.0,3470.0,20.0
16021,56328,1027,3.0,7200.0,15.0
5022,51991,1027,1.0,7200.0,10.0
19131,57564,1049,3.0,2810.0,0.0
12522,54930,1038,1.0,4270.0,10.0
13879,55467,1013,1.0,220.0,0.0
9742,53841,1062,3.0,280.0,0.0
4753,51879,1008,1.0,6630.0,0.0
15754,56226,1058,1.0,5550.0,20.0
4908,51943,1022,2.0,3830.0,5.0
7148,52817,1031,3.0,9170.0,10.0
15386,56074,1030,2.0,4290.0,0.0
6317,52490,1046,2.0,3450.0,10.0
5390,52133,1052,2.0,6950.0,10.0
19917,57882,1070,1.0,2320.0,0.0
8250,53249,1040,1.0,3060.0,10.0
16963,56690,1058,,5550.0,15.0
9753,53845,1027,1.0,7200.0,0.0
2872,51137,1017,1.0,3470.0,0.0
5059,52005,1038,1.0,4270.0,10.0
11308,54447,1053,4.0,3470.0,
9838,53878,1033,2.0,2910.0,20.0
16338,56447,1007,1.0,1100.0,10.0
19975,57910,1022,5.0,3830.0,10.0
6138,52422,1028,2.0,4510.0,0.0
2407,50945,1034,1.0,10530.0,25.0
10590,54169,1001,1.0,6530.0,0.0
12711,55003,1001,3.0,6530.0,20.0
5080,52013,1022,1.0,3830.0,0.0
7938,53127,1034,1.0,10530.0,5.0
13505,55322,1061,2.0,8080.0,0.0
1864,50728,1048,2.0,7870.0,0.0
5235,52074,1010,1.0,8870.0,10.0
4368,51729,1059,1.0,4580.0,10.0
13117,55163,1056,1.0,1230.0,5.0
3525,51390,1069,2.0,4090.0,10.0
10887,54278,1011,1.0,4590.0,5.0
7770,53058,1015,1.0,3850.0,10.0
11424,54492,1064,2.0,7500.0,0.0
796,50314,1032,1.0,1990.0,0.0
11521,54527,1006,2.0,4150.0,15.0
6710,52637,1042,3.0,590.0,0.0
5960,52353,1064,1.0,7500.0,0.0
7877,53100,1024,2.0,9110.0,25.0
17594,56935,1075,3.0,2140.0,0.0
11614,54564,1044,4.0,3230.0,5.0
7670,53016,1002,,3080.0,5.0
7440,52920,1070,2.0,2320.0,10.0
14086,55551,1022,2.0,3830.0,15.0
18258,57205,1073,1.0,6680.0,0.0
8487,53342,1048,2.0,7870.0,5.0
13772,55427,1053,1.0,3470.0,5.0
17129,56755,1061,1.0,8080.0,0.0
10685,54206,1070,3.0,2320.0,0.0
16012,56324,1008,1.0,6630.0,25.0
4559,51802,1041,1.0,700.0,15.0
16834,56640,1024,1.0,9110.0,0.0
8041,53168,1049,1.0,2810.0,15.0
17307,56821,1057,4.0,2370.0,0.0
14590,55766,1056,1.0,1230.0,10.0
10183,54014,1063,1.0,1660.0,0.0
16138,56371,1024,1.0,9110.0,0.0
9830,53875,1006,1.0,4150.0,0.0
1972,50770,1039,3.0,8680.0,10.0
162,50067,1071,1.0,1670.0,10.0
12376,54875,1033,5.0,2910.0,0.0
4193,51655,1036,1.0,6710.0,5.0
2149,50836,1040,1.0,3060.0,
14972,55917,1050,1.0,7140.0,15.0
20167,57991,1034,1.0,10530.0,5.0
1037,50409,1002,2.0,3080.0,0.0
14403,55690,1009,1.0,6030.0,0.0
18757,57408,1047,2.0,5950.0,15.0
11677,54589,1025,4.0,4730.0,10.0
5323,52109,1048,3.0,7870.0,0.0
18470,57290,1056,1.0,1230.0,15.0
15993,56317,1021,3.0,5530.0,25.0
2522,50990,1059,1.0,4580.0,10.0
10591,54169,1034,1.0,10530.0,10.0
2596,51023,1037,2.0,2640.0,15.0
13094,55154,1060,1.0,5950.0,10.0
10689,54207,1074,2.0,1880.0,0.0
2457,50966,1003,4.0,2040.0,0.0
11226,54416,1064,1.0,7500.0,20.0
16702,56591,1031,1.0,9170.0,5.0
11314,54448,1028,1.0,4510.0,10.0
14263,55627,1029,2.0,3490.0,10.0
18374,57249,1029,2.0,3490.0,0.0
15434,56096,1009,1.0,6030.0,0.0
16502,56512,1062,2.0,280.0,5.0
9782,53858,1028,3.0,4510.0,20.0
11643,54576,1034,2.0,10530.0,0.0
8526,53357,1052,2.0,6950.0,20.0
8670,53416,1031,4.0,9170.0,0.0
16061,56341,1067,1.0,4370.0,20.0
11818,54648,1013,2.0,220.0,25.0
10674,54201,1054,2.0,1830.0,0.0
9792,53861,1069,2.0,4090.0,0.0
8724,53437,1022,1.0,3830.0,
6927,52725,1032,2.0,1990.0,20.0
15285,56037,1056,1.0,1230.0,20.0
2777,51098,1017,2.0,3470.0,20.0
10904,54284,1002,2.0,3080.0,5.0
11681,54591,1065,2.0,7400.0,0.0
8494,53346,1044,1.0,3230.0,0.0
15051,55948,1038,1.0,4270.0,5.0
2468,50970,1041,2.0,700.0,15.0
6715,52639,1054,3.0,1830.0,20.0
19713,57797,1043,2.0,4500.0,0.0
11464,54507,1054,1.0,1830.0,0.0
9100,53584,1017,1.0,3470.0,5.0
1252,50494,1035,1.0,6470.0,5.0
16037,56334,1068,1.0,10570.0,0.0
9159,53606,1055,1.0,1380.0,20.0
13672,55384,1019,1.0,4560.0,0.0
10576,54165,1009,1.0,6030.0,5.0
14477,55719,1047,1.0,5950.0,10.0
11878,54670,1003,1.0,2040.0,0.0
4031,51589,1026,2.0,7010.0,0.0
6661,52618,1067,1.0,4370.0,0.0
11832,54653,1055,1.0,1380.0,5.0
14104,55560,1016,1.0,3350.0,0.0
18610,57343,1022,1.0,3830.0,0.0
8503,53349,1016,1.0,3350.0,15.0
8305,53270,1009,3.0,6030.0,0.0
11058,54345,1028,1.0,4510.0,0.0
6399,52521,1054,2.0,1830.0,0.0
11935,54690,1050,1.0,7140.0,0.0
6240,52461,1057,1.0,2370.0,0.0
17324,56827,1006,5.0,4150.0,15.0
13608,55362,1032,5.0,1990.0,0.0
14217,55609,1051,3.0,7060.0,20.0
14881,55878,1067,1.0,4370.0,0.0
15385,56074,1023,1.0,4290.0,0.0
19039,57526,1029,1.0,3490.0,10.0
5894,52328,1029,1.0,3490.0,0.0
11388,54478,1065,3.0,7400.0,15.0
6999,52754,1016,2.0,3350.0,5.0
13163,55181,1012,1.0,6600.0,0.0
9501,53746,1024,2.0,9110.0,10.0
18451,57280,1043,1.0,4500.0,5.0
18510,57304,1070,1.0,2320.0,15.0
13327,55248,1029,1.0,3490.0,0.0
4401,51739,1060,3.0,5950.0,0.0
12731,55011,1049,2.0,2810.0,0.0
10747,54228,1058,2.0,5550.0,10.0
1270,50502,1045,3.0,8330.0,0.0
6564,52580,1046,2.0,3450.0,0.0
7145,52816,1049,2.0,2810.0,0.0
6238,52460,1067,1.0,4370.0,0.0
6335,52496,1009,1.0,6030.0,15.0
17554,56920,1065,2.0,7400.0,20.0
1498,50588,1047,3.0,5950.0,10.0
8684,53422,1069,2.0,4090.0,0.0
16618,56559,1072,2.0,4390.0,0.0
13549,55339,1021,1.0,5530.0,10.0
19057,57535,1014,1.0,2270.0,5.0
8702,53427,1007,2.0,1100.0,0.0
9910,53908,1074,2.0,1880.0,5.0
7220,52842,1041,1.0,700.0,10.0
19547,57727,1043,1.0,4500.0,20.0
3335,51318,1051,2.0,7060.0,0.0
11974,54706,1022,3.0,3830.0,0.0
9431,53719,1042,1.0,590.0,20.0
1136,50447,1006,3.0,4150.0,10.0
8011,53158,1001,1.0,6530.0,20.0
19311,57635,1053,2.0,3470.0,5.0
5480,52170,1029,1.0,3490.0,5.0
8739,53442,1068,2.0,10570.0,5.0
19688,57786,1057,1.0,2370.0,0.0
15932,56292,1051,1.0,7060.0,15.0
582,50228,1020,2.0,720.0,10.0
13883,55469,1025,2.0,4730.0,5.0
11581,54553,1009,1.0,6030.0,10.0
19077,57543,1022,1.0,3830.0,0.0
12178,54794,1010,1.0,8870.0,25.0
1868,50729,1057,1.0,2370.0,0.0
5217,52066,1052,1.0,6950.0,5.0
16954,56686,1067,1.0,4370.0,5.0
164,50067,1034,2.0,10530.0,0.0
8012,53159,1040,2.0,3060.0,15.0
3591,51416,1056,2.0,1230.0,25.0
1636,50639,1006,4.0,4150.0,0.0
12669,54989,1007,2.0,1100.0,10.0
18427,57270,1045,4.0,8330.0,10.0
20150,57982,1014,2.0,2270.0,15.0
16117,56362,1075,2.0,2140.0,5.0
19350,57651,1052,1.0,6950.0,0.0
8367,53293,1007,2.0,1100.0,0.0
17741,56996,1032,4.0,1990.0,5.0
17794,57015,1048,3.0,7870.0,0.0
10061,53967,1004,2.0,9380.0,15.0
12328,54855,1053,1.0,3470.0,15.0
19597,57750,1023,2.0,4290.0,0.0
15610,56167,1029,,3490.0,0.0
17354,56840,1039,1.0,8680.0,5.0
3537,51398,1021,1.0,5530.0,5.0
17797,57017,1062,2.0,280.0,5.0
3402,51345,1051,2.0,7060.0,15.0
15408,56084,1036,2.0,6710.0,20.0
20034,57934,1014,1.0,2270.0,15.0
8783,53458,1066,2.0,3610.0,5.0
11187,54400,1074,1.0,1880.0,10.0
11427,54493,1004,2.0,9380.0,20.0
10,50004,1059,3.0,4580.0,0.0
410,50162,1011,3.0,4590.0,10.0
3340,51319,1001,1.0,6530.0,0.0
13719,55405,1052,2.0,6950.0,15.0
7547,52967,1065,2.0,7400.0,10.0
18137,57154,1039,2.0,8680.0,10.0
16016,56325,1038,1.0,4270.0,0.0
14321,55653,1052,2.0,,5.0
19055,57535,1062,1.0,280.0,5.0
17447,56880,1042,2.0,590.0,5.0
9538,53760,1062,3.0,280.0,5.0
13963,55501,1021,1.0,5530.0,5.0
16638,56570,1003,1.0,2040.0,0.0
17910,57061,1009,2.0,6030.0,25.0
6454,52539,1001,2.0,6530.0,10.0
3100,51224,1056,3.0,1230.0,0.0
12431,54895,1040,1.0,3060.0,5.0
11004,54324,1007,1.0,1100.0,0.0
9399,53703,1011,2.0,4590.0,5.0
6716,52639,1056,2.0,1230.0,0.0
13441,55291,1021,2.0,5530.0,0.0
5003,51982,1041,1.0,700.0,10.0
2935,51160,1023,1.0,4290.0,0.0
805,50317,1029,2.0,3490.0,5.0
19570,57738,1071,2.0,1670.0,15.0
17006,56709,1052,1.0,6950.0,15.0
14739,55824,1075,1.0,2140.0,5.0
6548,52573,1008,1.0,6630.0,0.0
5875,52320,1031,3.0,9170.0,5.0
13915,55481,1038,1.0,4270.0,0.0
12867,55064,1027,1.0,7200.0,0.0
4732,51871,1028,4.0,4510.0,10.0
6933,52727,1012,1.0,6600.0,0.0
18250,57200,1018,1.0,3890.0,5.0
13610,55362,1068,2.0,10570.0,15.0
9935,53917,1041,1.0,700.0,5.0
19515,57716,1019,1.0,4560.0,10.0
4965,51966,1029,1.0,3490.0,0.0
11115,54368,1006,1.0,4150.0,5.0
19243,57606,1068,2.0,10570.0,15.0
16495,56509,1043,1.0,4500.0,0.0
5185,52053,1012,2.0,6600.0,5.0
6685,52625,1039,2.0,8680.0,10.0
17892,57054,1065,1.0,7400.0,0.0
16656,56576,1004,5.0,9380.0,10.0
759,50296,1022,1.0,3830.0,20.0
4827,51911,1039,2.0,8680.0,5.0
8561,53375,1054,2.0,1830.0,0.0
10363,54079,1039,1.0,8680.0,0.0
663,50258,1065,1.0,7400.0,10.0
14181,55590,1015,1.0,,10.0
16992,56701,1019,2.0,4560.0,25.0
2574,51012,1016,3.0,3350.0,0.0
2150,50837,1032,2.0,1990.0,0.0
1318,50518,1075,1.0,2140.0,10.0
17392,56857,1040,2.0,3060.0,0.0
8664,53414,1047,2.0,5950.0,0.0
10033,53956,1074,1.0,1880.0,0.0
9615,53789,1002,3.0,3080.0,0.0
2015,50785,1050,1.0,7140.0,0.0
2904,51151,1010,1.0,8870.0,10.0
18150,57158,1019,1.0,4560.0,0.0
6812,52682,1070,1.0,2320.0,5.0
16173,56385,1001,1.0,6530.0,0.0
17694,56978,1013,1.0,220.0,0.0
11345,54462,1051,1.0,7060.0,20.0
167,50069,1018,4.0,3890.0,10.0
14098,55557,1035,3.0,6470.0,0.0
7512,52949,1005,2.0,5510.0,5.0
16812,56632,1073,2.0,6680.0,0.0
19006,57512,1028,3.0,4510.0,10.0
14935,55899,1012,2.0,6600.0,25.0
8325,53278,1043,1.0,4500.0,0.0
14136,55573,1003,1.0,2040.0,10.0
8505,53350,1019,1.0,4560.0,5.0
9333,53675,1026,1.0,7010.0,0.0
14333,55659,1059,4.0,4580.0,0.0
8527,53357,1019,1.0,4560.0,15.0
9011,53551,1050,2.0,7140.0,5.0
11482,54512,1058,1.0,5550.0,10.0
18055,57117,1060,1.0,5950.0,0.0
12573,54949,1014,2.0,2270.0,0.0
5301,52098,1035,1.0,6470.0,5.0
1641,50642,1025,2.0,,10.0
2779,51098,1075,2.0,2140.0,25.0
3865,51526,1022,1.0,3830.0,0.0
6262,52468,1044,1.0,3230.0,15.0
9156,53605,1042,1.0,590.0,0.0
1788,50697,1003,2.0,2040.0,5.0
4783,51890,1038,1.0,4270.0,10.0
18182,57174,1067,1.0,4370.0,0.0
6672,52622,1047,1.0,5950.0,5.0
6079,52397,1021,3.0,5530.0,0.0
9877,53894,1009,5.0,6030.0,10.0
4909,51943,1007,1.0,1100.0,0.0
993,50392,1021,1.0,5530.0,0.0
9022,53557,1032,4.0,1990.0,5.0
3512,51385,1074,1.0,1880.0,0.0
7121,52805,1058,5.0,5550.0,10.0
9860,53888,1068,1.0,,15.0
16324,56442,1051,1.0,7060.0,5.0
18312,57225,1050,2.0,7140.0,0.0
1777,50693,1032,3.0,1990.0,5.0
2251,50882,1032,1.0,1990.0,15.0
5406,52140,1029,1.0,3490.0,0.0
16846,56645,1007,1.0,1100.0,0.0
14445,55705,1012,2.0,6600.0,10.0
12686,54995,1051,1.0,7060.0,0.0
12517,54928,1054,3.0,1830.0,5.0
3215,51270,1032,1.0,1990.0,20.0
12630,54975,1061,3.0,8080.0,10.0
7241,52850,1004,5.0,9380.0,0.0
3713,51466,1058,1.0,5550.0,10.0
4483,51773,1056,3.0,1230.0,0.0
2486,50978,1062,1.0,280.0,0.0
2563,51008,1011,1.0,4590.0,0.0
18018,57100,1055,3.0,1380.0,0.0
1776,50693,1029,3.0,3490.0,25.0
6437,52534,1012,2.0,6600.0,5.0
17778,57010,1046,1.0,3450.0,0.0
15704,56207,1056,1.0,1230.0,10.0
15767,56230,1055,,1380.0,5.0
8555,53372,1001,4.0,6530.0,20.0
10384,54086,1068,2.0,10570.0,15.0
7952,53132,1032,1.0,1990.0,10.0
8816,53474,1065,2.0,7400.0,0.0
575,50226,1010,2.0,8870.0,0.0
11960,54700,1030,4.0,4290.0,0.0
19290,57626,1020,1.0,720.0,10.0
4469,51769,1064,1.0,7500.0,0.0
6063,52393,1049,1.0,2810.0,0.0
14149,55579,1051,1.0,7060.0,0.0
12258,54824,1062,1.0,280.0,10.0
7535,52962,1040,2.0,3060.0,10.0
5266,52084,1006,3.0,4150.0,15.0
10086,53978,1002,2.0,3080.0,0.0
11281,54436,1072,4.0,4390.0,5.0
16216,56400,1049,1.0,2810.0,
11042,54340,1040,1.0,3060.0,10.0
13688,55393,1073,3.0,6680.0,10.0
12812,55046,1046,3.0,3450.0,0.0
9823,53873,1003,2.0,2040.0,0.0
10996,54321,1013,1.0,220.0,0.0
14316,55651,1011,2.0,4590.0,5.0
97,50040,1049,1.0,2810.0,0.0
737,50286,1020,3.0,720.0,0.0
5560,52200,1034,2.0,10530.0,5.0
1986,50776,1051,2.0,7060.0,0.0
9446,53725,1026,3.0,7010.0,5.0
13533,55334,1062,2.0,280.0,0.0
3747,51478,1035,1.0,6470.0,0.0
12713,55004,1004,1.0,9380.0,20.0
1728,50674,1038,1.0,4270.0,0.0
17780,57011,1008,1.0,6630.0,0.0
9852,53885,1061,2.0,8080.0,10.0
5479,52170,1033,1.0,2910.0,5.0
20096,57960,1006,1.0,4150.0,10.0
4452,51762,1046,1.0,3450.0,15.0
12153,54783,1074,3.0,1880.0,0.0
16257,56417,1028,1.0,4510.0,0.0
6915,52720,1023,2.0,4290.0,0.0
5999,52367,1014,5.0,2270.0,10.0
18481,57294,1020,3.0,720.0,10.0
11868,54667,1032,1.0,1990.0,5.0
16565,56540,1024,1.0,9110.0,25.0
19954,57899,1023,1.0,4290.0,25.0
919,50364,1001,5.0,6530.0,15.0
8634,53401,1030,1.0,4290.0,15.0
2628,51035,1006,1.0,4150.0,0.0
11750,54620,1025,1.0,4730.0,0.0
3685,51457,1035,2.0,6470.0,0.0
12808,55044,1066,2.0,3610.0,20.0
10492,54132,1074,3.0,1880.0,0.0
9737,53840,1006,1.0,4150.0,0.0
8279,53260,1058,1.0,5550.0,25.0
12917,55083,1071,1.0,1670.0,20.0
1369,50539,1073,2.0,6680.0,0.0
5024,51992,1025,2.0,4730.0,10.0
12937,55089,1012,2.0,6600.0,10.0
13849,55457,1005,1.0,5510.0,25.0
15361,56063,1046,2.0,3450.0,20.0
9459,53730,1001,1.0,6530.0,20.0
16794,56625,1011,1.0,4590.0,0.0
13804,55440,1050,1.0,7140.0,10.0
19717,57799,1074,2.0,1880.0,20.0
975,50385,1012,2.0,6600.0,15.0
6085,52399,1044,1.0,3230.0,0.0
7059,52779,1004,1.0,9380.0,5.0
19284,57622,1067,2.0,4370.0,15.0
7524,52956,1029,2.0,3490.0,20.0
2084,50812,1050,3.0,7140.0,10.0
4935,51955,1035,2.0,6470.0,15.0
19691,57788,1060,2.0,5950.0,10.0
9990,53938,1069,2.0,4090.0,5.0
2759,51091,1018,1.0,3890.0,20.0
19676,57779,1027,1.0,7200.0,15.0
577,50227,1071,1.0,1670.0,0.0
16874,56656,1025,,4730.0,5.0
6723,52643,1037,2.0,2640.0,10.0
4250,51680,1048,3.0,,0.0
18851,57450,1059,1.0,4580.0,0.0
5646,52233,1006,1.0,4150.0,0.0
16906,56665,1060,1.0,5950.0,10.0
9987,53937,1037,2.0,2640.0,0.0
4671,51846,1062,2.0,280.0,0.0
17275,56808,1044,1.0,3230.0,0.0
19245,57607,1043,4.0,4500.0,
822,50324,1075,2.0,2140.0,0.0
1213,50477,1051,1.0,7060.0,0.0
4380,51733,1010,1.0,8870.0,10.0
15927,56291,1002,4.0,3080.0,0.0
913,50361,1019,1.0,4560.0,10.0
6692,52628,1044,4.0,3230.0,5.0
16617,56558,1025,1.0,4730.0,0.0
6286,52477,1044,1.0,3230.0,0.0
295,50119,1019,1.0,4560.0,0.0
1633,50638,1069,3.0,4090.0,25.0
11588,54556,1047,3.0,5950.0,10.0
13036,55133,1066,1.0,3610.0,15.0
15871,56270,1032,1.0,1990.0,5.0
8806,53469,1005,3.0,,10.0
19882,57869,1022,1.0,3830.0,0.0
16703,56591,1005,1.0,5510.0,10.0
11600,54560,1068,1.0,10570.0,5.0
12393,54882,1054,1.0,1830.0,25.0
8050,53172,1004,3.0,9380.0,0.0
14720,55817,1037,4.0,2640.0,0.0
3488,51377,1035,1.0,6470.0,0.0
6587,52592,1001,1.0,6530.0,5.0
11820,54649,1061,3.0,8080.0,5.0
4222,51668,1014,1.0,2270.0,0.0
3456,51365,1036,1.0,6710.0,5.0
11823,54650,1003,1.0,2040.0,5.0
12282,54834,1020,4.0,720.0,10.0
14522,55737,1031,4.0,9170.0,5.0
10643,54190,1024,5.0,9110.0,5.0
9366,53688,1031,1.0,9170.0,0.0
6635,52607,1032,4.0,,5.0
18956,57491,1028,1.0,4510.0,25.0
8821,53475,1061,1.0,8080.0,0.0
11253,54427,1015,2.0,3850.0,0.0
12650,54982,1013,1.0,220.0,0.0
19335,57646,1026,4.0,7010.0,0.0
16006,56321,1070,2.0,2320.0,15.0
1919,50750,1050,1.0,7140.0,0.0
13323,55247,1046,1.0,3450.0,0.0
1469,50576,1001,1.0,6530.0,0.0
1124,50441,1049,1.0,2810.0,15.0
18421,57268,1001,1.0,6530.0,0.0
1094,50430,1014,4.0,2270.0,0.0
9756,53847,1067,1.0,4370.0,20.0
13205,55199,1074,4.0,1880.0,0.0
3053,51207,1023,1.0,4290.0,0.0
5037,51996,1003,2.0,2040.0,20.0
12298,54842,1060,2.0,5950.0,25.0
3244,51282,1036,1.0,6710.0,0.0
3495,51379,1034,1.0,10530.0,5.0
14369,55676,1043,2.0,4500.0,0.0
9283,53657,1022,1.0,3830.0,0.0
2590,51018,1070,1.0,2320.0,15.0
15165,55992,1025,1.0,4730.0,10.0
3734,51473,1038,2.0,4270.0,0.0
8276,53258,1008,2.0,6630.0,15.0
4213,51664,1015,1.0,3850.0,10.0
3210,51268,1061,1.0,8080.0,5.0
8192,53227,1011,1.0,4590.0,0.0
15764,56229,1074,4.0,1880.0,10.0
7762,53056,1052,1.0,6950.0,10.0
18985,57504,1016,1.0,3350.0,0.0
15139,55983,1020,2.0,720.0,0.0
12547,54939,1014,1.0,2270.0,5.0
6301,52482,1028,3.0,4510.0,20.0
9473,53733,1049,1.0,2810.0,5.0
3800,51499,1020,4.0,720.0,25.0
14238,55618,1008,1.0,6630.0,0.0
6500,52556,1041,1.0,700.0,0.0
6660,52618,1047,2.0,5950.0,0.0
13425,55285,1014,1.0,2270.0,0.0
10485,54128,1016,1.0,3350.0,5.0
4305,51704,1054,1.0,1830.0,5.0
3316,51310,1005,4.0,5510.0,0.0
893,50354,1001,1.0,6530.0,5.0
4361,51726,1035,3.0,6470.0,20.0
11396,54481,1021,1.0,5530.0,0.0
3741,51476,1008,1.0,6630.0,15.0
2095,50816,1005,4.0,5510.0,0.0
10232,54033,1047,1.0,5950.0,10.0
15633,56176,1046,2.0,3450.0,5.0
15324,56051,1029,1.0,3490.0,5.0
17799,57018,1059,3.0,4580.0,0.0
3411,51347,1005,1.0,5510.0,5.0
5288,52093,1047,1.0,5950.0,5.0
13655,55379,1066,3.0,3610.0,10.0
17441,56878,1013,2.0,220.0,5.0
6888,52709,1003,1.0,2040.0,20.0
4676,51848,1039,4.0,8680.0,0.0
7048,52774,1061,1.0,8080.0,10.0
6098,52404,1010,2.0,8870.0,0.0
19372,57659,1009,2.0,6030.0,0.0
8547,53368,1024,1.0,9110.0,10.0
7592,52984,1010,2.0,8870.0,0.0
4594,51817,1035,1.0,6470.0,0.0
6622,52602,1059,3.0,4580.0,0.0
11011,54326,1049,3.0,2810.0,0.0
19170,57579,1036,1.0,6710.0,0.0
4796,51896,1026,1.0,7010.0,5.0
10090,53980,1029,1.0,3490.0,20.0
14896,55883,1018,3.0,3890.0,0.0
6314,52488,1021,3.0,5530.0,10.0
6959,52738,1003,2.0,2040.0,10.0
12593,54957,1063,2.0,1660.0,25.0
14552,55750,1018,2.0,3890.0,0.0
4807,51900,1029,5.0,3490.0,5.0
1215,50477,1032,1.0,,10.0
19474,57702,1057,1.0,2370.0,15.0
15981,56309,1003,1.0,2040.0,20.0
13944,55494,1001,4.0,6530.0,15.0
7285,52866,1007,2.0,1100.0,0.0
10317,54061,1035,1.0,6470.0,5.0
11889,54674,1004,1.0,9380.0,0.0
19807,57837,1045,1.0,,0.0
13536,55335,1008,1.0,6630.0,5.0
18842,57447,1022,3.0,3830.0,5.0
2816,51115,1045,2.0,8330.0,5.0
2118,50824,1032,1.0,1990.0,20.0
18772,57414,1036,2.0,6710.0,15.0
272,50109,1061,1.0,8080.0,0.0
14459,55711,1067,2.0,4370.0,25.0
12536,54934,1067,1.0,4370.0,5.0
4754,51879,1042,3.0,590.0,0.0
14348,55666,1007,3.0,1100.0,10.0
14457,55709,1037,3.0,2640.0,10.0
5372,52126,1022,1.0,3830.0,0.0
19609,57755,1056,2.0,1230.0,15.0
18371,57249,1046,1.0,3450.0,0.0
9091,53580,1008,2.0,6630.0,10.0
12220,54809,1061,1.0,8080.0,20.0
855,50337,1032,1.0,1990.0,20.0
9710,53829,1069,2.0,4090.0,0.0
9495,53743,1073,1.0,6680.0,0.0
19534,57723,1061,2.0,8080.0,0.0
13856,55459,1007,2.0,1100.0,0.0
8542,53365,1066,1.0,3610.0,10.0
12936,55089,1033,2.0,2910.0,15.0
6831,52689,1039,1.0,8680.0,5.0
10542,54152,1029,1.0,3490.0,10.0
16858,56649,1001,1.0,6530.0,0.0
18038,57112,1006,2.0,4150.0,0.0
14684,55803,1060,2.0,5950.0,5.0
4815,51904,1044,1.0,3230.0,5.0
2753,51086,1058,2.0,5550.0,0.0
4149,51638,1018,5.0,3890.0,10.0
12111,54763,1020,1.0,720.0,0.0
17887,57052,1067,1.0,4370.0,20.0
2533,50994,1017,1.0,,15.0
6251,52464,1061,3.0,8080.0,10.0
20063,57946,1061,1.0,8080.0,10.0
15876,56272,1067,2.0,4370.0,0.0
14475,55718,1020,1.0,720.0,15.0
10570,54163,1021,3.0,5530.0,10.0
5386,52130,1066,1.0,3610.0,10.0
17089,56740,1015,2.0,3850.0,10.0
9263,53650,1066,1.0,3610.0,5.0
4135,51631,1022,5.0,3830.0,5.0
15326,56051,1055,1.0,1380.0,0.0
8564,53375,1057,1.0,2370.0,10.0
13556,55341,1063,1.0,1660.0,10.0
5944,52345,1041,2.0,700.0,0.0
14586,55764,1036,2.0,6710.0,5.0
4660,51842,1073,3.0,6680.0,5.0
7510,52948,1052,5.0,6950.0,10.0
17908,57059,1041,1.0,700.0,0.0
16908,56666,1062,1.0,280.0,10.0
10389,54088,1020,1.0,720.0,
19351,57652,1049,3.0,2810.0,0.0
4016,51583,1036,2.0,,0.0
10957,54305,1001,1.0,6530.0,0.0
18052,57116,1010,3.0,8870.0,0.0
14886,55879,1040,2.0,3060.0,25.0
12476,54911,1063,3.0,1660.0,
1620,50634,1038,1.0,4270.0,15.0
10534,54148,1028,2.0,4510.0,10.0
868,50344,1020,1.0,720.0,0.0
2347,50921,1020,2.0,720.0,0.0
13182,55192,1004,2.0,9380.0,20.0
6149,52426,1029,1.0,3490.0,0.0
18480,57293,1047,2.0,5950.0,0.0
12810,55045,1048,1.0,7870.0,10.0
7495,52941,1055,2.0,1380.0,0.0
13314,55243,1058,1.0,5550.0,10.0
447,50174,1025,2.0,4730.0,25.0
17576,56929,1014,1.0,2270.0,0.0
19982,57914,1059,1.0,4580.0,0.0
15260,56028,1059,2.0,4580.0,0.0
9979,53933,1019,1.0,4560.0,0.0
689,50266,1012,2.0,6600.0,0.0
17388,56855,1017,1.0,3470.0,5.0
14652,55789,1030,1.0,4290.0,5.0
13417,55282,1001,1.0,6530.0,20.0
12638,54978,1054,2.0,1830.0,0.0
3039,51200,1015,1.0,3850.0,5.0
11894,54676,1021,1.0,5530.0,15.0
10063,53968,1022,3.0,3830.0,10.0
13360,55259,1057,4.0,2370.0,0.0
13982,55508,1022,3.0,3830.0,20.0
10764,54233,1029,1.0,3490.0,20.0
12511,54925,1045,5.0,8330.0,0.0
224,50090,1029,1.0,3490.0,0.0
18340,57236,1062,1.0,280.0,0.0
8209,53234,1005,1.0,5510.0,20.0
15539,56137,1006,1.0,4150.0,0.0
14977,55919,1054,1.0,1830.0,0.0
17514,56904,1052,1.0,6950.0,20.0
4902,51941,1067,1.0,4370.0,
14983,55921,1060,1.0,5950.0,0.0
16895,56662,1045,2.0,8330.0,5.0
17926,57068,1068,1.0,10570.0,
4638,51834,1027,1.0,7200.0,0.0
11690,54594,1074,,1880.0,10.0
7173,52826,1034,4.0,10530.0,0.0
4230,51671,1005,2.0,5510.0,10.0
9269,53653,1027,1.0,7200.0,15.0
18091,57133,1034,1.0,10530.0,0.0
18523,57308,1052,1.0,6950.0,10.0
13964,55501,1059,1.0,4580.0,0.0
15597,56161,1075,1.0,2140.0,0.0
6421,52529,1044,1.0,3230.0,15.0
7305,52874,1025,1.0,4730.0,20.0
2448,50962,1067,1.0,4370.0,0.0
16281,56428,1028,1.0,4510.0,20.0
10282,54049,1019,1.0,4560.0,15.0
14875,55874,1061,1.0,8080.0,0.0
9565,53770,1048,2.0,7870.0,0.0
12894,55075,1001,2.0,6530.0,15.0
354,50141,1074,1.0,1880.0,0.0
17196,56778,1060,2.0,5950.0,0.0
4874,51930,1048,2.0,7870.0,0.0
9164,53608,1014,1.0,2270.0,0.0
19908,57879,1067,2.0,4370.0,0.0
11682,54591,1067,3.0,4370.0,0.0
3098,51224,1049,1.0,2810.0,10.0
5628,52226,1037,3.0,2640.0,20.0
12886,55072,1023,1.0,4290.0,5.0
19472,57700,1064,2.0,7500.0,5.0
6039,52383,1059,2.0,4580.0,15.0
18078,57127,1011,1.0,4590.0,0.0
16197,56393,1015,1.0,3850.0,5.0
8274,53257,1063,2.0,1660.0,10.0
2927,51158,1058,4.0,5550.0,20.0
9958,53925,1042,1.0,590.0,0.0
11057,54345,1045,1.0,8330.0,5.0
6517,52562,1068,1.0,10570.0,25.0
8642,53405,1037,1.0,2640.0,0.0
10339,54069,1064,3.0,7500.0,10.0
4018,51584,1019,1.0,4560.0,0.0
200,50081,1073,1.0,6680.0,0.0
2454,50964,1047,1.0,5950.0,0.0
1509,50592,1003,1.0,2040.0,10.0
2156,50840,1025,2.0,4730.0,20.0
3868,51527,1052,1.0,6950.0,0.0
7278,52863,1060,3.0,5950.0,0.0
2873,51138,1039,1.0,8680.0,5.0
10075,53972,1014,4.0,2270.0,0.0
4792,51894,1039,1.0,8680.0,10.0
19772,57820,1018,1.0,3890.0,0.0
13142,55174,1026,5.0,7010.0,0.0
15839,56258,1041,1.0,700.0,5.0
435,50170,1025,1.0,4730.0,5.0
340,50136,1034,3.0,10530.0,0.0
10114,53987,1074,1.0,1880.0,0.0
7691,53027,1004,1.0,,0.0
6315,52489,1058,2.0,5550.0,5.0
17369,56845,1009,2.0,6030.0,5.0
5143,52037,1053,1.0,3470.0,10.0
10326,54065,1039,2.0,8680.0,0.0
6898,52713,1065,4.0,7400.0,20.0
17472,56889,1067,1.0,4370.0,5.0
803,50316,1043,3.0,4500.0,5.0
17123,56753,1003,3.0,2040.0,0.0
1315,50518,1049,4.0,2810.0,10.0
15034,55944,1051,3.0,7060.0,15.0
11105,54365,1046,1.0,3450.0,0.0
203,50082,1065,1.0,7400.0,
15765,56229,1034,2.0,10530.0,20.0
14328,55656,1020,1.0,720.0,0.0
18906,57470,1006,1.0,4150.0,15.0
19257,57612,1060,1.0,5950.0,5.0
8817,53474,1052,1.0,6950.0,20.0
9238,53639,1058,1.0,5550.0,5.0
9974,53932,1071,1.0,1670.0,0.0
19432,57684,1070,4.0,2320.0,0.0
16156,56377,1029,1.0,3490.0,10.0
6830,52689,1068,1.0,10570.0,5.0
14235,55617,1072,2.0,4390.0,0.0
8391,53303,1070,1.0,2320.0,5.0
20090,57959,1016,2.0,3350.0,25.0
6900,52714,1047,1.0,5950.0,5.0
9491,53742,1014,3.0,2270.0,0.0
17734,56993,1060,2.0,5950.0,0.0
18898,57467,1073,1.0,6680.0,0.0
6419,52528,1014,2.0,2270.0,0.0
6355,52504,1075,1.0,2140.0,0.0
18035,57111,1008,2.0,6630.0,5.0
48,50019,1027,1.0,7200.0,10.0
7470,52932,1074,3.0,1880.0,10.0
4632,51832,1062,2.0,280.0,0.0
6774,52663,1053,2.0,3470.0,5.0
11654,54580,1027,1.0,7200.0,15.0
16786,56622,1043,1.0,4500.0,5.0
9018,53556,1011,1.0,4590.0,5.0
3859,51524,1007,1.0,1100.0,5.0
5216,52066,1039,1.0,8680.0,0.0
10572,54163,1018,3.0,3890.0,5.0
4574,51808,1023,4.0,4290.0,0.0
8536,53362,1003,1.0,2040.0,15.0
18897,57467,1043,1.0,4500.0,20.0
13258,55222,1041,2.0,700.0,20.0
14156,55582,1072,4.0,4390.0,10.0
17245,56797,1009,1.0,6030.0,10.0
4195,51656,1072,2.0,4390.0,0.0
9809,53867,1022,1.0,3830.0,0.0
2018,50786,1055,2.0,1380.0,10.0
10258,54042,1042,2.0,590.0,20.0
3826,51510,1045,4.0,8330.0,10.0
17698,56979,1051,3.0,7060.0,5.0
14495,55728,1012,2.0,6600.0,20.0
7310,52876,1002,1.0,3080.0,0.0
14085,55551,1014,4.0,2270.0,5.0
3375,51334,1033,2.0,2910.0,0.0
20175,57993,1060,3.0,5950.0,20.0
13622,55366,1003,2.0,2040.0,0.0
5502,52181,1032,1.0,1990.0,10.0
1607,50626,1004,1.0,9380.0,5.0
19438,57686,1054,1.0,1830.0,25.0
16345,56449,1043,1.0,4500.0,25.0
4375,51731,1038,1.0,4270.0,20.0
2911,51153,1040,1.0,3060.0,0.0
9497,53745,1053,2.0,3470.0,20.0
2937,51161,1068,2.0,10570.0,5.0
4888,51936,1060,4.0,5950.0,0.0
2293,50899,1034,1.0,10530.0,5.0
6459,52541,1035,5.0,6470.0,10.0
13917,55482,1032,1.0,1990.0,0.0
11969,54704,1070,2.0,2320.0,5.0
5933,52341,1022,1.0,3830.0,5.0
12575,54949,1032,1.0,1990.0,0.0
12980,55106,1036,1.0,6710.0,0.0
17011,56710,1068,1.0,10570.0,5.0
8749,53447,1013,1.0,220.0,5.0
6516,52561,1045,2.0,8330.0,0.0
4129,51629,1024,1.0,9110.0,5.0
2656,51047,1066,1.0,3610.0,0.0
16049,56337,1010,3.0,8870.0,0.0
7597,52985,1005,1.0,5510.0,5.0
16540,56529,1032,2.0,1990.0,10.0
13844,55455,1047,3.0,5950.0,0.0
14307,55646,1065,2.0,7400.0,0.0
1726,50673,1067,1.0,4370.0,15.0
10688,54207,1017,1.0,3470.0,5.0
5582,52210,1041,5.0,700.0,5.0
6011,52372,1016,4.0,3350.0,20.0
9870,53892,1070,1.0,2320.0,25.0
1406,50553,1044,2.0,3230.0,10.0
6313,52488,1042,1.0,590.0,0.0
7136,52811,1011,4.0,4590.0,5.0
16910,56667,1010,2.0,8870.0,0.0
10504,54137,1007,1.0,1100.0,0.0
8156,53211,1071,1.0,1670.0,5.0
9683,53818,1038,5.0,4270.0,20.0
11555,54543,1056,2.0,1230.0,0.0
1740,50679,1045,1.0,8330.0,25.0
7984,53148,1040,3.0,3060.0,20.0
6681,52624,1013,5.0,220.0,0.0
11905,54680,1056,3.0,1230.0,15.0
17537,56913,1007,4.0,1100.0,5.0
2565,51009,1013,1.0,220.0,0.0
563,50222,1032,1.0,1990.0,10.0
7219,52842,1022,2.0,3830.0,15.0
18082,57129,1064,2.0,7500.0,5.0
5719,52260,1013,1.0,220.0,0.0
10515,54142,1001,2.0,6530.0,15.0
5482,52170,1027,1.0,7200.0,0.0
10802,54246,1012,1.0,6600.0,10.0
6867,52702,1001,1.0,6530.0,10.0
17411,56866,1042,3.0,590.0,5.0
12753,55020,1025,1.0,4730.0,0.0
9075,53575,1036,2.0,6710.0,25.0
513,50198,1062,2.0,280.0,15.0
614,50241,1003,4.0,2040.0,20.0
5598,52217,1043,2.0,4500.0,0.0
4950,51962,1057,2.0,2370.0,0.0
17302,56818,1039,1.0,8680.0,5.0
16417,56475,1064,,7500.0,0.0
1328,50523,1024,2.0,9110.0,20.0
6657,52617,1036,1.0,6710.0,25.0
3079,51217,1022,1.0,3830.0,20.0
12907,55080,1061,1.0,8080.0,0.0
11228,54417,1028,2.0,4510.0,0.0
16276,56426,1007,1.0,1100.0,0.0
13985,55509,1042,1.0,590.0,5.0
13611,55363,1035,1.0,6470.0,0.0
9440,53723,1013,2.0,220.0,25.0
18647,57359,1061,1.0,8080.0,10.0
7926,53122,1008,2.0,6630.0,15.0
7944,53130,1057,1.0,2370.0,0.0
14815,55851,1072,3.0,4390.0,25.0
5634,52229,1046,2.0,3450.0,0.0
17642,56954,1023,1.0,4290.0,20.0
18952,57489,1057,1.0,2370.0,20.0
13416,55281,1030,1.0,4290.0,5.0
12858,55061,1005,5.0,5510.0,0.0
14957,55911,1073,1.0,6680.0,0.0
8142,53205,1017,2.0,3470.0,0.0
18732,57395,1072,1.0,4390.0,20.0
16569,56542,1014,1.0,2270.0,5.0
3974,51566,1017,2.0,3470.0,5.0
18000,57093,1049,5.0,2810.0,0.0
4242,51676,1042,1.0,590.0,0.0
1566,50612,1058,1.0,5550.0,10.0
4854,51922,1074,2.0,1880.0,5.0
1169,50459,1027,4.0,7200.0,25.0
6119,52411,1046,1.0,3450.0,0.0
6488,52551,1072,2.0,4390.0,0.0
3317,51310,1061,3.0,8080.0,0.0
3319,51311,1050,3.0,7140.0,0.0
5992,52364,1006,1.0,4150.0,0.0
4154,51639,1071,4.0,1670.0,10.0
4255,51683,1053,2.0,3470.0,5.0
533,50208,1065,2.0,7400.0,0.0
15125,55978,1075,2.0,2140.0,10.0
190,50077,1033,1.0,2910.0,0.0
2461,50968,1047,1.0,5950.0,15.0
12712,55003,1064,1.0,7500.0,5.0
11059,54346,1022,3.0,3830.0,5.0
12584,54954,1068,3.0,10570.0,0.0
2245,50879,1073,4.0,6680.0,0.0
11781,54633,1029,2.0,3490.0,10.0
15328,56052,1055,2.0,1380.0,10.0
3672,51451,1061,3.0,8080.0,0.0
7544,52966,1013,2.0,220.0,0.0
10722,54218,1069,2.0,4090.0,0.0
16821,56635,1053,3.0,3470.0,10.0
16849,56646,1040,2.0,3060.0,5.0
11661,54582,1033,1.0,2910.0,0.0
5213,52065,1060,1.0,5950.0,5.0
10054,53965,1022,1.0,3830.0,20.0
4960,51965,1029,1.0,3490.0,10.0
9248,53642,1032,1.0,1990.0,25.0
8998,53545,1045,3.0,8330.0,5.0
17899,57056,1057,4.0,2370.0,15.0
2509,50985,1006,1.0,4150.0,5.0
3852,51521,1057,1.0,2370.0,5.0
16415,56473,1012,1.0,6600.0,5.0
10039,53959,1054,2.0,1830.0,10.0
3465,51369,1060,1.0,5950.0,0.0
1855,50725,1069,3.0,4090.0,0.0
8040,53168,1001,3.0,6530.0,10.0
14203,55601,1034,2.0,10530.0,20.0
14820,55853,1069,3.0,4090.0,5.0
19634,57765,1072,1.0,4390.0,15.0
2450,50962,1063,2.0,1660.0,0.0
10362,54079,1028,3.0,4510.0,5.0
12356,54866,1063,1.0,1660.0,5.0
16592,56550,1045,2.0,8330.0,0.0
1114,50438,1011,1.0,4590.0,0.0
18243,57197,1067,1.0,4370.0,5.0
5203,52062,1064,1.0,7500.0,10.0
14585,55763,1002,2.0,3080.0,0.0
14517,55736,1051,3.0,7060.0,0.0
19912,57881,1020,2.0,720.0,5.0
6535,52568,1051,1.0,7060.0,0.0
19851,57855,1045,1.0,8330.0,15.0
16322,56442,1056,2.0,1230.0,0.0
3082,51218,1069,3.0,4090.0,
13433,55288,1051,1.0,7060.0,10.0
10795,54243,1070,1.0,2320.0,0.0
17666,56967,1050,1.0,7140.0,5.0
4789,51893,1054,1.0,1830.0,0.0
11355,54465,1031,5.0,9170.0,0.0
9296,53662,1044,1.0,3230.0,0.0
12946,55093,1067,1.0,4370.0,0.0
14831,55858,1034,2.0,10530.0,0.0
8497,53348,1033,2.0,2910.0,20.0
15226,56017,1040,2.0,3060.0,10.0
10208,54022,1005,2.0,5510.0,0.0
5396,52135,1003,1.0,2040.0,20.0
19205,57591,1013,1.0,220.0,10.0
18337,57235,1019,1.0,4560.0,15.0
6839,52692,1069,3.0,4090.0,0.0
14962,55913,1050,1.0,7140.0,5.0
1076,50424,1033,3.0,2910.0,10.0
9182,53614,1031,1.0,9170.0,10.0
282,50114,1012,2.0,6600.0,0.0
4750,51878,1007,1.0,1100.0,0.0
1681,50657,1001,2.0,6530.0,0.0
3172,51253,1006,,4150.0,15.0
3641,51439,1002,2.0,3080.0,5.0
4411,51742,1027,1.0,7200.0,5.0
16456,56491,1018,1.0,3890.0,5.0
6621,52602,1008,2.0,6630.0,0.0
16184,56389,1058,2.0,5550.0,5.0
9706,53828,1050,2.0,7140.0,5.0
17312,56822,1039,1.0,8680.0,
11304,54445,1009,1.0,6030.0,0.0
3761,51483,1074,1.0,1880.0,0.0
6258,52466,1020,1.0,720.0,0.0
3103,51226,1070,1.0,2320.0,15.0
1721,50672,1074,1.0,1880.0,25.0
13949,55496,1015,1.0,3850.0,10.0
4133,51630,1064,2.0,7500.0,15.0
17521,56906,1003,2.0,2040.0,0.0
16186,56390,1075,1.0,2140.0,0.0
18411,57264,1030,1.0,4290.0,15.0
18444,57278,1006,1.0,4150.0,20.0
5051,52002,1048,2.0,7870.0,0.0
18429,57272,1007,2.0,1100.0,5.0
10079,53973,1059,1.0,4580.0,0.0
4537,51794,1034,1.0,10530.0,10.0
2152,50837,1011,1.0,4590.0,0.0
18671,57371,1017,2.0,3470.0,0.0
5264,52083,1060,2.0,5950.0,20.0
14570,55756,1072,4.0,4390.0,10.0
8102,53192,1017,1.0,3470.0,20.0
16091,56353,1017,2.0,3470.0,0.0
2515,50988,1003,2.0,2040.0,10.0
16272,56423,1049,3.0,2810.0,0.0
17530,56910,1047,2.0,5950.0,10.0
4684,51850,1021,3.0,5530.0,5.0
12230,54813,1048,4.0,7870.0,0.0
10816,54251,1017,3.0,3470.0,0.0
1351,50532,1008,1.0,6630.0,0.0
17384,56851,1054,1.0,1830.0,10.0
6615,52600,1019,1.0,4560.0,15.0
17635,56950,1026,,7010.0,0.0
3315,51310,1007,1.0,1100.0,15.0
9403,53705,1037,2.0,2640.0,20.0
367,50145,1055,2.0,1380.0,5.0
1634,50638,1008,1.0,6630.0,5.0
8574,53379,1002,1.0,3080.0,0.0
1179,50462,1054,1.0,1830.0,10.0
3561,51405,1070,1.0,2320.0,0.0
11255,54428,1043,1.0,4500.0,
15466,56108,1051,1.0,7060.0,15.0
16605,56554,1044,1.0,3230.0,5.0
13789,55435,1012,1.0,6600.0,0.0
12445,54900,1038,1.0,4270.0,10.0
11518,54525,1074,3.0,1880.0,5.0
10975,54313,1060,1.0,5950.0,5.0
7194,52834,1039,1.0,8680.0,15.0
10709,54214,1055,4.0,1380.0,25.0
18416,57266,1044,1.0,3230.0,0.0
3894,51536,1071,4.0,,0.0
16733,56603,1064,1.0,7500.0,5.0
8704,53428,1024,1.0,9110.0,0.0
5195,52057,1074,3.0,1880.0,0.0
17813,57023,1062,2.0,280.0,20.0
12417,54891,1010,1.0,8870.0,0.0
13184,55192,1052,1.0,6950.0,10.0
10568,54162,1035,3.0,6470.0,10.0
10216,54026,1060,3.0,5950.0,10.0
4759,51881,1011,2.0,4590.0,0.0
7485,52938,1048,1.0,7870.0,20.0
19775,57823,1016,1.0,3350.0,0.0
11876,54670,1012,1.0,6600.0,5.0
19069,57540,1063,1.0,1660.0,15.0
14213,55608,1046,1.0,3450.0,0.0
253,50101,1047,3.0,5950.0,0.0
532,50207,1012,1.0,6600.0,10.0
4475,51770,1006,1.0,4150.0,25.0
2058,50802,1033,2.0,2910.0,20.0
10864,54269,1017,1.0,3470.0,15.0
14418,55695,1055,4.0,1380.0,25.0
5240,52075,1035,3.0,6470.0,0.0
11923,54686,1056,1.0,1230.0,10.0
15128,55979,1023,1.0,4290.0,15.0
2842,51126,1050,3.0,7140.0,5.0
10817,54251,1061,2.0,8080.0,10.0
5353,52119,1002,1.0,,5.0
7141,52815,1013,2.0,220.0,10.0
1468,50575,1064,1.0,7500.0,0.0
13056,55140,1072,2.0,4390.0,0.0
8641,53405,1041,1.0,700.0,5.0
4186,51652,1023,3.0,4290.0,10.0
5731,52266,1032,2.0,1990.0,0.0
15676,56194,1025,2.0,4730.0,5.0
8828,53479,1012,1.0,6600.0,0.0
19595,57749,1057,1.0,2370.0,0.0
6962,52739,1023,3.0,4290.0,0.0
6824,52687,1041,3.0,700.0,0.0
10250,54039,1060,1.0,5950.0,0.0
17456,56884,1034,1.0,10530.0,10.0
15340,56056,1033,2.0,2910.0,10.0
16835,56640,1041,2.0,700.0,0.0
8298,53267,1075,2.0,2140.0,5.0
19344,57649,1001,1.0,6530.0,10.0
14858,55869,1015,1.0,3850.0,15.0
10256,54040,1027,1.0,7200.0,0.0
16967,56691,1025,1.0,4730.0,10.0
14143,55576,1023,2.0,4290.0,10.0
12193,54799,1045,1.0,8330.0,10.0
18563,57325,1067,2.0,4370.0,
5506,52182,1047,2.0,5950.0,5.0
17271,56806,1012,1.0,6600.0,5.0
19591,57748,1036,1.0,6710.0,5.0
15137,55983,1034,1.0,10530.0,0.0
7316,52877,1012,,6600.0,0.0
5223,52070,1071,2.0,1670.0,0.0
16537,56527,1006,1.0,4150.0,0.0
4648,51837,1045,1.0,8330.0,15.0
8521,53355,1069,2.0,4090.0,
3419,51350,1032,1.0,1990.0,0.0
17654,56961,1064,1.0,7500.0,0.0
8585,53383,1016,2.0,3350.0,5.0
1091,50430,1050,1.0,7140.0,10.0
10334,54067,1066,3.0,3610.0,10.0
2410,50946,1015,3.0,3850.0,0.0
3065,51211,1020,2.0,720.0,0.0
3308,51307,1013,3.0,220.0,25.0
19728,57802,1040,1.0,3060.0,15.0
20036,57936,1012,1.0,6600.0,0.0
2999,51186,1046,1.0,3450.0,25.0
11886,54673,1001,1.0,6530.0,20.0
12044,54735,1020,2.0,720.0,5.0
12133,54774,1068,4.0,10570.0,10.0
15070,55955,1003,1.0,2040.0,5.0
6856,52697,1073,,6680.0,5.0
17060,56729,1064,2.0,7500.0,15.0
19769,57820,1026,1.0,7010.0,0.0
13902,55476,1058,1.0,5550.0,5.0
8720,53436,1042,2.0,590.0,0.0
15958,56301,1071,3.0,1670.0,0.0
7912,53116,1060,4.0,5950.0,0.0
9071,53574,1067,4.0,4370.0,5.0
6659,52618,1010,1.0,8870.0,10.0
19696,57790,1057,1.0,2370.0,0.0
17310,56822,1033,2.0,2910.0,
12998,55114,1064,1.0,7500.0,5.0
20146,57981,1040,1.0,3060.0,10.0
4188,51653,1037,5.0,2640.0,10.0
7086,52791,1055,3.0,1380.0,10.0
744,50290,1052,2.0,6950.0,5.0
11021,54330,1012,1.0,6600.0,0.0
3648,51442,1035,5.0,6470.0,5.0
3198,51263,1009,2.0,6030.0,0.0
10408,54096,1053,1.0,3470.0,15.0
14633,55782,1003,2.0,2040.0,10.0
13898,55474,1023,3.0,4290.0,0.0
8982,53538,1029,1.0,3490.0,5.0
7852,53091,1044,2.0,3230.0,5.0
17269,56806,1035,1.0,6470.0,20.0
1508,50592,1036,5.0,6710.0,0.0
18512,57304,1062,1.0,280.0,20.0
942,50372,1012,1.0,,10.0
2861,51133,1041,1.0,700.0,0.0
8721,53436,1014,2.0,2270.0,5.0
13721,55406,1040,1.0,3060.0,10.0
15273,56033,1065,2.0,7400.0,15.0
1392,50548,1068,2.0,10570.0,10.0
3448,51361,1070,1.0,2320.0,10.0
18585,57334,1057,1.0,2370.0,0.0
18353,57241,1027,2.0,7200.0,10.0
6647,52613,1057,1.0,2370.0,10.0
14117,55565,1006,1.0,4150.0,25.0
6107,52407,1036,1.0,6710.0,0.0
5098,52021,1045,3.0,8330.0,10.0
11386,54476,1031,1.0,9170.0,5.0
16946,56683,1064,1.0,7500.0,0.0
8400,53307,1022,1.0,3830.0,20.0
3889,51535,1017,2.0,3470.0,20.0
2466,50969,1022,1.0,3830.0,10.0
8020,53161,1018,1.0,3890.0,0.0
2882,51143,1005,1.0,5510.0,0.0
8976,53537,1021,2.0,5530.0,5.0
5038,51997,1047,1.0,5950.0,5.0
14626,55779,1049,2.0,2810.0,15.0
19218,57595,1052,1.0,6950.0,10.0
14592,55766,1057,1.0,2370.0,10.0
1992,50778,1030,2.0,4290.0,10.0
9349,53681,1037,1.0,2640.0,5.0
11922,54686,1058,1.0,,0.0
3854,51522,1032,1.0,1990.0,0.0
9356,53684,1063,1.0,1660.0,0.0
10202,54019,1040,2.0,3060.0,0.0
14509,55733,1043,2.0,4500.0,5.0
6627,52604,1007,2.0,1100.0,0.0
18595,57337,1072,2.0,4390.0,5.0
11145,54380,1035,2.0,6470.0,25.0
17082,56736,1031,1.0,9170.0,0.0
17012,56711,1035,1.0,6470.0,15.0
464,50181,1011,2.0,4590.0,0.0
18469,57289,1046,1.0,3450.0,0.0
19286,57624,1011,1.0,4590.0,0.0
5105,52023,1056,1.0,1230.0,5.0
15922,56289,1044,1.0,3230.0,
15712,56211,1047,2.0,5950.0,0.0
11937,54691,1047,1.0,5950.0,0.0
730,50284,1039,1.0,8680.0,0.0
12395,54883,1029,1.0,3490.0,20.0
6861,52700,1039,2.0,8680.0,10.0
10655,54195,1036,1.0,6710.0,0.0
9708,53828,1059,3.0,4580.0,10.0
16958,56688,1063,2.0,1660.0,15.0
9574,53774,1028,1.0,4510.0,
400,50158,1034,4.0,10530.0,0.0
18119,57144,1014,1.0,2270.0,0.0
15215,56012,1073,2.0,6680.0,20.0
1782,50695,1010,4.0,8870.0,0.0
19737,57806,1042,2.0,590.0,5.0
10644,54190,1007,1.0,1100.0,10.0
4270,51690,1075,2.0,2140.0,10.0
2231,50874,1053,1.0,3470.0,0.0
5729,52264,1013,,220.0,10.0
13727,55409,1008,4.0,6630.0,0.0
12313,54848,1006,1.0,4150.0,20.0
19342,57648,1052,1.0,6950.0,10.0
14062,55542,1031,1.0,9170.0,0.0
5973,52357,1032,1.0,1990.0,15.0
17467,56887,1053,2.0,3470.0,0.0
438,50171,1020,2.0,720.0,25.0
17640,56953,1004,3.0,9380.0,10.0
1464,50573,1051,2.0,7060.0,5.0
12633,54976,1034,1.0,10530.0,5.0
10123,53991,1010,2.0,8870.0,5.0
4002,51577,1011,1.0,4590.0,5.0
471,50184,1016,1.0,3350.0,5.0
1085,50427,1006,1.0,4150.0,10.0
19038,57526,1051,3.0,7060.0,20.0
20155,57984,1058,2.0,5550.0,0.0
1266,50500,1035,2.0,6470.0,10.0
211,50085,1002,4.0,3080.0,0.0
4071,51604,1027,1.0,7200.0,10.0
17766,57004,1025,1.0,4730.0,0.0
480,50186,1043,1.0,4500.0,0.0
10180,54013,1034,1.0,10530.0,0.0
11270,54432,1048,2.0,7870.0,0.0
6821,52686,1010,1.0,8870.0,0.0
17171,56770,1026,1.0,7010.0,25.0
9072,53574,1051,1.0,7060.0,10.0
5644,52232,1021,1.0,5530.0,0.0
13243,55216,1018,1.0,3890.0,15.0
17037,56721,1052,4.0,6950.0,0.0
2124,50826,1040,4.0,3060.0,0.0
19113,57556,1073,1.0,6680.0,10.0
4023,51587,1064,1.0,7500.0,5.0
5901,52330,1073,1.0,6680.0,25.0
2626,51034,1016,2.0,3350.0,10.0
17824,57027,1049,1.0,2810.0,15.0
7551,52969,1029,1.0,3490.0,0.0
9074,53575,1042,1.0,590.0,0.0
8875,53497,1059,1.0,4580.0,0.0
4324,51712,1061,2.0,8080.0,5.0
1307,50515,1060,1.0,5950.0,5.0
3935,51553,1056,1.0,1230.0,5.0
319,50129,1041,2.0,700.0,0.0
11775,54630,1016,2.0,3350.0,10.0
17556,56922,1043,1.0,4500.0,0.0
16373,56460,1007,1.0,1100.0,
14527,55739,1014,4.0,2270.0,20.0
2232,50875,1053,1.0,3470.0,5.0
15737,56218,1046,4.0,3450.0,5.0
12557,54943,1015,1.0,3850.0,15.0
8484,53340,1014,2.0,2270.0,5.0
9437,53722,1068,1.0,10570.0,0.0
13120,55164,1015,1.0,3850.0,0.0
6599,52595,1004,1.0,9380.0,0.0
10275,54047,1029,2.0,3490.0,5.0
2365,50928,1029,1.0,3490.0,0.0
4636,51833,1074,1.0,1880.0,0.0
6093,52402,1056,1.0,1230.0,15.0
6704,52634,1065,2.0,7400.0,
3484,51375,1043,2.0,4500.0,5.0
7364,52893,1050,1.0,7140.0,0.0
11557,54544,1070,1.0,2320.0,5.0
4292,51698,1015,2.0,3850.0,0.0
13136,55171,1031,2.0,9170.0,0.0
10026,53954,1062,2.0,280.0,5.0
9479,53736,1015,,3850.0,
18005,57095,1004,3.0,9380.0,5.0
11403,54483,1064,1.0,7500.0,5.0
19637,57766,1031,1.0,9170.0,15.0
2296,50900,1041,1.0,700.0,0.0
20035,57935,1031,1.0,9170.0,10.0
6712,52638,1019,2.0,4560.0,5.0
3923,51548,1054,4.0,1830.0,5.0
15058,55950,1072,5.0,4390.0,0.0
11796,54638,1031,1.0,,0.0
7807,53074,1051,1.0,7060.0,5.0
12629,54975,1015,2.0,3850.0,20.0
943,50373,1032,1.0,1990.0,10.0
10396,54092,1037,4.0,2640.0,20.0
4560,51802,1069,1.0,4090.0,0.0
4864,51926,1059,1.0,4580.0,5.0
3364,51330,1068,1.0,10570.0,0.0
5345,52117,1066,1.0,3610.0,0.0
2476,50973,1050,2.0,7140.0,25.0
423,50166,1029,1.0,3490.0,0.0
3999,51576,1073,3.0,6680.0,0.0
15894,56278,1068,2.0,10570.0,0.0
6053,52388,1039,3.0,8680.0,10.0
187,50075,1016,4.0,3350.0,10.0
17414,56867,1006,1.0,4150.0,5.0
2204,50860,1042,2.0,590.0,0.0
13263,55223,1029,,3490.0,0.0
7849,53089,1033,1.0,2910.0,15.0
13652,55377,1001,1.0,6530.0,10.0
17855,57041,1009,1.0,6030.0,0.0
20135,57977,1071,1.0,1670.0,0.0
19576,57741,1025,1.0,4730.0,10.0
4836,51916,1059,2.0,4580.0,0.0
8881,53500,1048,2.0,7870.0,10.0
4886,51935,1072,3.0,4390.0,5.0
9982,53935,1027,2.0,7200.0,0.0
19115,57558,1049,1.0,2810.0,20.0
16727,56600,1032,2.0,1990.0,15.0
15176,55997,1044,1.0,3230.0,0.0
4515,51785,1053,1.0,3470.0,0.0
7246,52853,1020,1.0,720.0,0.0
4513,51784,1021,,5530.0,0.0
10524,54145,1022,1.0,3830.0,5.0
9001,53546,1046,1.0,3450.0,5.0
6124,52414,1070,4.0,,10.0
11740,54615,1008,2.0,6630.0,0.0
9135,53599,1053,4.0,3470.0,10.0
18219,57188,1044,1.0,3230.0,5.0
19764,57818,1017,1.0,3470.0,10.0
14672,55798,1055,1.0,,0.0
4107,51623,1026,,7010.0,10.0
12865,55064,1075,2.0,2140.0,0.0
18348,57239,1023,1.0,4290.0,5.0
16828,56637,1035,2.0,6470.0,0.0
9923,53913,1008,1.0,6630.0,5.0
19538,57724,1022,1.0,3830.0,0.0
16810,56631,1029,2.0,3490.0,20.0
3187,51259,1043,1.0,4500.0,20.0
16126,56366,1061,1.0,8080.0,25.0
9612,53788,1006,1.0,4150.0,0.0
18063,57120,1065,4.0,7400.0,0.0
365,50145,1024,1.0,9110.0,5.0
5880,52322,1061,1.0,8080.0,10.0
7856,53092,1049,3.0,2810.0,20.0
16819,56634,1014,1.0,2270.0,20.0
11605,54561,1043,1.0,4500.0,0.0
14224,55613,1023,1.0,4290.0,20.0
17561,56924,1005,4.0,5510.0,10.0
14131,55571,1018,2.0,3890.0,0.0
3866,51526,1038,2.0,4270.0,0.0
2592,51020,1021,1.0,5530.0,5.0
8633,53401,1063,1.0,1660.0,15.0
16868,56653,1066,3.0,3610.0,15.0
3895,51536,1028,4.0,4510.0,
15807,56246,1039,2.0,8680.0,15.0
9297,53662,1009,1.0,6030.0,10.0
11505,54522,1025,2.0,4730.0,10.0
671,50261,1051,3.0,7060.0,0.0
19435,57685,1005,1.0,5510.0,15.0
16930,56677,1036,2.0,6710.0,5.0
12349,54863,1009,1.0,6030.0,
19520,57718,1025,2.0,4730.0,5.0
4809,51901,1050,1.0,,10.0
5834,52305,1069,1.0,4090.0,10.0
16875,56656,1037,1.0,2640.0,0.0
16362,56456,1060,1.0,5950.0,10.0
19606,57754,1046,3.0,3450.0,0.0
4122,51627,1015,1.0,3850.0,15.0
9144,53602,1039,1.0,8680.0,0.0
5643,52231,1048,2.0,7870.0,5.0
3605,51422,1012,1.0,6600.0,0.0
5178,52050,1031,1.0,9170.0,20.0
6776,52663,1012,1.0,6600.0,10.0
9929,53915,1045,1.0,8330.0,0.0
9132,53598,1020,5.0,720.0,0.0
13304,55239,1013,2.0,220.0,15.0
14917,55891,1006,2.0,4150.0,5.0
12692,54997,1037,1.0,2640.0,0.0
10778,54238,1025,4.0,4730.0,15.0
19466,57698,1063,1.0,1660.0,5.0
14561,55752,1021,3.0,5530.0,10.0
5136,52035,1062,1.0,280.0,20.0
7028,52766,1008,2.0,6630.0,15.0
9729,53837,1021,1.0,5530.0,5.0
13852,55457,1011,1.0,4590.0,5.0
16085,56352,1023,3.0,4290.0,10.0
19130,57564,1030,1.0,4290.0,0.0
15305,56045,1044,1.0,3230.0,10.0
11217,54412,1028,2.0,4510.0,10.0
12073,54747,1049,1.0,2810.0,15.0
8743,53445,1073,3.0,6680.0,10.0
5202,52062,1051,1.0,7060.0,15.0
9514,53752,1057,4.0,2370.0,0.0
14524,55738,1072,1.0,4390.0,0.0
18849,57449,1020,1.0,720.0,5.0
14520,55737,1058,1.0,5550.0,0.0
5650,52235,1035,3.0,6470.0,15.0
18372,57249,1041,5.0,700.0,0.0
7324,52880,1006,1.0,4150.0,0.0
13491,55315,1015,5.0,3850.0,0.0
18358,57243,1045,4.0,8330.0,10.0
1463,50573,1058,1.0,5550.0,25.0
15465,56108,1034,1.0,10530.0,10.0
10350,54075,1012,1.0,6600.0,5.0
7008,52756,1013,1.0,220.0,5.0
18099,57136,1048,1.0,7870.0,0.0
17341,56833,1071,1.0,1670.0,0.0
7656,53011,1014,1.0,2270.0,20.0
9488,53739,1019,1.0,4560.0,10.0
11139,54377,1070,3.0,2320.0,0.0
13693,55395,1071,3.0,1670.0,5.0
16802,56627,1019,1.0,4560.0,5.0
19355,57653,1040,3.0,3060.0,10.0
20137,57978,1016,2.0,3350.0,10.0
19725,57801,1057,3.0,2370.0,15.0
12834,55054,1017,2.0,3470.0,5.0
14929,55895,1014,1.0,2270.0,0.0
6132,52419,1021,2.0,5530.0,5.0
14757,55831,1064,1.0,7500.0,0.0
1011,50400,1074,1.0,1880.0,10.0
6005,52370,1032,2.0,1990.0,10.0
18615,57345,1007,1.0,1100.0,5.0
11687,54593,1034,2.0,10530.0,5.0
2485,50977,1069,1.0,4090.0,5.0
14657,55793,1022,1.0,3830.0,10.0
6484,52550,1072,,4390.0,0.0
5388,52132,1070,1.0,2320.0,0.0
6353,52503,1039,1.0,,5.0
16314,56440,1050,,7140.0,15.0
17782,57011,1060,1.0,5950.0,10.0
14985,55921,1032,4.0,1990.0,10.0
11501,54520,1037,1.0,2640.0,5.0
12,50005,1064,1.0,7500.0,10.0
2903,51150,1041,1.0,700.0,0.0
4893,51938,1053,1.0,3470.0,0.0
15407,56083,1025,1.0,4730.0,0.0
16905,56665,1062,2.0,280.0,0.0
11693,54595,1006,2.0,4150.0,0.0
18332,57234,1003,1.0,2040.0,5.0
2871,51137,1062,3.0,280.0,0.0
18814,57435,1072,3.0,4390.0,5.0
518,50200,1024,2.0,9110.0,5.0
8158,53211,1053,2.0,3470.0,15.0
1301,50513,1016,1.0,3350.0,5.0
11846,54661,1031,1.0,9170.0,20.0
11998,54718,1060,4.0,5950.0,5.0
2408,50945,1022,2.0,3830.0,0.0
4626,51830,1025,2.0,4730.0,10.0
20119,57972,1031,3.0,9170.0,5.0
13912,55480,1063,1.0,1660.0,10.0
13156,55179,1074,2.0,1880.0,5.0
2504,50983,1009,1.0,6030.0,0.0
12022,54726,1025,1.0,4730.0,15.0
3514,51386,1042,3.0,590.0,15.0
7882,53103,1002,2.0,3080.0,0.0
12550,54940,1064,2.0,7500.0,15.0
1769,50690,1047,2.0,5950.0,20.0
13817,55446,1046,2.0,3450.0,20.0
14574,55758,1066,3.0,3610.0,0.0
18118,57143,1053,4.0,3470.0,0.0
17142,56759,1016,2.0,3350.0,0.0
3147,51241,1070,1.0,2320.0,10.0
16601,56552,1036,2.0,6710.0,0.0
20023,57928,1047,2.0,5950.0,0.0
12542,54936,1037,4.0,2640.0,20.0
18514,57305,1013,1.0,220.0,5.0
16140,56372,1008,2.0,6630.0,5.0
821,50323,1023,1.0,4290.0,0.0
18506,57302,1059,1.0,4580.0,5.0
2814,51114,1006,3.0,4150.0,10.0
7575,52977,1058,1.0,5550.0,10.0
15113,55972,1036,1.0,6710.0,0.0
15865,56267,1074,5.0,1880.0,0.0
8993,53544,1038,2.0,4270.0,20.0
18924,57478,1036,4.0,6710.0,15.0
94,50039,1062,1.0,280.0,15.0
2651,51046,1055,1.0,1380.0,10.0
15239,56020,1066,4.0,3610.0,5.0
18014,57098,1026,1.0,7010.0,
16878,56657,1045,3.0,8330.0,10.0
15206,56009,1042,2.0,590.0,25.0
12899,55077,1032,1.0,1990.0,10.0
839,50330,1027,1.0,7200.0,15.0
1643,50642,1053,2.0,3470.0,5.0
6738,52649,1069,1.0,4090.0,15.0
10020,53952,1009,1.0,6030.0,
16011,56323,1033,3.0,2910.0,0.0
17430,56874,1039,1.0,8680.0,10.0
12975,55105,1033,,2910.0,10.0
7978,53146,1010,1.0,8870.0,15.0
8423,53316,1046,2.0,3450.0,15.0
6077,52396,1068,1.0,10570.0,10.0
12693,54997,1038,2.0,4270.0,5.0
6795,52673,1013,1.0,220.0,10.0
9858,53888,1075,1.0,2140.0,10.0
6745,52652,1058,1.0,5550.0,15.0
15377,56070,1015,2.0,3850.0,0.0
10099,53982,1026,3.0,7010.0,10.0
17610,56941,1017,1.0,3470.0,5.0
4267,51689,1035,2.0,6470.0,15.0
287,50115,1047,1.0,5950.0,10.0
8936,53520,1009,1.0,6030.0,10.0
12941,55091,1008,3.0,6630.0,0.0
3696,51461,1007,1.0,1100.0,5.0
17540,56914,1010,2.0,8870.0,0.0
9906,53906,1060,1.0,5950.0,5.0
632,50247,1036,2.0,6710.0,20.0
11970,54704,1066,1.0,3610.0,10.0
2297,50901,1032,1.0,1990.0,10.0
18782,57420,1042,1.0,590.0,10.0
7561,52973,1004,5.0,9380.0,0.0
7617,52995,1044,1.0,3230.0,0.0
14835,55859,1027,1.0,7200.0,
16722,56599,1022,3.0,3830.0,20.0
3454,51364,1039,1.0,8680.0,5.0
6245,52463,1065,3.0,7400.0,5.0
13592,55356,1003,3.0,2040.0,5.0
11995,54717,1053,1.0,3470.0,5.0
3444,51360,1072,1.0,4390.0,0.0
18838,57446,1058,1.0,5550.0,0.0
9014,53553,1053,1.0,3470.0,0.0
6901,52714,1013,1.0,220.0,5.0
18856,57452,1032,1.0,1990.0,0.0
13210,55201,1020,2.0,720.0,10.0
20059,57944,1019,2.0,4560.0,0.0
7830,53081,1009,1.0,6030.0,0.0
6464,52542,1005,1.0,5510.0,5.0
7701,53032,1060,1.0,5950.0,10.0
1467,50574,1032,1.0,1990.0,5.0
11746,54619,1020,1.0,720.0,0.0
20040,57937,1066,3.0,3610.0,25.0
9992,53940,1037,4.0,2640.0,10.0
7301,52872,1032,1.0,1990.0,10.0
4494,51778,1072,1.0,4390.0,0.0
19791,57830,1057,1.0,2370.0,15.0
9609,53787,1044,1.0,3230.0,15.0
11877,54670,1053,1.0,3470.0,15.0
564,50223,1022,1.0,3830.0,0.0
19960,57902,1066,1.0,3610.0,10.0
8134,53202,1074,1.0,1880.0,5.0
29,50011,1049,1.0,2810.0,20.0
4284,51696,1069,2.0,4090.0,0.0
7884,53104,1064,1.0,7500.0,15.0
7308,52875,1037,1.0,2640.0,0.0
12069,54745,1020,3.0,720.0,0.0
5100,52021,1055,2.0,1380.0,5.0
7396,52903,1047,1.0,5950.0,0.0
12800,55040,1008,1.0,6630.0,15.0
11666,54584,1029,1.0,3490.0,20.0
7435,52919,1045,4.0,8330.0,10.0
8789,53460,1017,2.0,3470.0,25.0
669,50261,1039,2.0,8680.0,25.0
4919,51947,1046,1.0,3450.0,10.0
2061,50804,1038,1.0,4270.0,10.0
18939,57484,1047,2.0,5950.0,0.0
18482,57294,1075,1.0,2140.0,0.0
12956,55097,1051,2.0,7060.0,10.0
18810,57433,1073,1.0,6680.0,0.0
7338,52885,1003,1.0,2040.0,0.0
18279,57214,1037,2.0,2640.0,10.0
15641,56181,1032,2.0,1990.0,0.0
6015,52374,1051,1.0,7060.0,0.0
6628,52605,1068,2.0,10570.0,0.0
8549,53369,1019,1.0,4560.0,0.0
8275,53258,1006,3.0,4150.0,5.0
12163,54789,1053,1.0,3470.0,0.0
13472,55307,1056,,1230.0,0.0
14676,55799,1019,2.0,4560.0,0.0
3142,51240,1048,3.0,7870.0,20.0
10757,54231,1017,1.0,3470.0,10.0
14293,55640,1007,3.0,1100.0,0.0
4464,51767,1017,1.0,3470.0,0.0
2981,51177,1008,1.0,6630.0,10.0
19679,57781,1067,2.0,4370.0,5.0
11485,54514,1017,3.0,3470.0,5.0
16931,56677,1073,2.0,6680.0,0.0
14252,55624,1003,1.0,2040.0,10.0
2845,51127,1048,2.0,7870.0,25.0
16262,56419,1041,1.0,700.0,0.0
1287,50508,1068,1.0,10570.0,
14811,55849,1036,3.0,6710.0,0.0
5315,52105,1061,3.0,8080.0,10.0
6777,52663,1022,1.0,3830.0,0.0
2413,50947,1052,2.0,6950.0,25.0
19042,57528,1064,3.0,7500.0,15.0
18037,57112,1064,3.0,7500.0,0.0
6889,52709,1037,1.0,2640.0,0.0
12237,54816,1021,1.0,5530.0,10.0
6220,52454,1021,1.0,5530.0,5.0
7735,53045,1053,2.0,3470.0,15.0
15824,56253,1010,3.0,8870.0,10.0
5736,52268,1001,2.0,6530.0,0.0
14011,55520,1002,1.0,3080.0,0.0
16470,56497,1040,1.0,3060.0,5.0
2102,50819,1023,1.0,4290.0,10.0
17759,57002,1026,1.0,7010.0,0.0
19730,57803,1056,2.0,1230.0,0.0
10190,54016,1060,1.0,5950.0,5.0
6243,52461,1020,2.0,720.0,5.0
17641,56954,1005,1.0,5510.0,10.0
1904,50744,1065,1.0,7400.0,0.0
8117,53197,1024,2.0,9110.0,0.0
7120,52805,1034,1.0,10530.0,5.0
10265,54044,1038,2.0,4270.0,0.0
14705,55812,1008,2.0,6630.0,5.0
4271,51690,1039,1.0,8680.0,20.0
17216,56785,1020,1.0,720.0,10.0
10135,53995,1067,3.0,4370.0,5.0
10046,53962,1035,1.0,6470.0,10.0
11292,54440,1042,2.0,590.0,15.0
2198,50857,1025,1.0,4730.0,0.0
686,50266,1054,3.0,1830.0,10.0
15627,56174,1022,1.0,3830.0,0.0
5118,52028,1051,1.0,7060.0,0.0
952,50377,1050,4.0,7140.0,0.0
12385,54879,1042,1.0,590.0,0.0
20178,57994,1059,1.0,4580.0,5.0
269,50108,1035,2.0,6470.0,10.0
15414,56087,1033,1.0,2910.0,0.0
4688,51852,1061,1.0,8080.0,0.0
15918,56288,1012,1.0,6600.0,0.0
14862,55870,1019,1.0,4560.0,5.0
6327,52493,1041,1.0,700.0,0.0
838,50329,1071,2.0,1670.0,10.0
4725,51868,1037,3.0,2640.0,5.0
19984,57915,1021,3.0,5530.0,15.0
7540,52964,1061,1.0,8080.0,0.0
8925,53515,1004,1.0,9380.0,0.0
3352,51326,1073,1.0,6680.0,0.0
328,50133,1027,1.0,7200.0,0.0
9277,53655,1012,2.0,6600.0,5.0
10746,54227,1014,1.0,2270.0,10.0
6519,52562,1020,1.0,720.0,5.0
10680,54203,1017,2.0,3470.0,10.0
5803,52294,1025,1.0,4730.0,
9592,53781,1050,2.0,7140.0,0.0
2516,50989,1004,1.0,9380.0,0.0
9563,53769,1007,2.0,1100.0,0.0
6758,52656,1042,1.0,590.0,5.0
17022,56715,1030,1.0,4290.0,15.0
10129,53994,1051,2.0,7060.0,5.0
1951,50761,1019,1.0,4560.0,10.0
1092,50430,1029,4.0,3490.0,10.0
18618,57346,1036,1.0,6710.0,10.0
19549,57727,1044,3.0,3230.0,0.0
16650,56574,1019,2.0,4560.0,5.0
15153,55988,1073,4.0,6680.0,0.0
14694,55807,1064,1.0,7500.0,0.0
16921,56671,1038,1.0,4270.0,10.0
19413,57674,1014,4.0,2270.0,0.0
10592,54170,1050,3.0,7140.0,15.0
12909,55081,1070,1.0,2320.0,10.0
14827,55856,1066,1.0,3610.0,0.0
17230,56791,1074,1.0,1880.0,10.0
19720,57800,1036,1.0,6710.0,5.0
16676,56582,1028,2.0,4510.0,15.0
5567,52203,1070,2.0,2320.0,0.0
1189,50465,1056,1.0,1230.0,
8793,53462,1019,1.0,4560.0,0.0
8937,53520,1021,1.0,5530.0,0.0
8434,53321,1037,,2640.0,10.0
15357,56062,1018,2.0,3890.0,0.0
19406,57672,1029,,3490.0,15.0
2227,50871,1016,2.0,3350.0,0.0
6645,52612,1004,2.0,9380.0,0.0
11221,54414,1021,3.0,5530.0,25.0
15276,56034,1009,1.0,6030.0,20.0
14489,55726,1021,1.0,5530.0,0.0
7097,52796,1067,5.0,4370.0,0.0
17212,56784,1060,3.0,5950.0,5.0
18076,57126,1053,3.0,3470.0,5.0
5380,52129,1041,4.0,700.0,5.0
8627,53399,1048,1.0,7870.0,10.0
18847,57448,1028,2.0,4510.0,10.0
10045,53961,1003,1.0,2040.0,10.0
19246,57607,1049,2.0,2810.0,0.0
13616,55364,1019,1.0,4560.0,20.0
15104,55968,1062,2.0,280.0,15.0
5399,52136,1006,2.0,4150.0,20.0
6702,52633,1054,1.0,1830.0,5.0
3797,51497,1068,1.0,10570.0,10.0
5714,52258,1025,1.0,4730.0,0.0
6164,52433,1001,2.0,6530.0,5.0
16409,56472,1073,1.0,6680.0,0.0
3587,51415,1070,4.0,2320.0,25.0
3330,51314,1016,1.0,3350.0,5.0
18733,57396,1035,3.0,6470.0,5.0
6001,52368,1059,2.0,4580.0,25.0
18564,57326,1014,1.0,2270.0,5.0
2933,51160,1029,1.0,3490.0,0.0
5605,52219,1016,2.0,3350.0,10.0
1394,50548,1074,1.0,1880.0,0.0
10584,54168,1029,2.0,3490.0,0.0
7399,52904,1005,,5510.0,15.0
3815,51506,1050,1.0,7140.0,5.0
2551,51003,1013,1.0,220.0,0.0
5395,52134,1019,2.0,4560.0,0.0
9746,53843,1025,1.0,4730.0,0.0
15620,56171,1063,1.0,1660.0,15.0
10034,53956,1031,2.0,9170.0,10.0
12714,55004,1022,1.0,3830.0,0.0
1981,50774,1003,1.0,2040.0,0.0
18461,57285,1038,1.0,4270.0,0.0
13016,55121,1011,1.0,4590.0,20.0
10681,54204,1024,1.0,9110.0,10.0
18668,57370,1012,3.0,6600.0,10.0
15632,56176,1047,1.0,5950.0,25.0
9709,53829,1059,4.0,4580.0,15.0
15048,55947,1057,1.0,2370.0,20.0
9402,53704,1071,1.0,1670.0,15.0
13335,55250,1004,1.0,9380.0,20.0
13870,55464,1017,1.0,3470.0,0.0
2289,50897,1022,2.0,3830.0,15.0
12594,54957,1055,1.0,1380.0,15.0
5034,51996,1047,1.0,5950.0,0.0
11949,54697,1038,1.0,4270.0,0.0
1348,50531,1048,1.0,7870.0,0.0
4728,51870,1031,1.0,9170.0,10.0
1678,50656,1056,3.0,1230.0,5.0
50,50020,1012,1.0,6600.0,0.0
2411,50946,1041,1.0,700.0,0.0
11207,54408,1062,1.0,280.0,0.0
5678,52244,1053,1.0,3470.0,25.0
9068,53573,1073,1.0,6680.0,10.0
405,50160,1005,2.0,5510.0,0.0
6862,52701,1075,2.0,2140.0,10.0
16086,56352,1006,1.0,4150.0,0.0
3565,51407,1017,1.0,3470.0,0.0
6652,52614,1006,2.0,4150.0,5.0
16300,56435,1072,1.0,4390.0,0.0
19946,57895,1020,1.0,720.0,5.0
5711,52257,1030,1.0,4290.0,15.0
3344,51321,1055,2.0,1380.0,15.0
9416,53710,1059,1.0,4580.0,0.0
14560,55752,1074,1.0,1880.0,10.0
3904,51541,1026,2.0,7010.0,0.0
11316,54449,1030,1.0,4290.0,15.0
18017,57100,1037,2.0,2640.0,15.0
4982,51973,1036,1.0,6710.0,10.0
414,50163,1025,1.0,4730.0,0.0
16275,56425,1072,2.0,4390.0,0.0
15910,56285,1049,1.0,2810.0,0.0
1807,50703,1023,1.0,4290.0,10.0
3274,51292,1029,1.0,3490.0,5.0
18800,57428,1025,1.0,4730.0,5.0
16754,56611,1047,1.0,5950.0,10.0
573,50226,1035,1.0,6470.0,15.0
3669,51451,1051,1.0,7060.0,0.0
4850,51920,1002,3.0,3080.0,0.0
3673,51452,1021,1.0,5530.0,0.0
16890,56661,1018,4.0,3890.0,0.0
5114,52025,1017,1.0,3470.0,20.0
10893,54280,1059,2.0,4580.0,10.0
19610,57755,1004,1.0,9380.0,0.0
12361,54868,1056,4.0,1230.0,0.0
10059,53966,1041,2.0,700.0,10.0
10705,54212,1002,4.0,3080.0,10.0
17363,56843,1063,4.0,1660.0,5.0
17703,56981,1003,3.0,2040.0,10.0
18621,57349,1023,1.0,4290.0,0.0
9285,53658,1047,1.0,5950.0,0.0
16530,56525,1048,3.0,7870.0,5.0
11342,54461,1060,5.0,5950.0,0.0
14833,55859,1037,1.0,2640.0,0.0
18244,57197,1043,1.0,4500.0,15.0
5527,52189,1060,2.0,5950.0,0.0
7498,52942,1002,1.0,3080.0,10.0
11044,54340,1004,4.0,9380.0,0.0
12114,54765,1002,2.0,3080.0,0.0
17061,56730,1048,2.0,7870.0,10.0
20016,57925,1009,1.0,6030.0,10.0
16513,56517,1042,1.0,590.0,
15889,56276,1015,1.0,3850.0,0.0
8104,53193,1063,2.0,1660.0,10.0
2953,51166,1053,1.0,3470.0,5.0
13885,55470,1067,1.0,4370.0,10.0
1409,50554,1066,1.0,3610.0,20.0
16339,56447,1061,1.0,8080.0,0.0
13060,55142,1017,1.0,3470.0,0.0
9711,53829,1058,1.0,5550.0,20.0
352,50140,1008,1.0,6630.0,15.0
6841,52692,1004,3.0,9380.0,0.0
9712,53830,1006,3.0,4150.0,0.0
19976,57911,1031,1.0,9170.0,10.0
5274,52089,1016,1.0,3350.0,20.0
6309,52485,1054,1.0,1830.0,0.0
9245,53642,1007,3.0,1100.0,10.0
4098,51618,1027,1.0,7200.0,15.0
1086,50428,1070,2.0,2320.0,0.0
19347,57650,1072,3.0,4390.0,10.0
17301,56818,1072,5.0,4390.0,5.0
1439,50565,1062,3.0,280.0,15.0
9471,53733,1004,1.0,9380.0,0.0
6636,52608,1046,2.0,3450.0,5.0
14052,55537,1048,1.0,7870.0,0.0
5431,52151,1052,3.0,6950.0,5.0
3914,51544,1014,1.0,2270.0,15.0
596,50234,1061,2.0,8080.0,25.0
4923,51949,1066,1.0,3610.0,25.0
2851,51130,1031,1.0,9170.0,15.0
5766,52280,1048,1.0,7870.0,0.0
8290,53264,1055,3.0,1380.0,5.0
6695,52630,1038,3.0,4270.0,25.0
20157,57985,1032,1.0,1990.0,0.0
10254,54040,1051,2.0,7060.0,0.0
18344,57238,1013,1.0,220.0,5.0
11143,54379,1007,4.0,1100.0,5.0
15415,56087,1052,1.0,6950.0,25.0
15534,56136,1050,,7140.0,0.0
11209,54409,1057,1.0,2370.0,5.0
8651,53408,1006,4.0,4150.0,10.0
15810,56247,1041,1.0,700.0,20.0
5593,52216,1039,1.0,8680.0,0.0
6259,52467,1008,3.0,6630.0,5.0
18722,57392,1018,4.0,3890.0,20.0
1635,50639,1030,2.0,4290.0,5.0
5790,52289,1028,4.0,4510.0,10.0
11549,54541,1051,2.0,7060.0,15.0
1832,50716,1063,1.0,1660.0,0.0
6917,52720,1040,1.0,3060.0,0.0
8137,53204,1059,1.0,4580.0,10.0
15745,56221,1025,5.0,4730.0,0.0
15940,56295,1027,2.0,7200.0,0.0
16902,56664,1022,1.0,3830.0,0.0
7242,52851,1009,2.0,6030.0,5.0
665,50259,1059,2.0,4580.0,5.0
17059,56729,1065,1.0,7400.0,5.0
4912,51944,1051,2.0,7060.0,0.0
10167,54009,1069,1.0,4090.0,0.0
5179,52050,1022,2.0,3830.0,0.0
12892,55075,1007,1.0,1100.0,15.0
15275,56034,1048,2.0,7870.0,0.0
11193,54403,1010,2.0,8870.0,0.0
14767,55834,1068,1.0,10570.0,0.0
10836,54258,1070,1.0,2320.0,10.0
17228,56790,1056,1.0,1230.0,10.0
158,50065,1035,2.0,6470.0,0.0
15973,56307,1007,1.0,1100.0,20.0
6790,52669,1058,1.0,5550.0,15.0
17835,57032,1052,1.0,6950.0,10.0
16268,56422,1072,5.0,4390.0,0.0
12994,55113,1031,1.0,9170.0,0.0
9059,53570,1069,3.0,4090.0,25.0
1753,50685,1072,2.0,4390.0,5.0
2901,51150,1047,1.0,5950.0,0.0
10549,54154,1042,1.0,590.0,10.0
16740,56606,1036,4.0,6710.0,0.0
11565,54547,1020,1.0,720.0,0.0
9840,53878,1075,1.0,2140.0,5.0
13791,55435,1033,2.0,2910.0,10.0
1532,50601,1061,3.0,8080.0,0.0
4936,51956,1056,2.0,1230.0,0.0
4078,51607,1001,1.0,6530.0,20.0
19991,57917,1056,1.0,1230.0,10.0
16694,56588,1007,1.0,1100.0,10.0
3748,51478,1006,1.0,4150.0,0.0
12369,54872,1056,2.0,1230.0,20.0
16759,56612,1032,1.0,1990.0,15.0
19535,57723,1004,1.0,9380.0,5.0
18390,57256,1013,3.0,220.0,0.0
2546,51000,1064,2.0,7500.0,10.0
2896,51149,1041,1.0,700.0,5.0
5625,52226,1039,1.0,8680.0,0.0
1250,50493,1036,1.0,,5.0
15578,56154,1065,2.0,7400.0,0.0
16832,56639,1074,1.0,1880.0,25.0
7716,53039,1004,1.0,9380.0,0.0
4322,51711,1034,1.0,10530.0,0.0
3008,51190,1002,1.0,3080.0,0.0
3286,51298,1039,1.0,8680.0,25.0
19419,57678,1017,1.0,3470.0,5.0
5516,52186,1003,1.0,2040.0,10.0
5631,52228,1016,1.0,3350.0,5.0
2524,50992,1018,2.0,3890.0,10.0
15923,56290,1026,3.0,7010.0,5.0
4182,51650,1064,1.0,7500.0,5.0
8051,53172,1009,1.0,6030.0,5.0
12990,55111,1028,3.0,4510.0,10.0
14791,55841,1007,1.0,1100.0,0.0
12717,55005,1025,1.0,4730.0,0.0
8015,53160,1007,4.0,1100.0,5.0
13435,55289,1074,2.0,1880.0,0.0
7503,52945,1059,2.0,4580.0,5.0
18518,57307,1048,1.0,7870.0,5.0
12140,54778,1022,,3830.0,15.0
10032,53956,1001,1.0,6530.0,10.0
12866,55064,1033,1.0,2910.0,5.0
1402,50552,1013,1.0,220.0,0.0
2966,51172,1075,1.0,2140.0,10.0
16769,56617,1036,4.0,6710.0,10.0
309,50125,1002,,3080.0,10.0
1588,50621,1046,2.0,3450.0,5.0
8245,53248,1053,1.0,3470.0,10.0
4384,51734,1023,2.0,4290.0,15.0
11561,54545,1066,1.0,3610.0,15.0
9556,53766,1002,1.0,3080.0,10.0
6006,52370,1042,2.0,590.0,10.0
105,50044,1067,1.0,4370.0,10.0
14159,55583,1067,1.0,4370.0,20.0
13796,55437,1054,1.0,1830.0,15.0
19258,57613,1021,1.0,5530.0,10.0
16475,56500,1001,1.0,6530.0,0.0
12948,55094,1054,1.0,1830.0,10.0
9213,53627,1007,,1100.0,20.0
7758,53055,1027,1.0,7200.0,10.0
16327,56444,1056,1.0,1230.0,5.0
2059,50803,1045,4.0,8330.0,0.0
12370,54872,1054,1.0,1830.0,5.0
16956,56687,1034,1.0,10530.0,5.0
18126,57148,1058,3.0,5550.0,5.0
8003,53154,1051,1.0,7060.0,5.0
16046,56337,1018,3.0,,0.0
7829,53081,1047,1.0,5950.0,5.0
9903,53904,1020,1.0,720.0,0.0
10200,54019,1036,4.0,6710.0,20.0
12399,54885,1031,2.0,9170.0,0.0
9183,53614,1071,1.0,1670.0,0.0
14986,55921,1021,1.0,5530.0,20.0
2827,51119,1075,1.0,2140.0,10.0
13291,55234,1064,2.0,7500.0,0.0
7162,52822,1021,1.0,5530.0,0.0
18365,57246,1002,1.0,3080.0,20.0
11069,54349,1075,1.0,2140.0,0.0
19588,57747,1064,3.0,7500.0,5.0
14045,55535,1003,1.0,2040.0,0.0
1969,50770,1027,1.0,7200.0,0.0
1850,50724,1073,1.0,6680.0,0.0
18383,57253,1050,1.0,7140.0,0.0
1438,50565,1045,2.0,8330.0,10.0
16554,56534,1048,1.0,7870.0,0.0
10806,54247,1069,2.0,4090.0,0.0
2996,51185,1071,1.0,1670.0,20.0
19168,57577,1064,3.0,7500.0,0.0
13584,55353,1020,1.0,720.0,5.0
11118,54370,1001,2.0,6530.0,5.0
8654,53410,1011,2.0,4590.0,15.0
15033,55944,1072,1.0,4390.0,0.0
6592,52593,1067,1.0,4370.0,0.0
325,50131,1067,2.0,4370.0,0.0
1300,50512,1016,1.0,3350.0,0.0
16291,56431,1052,1.0,6950.0,5.0
9672,53815,1075,3.0,2140.0,20.0
15587,56157,1027,3.0,7200.0,10.0
4204,51659,1023,1.0,4290.0,5.0
16926,56674,1022,1.0,3830.0,15.0
19928,57888,1075,2.0,2140.0,25.0
12599,54960,1033,1.0,2910.0,
6076,52396,1069,1.0,4090.0,10.0
7169,52825,1008,1.0,6630.0,0.0
19124,57562,1001,1.0,6530.0,10.0
12259,54824,1047,1.0,5950.0,15.0
554,50218,1056,3.0,1230.0,0.0
17457,56884,1056,2.0,1230.0,5.0
5760,52276,1071,1.0,1670.0,5.0
3684,51457,1043,3.0,4500.0,15.0
12380,54876,1040,1.0,3060.0,0.0
114,50049,1008,4.0,6630.0,15.0
5082,52013,1004,2.0,9380.0,5.0
3154,51246,1072,3.0,4390.0,20.0
11884,54672,1007,2.0,1100.0,0.0
7972,53143,1002,4.0,3080.0,0.0
11603,54561,1069,4.0,4090.0,5.0
12777,55029,1060,1.0,5950.0,0.0
16892,56662,1050,2.0,7140.0,0.0
4996,51980,1053,2.0,3470.0,10.0
10233,54033,1008,1.0,,25.0
15589,56158,1067,3.0,4370.0,0.0
7865,53095,1067,1.0,4370.0,10.0
19349,57651,1021,1.0,5530.0,0.0
19083,57545,1012,1.0,6600.0,0.0
2009,50782,1020,3.0,720.0,
12406,54887,1014,1.0,2270.0,15.0
15492,56121,1057,1.0,2370.0,20.0
12201,54801,1057,1.0,2370.0,20.0
10191,54016,1003,1.0,2040.0,5.0
10177,54012,1061,1.0,8080.0,20.0
656,50255,1055,3.0,1380.0,10.0
4367,51728,1052,2.0,6950.0,5.0
91,50038,1034,4.0,10530.0,5.0
10867,54270,1016,1.0,3350.0,0.0
10449,54113,1033,1.0,2910.0,0.0
19628,57763,1030,1.0,4290.0,5.0
6579,52588,1016,1.0,3350.0,0.0
5473,52168,1060,1.0,5950.0,0.0
19605,57753,1074,4.0,1880.0,0.0
2824,51119,1006,1.0,4150.0,10.0
3596,51419,1054,1.0,1830.0,5.0
7709,53036,1063,3.0,1660.0,
3443,51360,1027,3.0,7200.0,10.0
16900,56664,1050,2.0,7140.0,0.0
15612,56169,1012,2.0,6600.0,10.0
19916,57882,1017,1.0,3470.0,0.0
12085,54752,1007,1.0,1100.0,0.0
9985,53936,1021,1.0,5530.0,15.0
1598,50624,1023,2.0,4290.0,0.0
10951,54303,1043,1.0,4500.0,0.0
2154,50838,1018,1.0,3890.0,15.0
10513,54141,1063,2.0,1660.0,5.0
8157,53211,1049,1.0,2810.0,0.0
15009,55932,1026,1.0,7010.0,10.0
311,50126,1044,1.0,3230.0,5.0
13833,55451,1060,3.0,5950.0,15.0
9170,53610,1056,1.0,1230.0,0.0
9422,53712,1011,2.0,4590.0,5.0
960,50380,1027,3.0,7200.0,20.0
12588,54955,1031,1.0,9170.0,20.0
1098,50433,1041,1.0,700.0,5.0
13565,55346,1034,3.0,10530.0,20.0
14176,55589,1042,1.0,590.0,0.0
8915,53512,1033,5.0,2910.0,25.0
19037,57526,1034,3.0,10530.0,0.0
7460,52928,1027,1.0,7200.0,10.0
749,50291,1022,1.0,3830.0,25.0
13143,55174,1015,1.0,3850.0,15.0
10383,54086,1011,5.0,4590.0,15.0
516,50199,1046,1.0,3450.0,0.0
2638,51040,1025,2.0,4730.0,15.0
11827,54651,1023,2.0,4290.0,0.0
18980,57502,1026,2.0,7010.0,5.0
19403,57671,1064,2.0,7500.0,10.0
17169,56768,1074,3.0,1880.0,0.0
6395,52519,1001,4.0,6530.0,0.0
10278,54048,1009,3.0,6030.0,0.0
2481,50974,1009,1.0,6030.0,15.0
3975,51567,1037,2.0,2640.0,10.0
19062,57537,1037,3.0,2640.0,10.0
4327,51713,1005,2.0,5510.0,10.0
18963,57493,1072,3.0,4390.0,5.0
13955,55498,1041,2.0,700.0,20.0
11155,54385,1057,1.0,2370.0,0.0
16951,56685,1003,4.0,2040.0,15.0
12766,55025,1071,1.0,1670.0,10.0
383,50152,1045,1.0,8330.0,0.0
9655,53808,1071,1.0,1670.0,0.0
5300,52098,1066,1.0,3610.0,0.0
17102,56745,1036,1.0,6710.0,
18932,57481,1071,2.0,1670.0,25.0
7746,53049,1016,5.0,3350.0,15.0
15586,56157,1011,1.0,4590.0,5.0
13062,55143,1025,1.0,4730.0,0.0
5554,52198,1056,2.0,1230.0,0.0
9212,53626,1071,1.0,1670.0,10.0
8430,53319,1015,5.0,3850.0,0.0
5259,52082,1060,2.0,5950.0,15.0
18448,57279,1068,3.0,10570.0,25.0
5720,52260,1037,1.0,2640.0,0.0
3314,51310,1071,3.0,1670.0,10.0
1792,50698,1051,1.0,7060.0,5.0
11514,54524,1022,2.0,3830.0,25.0
1296,50510,1008,1.0,6630.0,5.0
8849,53487,1068,1.0,10570.0,5.0
15933,56292,1074,2.0,1880.0,15.0
10391,54089,1043,1.0,4500.0,0.0
637,50248,1021,2.0,5530.0,5.0
11159,54387,1040,2.0,3060.0,15.0
12123,54769,1018,1.0,3890.0,15.0
7233,52848,1006,1.0,4150.0,20.0
745,50290,1003,1.0,2040.0,0.0
7179,52828,1019,1.0,4560.0,5.0
16348,56449,1057,1.0,2370.0,15.0
15763,56229,1056,1.0,1230.0,0.0
15423,56090,1040,1.0,3060.0,5.0
8185,53222,1074,1.0,1880.0,0.0
7781,53063,1031,1.0,9170.0,5.0
9309,53667,1039,1.0,8680.0,20.0
4550,51799,1075,1.0,2140.0,10.0
20189,57997,1045,1.0,8330.0,0.0
14349,55666,1009,1.0,6030.0,15.0
6389,52518,1062,2.0,280.0,15.0
3307,51306,1036,2.0,6710.0,5.0
9055,53569,1011,1.0,,15.0
10905,54284,1018,3.0,3890.0,0.0
15736,56218,1037,1.0,2640.0,10.0
15691,56202,1055,3.0,1380.0,20.0
17426,56871,1055,1.0,1380.0,0.0
5303,52099,1024,1.0,9110.0,0.0
1415,50557,1036,1.0,6710.0,0.0
18497,57299,1057,2.0,2370.0,0.0
15164,55991,1071,2.0,1670.0,15.0
4501,51780,1021,1.0,5530.0,0.0
4086,51612,1005,1.0,5510.0,20.0
11410,54485,1031,1.0,9170.0,0.0
16928,56675,1071,4.0,1670.0,20.0
9585,53778,1069,4.0,4090.0,5.0
15979,56309,1015,4.0,3850.0,0.0
921,50364,1068,1.0,10570.0,0.0
3321,51311,1007,2.0,1100.0,0.0
11593,54558,1051,2.0,7060.0,20.0
7981,53146,1060,1.0,5950.0,10.0
7760,53055,1001,2.0,6530.0,10.0
10340,54070,1006,1.0,4150.0,0.0
2160,50842,1058,1.0,5550.0,5.0
11496,54519,1020,2.0,720.0,10.0
18061,57119,1041,2.0,700.0,20.0
4303,51703,1041,1.0,700.0,0.0
2710,51068,1024,1.0,9110.0,15.0
5995,52365,1044,1.0,3230.0,5.0
6016,52374,1017,1.0,3470.0,5.0
16853,56647,1032,3.0,1990.0,5.0
4987,51975,1034,1.0,10530.0,5.0
6474,52546,1024,1.0,9110.0,5.0
10669,54200,1048,3.0,7870.0,10.0
14261,55627,1026,3.0,7010.0,5.0
16193,56391,1067,2.0,4370.0,0.0
16259,56418,1053,1.0,3470.0,15.0
11440,54497,1048,1.0,7870.0,0.0
290,50116,1021,3.0,5530.0,0.0
12371,54873,1013,1.0,,0.0
4951,51962,1035,2.0,6470.0,20.0
18006,57095,1064,2.0,7500.0,0.0
10277,54048,1028,1.0,4510.0,10.0
7637,53002,1056,1.0,1230.0,5.0
7111,52801,1067,1.0,4370.0,5.0
18599,57339,1061,2.0,8080.0,5.0
11989,54713,1035,2.0,6470.0,0.0
10426,54103,1073,3.0,6680.0,10.0
13563,55345,1035,1.0,6470.0,0.0
3878,51531,1025,1.0,4730.0,10.0
4703,51860,1074,1.0,1880.0,0.0
7780,53062,1026,1.0,7010.0,0.0
15999,56319,1030,1.0,4290.0,10.0
5340,52115,1049,1.0,2810.0,0.0
13990,55511,1033,1.0,2910.0,5.0
6531,52566,1070,1.0,2320.0,5.0
1304,50514,1031,1.0,9170.0,10.0
452,50177,1032,1.0,1990.0,5.0
13888,55471,1022,1.0,3830.0,0.0
2838,51124,1037,4.0,2640.0,25.0
3955,51560,1024,1.0,9110.0,15.0
9024,53557,1017,1.0,3470.0,10.0
4218,51666,1045,1.0,8330.0,0.0
9743,53842,1042,1.0,590.0,25.0
19958,57901,1029,4.0,3490.0,0.0
2117,50824,1018,2.0,3890.0,0.0
14817,55851,1011,3.0,4590.0,0.0
4625,51829,1019,3.0,4560.0,20.0
17192,56777,1052,1.0,6950.0,0.0
9846,53883,1037,3.0,2640.0,5.0
12472,54909,1019,1.0,4560.0,0.0
14958,55911,1026,1.0,7010.0,25.0
6182,52439,1070,1.0,2320.0,10.0
11014,54327,1029,1.0,3490.0,10.0
11354,54465,1043,4.0,4500.0,25.0
7376,52896,1033,1.0,2910.0,15.0
13009,55117,1070,1.0,2320.0,0.0
293,50118,1061,1.0,8080.0,5.0
16357,56453,1029,1.0,3490.0,20.0
18839,57446,1024,3.0,9110.0,25.0
5671,52242,1034,2.0,10530.0,0.0
15143,55984,1031,4.0,9170.0,10.0
19160,57574,1021,1.0,5530.0,10.0
11106,54365,1055,1.0,1380.0,0.0
4184,51651,1027,3.0,7200.0,
2821,51117,1004,,9380.0,15.0
14414,55694,1070,1.0,2320.0,10.0
9392,53699,1072,2.0,4390.0,20.0
8268,53254,1010,1.0,8870.0,20.0
13770,55427,1001,3.0,6530.0,0.0
18889,57464,1057,3.0,2370.0,0.0
10823,54254,1048,1.0,7870.0,10.0
560,50221,1004,2.0,9380.0,0.0
4844,51918,1051,1.0,7060.0,10.0
7262,52858,1057,4.0,2370.0,10.0
17501,56899,1072,2.0,4390.0,10.0
1671,50653,1059,1.0,4580.0,0.0
17750,57000,1073,1.0,6680.0,0.0
19567,57737,1015,,3850.0,0.0
13283,55231,1020,3.0,720.0,20.0
16861,56650,1041,4.0,700.0,0.0
13518,55327,1067,1.0,4370.0,10.0
18143,57156,1075,2.0,2140.0,10.0
14078,55548,1066,3.0,3610.0,0.0
19187,57585,1056,1.0,1230.0,10.0
10489,54130,1028,1.0,4510.0,15.0
9111,53590,1065,1.0,7400.0,0.0
208,50083,1067,2.0,4370.0,0.0
11713,54603,1042,2.0,590.0,0.0
11755,54623,1014,2.0,2270.0,10.0
13373,55263,1033,1.0,2910.0,5.0
3510,51384,1058,1.0,5550.0,5.0
4867,51927,1049,3.0,2810.0,25.0
14163,55584,1051,2.0,7060.0,0.0
14195,55598,1009,2.0,6030.0,20.0
7026,52764,1059,1.0,4580.0,20.0
14541,55744,1035,2.0,6470.0,0.0
15436,56097,1053,1.0,3470.0,0.0
810,50320,1026,1.0,7010.0,15.0
5654,52236,1060,2.0,5950.0,0.0
13484,55312,1057,2.0,2370.0,20.0
8598,53388,1009,2.0,6030.0,25.0
9147,53603,1005,1.0,5510.0,0.0
6196,52444,1001,2.0,6530.0,10.0
19822,57842,1014,1.0,2270.0,20.0
8927,53516,1071,1.0,1670.0,25.0
10614,54178,1022,1.0,3830.0,15.0
388,50153,1041,4.0,700.0,10.0
3950,51558,1065,1.0,7400.0,0.0
17401,56862,1055,1.0,1380.0,0.0
11499,54520,1003,1.0,2040.0,10.0
15965,56304,1054,1.0,1830.0,0.0
6010,52371,1056,3.0,1230.0,20.0
8537,53362,1020,2.0,720.0,0.0
17003,56707,1008,1.0,6630.0,0.0
8197,53229,1011,2.0,4590.0,15.0
5849,52311,1040,2.0,3060.0,10.0
14941,55902,1071,2.0,1670.0,0.0
5886,52325,1059,,4580.0,0.0
9616,53790,1049,1.0,2810.0,0.0
12359,54867,1033,5.0,2910.0,0.0
19018,57518,1053,1.0,3470.0,0.0
5476,52169,1071,2.0,1670.0,10.0
14809,55849,1034,1.0,10530.0,15.0
19471,57699,1063,1.0,1660.0,15.0
4998,51981,1041,1.0,700.0,5.0
3033,51198,1041,1.0,700.0,10.0
10144,54001,1004,1.0,9380.0,0.0
18918,57475,1049,2.0,2810.0,10.0
517,50199,1054,2.0,1830.0,20.0
13805,55440,1068,1.0,10570.0,20.0
220,50089,1042,2.0,590.0,5.0
818,50323,1027,2.0,7200.0,15.0
14315,55651,1018,2.0,3890.0,5.0
16736,56604,1070,,2320.0,10.0
14725,55819,1028,1.0,4510.0,5.0
7804,53073,1062,2.0,280.0,0.0
17536,56913,1002,1.0,3080.0,10.0
1600,50624,1053,1.0,3470.0,0.0
10906,54284,1064,3.0,7500.0,25.0
6870,52704,1069,1.0,4090.0,0.0
9551,53764,1057,4.0,2370.0,10.0
10953,54304,1035,1.0,6470.0,15.0
531,50207,1026,1.0,,0.0
11801,54640,1010,1.0,8870.0,15.0
994,50393,1010,2.0,8870.0,0.0
7750,53051,1012,2.0,6600.0,5.0
12243,54818,1014,2.0,2270.0,0.0
8397,53305,1071,1.0,1670.0,10.0
2956,51168,1046,1.0,3450.0,10.0
15828,56254,1026,2.0,7010.0,0.0
13399,55273,1033,2.0,2910.0,20.0
19617,57757,1055,1.0,1380.0,15.0
228,50091,1074,1.0,1880.0,20.0
5990,52363,1059,1.0,4580.0,15.0
5785,52286,1052,2.0,6950.0,0.0
11284,54437,1003,2.0,2040.0,0.0
15401,56081,1051,2.0,7060.0,5.0
7062,52781,1024,1.0,9110.0,5.0
14760,55832,1004,4.0,9380.0,0.0
13506,55322,1056,3.0,1230.0,20.0
14755,55830,1061,,8080.0,0.0
8096,53189,1012,3.0,6600.0,25.0
14484,55724,1050,1.0,7140.0,0.0
5530,52190,1054,2.0,1830.0,0.0
51,50021,1050,1.0,7140.0,5.0
16321,56441,1004,1.0,9380.0,0.0
15457,56105,1051,4.0,7060.0,10.0
15471,56111,1017,1.0,3470.0,0.0
10252,54039,1058,1.0,5550.0,5.0
14388,55682,1030,1.0,4290.0,10.0
13623,55366,1072,1.0,4390.0,15.0
18986,57504,1073,1.0,6680.0,0.0
15576,56153,1062,3.0,280.0,5.0
9695,53822,1033,3.0,2910.0,0.0
4984,51973,1015,3.0,3850.0,0.0
4079,51608,1070,3.0,2320.0,0.0
17009,56710,1034,1.0,10530.0,0.0
16798,56626,1037,1.0,2640.0,5.0
6354,52504,1033,2.0,2910.0,5.0
18984,57504,1020,2.0,720.0,5.0
18081,57129,1019,1.0,4560.0,10.0
15380,56072,1016,2.0,3350.0,15.0
887,50352,1005,1.0,5510.0,10.0
13342,55253,1046,2.0,3450.0,15.0
8591,53386,1003,1.0,2040.0,10.0
15086,55960,1043,1.0,4500.0,5.0
19743,57809,1007,2.0,1100.0,5.0
16163,56379,1028,1.0,4510.0,0.0
12563,54945,1037,1.0,2640.0,5.0
15529,56134,1051,1.0,7060.0,0.0
17669,56967,1052,1.0,6950.0,0.0
5446,52158,1039,1.0,8680.0,0.0
5674,52243,1001,1.0,6530.0,0.0
19430,57683,1071,3.0,1670.0,15.0
14027,55527,1025,5.0,4730.0,0.0
12130,54772,1009,1.0,6030.0,5.0
15662,56189,1005,4.0,5510.0,10.0
19185,57585,1012,1.0,6600.0,0.0
1278,50504,1056,1.0,1230.0,15.0
2363,50927,1038,1.0,4270.0,5.0
565,50223,1059,2.0,4580.0,5.0
13224,55208,1061,1.0,8080.0,0.0
12635,54977,1029,2.0,3490.0,25.0
3991,51573,1062,2.0,280.0,10.0
6608,52598,1041,1.0,700.0,10.0
3511,51384,1043,1.0,4500.0,10.0
92,50038,1052,2.0,6950.0,5.0
12860,55062,1065,3.0,7400.0,25.0
18440,57277,1055,1.0,1380.0,
9234,53637,1062,2.0,280.0,0.0
4038,51592,1017,4.0,3470.0,10.0
9086,53579,1023,1.0,4290.0,15.0
10580,54167,1029,1.0,3490.0,25.0
14952,55909,1035,3.0,6470.0,0.0
18636,57354,1014,1.0,2270.0,0.0
5460,52164,1006,1.0,4150.0,5.0
17410,56866,1026,3.0,7010.0,0.0
4653,51839,1066,2.0,3610.0,5.0
6066,52393,1040,1.0,3060.0,10.0
2959,51169,1056,4.0,1230.0,0.0
10224,54030,1029,1.0,3490.0,0.0
10072,53971,1064,2.0,,5.0
11932,54689,1049,1.0,2810.0,0.0
12324,54853,1072,1.0,4390.0,0.0
956,50378,1029,1.0,3490.0,5.0
19378,57662,1056,4.0,1230.0,10.0
389,50154,1043,1.0,4500.0,15.0
18531,57311,1014,2.0,2270.0,10.0
18500,57300,1033,3.0,2910.0,0.0
18264,57209,1034,1.0,10530.0,0.0
3737,51475,1069,5.0,4090.0,0.0
16308,56438,1037,2.0,2640.0,0.0
14061,55542,1043,2.0,4500.0,0.0
14018,55523,1016,4.0,3350.0,0.0
9522,53754,1073,4.0,6680.0,5.0
978,50386,1062,1.0,280.0,10.0
10303,54056,1061,2.0,8080.0,0.0
7777,53061,1004,3.0,9380.0,5.0
17400,56861,1066,1.0,3610.0,10.0
16782,56621,1050,3.0,7140.0,10.0
13305,55240,1075,2.0,2140.0,0.0
6989,52749,1005,1.0,5510.0,10.0
2495,50981,1042,2.0,590.0,5.0
7743,53048,1073,3.0,6680.0,0.0
7098,52796,1018,2.0,3890.0,5.0
7975,53145,1025,1.0,4730.0,0.0
15077,55957,1006,3.0,4150.0,20.0
15911,56285,1003,1.0,2040.0,15.0
8796,53464,1001,1.0,6530.0,20.0
14539,55743,1075,2.0,2140.0,0.0
5791,52290,1065,3.0,7400.0,0.0
8832,53480,1051,1.0,7060.0,15.0
11619,54566,1061,2.0,,
3947,51557,1065,2.0,7400.0,20.0
14999,55928,1065,4.0,7400.0,5.0
5352,52119,1013,2.0,220.0,0.0
2256,50885,1053,1.0,3470.0,0.0
15613,56169,1070,2.0,2320.0,5.0
14658,55793,1021,1.0,5530.0,5.0
17878,57049,1027,1.0,7200.0,5.0
11570,54549,1039,3.0,8680.0,10.0
16603,56553,1065,2.0,,10.0
8969,53534,1057,1.0,2370.0,5.0
11102,54363,1059,2.0,4580.0,10.0
3939,51555,1007,1.0,1100.0,0.0
8599,53388,1049,3.0,2810.0,5.0
5589,52214,1024,2.0,9110.0,0.0
4314,51707,1032,1.0,1990.0,0.0
7406,52908,1006,2.0,4150.0,0.0
12903,55078,1054,3.0,1830.0,0.0
14036,55531,1053,1.0,3470.0,
1887,50737,1031,2.0,9170.0,0.0
16919,56671,1075,1.0,2140.0,0.0
7139,52814,1064,1.0,7500.0,10.0
18833,57442,1066,2.0,3610.0,5.0
8269,53255,1038,2.0,4270.0,
14776,55836,1028,1.0,4510.0,5.0
17897,57055,1002,2.0,3080.0,10.0
18437,57276,1066,2.0,3610.0,0.0
18825,57440,1003,3.0,2040.0,5.0
12063,54743,1057,1.0,2370.0,0.0
7779,53062,1054,1.0,1830.0,15.0
19941,57893,1037,1.0,2640.0,5.0
18511,57304,1067,2.0,4370.0,0.0
10683,54204,1046,1.0,3450.0,5.0
13459,55300,1054,5.0,1830.0,5.0
1859,50726,1017,3.0,3470.0,0.0
14707,55813,1020,1.0,720.0,20.0
15481,56115,1031,2.0,9170.0,15.0
578,50227,1067,3.0,,5.0
7506,52947,1020,1.0,720.0,15.0
13187,55193,1033,3.0,2910.0,5.0
19231,57600,1069,1.0,4090.0,15.0
11778,54631,1058,1.0,5550.0,5.0
5242,52076,1030,5.0,4290.0,15.0
9766,53850,1071,1.0,1670.0,5.0
16169,56383,1071,1.0,1670.0,0.0
16983,56696,1044,1.0,3230.0,
7394,52902,1072,3.0,4390.0,0.0
7756,53054,1020,2.0,720.0,25.0
15729,56216,1050,,7140.0,5.0
14306,55646,1027,1.0,7200.0,20.0
16220,56401,1032,3.0,1990.0,0.0
231,50092,1049,1.0,2810.0,0.0
8883,53501,1032,3.0,1990.0,0.0
14165,55586,1017,1.0,3470.0,10.0
6434,52533,1033,2.0,2910.0,0.0
18633,57353,1014,2.0,2270.0,0.0
19377,57661,1030,1.0,4290.0,0.0
13157,55179,1003,1.0,2040.0,5.0
1129,50444,1037,4.0,2640.0,5.0
12188,54797,1075,1.0,2140.0,5.0
34,50013,1066,1.0,3610.0,0.0
19631,57764,1037,5.0,2640.0,5.0
7845,53088,1056,1.0,1230.0,10.0
17046,56724,1072,1.0,4390.0,10.0
15133,55980,1038,1.0,4270.0,0.0
20052,57942,1073,1.0,6680.0,0.0
4083,51610,1014,1.0,2270.0,10.0
5908,52332,1024,1.0,9110.0,20.0
10053,53965,1070,4.0,2320.0,0.0
14802,55846,1055,3.0,1380.0,0.0
8722,53437,1047,2.0,5950.0,0.0
6101,52404,1059,1.0,4580.0,20.0
1863,50727,1025,2.0,4730.0,20.0
15793,56240,1016,3.0,3350.0,0.0
8566,53376,1001,2.0,6530.0,0.0
8612,53394,1060,1.0,5950.0,5.0
1523,50598,1056,1.0,1230.0,15.0
798,50314,1046,1.0,3450.0,20.0
9605,53785,1047,4.0,5950.0,5.0
17825,57027,1066,1.0,3610.0,5.0
18827,57440,1073,3.0,6680.0,0.0
8572,53378,1030,1.0,4290.0,0.0
11370,54472,1057,1.0,2370.0,10.0
9694,53821,1012,1.0,6600.0,0.0
10427,54104,1011,1.0,4590.0,0.0
11450,54501,1028,2.0,4510.0,5.0
10279,54048,1045,1.0,8330.0,10.0
10758,54231,1065,1.0,7400.0,10.0
14226,55614,1019,1.0,4560.0,0.0
5226,52071,1053,1.0,3470.0,15.0
10312,54060,1057,1.0,2370.0,20.0
2938,51161,1073,2.0,6680.0,10.0
16392,56466,1052,1.0,6950.0,20.0
7677,53018,1004,3.0,9380.0,5.0
19476,57703,1007,1.0,1100.0,5.0
7280,52864,1037,2.0,2640.0,10.0
19579,57742,1011,2.0,4590.0,0.0
10000,53942,1011,1.0,4590.0,0.0
3856,51522,1033,1.0,2910.0,5.0
1701,50663,1020,1.0,720.0,5.0
14464,55713,1049,1.0,,0.0
10255,54040,1017,1.0,3470.0,5.0
15198,56007,1075,2.0,,5.0
5152,52041,1021,1.0,5530.0,10.0
6762,52658,1023,1.0,4290.0,10.0
4026,51587,1009,1.0,6030.0,15.0
13646,55374,1042,1.0,590.0,0.0
13420,55284,1017,3.0,3470.0,0.0
10392,54090,1075,1.0,2140.0,10.0
9690,53820,1063,3.0,1660.0,5.0
5465,52165,1048,2.0,7870.0,10.0
14915,55890,1017,1.0,3470.0,5.0
371,50146,1036,1.0,6710.0,0.0
11246,54424,1034,1.0,10530.0,10.0
13832,55450,1046,1.0,3450.0,0.0
7411,52910,1044,1.0,3230.0,5.0
10195,54017,1010,2.0,8870.0,0.0
7642,53004,1061,1.0,8080.0,20.0
10552,54155,1072,1.0,4390.0,5.0
12009,54722,1071,1.0,1670.0,10.0
15220,56014,1001,1.0,6530.0,20.0
13561,55344,1009,2.0,6030.0,10.0
13617,55364,1013,1.0,220.0,10.0
3832,51513,1010,3.0,8870.0,0.0
10096,53982,1027,3.0,7200.0,0.0
8163,53215,1038,,4270.0,0.0
17650,56959,1054,1.0,1830.0,5.0
12045,54735,1059,3.0,4580.0,5.0
2258,50886,1006,1.0,4150.0,0.0
14698,55809,1019,1.0,4560.0,5.0
13609,55362,1042,3.0,590.0,0.0
12627,54974,1013,1.0,220.0,5.0
4575,51808,1013,1.0,220.0,10.0
7605,52991,1042,1.0,590.0,0.0
9370,53689,1003,2.0,2040.0,15.0
466,50182,1047,1.0,5950.0,10.0
5047,52001,1010,2.0,8870.0,25.0
9994,53940,1055,1.0,1380.0,0.0
4328,51713,1023,2.0,4290.0,5.0
11171,54391,1052,1.0,6950.0,5.0
8513,53353,1049,1.0,2810.0,0.0
5510,52184,1052,1.0,6950.0,15.0
16292,56431,1070,1.0,2320.0,5.0
13521,55328,1048,2.0,7870.0,5.0
4516,51785,1046,2.0,3450.0,5.0
3311,51308,1052,1.0,6950.0,10.0
17293,56815,1040,3.0,3060.0,0.0
15896,56278,1029,1.0,3490.0,15.0
8202,53231,1008,3.0,6630.0,5.0
18201,57182,1016,2.0,3350.0,5.0
19914,57882,1061,1.0,8080.0,10.0
1421,50559,1015,2.0,3850.0,20.0
5576,52208,1037,2.0,2640.0,0.0
5810,52296,1009,1.0,6030.0,5.0
9922,53912,1009,1.0,6030.0,20.0
15883,56274,1043,1.0,4500.0,15.0
791,50312,1002,1.0,3080.0,5.0
6062,52392,1054,1.0,1830.0,15.0
19056,57535,1063,1.0,1660.0,0.0
6339,52498,1012,1.0,6600.0,20.0
18648,57360,1012,1.0,6600.0,0.0
20094,57960,1001,1.0,6530.0,5.0
5111,52025,1004,2.0,9380.0,0.0
13058,55142,1039,1.0,8680.0,0.0
10175,54011,1039,3.0,8680.0,25.0
8086,53185,1068,1.0,10570.0,10.0
15518,56131,1012,2.0,6600.0,0.0
6297,52481,1022,1.0,3830.0,15.0
10624,54184,1024,2.0,9110.0,0.0
18418,57266,1029,1.0,3490.0,5.0
644,50251,1014,3.0,2270.0,0.0
18027,57105,1049,2.0,2810.0,0.0
11039,54339,1063,2.0,1660.0,20.0
20115,57970,1025,1.0,4730.0,5.0
10247,54038,1043,2.0,4500.0,25.0
13739,55413,1041,2.0,700.0,0.0
14869,55873,1075,1.0,2140.0,0.0
17152,56763,1006,1.0,4150.0,10.0
7258,52856,1045,3.0,,0.0
18686,57377,1011,5.0,4590.0,0.0
18957,57491,1064,1.0,7500.0,5.0
8453,53328,1075,1.0,2140.0,0.0
18602,57340,1010,2.0,8870.0,5.0
8904,53508,1016,3.0,3350.0,25.0
12255,54822,1058,1.0,5550.0,0.0
3000,51186,1033,2.0,2910.0,0.0
17276,56808,1037,2.0,2640.0,0.0
17902,57057,1067,1.0,4370.0,0.0
3393,51341,1026,1.0,7010.0,5.0
15575,56152,1050,1.0,7140.0,5.0
3040,51200,1066,3.0,3610.0,5.0
10748,54228,1037,2.0,2640.0,15.0
16217,56400,1069,2.0,4090.0,15.0
2153,50838,1007,1.0,,0.0
14186,55594,1023,2.0,4290.0,0.0
17144,56760,1006,1.0,4150.0,0.0
19817,57841,1020,3.0,720.0,10.0
11043,54340,1008,1.0,6630.0,15.0
11630,54570,1008,1.0,6630.0,5.0
15182,55999,1043,1.0,4500.0,0.0
13777,55430,1026,1.0,7010.0,10.0
17682,56973,1025,1.0,4730.0,5.0
18532,57311,1049,1.0,2810.0,10.0
205,50083,1025,1.0,4730.0,5.0
7706,53035,1037,1.0,2640.0,0.0
799,50315,1002,1.0,3080.0,10.0
10229,54032,1003,1.0,2040.0,0.0
10347,54074,1038,3.0,4270.0,10.0
12710,55003,1055,1.0,1380.0,25.0
8799,53466,1068,1.0,10570.0,0.0
4445,51758,1069,1.0,4090.0,15.0
15698,56204,1027,1.0,7200.0,10.0
14331,55657,1064,1.0,7500.0,15.0
2586,51016,1069,1.0,4090.0,5.0
10706,54212,1043,4.0,4500.0,10.0
14998,55927,1033,1.0,2910.0,0.0
2146,50835,1032,1.0,1990.0,5.0
8132,53202,1032,2.0,1990.0,5.0
6596,52594,1046,1.0,,0.0
8149,53208,1056,1.0,1230.0,15.0
2761,51092,1028,3.0,4510.0,20.0
12082,54751,1009,2.0,6030.0,10.0
1896,50740,1010,1.0,8870.0,0.0
1806,50703,1073,2.0,6680.0,15.0
7451,52925,1064,2.0,7500.0,0.0
11029,54333,1003,1.0,2040.0,
12294,54840,1052,1.0,6950.0,10.0
10866,54270,1045,3.0,8330.0,0.0
18338,57236,1031,1.0,9170.0,10.0
2375,50933,1025,3.0,4730.0,0.0
11109,54366,1006,1.0,4150.0,0.0
12901,55077,1023,1.0,4290.0,25.0
9972,53931,1040,3.0,3060.0,15.0
19855,57857,1006,3.0,4150.0,15.0
19856,57857,1063,1.0,1660.0,0.0
16337,56447,1070,1.0,2320.0,5.0
1561,50610,1020,1.0,720.0,20.0
17574,56929,1044,2.0,3230.0,0.0
7410,52909,1059,5.0,4580.0,20.0
8177,53220,1033,4.0,2910.0,15.0
7039,52770,1035,2.0,6470.0,0.0
5738,52268,1042,1.0,590.0,10.0
19401,57671,1052,3.0,6950.0,15.0
11800,54639,1031,1.0,9170.0,15.0
8713,53433,1056,2.0,1230.0,0.0
6261,52468,1026,1.0,7010.0,10.0
11511,54523,1063,1.0,1660.0,15.0
12979,55106,1062,1.0,280.0,10.0
19923,57885,1056,1.0,1230.0,0.0
10931,54295,1039,2.0,8680.0,10.0
395,50156,1028,4.0,4510.0,10.0
14623,55778,1019,1.0,4560.0,0.0
19925,57886,1060,1.0,5950.0,0.0
2321,50910,1044,1.0,3230.0,10.0
8618,53396,1048,3.0,7870.0,5.0
14446,55705,1023,1.0,4290.0,25.0
5393,52134,1064,1.0,7500.0,0.0
11153,54385,1005,1.0,5510.0,0.0
8475,53337,1014,2.0,2270.0,
12833,55054,1045,1.0,8330.0,0.0
13381,55265,1025,1.0,4730.0,15.0
6230,52458,1004,1.0,9380.0,0.0
800,50315,1019,1.0,4560.0,5.0
11838,54655,1018,1.0,3890.0,0.0
2853,51130,1016,1.0,3350.0,0.0
4296,51701,1062,1.0,280.0,5.0
8556,53373,1040,3.0,3060.0,5.0
2917,51155,1070,1.0,2320.0,0.0
847,50333,1014,2.0,2270.0,0.0
14416,55695,1046,1.0,3450.0,0.0
18777,57417,1056,1.0,1230.0,0.0
4922,51949,1033,5.0,2910.0,5.0
3417,51349,1065,3.0,7400.0,15.0
11971,54705,1010,2.0,8870.0,0.0
18319,57227,1031,1.0,9170.0,10.0
7839,53086,1032,2.0,1990.0,25.0
15833,56256,1050,3.0,7140.0,15.0
12572,54948,1073,1.0,6680.0,0.0
1723,50672,1016,2.0,3350.0,10.0
4549,51798,1069,1.0,4090.0,5.0
12606,54965,1024,3.0,9110.0,5.0
18988,57505,1026,1.0,7010.0,5.0
8656,53411,1001,2.0,6530.0,0.0
18874,57459,1006,1.0,4150.0,0.0
12118,54767,1052,,6950.0,25.0
6106,52406,1046,1.0,3450.0,0.0
12448,54902,1046,4.0,3450.0,0.0
9472,53733,1050,1.0,7140.0,15.0
3438,51358,1060,2.0,5950.0,0.0
9857,53887,1042,2.0,590.0,15.0
14605,55771,1056,1.0,1230.0,10.0
14843,55862,1020,2.0,720.0,10.0
11761,54625,1002,4.0,3080.0,15.0
16545,56530,1007,1.0,1100.0,5.0
13787,55434,1035,3.0,6470.0,0.0
15878,56273,1034,1.0,10530.0,5.0
19235,57603,1013,1.0,220.0,0.0
13218,55205,1029,2.0,3490.0,0.0
19106,57552,1010,1.0,8870.0,15.0
17177,56772,1012,1.0,6600.0,15.0
7854,53091,1027,4.0,7200.0,10.0
4104,51621,1002,2.0,3080.0,10.0
1017,50402,1058,4.0,5550.0,10.0
70,50027,1056,1.0,1230.0,0.0
9523,53754,1010,2.0,8870.0,
10920,54290,1046,1.0,3450.0,5.0
14491,55727,1020,5.0,720.0,5.0
10630,54185,1042,1.0,590.0,5.0
3783,51492,1052,2.0,6950.0,0.0
5464,52165,1072,1.0,4390.0,0.0
2519,50990,1012,2.0,6600.0,0.0
14724,55818,1049,2.0,2810.0,0.0
756,50295,1027,2.0,7200.0,0.0
9989,53938,1075,1.0,2140.0,10.0
11066,54349,1050,1.0,7140.0,10.0
13185,55193,1070,3.0,2320.0,5.0
11613,54564,1012,1.0,6600.0,5.0
19391,57668,1073,1.0,6680.0,0.0
13511,55324,1047,1.0,5950.0,0.0
13823,55448,1012,4.0,6600.0,5.0
2931,51159,1050,4.0,7140.0,5.0
9153,53604,1041,2.0,700.0,20.0
4631,51832,1048,1.0,7870.0,10.0
5846,52310,1059,2.0,4580.0,0.0
5746,52272,1007,1.0,1100.0,10.0
6850,52695,1051,5.0,7060.0,0.0
615,50241,1030,3.0,4290.0,25.0
9887,53898,1057,2.0,2370.0,5.0
5761,52276,1048,1.0,7870.0,5.0
9374,53691,1043,1.0,4500.0,20.0
4358,51725,1018,2.0,3890.0,0.0
17638,56952,1034,1.0,10530.0,0.0
19206,57591,1030,4.0,4290.0,0.0
16719,56597,1048,1.0,7870.0,15.0
14359,55672,1054,4.0,1830.0,0.0
7850,53090,1008,2.0,6630.0,0.0
17527,56909,1057,2.0,2370.0,5.0
9505,53748,1061,1.0,8080.0,0.0
4776,51887,1065,2.0,7400.0,5.0
17395,56859,1027,1.0,7200.0,15.0
728,50283,1072,1.0,4390.0,20.0
10438,54108,1064,2.0,7500.0,0.0
12158,54785,1035,1.0,6470.0,0.0
2418,50948,1021,1.0,5530.0,0.0
5287,52093,1071,5.0,1670.0,15.0
18725,57393,1020,1.0,720.0,5.0
16729,56601,1073,1.0,6680.0,0.0
13643,55374,1044,2.0,3230.0,0.0
6945,52732,1038,1.0,4270.0,10.0
9997,53941,1006,3.0,4150.0,10.0
3268,51290,1003,3.0,2040.0,10.0
9378,53693,1057,1.0,2370.0,5.0
13498,55319,1053,3.0,3470.0,0.0
10421,54101,1023,1.0,4290.0,0.0
19101,57550,1049,1.0,2810.0,
7636,53002,1037,5.0,2640.0,10.0
18265,57209,1020,1.0,720.0,5.0
9880,53895,1019,3.0,4560.0,5.0
10309,54059,1064,1.0,7500.0,15.0
12401,54885,1052,1.0,6950.0,0.0
8553,53371,1070,1.0,2320.0,10.0
5930,52339,1037,1.0,2640.0,0.0
8948,53526,1018,2.0,3890.0,0.0
19500,57711,1003,1.0,2040.0,15.0
7717,53039,1062,1.0,280.0,0.0
19552,57728,1007,1.0,1100.0,25.0
12060,54741,1036,5.0,6710.0,0.0
3250,51284,1073,5.0,6680.0,0.0
9826,53874,1063,1.0,1660.0,0.0
6442,52536,1005,2.0,5510.0,5.0
15097,55965,1032,1.0,1990.0,5.0
529,50205,1010,1.0,8870.0,5.0
5419,52147,1070,3.0,2320.0,0.0
357,50142,1038,1.0,4270.0,20.0
6507,52558,1032,1.0,1990.0,25.0
5318,52106,1026,2.0,,10.0
12853,55060,1061,3.0,8080.0,0.0
15722,56214,1066,1.0,,0.0
19420,57679,1052,1.0,6950.0,15.0
16198,56393,1056,2.0,1230.0,5.0
852,50336,1061,1.0,8080.0,5.0
3464,51368,1012,1.0,6600.0,5.0
19686,57785,1016,1.0,3350.0,5.0
13025,55126,1054,1.0,1830.0,0.0
7943,53129,1022,2.0,3830.0,5.0
3697,51462,1065,1.0,7400.0,5.0
10914,54287,1035,3.0,6470.0,0.0
5459,52163,1024,1.0,9110.0,5.0
11047,54341,1075,1.0,2140.0,10.0
12275,54832,1019,2.0,4560.0,0.0
17845,57037,1072,2.0,4390.0,0.0
1713,50668,1017,1.0,3470.0,0.0
6427,52531,1057,1.0,2370.0,0.0
18752,57405,1073,2.0,6680.0,10.0
20087,57958,1011,2.0,4590.0,10.0
10725,54220,1028,4.0,4510.0,0.0
12430,54895,1017,1.0,3470.0,0.0
1199,50470,1063,4.0,1660.0,0.0
13946,55495,1001,3.0,6530.0,0.0
9058,53570,1074,3.0,1880.0,0.0
6381,52515,1073,1.0,6680.0,20.0
10818,54252,1039,2.0,8680.0,5.0
6049,52387,1011,2.0,4590.0,10.0
11956,54699,1072,1.0,4390.0,0.0
8033,53166,1050,1.0,7140.0,0.0
15000,55928,1015,1.0,3850.0,20.0
9113,53592,1041,1.0,700.0,10.0
10493,54132,1048,1.0,7870.0,15.0
16645,56572,1035,1.0,6470.0,0.0
4821,51907,1033,1.0,2910.0,15.0
1521,50597,1063,1.0,1660.0,0.0
6285,52476,1019,2.0,4560.0,15.0
7361,52892,1059,2.0,4580.0,0.0
3167,51250,1066,2.0,3610.0,5.0
14066,55543,1065,1.0,7400.0,10.0
3117,51232,1039,1.0,8680.0,5.0
6569,52584,1065,4.0,7400.0,0.0
10844,54261,1060,2.0,5950.0,15.0
17134,56756,1051,1.0,7060.0,0.0
19360,57655,1019,1.0,4560.0,5.0
11177,54394,1016,1.0,3350.0,0.0
4766,51884,1017,5.0,3470.0,5.0
13882,55469,1003,,2040.0,5.0
3518,51387,1024,3.0,9110.0,10.0
13357,55258,1065,1.0,7400.0,0.0
14510,55734,1019,1.0,4560.0,5.0
562,50222,1046,1.0,3450.0,0.0
11250,54426,1065,1.0,7400.0,10.0
14828,55857,1004,1.0,9380.0,0.0
940,50372,1067,3.0,4370.0,15.0
15468,56109,1008,1.0,6630.0,0.0
12025,54727,1008,2.0,6630.0,0.0
638,50249,1064,1.0,7500.0,10.0
8932,53519,1010,2.0,8870.0,0.0
13067,55144,1001,1.0,6530.0,0.0
5950,52347,1075,3.0,2140.0,10.0
2022,50787,1031,2.0,9170.0,5.0
13339,55252,1071,3.0,1670.0,0.0
5648,52234,1068,1.0,10570.0,20.0
8923,53515,1044,2.0,3230.0,10.0
10653,54194,1063,1.0,1660.0,10.0
14411,55694,1030,1.0,4290.0,5.0
7409,52909,1003,1.0,2040.0,0.0
5979,52359,1068,1.0,10570.0,15.0
5911,52333,1059,1.0,4580.0,25.0
7626,52998,1056,1.0,1230.0,10.0
20190,57998,1023,3.0,4290.0,0.0
4008,51579,1023,3.0,4290.0,0.0
18854,57451,1070,3.0,2320.0,0.0
16411,56472,1065,1.0,7400.0,0.0
7889,53106,1056,1.0,1230.0,10.0
19404,57671,1053,1.0,3470.0,0.0
19573,57740,1040,5.0,3060.0,5.0
10827,54256,1018,2.0,3890.0,0.0
12961,55098,1057,4.0,2370.0,0.0
17156,56765,1013,2.0,220.0,0.0
19965,57904,1025,3.0,,10.0
6986,52748,1053,5.0,3470.0,15.0
15522,56133,1015,1.0,3850.0,10.0
5271,52086,1027,1.0,7200.0,0.0
18917,57475,1040,1.0,,0.0
16785,56622,1058,1.0,5550.0,10.0
10359,54078,1034,4.0,10530.0,5.0
17033,56719,1029,1.0,3490.0,5.0
652,50254,1063,3.0,1660.0,10.0
9106,53588,1019,1.0,4560.0,5.0
5333,52113,1017,1.0,3470.0,0.0
4192,51654,1064,2.0,7500.0,0.0
14161,55584,1020,1.0,720.0,15.0
923,50365,1058,2.0,5550.0,0.0
9344,53679,1014,1.0,2270.0,0.0
12500,54922,1004,2.0,9380.0,0.0
15594,56160,1026,4.0,7010.0,20.0
5049,52001,1074,3.0,1880.0,10.0
8573,53379,1070,1.0,2320.0,5.0
14385,55681,1049,2.0,2810.0,0.0
11984,54711,1062,1.0,280.0,0.0
2165,50844,1075,1.0,2140.0,5.0
9194,53619,1018,3.0,3890.0,20.0
18693,57380,1036,1.0,6710.0,25.0
4695,51856,1051,1.0,7060.0,5.0
14382,55681,1005,3.0,5510.0,5.0
11872,54668,1028,2.0,4510.0,0.0
3942,51556,1042,1.0,590.0,10.0
11520,54526,1068,1.0,10570.0,0.0
3231,51276,1018,1.0,3890.0,0.0
7749,53051,1004,1.0,9380.0,5.0
3594,51417,1021,1.0,5530.0,25.0
9531,53757,1049,2.0,2810.0,0.0
16636,56568,1039,1.0,8680.0,0.0
15728,56216,1031,1.0,9170.0,10.0
18704,57386,1007,1.0,1100.0,10.0
146,50061,1061,3.0,8080.0,0.0
5436,52152,1019,1.0,4560.0,0.0
6963,52739,1064,2.0,7500.0,10.0
17815,57024,1061,5.0,8080.0,5.0
13699,55397,1005,1.0,5510.0,0.0
7900,53111,1028,2.0,4510.0,5.0
302,50122,1008,1.0,6630.0,10.0
7724,53042,1056,2.0,1230.0,10.0
20018,57926,1072,1.0,4390.0,5.0
3502,51381,1015,1.0,3850.0,5.0
5799,52293,1008,3.0,6630.0,15.0
4914,51945,1060,2.0,5950.0,10.0
19439,57686,1009,1.0,6030.0,20.0
12592,54956,1043,1.0,4500.0,20.0
5929,52339,1034,1.0,10530.0,5.0
1074,50423,1046,1.0,3450.0,25.0
9763,53849,1047,1.0,5950.0,10.0
10589,54169,1053,1.0,3470.0,
18211,57185,1032,1.0,1990.0,15.0
9255,53646,1046,1.0,3450.0,10.0
4241,51675,1005,2.0,5510.0,15.0
13092,55153,1043,1.0,4500.0,0.0
3382,51336,1014,1.0,2270.0,0.0
2865,51134,1004,2.0,9380.0,5.0
976,50385,1049,1.0,2810.0,10.0
3070,51213,1057,1.0,2370.0,5.0
17623,56946,1015,1.0,3850.0,0.0
3703,51464,1074,3.0,1880.0,10.0
9484,53738,1031,1.0,9170.0,15.0
13200,55198,1026,1.0,7010.0,0.0
1801,50701,1023,2.0,4290.0,15.0
4062,51601,1038,1.0,4270.0,10.0
2200,50859,1004,1.0,9380.0,0.0
6711,52638,1035,2.0,6470.0,20.0
2100,50818,1037,1.0,2640.0,20.0
10428,54105,1027,1.0,7200.0,10.0
18990,57506,1015,3.0,3850.0,0.0
2196,50857,1036,2.0,6710.0,0.0
5881,52322,1025,1.0,4730.0,0.0
16514,56518,1018,1.0,,25.0
8748,53446,1021,1.0,5530.0,0.0
9061,53571,1055,1.0,1380.0,10.0
13501,55320,1069,1.0,4090.0,0.0
18789,57422,1017,1.0,3470.0,5.0
17427,56872,1002,1.0,3080.0,10.0
4747,51877,1023,1.0,4290.0,5.0
4054,51597,1023,2.0,4290.0,0.0
1466,50574,1027,3.0,7200.0,5.0
6291,52479,1015,4.0,3850.0,0.0
4627,51830,1011,1.0,4590.0,0.0
17096,56743,1061,4.0,8080.0,5.0
14968,55916,1006,4.0,4150.0,5.0
17834,57031,1041,1.0,700.0,5.0
5641,52231,1067,5.0,4370.0,5.0
8774,53455,1073,1.0,6680.0,15.0
7282,52864,1070,1.0,2320.0,0.0
11753,54621,1017,5.0,3470.0,10.0
9038,53563,1031,2.0,9170.0,5.0
1545,50605,1013,1.0,220.0,0.0
18948,57488,1066,3.0,3610.0,10.0
11471,54509,1035,1.0,6470.0,10.0
8512,53352,1039,2.0,8680.0,0.0
8532,53360,1051,3.0,7060.0,0.0
18042,57113,1051,1.0,7060.0,10.0
193,50078,1002,4.0,3080.0,5.0
13846,55456,1073,1.0,6680.0,20.0
408,50161,1016,2.0,3350.0,20.0
6802,52676,1046,2.0,3450.0,10.0
14419,55696,1053,1.0,,10.0
7711,53036,1027,2.0,7200.0,0.0
11242,54422,1033,1.0,2910.0,
13144,55174,1063,1.0,1660.0,25.0
4514,51785,1055,1.0,1380.0,0.0
6546,52571,1069,2.0,4090.0,5.0
14905,55886,1018,1.0,3890.0,0.0
14182,55591,1006,1.0,4150.0,5.0
5947,52346,1069,,4090.0,15.0
10538,54150,1024,1.0,9110.0,5.0
7063,52782,1055,1.0,1380.0,0.0
4729,51870,1059,1.0,,0.0
2569,51010,1073,2.0,6680.0,15.0
11790,54636,1002,1.0,3080.0,15.0
13761,55423,1023,1.0,4290.0,0.0
9642,53801,1028,2.0,4510.0,25.0
5607,52220,1002,3.0,3080.0,10.0
19067,57538,1012,2.0,6600.0,25.0
9109,53589,1037,1.0,2640.0,10.0
12524,54930,1034,2.0,10530.0,5.0
9266,53651,1064,1.0,7500.0,5.0
9137,53600,1034,3.0,10530.0,5.0
458,50178,1072,2.0,4390.0,10.0
17643,56954,1069,3.0,4090.0,15.0
12661,54986,1014,3.0,2270.0,15.0
6514,52561,1024,4.0,9110.0,25.0
2175,50849,1028,1.0,4510.0,10.0
6690,52627,1037,2.0,2640.0,0.0
17544,56915,1015,2.0,3850.0,10.0
18607,57342,1075,3.0,2140.0,0.0
14887,55880,1032,1.0,1990.0,10.0
16208,56398,1066,1.0,3610.0,10.0
2890,51146,1019,4.0,4560.0,20.0
10174,54011,1009,1.0,6030.0,5.0
1877,50734,1057,1.0,2370.0,0.0
14454,55709,1060,2.0,5950.0,0.0
11110,54366,1038,2.0,4270.0,0.0
8335,53281,1032,2.0,1990.0,0.0
20156,57984,1056,3.0,1230.0,0.0
8873,53496,1068,3.0,10570.0,0.0
20114,57970,1065,,7400.0,5.0
9673,53815,1065,2.0,7400.0,5.0
15872,56271,1020,1.0,720.0,
18603,57340,1069,1.0,4090.0,0.0
5055,52004,1022,1.0,3830.0,5.0
5267,52084,1073,1.0,6680.0,0.0
11323,54452,1018,1.0,3890.0,5.0
9498,53745,1011,1.0,4590.0,0.0
17816,57025,1016,1.0,3350.0,0.0
2888,51146,1034,1.0,10530.0,0.0
17340,56832,1018,1.0,3890.0,20.0
6457,52540,1069,1.0,4090.0,15.0
6871,52704,1032,2.0,1990.0,15.0
14134,55572,1038,4.0,4270.0,0.0
3412,51347,1075,1.0,2140.0,20.0
14577,55760,1006,2.0,4150.0,20.0
17607,56939,1001,2.0,6530.0,10.0
6864,52702,1005,5.0,5510.0,10.0
9044,53565,1063,1.0,1660.0,0.0
13076,55148,1061,2.0,8080.0,0.0
1775,50692,1042,5.0,590.0,5.0
12658,54985,1018,1.0,3890.0,25.0
1293,50510,1007,1.0,1100.0,0.0
9659,53811,1006,1.0,4150.0,15.0
17104,56746,1058,1.0,5550.0,15.0
944,50373,1012,1.0,6600.0,25.0
5658,52237,1073,1.0,,0.0
10337,54069,1063,3.0,1660.0,0.0
11473,54510,1030,1.0,4290.0,10.0
8365,53292,1035,2.0,6470.0,10.0
5265,52083,1017,2.0,3470.0,10.0
2867,51134,1029,3.0,3490.0,5.0
18310,57224,1007,1.0,1100.0,0.0
9217,53629,1007,4.0,1100.0,5.0
12620,54972,1021,1.0,5530.0,0.0
14542,55744,1002,1.0,3080.0,0.0
5953,52349,1044,1.0,3230.0,15.0
1861,50727,1042,2.0,590.0,0.0
9419,53711,1065,2.0,7400.0,0.0
12423,54892,1047,1.0,5950.0,
18026,57105,1056,2.0,1230.0,5.0
13150,55177,1009,1.0,6030.0,20.0
14699,55809,1020,1.0,720.0,15.0
16809,56631,1036,3.0,6710.0,0.0
7337,52884,1073,1.0,6680.0,10.0
1131,50444,1017,2.0,3470.0,0.0
1582,50619,1044,1.0,3230.0,0.0
4743,51875,1052,2.0,6950.0,5.0
17898,57056,1047,1.0,5950.0,10.0
2537,50996,1055,4.0,1380.0,5.0
10540,54150,1032,1.0,1990.0,5.0
2529,50993,1039,2.0,,0.0
1437,50565,1015,1.0,3850.0,20.0
1240,50489,1068,1.0,10570.0,0.0
3700,51463,1052,3.0,6950.0,15.0
8265,53253,1003,1.0,2040.0,25.0
7366,52893,1004,1.0,9380.0,5.0
6876,52706,1005,1.0,5510.0,0.0
5940,52343,1004,1.0,9380.0,5.0
10852,54263,1059,1.0,4580.0,10.0
17005,56709,1006,3.0,4150.0,10.0
13240,55215,1004,1.0,9380.0,15.0
1104,50435,1050,1.0,7140.0,10.0
10573,54163,1011,4.0,4590.0,5.0
9354,53683,1003,2.0,2040.0,5.0
10976,54313,1009,1.0,6030.0,0.0
