payment_id,order_id,payment_date,payment_method,payment_status
3916,53916,21-06-2024,UPI,Paid
1601,51601,2025-09-17,UPI,Failed
7238,57238,08/08/2025,upi,Paid
3019,53019,,Credit Card,Paid
4788,54788,17/03/2025,Credit Card,Paid
7415,57415,14/09/2025,UPI,PAID
5907,55907,06/04/2026,Net Banking,Paid
7035,57035,2026-06-23,UPI,Paid
5244,55244,2024-04-20,Credit Card,Paid
7378,57378,2025-05-13,NET BANKING,Paid
5350,55350,02-06-2026,upi,Paid
6260,56260,29-09-2025,Debit Card,Paid
6220,56220,2026-08-20,Debit Card,Refunded
3031,53031,06-06-2025,Net Banking,Refunded
1112,51112,2026-01-19,COD,Paid
201,50201,15/12/2025,Credit Card,Refunded
418,50418,2026-07-23,Upi,Paid
3012,53012,24/02/2025,Credit Card,Paid
5320,55320,2024-07-27,Debit Card,Paid
3028,53028,2024-05-03,UPI,Paid
3311,53311,26/04/2026,Credit Card,Paid
7133,57133,19/02/2026,Credit Card,Failed
2586,52586,2024-02-18,UPI,Paid
1089,51089,04/06/2025,UPI,Paid
7160,57160,2024-04-29,Credit Card,Pending
639,50639,07/07/2024,Net Banking,Refunded
4918,54918,2025-05-15,UPI,Paid
1553,51553,02/11/2024,UPI,Paid
3681,53681,2024-10-01,UPI,Refunded
1607,51607,2024-05-30,Net Banking,Paid
3682,53682,2024-03-28,UPI,Paid
1036,51036,2026-03-01,Credit Card,Paid
4219,54219,2024-12-08,UPI,Paid
1273,51273,28/05/2024,COD,Paid
6360,56360,20/12/2025,UPI,Paid
6314,56314,22-11-2024,CREDIT CARD,Paid
3088,53088,17/02/2026,Net Banking,Paid
2186,52186,21/06/2025,,Paid
7419,57419,2025-05-20,UPI,Paid
2873,52873,2024-02-29,Credit Card,Paid
1820,51820,23/07/2024,upi,Failed
2025,52025,2025-12-19,UPI,Paid
7216,57216,20-03-2024,Credit Card,Paid
2454,52454,05/01/2024,UPI,paid
3723,53723,2025-01-14,Credit Card,Paid
7706,57706,2025-08-09,UPI,Refunded
3802,53802,04/10/2024,COD,Paid
4555,54555,12/03/2025,UPI,Paid
840,50840,2024-03-26,Debit Card,Paid
2096,52096,30/03/2026,COD,Pending
657,50657,19/03/2025,Credit Card,PAID
5898,55898,21/01/2025,Debit Card,Paid
947,50947,25/08/2025,COD,Paid
7094,57094,16/03/2026,UPI,Paid
1126,51126,20/02/2025,Credit Card,Paid
7308,57308,27/09/2024,UPI,Paid
4553,54553,28/06/2025,Net Banking,Refunded
6190,56190,2026-05-30,upi,Paid
866,50866,21/08/2025,upi,Paid
7481,57481,12/03/2025,Debit Card,PAID
6603,56603,24/02/2024,UPI,Pending
7320,57320,2024-06-14,UPI,Pending
4696,54696,2025-01-09,Net Banking,Paid
3044,53044,2025-04-02,Debit Card,Paid
6549,56549,04/10/2025,DEBIT CARD,Refunded
768,50768,20-08-2025,UPI,Paid
408,50408,18-05-2024,Credit Card,paid
7109,57109,2025-04-11,UPI,Failed
5363,55363,28-09-2025,UPI,Paid
5664,55664,10/04/2024,Credit Card,
6345,56345,2026-03-01,UPI,Pending
2322,52322,27/01/2024,UPI,Paid
6637,56637,2025-06-28,UPI,Paid
7784,57784,2025-05-08,UPI,Paid
5867,55867,20/08/2025,Debit Card,Refunded
7258,57258,21-11-2024,UPI,Paid
6352,56352,22-04-2026,CREDIT CARD,Paid
3651,53651,30/06/2024,Net Banking,Paid
7032,57032,03-06-2025,Credit Card,PAID
1323,51323,2024-08-26,Debit Card,Failed
5682,55682,20-03-2024,Credit Card,Paid
6420,56420,2026-05-14,upi,Paid
3283,53283,05/11/2024,Credit Card,Refunded
4086,54086,13/11/2024,UPI,Paid
7136,57136,2026-03-24,Debit Card,Paid
6556,56556,15/01/2024,COD,REFUNDED
6574,56574,2026-08-19,UPI,Refunded
5774,55774,2024-11-25,UPI,Paid
3801,53801,15-08-2026,COD,Paid
4256,54256,15/07/2026,Net Banking,Paid
4976,54976,,Credit Card,Paid
7438,57438,05/01/2024,Credit Card,Paid
1565,51565,17-10-2025,Net Banking,Refunded
921,50921,13/06/2026,Upi,Pending
4293,54293,30/04/2025,UPI,Paid
4232,54232,2024-04-26,Debit Card,Paid
5777,55777,16/02/2024,Debit Card,Paid
2767,52767,25/12/2025,UPI,Paid
1865,51865,18-04-2025,UPI,Paid
7284,57284,30-12-2025,Credit Card,Paid
7795,57795,2025-03-14,Credit Card,Paid
816,50816,2024-08-12,Net Banking,Paid
36,50036,06/01/2026,Net Banking,Paid
7956,57956,14-07-2025,Upi,Refunded
3633,53633,16/02/2024,Net Banking,Paid
3184,53184,14/01/2025,Debit Card,Paid
4244,54244,2026-04-27,UPI,Paid
2662,52662,05-12-2025,UPI,Failed
62,50062,20-05-2026,Debit Card,Failed
610,50610,2025-06-30,CREDIT CARD,Paid
6609,56609,20/07/2025,Credit Card,Paid
4529,54529,27-04-2024,Net Banking,Paid
4420,54420,01/05/2025,Debit Card,Paid
600,50600,2024-11-26,Debit Card,Paid
5770,55770,2025-05-11,UPI,Paid
4419,54419,05/11/2025,UPI,Paid
5748,55748,11/08/2025,cod,Paid
6557,56557,22/07/2026,Credit Card,Paid
7534,57534,21-05-2026,Credit Card,Pending
613,50613,2024-02-09,COD,Paid
1573,51573,2024-01-22,UPI,Paid
6892,56892,2024-02-02,credit card,Refunded
4057,54057,04/06/2025,Debit Card,Refunded
5591,55591,25/08/2026,Credit Card,Refunded
5265,55265,30-03-2026,COD,Paid
4856,54856,05/02/2024,Debit Card,Refunded
7685,57685,16/04/2025,Credit Card,Failed
1168,51168,2024-05-31,Debit Card,paid
2834,52834,26-05-2024,COD,PAID
7009,57009,,debit card,Paid
2196,52196,2025-12-15,COD,paid
4311,54311,14/09/2025,Credit Card,Paid
4368,54368,2025-07-17,UPI,Paid
2979,52979,2024-05-26,Credit Card,Paid
7987,57987,16-05-2026,,paid
2791,52791,22/06/2024,UPI,Paid
3129,53129,2024-01-27,Cod,Paid
5296,55296,2025-04-10,UPI,Paid
6479,56479,19/01/2025,UPI,Paid
502,50502,08-10-2024,Net Banking,Failed
3430,53430,2024-07-07,COD,Pending
7388,57388,12/07/2026,UPI,Paid
2253,52253,24/08/2025,UPI,Paid
1857,51857,2025-01-16,Credit Card,Paid
3222,53222,2025-03-25,UPI,Pending
2132,52132,2026-04-10,Credit Card,Paid
5147,55147,2025-07-16,UPI,Paid
3825,53825,2025-03-31,Credit Card,Paid
3839,53839,16-06-2024,Net Banking,PAID
5366,55366,04/03/2025,upi,Paid
7088,57088,12-08-2025,credit card,Pending
1578,51578,2024-05-24,Credit Card,Paid
7856,57856,2025-06-12,Credit Card,Paid
7070,57070,11-08-2026,COD,Paid
3594,53594,14-03-2025,UPI,Paid
2589,52589,30-12-2025,Credit Card,Paid
5349,55349,20-01-2025,COD,paid
7145,57145,2024-01-14,Credit Card,Paid
6945,56945,2024-03-25,UPI,Paid
7874,57874,2026-03-26,Debit Card,Failed
1481,51481,18/09/2025,Credit Card,Paid
5470,55470,25-06-2024,Net Banking,Paid
3622,53622,,UPI,Paid
4662,54662,2026-03-25,,Paid
282,50282,2026-06-13,Debit Card,Paid
2591,52591,27-07-2025,Debit Card,Paid
1293,51293,28-09-2025,COD,Paid
5503,55503,16-06-2025,Debit Card,Failed
6192,56192,25-11-2025,CREDIT CARD,Paid
3051,53051,03-08-2024,UPI,PENDING
4418,54418,02-06-2024,Net Banking,Failed
4585,54585,2025-11-21,Credit Card,Paid
29,50029,28/06/2026,UPI,Failed
567,50567,12-11-2024,Credit Card,Paid
5865,55865,18/06/2026,COD,Paid
734,50734,07/12/2025,UPI,Paid
2674,52674,06/02/2025,Debit Card,Paid
4537,54537,12/07/2026,Debit Card,Paid
6013,56013,24/09/2024,COD,Paid
7114,57114,18-05-2025,Credit Card,Paid
1115,51115,2024-07-21,COD,Paid
6461,56461,2025-01-02,credit card,Failed
5130,55130,16/09/2025,COD,Paid
6538,56538,2024-03-14,UPI,Paid
5590,55590,29-04-2024,UPI,Paid
3478,53478,2026-04-04,Debit Card,Paid
7672,57672,2025-09-01,Upi,PENDING
5248,55248,13/02/2026,UPI,Paid
1116,51116,2025-02-13,UPI,
7409,57409,2024-01-07,COD,Paid
749,50749,2026-04-11,Credit Card,Paid
662,50662,03-04-2024,Credit Card,Paid
1500,51500,15/08/2026,Debit Card,PAID
2876,52876,29-05-2025,UPI,Paid
5179,55179,2025-05-17,UPI,Paid
4611,54611,2025-11-17,UPI,Paid
1483,51483,14-05-2024,Upi,PAID
7271,57271,2026-08-09,UPI,FAILED
6794,56794,2024-05-13,Debit Card,Paid
6406,56406,22-02-2025,Debit Card,Paid
5211,55211,20/06/2024,,Paid
6956,56956,03-01-2026,UPI,Paid
5063,55063,2024-04-23,Credit Card,Paid
5492,55492,2024-03-29,Debit Card,Paid
4817,54817,14-02-2026,UPI,Paid
6187,56187,2024-01-12,Credit Card,Paid
1826,51826,2025-04-08,Upi,Refunded
744,50744,06-06-2026,Credit Card,Paid
5274,55274,2024-11-15,UPI,Paid
318,50318,08-01-2024,UPI,Paid
156,50156,2025-04-03,UPI,Paid
2697,52697,2025-04-26,UPI,Paid
7439,57439,2024-09-09,UPI,Paid
1622,51622,25/04/2025,COD,Paid
822,50822,2024-05-21,UPI,Paid
3428,53428,11/12/2025,Credit Card,Refunded
6069,56069,2025-05-28,UPI,paid
4963,54963,02-01-2025,UPI,Paid
1371,51371,28/05/2026,NET BANKING,PAID
6481,56481,07-06-2024,COD,Paid
4007,54007,05/12/2024,Credit Card,Failed
3263,53263,2025-01-22,UPI,Paid
7545,57545,2025-03-30,UPI,PENDING
4098,54098,23/03/2026,UPI,Paid
637,50637,2026-01-18,Net Banking,Paid
7890,57890,11-03-2024,COD,Paid
904,50904,06/06/2026,UPI,Paid
3349,53349,2026-06-28,Net Banking,Refunded
6508,56508,2025-01-07,UPI,Paid
5721,55721,14-04-2025,UPI,Refunded
7053,57053,2025-09-24,UPI,Paid
2334,52334,10/03/2026,Net Banking,Paid
24,50024,08-01-2024,Debit Card,Paid
2078,52078,2025-01-12,UPI,Refunded
3183,53183,2025-06-28,Upi,Paid
7939,57939,17/09/2024,COD,Paid
3972,53972,12-01-2026,Debit Card,Pending
6453,56453,30-05-2024,COD,Paid
1516,51516,2024-05-13,UPI,paid
7841,57841,27-01-2026,UPI,PAID
2624,52624,2024-06-05,UPI,Paid
2969,52969,2025-08-13,UPI,Paid
3989,53989,16-05-2025,Credit Card,Failed
2038,52038,,Credit Card,Paid
4071,54071,25/11/2025,Credit Card,Paid
4189,54189,2025-07-07,UPI,Failed
4039,54039,25/06/2026,UPI,PAID
4084,54084,2024-05-28,COD,
7821,57821,22/03/2025,Credit Card,Paid
3774,53774,2024-11-19,Credit Card,Paid
3472,53472,20-03-2024,UPI,Paid
6430,56430,19/01/2024,,Paid
3357,53357,11/09/2025,UPI,Pending
3350,53350,26/06/2025,Credit Card,Paid
2153,52153,29/04/2026,Credit Card,Paid
6670,56670,2024-02-24,,Paid
3881,53881,2024-09-12,UPI,paid
4397,54397,14/08/2025,UPI,Pending
241,50241,16/06/2026,Debit Card,Paid
961,50961,14/09/2025,credit card,Refunded
7491,57491,2025-05-08,UPI,paid
6309,56309,2025-06-02,UPI,PAID
3264,53264,2026-03-21,Net Banking,Paid
7292,57292,2024-07-07,UPI,Refunded
3534,53534,18/05/2025,UPI,
1571,51571,03/01/2025,Debit Card,Paid
1653,51653,2026-04-04,Credit Card,Paid
5932,55932,24-03-2026,Credit Card,Paid
6722,56722,,COD,Paid
203,50203,2025-03-04,UPI,Paid
2762,52762,04/07/2026,Net Banking,Paid
6751,56751,2024-10-31,UPI,Paid
1033,51033,2024-03-24,UPI,Paid
5643,55643,2025-04-14,Debit Card,Paid
5316,55316,21/03/2025,UPI,Paid
5507,55507,22-06-2026,Debit Card,Paid
7732,57732,17/09/2024,,Failed
1263,51263,11-02-2025,Credit Card,Paid
4409,54409,31/08/2024,COD,
2913,52913,2024-10-09,,Pending
3568,53568,12/11/2025,Credit Card,paid
1086,51086,,UPI,Refunded
7663,57663,2025-07-20,Net Banking,Refunded
7116,57116,2025-07-09,UPI,Paid
3036,53036,2024-04-10,UPI,PAID
1535,51535,2024-12-13,Debit Card,Paid
7285,57285,03/01/2026,UPI,Pending
6218,56218,28-01-2024,Credit Card,Paid
39,50039,23-04-2026,UPI,Paid
2701,52701,2025-04-15,UPI,Paid
1194,51194,2024-06-08,Credit Card,Refunded
2232,52232,2025-01-15,UPI,
2465,52465,2025-02-15,Credit Card,Refunded
1635,51635,,COD,Paid
2506,52506,10-04-2025,COD,Paid
566,50566,22-05-2026,UPI,Paid
2696,52696,2025-08-31,UPI,Paid
819,50819,2024-03-09,upi,Pending
3182,53182,23/11/2024,Credit Card,pending
3763,53763,2025-04-05,upi,
5103,55103,2025-08-16,UPI,Paid
4762,54762,14-09-2025,UPI,Paid
7599,57599,2026-07-18,COD,Refunded
5752,55752,2026-03-21,Credit Card,Paid
4154,54154,27/12/2024,Credit Card,Paid
5711,55711,2026-08-07,UPI,Paid
4217,54217,2026-01-31,Credit Card,Paid
3132,53132,19/09/2025,Debit Card,Paid
202,50202,2025-01-18,Credit Card,PAID
4638,54638,18-09-2024,UPI,PAID
5983,55983,26-08-2026,UPI,Paid
5491,55491,2025-10-29,COD,Paid
1868,51868,21/08/2024,Credit Card,Paid
594,50594,2026-02-18,UPI,Paid
2087,52087,14/04/2025,Credit Card,Paid
5300,55300,2025-12-22,COD,Paid
2854,52854,2026-05-23,UPI,Paid
7486,57486,21-01-2024,UPI,Paid
6278,56278,2024-09-04,Credit Card,
3281,53281,2024-01-28,Credit Card,Paid
1778,51778,2024-08-26,Credit Card,Paid
7198,57198,2025-10-03,Credit Card,Paid
5762,55762,15/07/2026,,Paid
6965,56965,29-06-2025,Debit Card,Paid
2017,52017,29-06-2025,COD,Paid
3935,53935,21/03/2025,UPI,Paid
5385,55385,04-09-2024,UPI,Paid
1265,51265,03-09-2024,Net Banking,Paid
5380,55380,2024-06-06,Credit Card,Failed
7991,57991,25/09/2025,COD,Paid
5819,55819,2025-09-04,Debit Card,Paid
6256,56256,2025-05-06,COD,Refunded
3800,53800,2025-10-13,UPI,Pending
4916,54916,11/03/2026,COD,Paid
2115,52115,20/01/2026,UPI,Paid
855,50855,02-11-2025,UPI,Paid
3639,53639,2024-11-12,UPI,Paid
2229,52229,31/05/2026,Credit Card,PENDING
3737,53737,19/01/2024,Credit Card,Refunded
7341,57341,28-02-2026,Net Banking,Paid
2626,52626,23/06/2026,Upi,Paid
1692,51692,2025-05-29,Credit Card,Failed
2029,52029,06-06-2025,Debit Card,Paid
1288,51288,12/09/2025,Net Banking,PAID
3560,53560,18/10/2024,UPI,Paid
2976,52976,2024-06-07,Debit Card,Paid
1351,51351,2025-07-06,Credit Card,Paid
3091,53091,11/08/2025,UPI,
1261,51261,2026-04-30,UPI,Paid
2326,52326,31-05-2024,COD,Paid
6470,56470,2025-08-31,Debit Card,Refunded
5196,55196,30/12/2024,UPI,Paid
4463,54463,2025-10-12,UPI,Paid
6687,56687,15-11-2025,UPI,Paid
4606,54606,04/03/2025,UPI,paid
3092,53092,2026-07-05,COD,Paid
4776,54776,2025-01-21,Credit Card,Paid
846,50846,19/04/2025,Credit Card,Refunded
2658,52658,2026-07-12,UPI,Paid
7730,57730,2025-08-19,UPI,Paid
4313,54313,17-07-2026,COD,Paid
2937,52937,05/12/2024,Net Banking,Paid
3668,53668,2024-12-11,UPI,Paid
3221,53221,05-05-2024,UPI,Refunded
5937,55937,2026-08-08,Credit Card,Paid
7723,57723,09-09-2025,UPI,
4539,54539,2025-01-18,COD,Failed
3792,53792,14/09/2024,Credit Card,Paid
6042,56042,06/02/2026,Net Banking,PAID
6622,56622,25/01/2026,UPI,Paid
1121,51121,2024-06-21,UPI,Paid
2531,52531,03/05/2024,Debit Card,PAID
6986,56986,01/05/2026,UPI,pending
4526,54526,2026-03-10,UPI,Pending
7606,57606,2024-10-26,Credit Card,paid
6017,56017,2024-05-19,UPI,Paid
2233,52233,27-11-2025,UPI,Pending
5459,55459,28-09-2024,UPI,Paid
672,50672,14/01/2024,Credit Card,Paid
2338,52338,2024-09-07,UPI,Paid
1589,51589,09-12-2024,UPI,Paid
5926,55926,20/12/2025,NET BANKING,Paid
4508,54508,2025-02-12,COD,PAID
1732,51732,11-12-2025,Credit Card,paid
4740,54740,2024-04-15,Debit Card,
3662,53662,01/10/2025,Credit Card,Paid
5017,55017,14-08-2026,Net Banking,Refunded
2728,52728,,UPI,Paid
4438,54438,2025-11-28,Upi,Paid
1711,51711,06-07-2024,UPI,Refunded
902,50902,28-03-2026,Debit Card,Paid
333,50333,2025-10-17,Upi,Paid
4888,54888,08/05/2026,UPI,Paid
3734,53734,06-01-2025,Debit Card,Failed
6039,56039,10-06-2026,UPI,Paid
7683,57683,2024-11-08,Credit Card,Paid
3680,53680,2024-09-30,Net Banking,Paid
3483,53483,2024-10-29,Cod,Paid
5038,55038,15/11/2024,UPI,Paid
7381,57381,2024-07-21,DEBIT CARD,paid
3245,53245,2025-10-25,UPI,Failed
7875,57875,12-01-2024,UPI,Paid
6960,56960,08/04/2025,UPI,Paid
7782,57782,,Debit Card,Refunded
5733,55733,2025-06-07,COD,failed
7540,57540,16-06-2026,Debit Card,Paid
676,50676,2026-01-23,Credit Card,PENDING
7111,57111,2024-11-13,COD,Paid
400,50400,17/01/2026,UPI,Paid
1276,51276,23/04/2025,upi,Paid
7667,57667,2025-09-05,Net Banking,Paid
611,50611,11/06/2025,COD,Failed
6653,56653,19/03/2024,UPI,Paid
6872,56872,16-06-2024,Net Banking,Pending
7204,57204,2024-07-19,UPI,Paid
2431,52431,30/08/2025,UPI,Paid
5436,55436,,UPI,Refunded
3097,53097,21/07/2025,Net Banking,Paid
2215,52215,2024-04-07,UPI,Paid
7449,57449,2024-09-06,credit card,Refunded
5668,55668,2026-02-21,,Refunded
6425,56425,14/12/2025,Net Banking,Paid
1527,51527,2024-11-18,UPI,Paid
5513,55513,25/07/2026,Credit Card,Paid
4100,54100,2024-09-16,CREDIT CARD,Paid
4196,54196,19-12-2025,UPI,PAID
1943,51943,2024-03-28,Upi,Paid
5995,55995,20-06-2026,Credit Card,Refunded
5016,55016,08/08/2026,Credit Card,Paid
6264,56264,21/02/2026,Debit Card,Failed
5353,55353,29/07/2026,Credit Card,FAILED
6091,56091,02/03/2026,Net Banking,Paid
7522,57522,04-01-2024,Debit Card,Paid
4682,54682,2025-10-11,UPI,Paid
5091,55091,16/04/2026,UPI,Paid
3846,53846,,Debit Card,Pending
2557,52557,2025-10-27,UPI,Paid
4710,54710,28/02/2024,UPI,Paid
2280,52280,08/02/2025,UPI,Paid
2485,52485,28/01/2025,Cod,Paid
5145,55145,2025-06-23,UPI,Paid
7955,57955,2024-12-17,Credit Card,paid
2995,52995,03-05-2026,,Paid
1394,51394,18-03-2024,COD,Paid
158,50158,10-12-2025,COD,Refunded
5437,55437,2026-08-07,Credit Card,Refunded
3640,53640,04/02/2026,Credit Card,Paid
37,50037,2025-02-26,UPI,paid
3602,53602,2026-03-11,UPI,Paid
4733,54733,08-05-2024,UPI,Paid
6568,56568,20-06-2026,UPI,Paid
7072,57072,29/12/2025,COD,Paid
222,50222,22/08/2025,COD,Paid
7164,57164,2024-04-14,UPI,Paid
1961,51961,23/02/2025,Debit Card,Refunded
1759,51759,04-01-2026,UPI,Pending
7414,57414,2026-06-28,debit card,PAID
864,50864,07/06/2024,Credit Card,Paid
6534,56534,20/08/2025,UPI,Paid
2488,52488,17/03/2026,Net Banking,Failed
2648,52648,2024-12-13,UPI,PAID
4653,54653,14/03/2026,UPI,Paid
7879,57879,2025-02-06,COD,Paid
7387,57387,07/05/2024,UPI,Paid
4111,54111,12/06/2026,COD,Paid
4735,54735,19-02-2024,Debit Card,Paid
5497,55497,07-04-2025,Debit Card,Paid
995,50995,26/12/2024,Credit Card,Pending
7425,57425,22-02-2025,cod,Paid
6715,56715,2026-03-05,Credit Card,Paid
7752,57752,2024-05-23,Credit Card,Paid
5225,55225,2024-03-28,UPI,Paid
3556,53556,2024-04-19,Credit Card,Paid
3485,53485,30/09/2025,UPI,PAID
3057,53057,2025-04-07,Credit Card,Paid
5901,55901,18-08-2026,Credit Card,Paid
4487,54487,09-05-2024,COD,Paid
4361,54361,2025-04-25,UPI,Failed
317,50317,2024-12-03,UPI,Paid
509,50509,24/07/2026,UPI,Paid
7148,57148,17-09-2024,COD,Paid
1663,51663,2024-07-10,UPI,failed
1710,51710,07-07-2024,Debit Card,PAID
5677,55677,2025-09-17,Net Banking,Pending
5049,55049,2024-10-05,upi,PAID
3277,53277,,Credit Card,refunded
5754,55754,11/01/2025,Upi,Paid
4342,54342,2024-11-16,UPI,Paid
5863,55863,13/08/2026,Credit Card,Paid
5857,55857,14-12-2025,UPI,Paid
3333,53333,27/01/2026,COD,Paid
2896,52896,16-11-2025,Credit Card,Paid
2758,52758,2025-05-26,UPI,Paid
622,50622,2026-08-30,UPI,Paid
1532,51532,2024-09-10,COD,Paid
1076,51076,2026-01-10,UPI,Paid
5562,55562,16-03-2024,UPI,Paid
4012,54012,06/07/2025,CREDIT CARD,Paid
1963,51963,2024-04-19,UPI,Paid
2601,52601,02/07/2025,credit card,PAID
4499,54499,27-06-2024,COD,Paid
6151,56151,2024-03-08,COD,Failed
337,50337,2026-01-04,Credit Card,Refunded
6037,56037,08-06-2025,UPI,Paid
2957,52957,2024-04-07,Net Banking,Refunded
3004,53004,21/11/2025,UPI,Paid
5043,55043,2025-05-07,Credit Card,Paid
5572,55572,26/06/2025,Credit Card,Paid
6164,56164,23-07-2025,,Paid
5722,55722,22-04-2026,COD,Paid
4789,54789,2026-08-08,UPI,Paid
3421,53421,17/12/2024,UPI,PAID
111,50111,2025-03-15,COD,PAID
2061,52061,02/02/2024,UPI,Paid
6523,56523,06-12-2024,Upi,Failed
858,50858,2026-03-25,UPI,Pending
7838,57838,21-08-2025,Cod,Paid
5092,55092,20/12/2025,Net Banking,Paid
7156,57156,23/03/2025,UPI,Pending
4327,54327,2025-01-02,Net Banking,Paid
412,50412,2024-08-22,UPI,Paid
4650,54650,28-09-2025,Upi,Paid
6878,56878,28/01/2026,UPI,Refunded
2365,52365,2024-03-11,UPI,Paid
4152,54152,20-06-2025,UPI,
5919,55919,2024-06-30,Debit Card,Paid
2757,52757,2024-10-28,UPI,Paid
5511,55511,26-11-2024,Credit Card,Paid
4652,54652,2025-03-24,COD,Paid
7698,57698,2024-04-27,Credit Card,Paid
3937,53937,2026-03-08,Debit Card,pending
1337,51337,2025-05-17,Debit Card,Paid
779,50779,22/01/2026,Credit Card,Refunded
3798,53798,01/03/2024,Credit Card,Pending
2936,52936,2026-02-26,Credit Card,Paid
7531,57531,10-06-2024,Debit Card,Paid
1023,51023,21/10/2025,UPI,Paid
4766,54766,27/10/2024,Upi,Failed
534,50534,2026-06-08,UPI,Failed
7967,57967,2024-04-12,UPI,Paid
5847,55847,2025-06-05,,paid
5101,55101,29/08/2025,Cod,Paid
5690,55690,17/09/2025,COD,Paid
2653,52653,30/11/2024,COD,failed
1349,51349,2026-06-25,UPI,Paid
3315,53315,30/03/2024,COD,Paid
1055,51055,21-10-2025,Net Banking,Refunded
4498,54498,2024-02-22,UPI,Paid
6261,56261,21/09/2025,UPI,Paid
989,50989,22-08-2026,COD,Paid
4169,54169,2026-08-10,Credit Card,PAID
2276,52276,2025-01-17,Net Banking,Pending
7818,57818,07/09/2025,upi,Failed
2994,52994,23/01/2026,COD,Paid
5656,55656,18-07-2024,UPI,Paid
4570,54570,2025-02-07,Credit Card,Pending
2734,52734,12-07-2026,COD,Pending
3562,53562,2025-04-29,UPI,Paid
2735,52735,2024-08-16,UPI,Paid
6463,56463,2024-12-13,net banking,Paid
761,50761,30-11-2024,Credit Card,Paid
992,50992,25/09/2025,UPI,Pending
5680,55680,04/12/2025,Debit Card,Paid
4857,54857,2025-12-05,Debit Card,paid
327,50327,2026-08-07,UPI,Paid
762,50762,02/08/2025,Debit Card,pending
5419,55419,23/11/2025,Net Banking,Paid
4518,54518,2026-04-12,Credit Card,paid
2676,52676,03/10/2025,Credit Card,Failed
4954,54954,2025-05-07,UPI,Paid
1306,51306,2024-11-10,Credit Card,Paid
6923,56923,08-01-2026,Debit Card,Paid
5524,55524,2025-07-07,Credit Card,Pending
7079,57079,07/05/2024,COD,Refunded
1066,51066,14/02/2025,Debit Card,Refunded
2989,52989,2024-01-26,UPI,PAID
2967,52967,28-07-2024,Credit Card,Paid
6520,56520,2024-02-09,UPI,Paid
3330,53330,29/01/2026,UPI,Paid
958,50958,16/12/2024,UPI,Paid
1063,51063,19-11-2024,Credit Card,Paid
3447,53447,06-10-2025,Upi,paid
654,50654,04/02/2026,UPI,Paid
7789,57789,2024-10-01,COD,Paid
2632,52632,11-01-2026,Debit Card,Paid
2560,52560,2024-06-19,Net Banking,Paid
561,50561,2025-12-05,UPI,Paid
1334,51334,01-12-2024,Credit Card,Paid
439,50439,2025-04-26,UPI,Pending
2592,52592,11-05-2026,Debit Card,Paid
6589,56589,06-08-2026,Credit Card,Paid
258,50258,2024-04-07,Net Banking,Paid
125,50125,09/12/2024,Debit Card,Paid
1665,51665,2026-06-09,Credit Card,Paid
2294,52294,2026-03-05,UPI,Paid
2917,52917,02-09-2025,Credit Card,Paid
2798,52798,01/04/2025,UPI,PAID
7058,57058,,debit card,Paid
7642,57642,2025-05-11,Credit Card,Paid
5891,55891,2026-02-04,Credit Card,Failed
6651,56651,13-05-2024,Debit Card,Pending
3755,53755,2025-10-11,Debit Card,Refunded
3732,53732,23-05-2026,Credit Card,Paid
331,50331,2025-12-05,Credit Card,Pending
5864,55864,03/07/2025,UPI,Paid
5161,55161,2024-06-12,cod,Pending
7618,57618,21/06/2025,Credit Card,Paid
6618,56618,2024-11-07,Credit Card,Paid
2879,52879,28/05/2024,Credit Card,Pending
2249,52249,2025-12-27,Debit Card,Failed
4528,54528,15/08/2025,Credit Card,Paid
15,50015,2025-09-05,COD,paid
6276,56276,31/08/2024,Net Banking,Paid
4261,54261,10-02-2025,COD,Paid
5255,55255,2024-01-22,COD,Paid
7358,57358,2024-09-08,COD,Paid
6703,56703,28/08/2026,UPI,Paid
2797,52797,,UPI,Pending
5200,55200,2025-07-27,Debit Card,Paid
6346,56346,2026-07-04,UPI,Paid
5603,55603,25/06/2026,UPI,PAID
5106,55106,11/06/2024,COD,Paid
925,50925,22-04-2026,Debit Card,Paid
1480,51480,2025-03-18,UPI,paid
1477,51477,2026-03-01,Net Banking,
1322,51322,19/02/2024,UPI,PAID
2983,52983,2025-10-29,Debit Card,paid
1552,51552,2025-04-22,UPI,Failed
1549,51549,31/01/2026,UPI,Paid
3154,53154,2024-11-04,COD,Paid
7985,57985,26/02/2026,Credit Card,Paid
2315,52315,20-09-2025,Credit Card,Paid
5141,55141,2024-12-29,,Paid
7900,57900,2025-09-28,Credit Card,Paid
2208,52208,13-06-2025,Credit Card,Pending
7849,57849,2024-03-04,Debit Card,Refunded
5312,55312,2024-09-06,COD,Failed
7361,57361,2024-03-13,Debit Card,Paid
1737,51737,2025-06-21,COD,Paid
1438,51438,2025-02-01,Credit Card,paid
1608,51608,2024-12-21,COD,Paid
2176,52176,22/10/2025,Credit Card,Paid
2329,52329,12/04/2025,UPI,Pending
7302,57302,16-01-2025,UPI,Paid
1630,51630,16-09-2024,UPI,Paid
4552,54552,2026-07-19,Credit Card,Paid
7269,57269,31/07/2024,Credit Card,PAID
7765,57765,2025-05-06,Credit Card,Paid
2246,52246,13-09-2024,COD,Paid
4804,54804,2024-06-14,UPI,Paid
2288,52288,01-10-2025,Credit Card,PAID
5411,55411,20-04-2025,Credit Card,Paid
5348,55348,2026-07-15,COD,Paid
4218,54218,26-01-2025,Debit Card,Paid
3192,53192,01-06-2024,COD,Paid
3256,53256,18-03-2024,UPI,Paid
6395,56395,09/07/2024,UPI,Paid
6086,56086,2024-10-19,UPI,Paid
7434,57434,06/09/2024,,Paid
647,50647,18/02/2025,credit card,paid
2065,52065,05/09/2025,Credit Card,Paid
543,50543,23/02/2026,UPI,PAID
7228,57228,20-06-2024,UPI,Paid
2832,52832,17/12/2024,UPI,Paid
6566,56566,2026-08-20,UPI,Paid
2173,52173,16-02-2025,Credit Card,Paid
5180,55180,02/09/2024,cod,Paid
5090,55090,2025-11-26,UPI,paid
6859,56859,2025-09-18,UPI,Paid
6526,56526,02-11-2024,credit card,Paid
7857,57857,23/05/2026,upi,Paid
2670,52670,03/11/2024,UPI,Paid
2103,52103,26-02-2026,Debit Card,Paid
2561,52561,09-06-2025,CREDIT CARD,Pending
5637,55637,08-06-2026,UPI,Paid
3535,53535,2024-07-21,Upi,Paid
3837,53837,31/07/2025,Upi,Paid
4960,54960,2024-11-13,COD,Paid
7462,57462,12/05/2025,COD,Paid
2402,52402,24-05-2024,COD,Paid
3752,53752,06-12-2025,UPI,Pending
4076,54076,02-11-2024,Debit Card,Paid
6913,56913,26-10-2024,Credit Card,REFUNDED
3438,53438,12/07/2024,Net Banking,Paid
4841,54841,01/07/2024,UPI,Refunded
4991,54991,2026-05-17,COD,Paid
6349,56349,23/08/2026,Net Banking,Failed
3294,53294,26/04/2026,Debit Card,Failed
7180,57180,2024-01-26,CREDIT CARD,Paid
5308,55308,08-11-2024,Debit Card,Refunded
7194,57194,2025-04-27,UPI,Paid
4948,54948,2025-04-22,UPI,Paid
1822,51822,,Cod,Paid
1397,51397,28-02-2025,Upi,Failed
7034,57034,13/07/2025,Upi,Pending
2296,52296,23-11-2025,,Paid
6176,56176,2025-04-16,COD,Paid
1178,51178,2026-07-15,UPI,Paid
1475,51475,20-05-2026,UPI,Paid
7173,57173,02/10/2025,UPI,Paid
6247,56247,2025-11-01,COD,Paid
2890,52890,2026-01-14,Credit Card,Paid
86,50086,2025-10-18,credit card,Paid
348,50348,2025-02-09,UPI,Paid
5064,55064,2024-08-13,Credit Card,Paid
5501,55501,2025-12-10,Debit Card,Refunded
2985,52985,19-02-2024,Debit Card,Pending
1415,51415,2026-08-13,Credit Card,Paid
429,50429,07/05/2025,Debit Card,Pending
5811,55811,26-01-2024,UPI,Paid
4049,54049,2024-03-06,COD,Pending
576,50576,08/12/2025,Debit Card,Paid
6467,56467,2025-09-08,COD,Failed
5121,55121,2025-06-22,Credit Card,Paid
7553,57553,2025-01-05,UPI,Paid
1301,51301,2024-06-07,UPI,Paid
5205,55205,2026-04-26,Credit Card,Paid
101,50101,2024-10-19,COD,Paid
3255,53255,2026-07-04,Upi,Paid
996,50996,2024-05-11,COD,PENDING
1198,51198,24/03/2026,UPI,Paid
4315,54315,31/10/2024,net banking,Paid
6199,56199,2025-11-04,UPI,PAID
2515,52515,2025-01-08,Net Banking,Paid
4883,54883,2025-10-11,Credit Card,Failed
7986,57986,01/04/2024,UPI,Paid
5583,55583,10/02/2024,Credit Card,Failed
5887,55887,2025-09-29,Debit Card,Paid
1758,51758,17-02-2026,UPI,Refunded
2999,52999,2025-01-04,cod,Paid
2435,52435,09-03-2026,UPI,Paid
1861,51861,10-01-2026,UPI,Paid
7500,57500,20-06-2024,Credit Card,Paid
5268,55268,09-07-2024,UPI,Paid
1612,51612,2026-05-12,Debit Card,Paid
6921,56921,21-07-2025,Credit Card,Paid
666,50666,19/02/2026,COD,Paid
2522,52522,2024-12-29,Credit Card,Paid
5862,55862,2024-10-11,UPI,Paid
2000,52000,04/05/2024,UPI,Paid
1546,51546,31/07/2024,UPI,Refunded
4631,54631,29/08/2025,UPI,Paid
4639,54639,09/06/2025,UPI,PAID
5775,55775,15/11/2025,UPI,Failed
6813,56813,2024-10-30,UPI,Paid
4231,54231,17-12-2025,COD,Failed
5588,55588,06/11/2024,UPI,Paid
4833,54833,2024-03-01,Net Banking,Paid
5388,55388,29/05/2025,Net Banking,Failed
1075,51075,02-09-2026,Credit Card,Paid
702,50702,2025-02-16,UPI,Paid
1742,51742,2024-12-30,UPI,Paid
4168,54168,2025-11-12,Credit Card,Pending
5410,55410,2024-02-25,Debit Card,PAID
3244,53244,27-03-2026,UPI,Paid
5594,55594,2025-08-29,UPI,Paid
6893,56893,05-04-2025,Debit Card,Paid
5551,55551,14-01-2024,UPI,Paid
5541,55541,2025-01-07,Credit Card,Paid
3553,53553,17/06/2026,UPI,Paid
6721,56721,14/06/2025,COD,Paid
6916,56916,19-03-2026,UPI,paid
5102,55102,2025-04-10,COD,Paid
3127,53127,2024-10-08,UPI,Paid
1317,51317,20-05-2024,Credit Card,Paid
6511,56511,02-07-2026,Credit Card,Paid
1856,51856,09-10-2024,UPI,Paid
4447,54447,13-01-2026,Debit Card,Refunded
2283,52283,2025-05-10,Net Banking,Refunded
3914,53914,2026-01-16,upi,Pending
5726,55726,2024-01-04,COD,Pending
1556,51556,15-04-2026,Credit Card,Paid
1987,51987,2024-11-17,UPI,Paid
6959,56959,15/12/2025,Credit Card,Paid
6364,56364,21-11-2024,Credit Card,Paid
4047,54047,2025-04-05,COD,Paid
5731,55731,2024-05-07,CREDIT CARD,Paid
2553,52553,2025-09-02,UPI,Refunded
7382,57382,19-08-2025,Credit Card,Paid
5973,55973,09-07-2026,Debit Card,
7619,57619,2025-03-22,UPI,Paid
3848,53848,08/09/2025,Upi,Paid
3303,53303,2026-03-17,Net Banking,Paid
6590,56590,2024-10-24,Credit Card,Paid
6233,56233,20/11/2024,UPI,Paid
6838,56838,20-05-2024,UPI,Paid
5472,55472,30-04-2026,Debit Card,Paid
3990,53990,2024-01-05,UPI,Paid
3260,53260,18/07/2026,,Failed
4220,54220,05/01/2026,Credit Card,Refunded
1105,51105,19-07-2025,UPI,Paid
1167,51167,2024-05-09,UPI,Paid
2482,52482,2024-11-29,Credit Card,Refunded
5294,55294,2026-05-11,Credit Card,Paid
404,50404,2024-10-29,UPI,Paid
4081,54081,2024-07-28,debit card,Paid
5714,55714,,debit card,Paid
7971,57971,08/04/2025,UPI,Paid
4709,54709,20-07-2026,UPI,Paid
905,50905,2026-05-29,UPI,Refunded
2143,52143,2025-02-18,UPI,Paid
1697,51697,2025-07-18,COD,Paid
2852,52852,2024-06-04,Credit Card,Paid
7454,57454,2024-07-03,UPI,Paid
738,50738,08/02/2026,net banking,PENDING
3741,53741,11/08/2024,,Paid
4559,54559,2025-04-16,Credit Card,Paid
6208,56208,2026-03-12,Credit Card,Paid
5893,55893,2024-07-27,UPI,Paid
3261,53261,02/06/2024,UPI,Failed
4687,54687,27/07/2024,UPI,Paid
5129,55129,2024-04-21,Debit Card,Paid
3507,53507,2024-02-22,COD,Paid
3211,53211,2024-06-16,,Paid
3055,53055,2026-07-01,UPI,Paid
6725,56725,2024-12-26,Debit Card,Paid
3125,53125,2026-01-23,Debit Card,Pending
6882,56882,16/02/2024,Net Banking,Paid
6311,56311,19-03-2025,Credit Card,Paid
1140,51140,2025-10-01,Credit Card,Paid
2715,52715,25-09-2024,Net Banking,Paid
3487,53487,2025-10-18,Debit Card,paid
6663,56663,2025-07-23,UPI,Paid
3021,53021,,UPI,Pending
1905,51905,2024-04-29,UPI,Paid
6636,56636,2024-02-27,UPI,Paid
1327,51327,27-01-2025,UPI,Paid
3813,53813,19-06-2026,UPI,PAID
2148,52148,2025-11-14,Net Banking,Failed
2199,52199,2026-03-14,Net Banking,PAID
3266,53266,2024-01-07,UPI,Paid
5647,55647,22/03/2024,UPI,Paid
3181,53181,17/01/2026,Net Banking,Pending
4542,54542,2026-06-29,COD,
3123,53123,2025-01-26,Net Banking,Paid
535,50535,29/01/2026,UPI,Paid
83,50083,05/03/2024,Debit Card,Refunded
1797,51797,2026-02-18,Debit Card,paid
5151,55151,07/04/2024,Credit Card,Paid
7993,57993,13/12/2024,Credit Card,PAID
5812,55812,20-05-2024,Debit Card,Refunded
3735,53735,2025-01-10,Credit Card,Refunded
206,50206,03/02/2024,Debit Card,Refunded
3612,53612,22-03-2024,Credit Card,paid
557,50557,18-10-2024,UPI,Paid
4925,54925,26-05-2026,Net Banking,Paid
5673,55673,2026-02-24,Credit Card,Refunded
2343,52343,26-04-2024,UPI,Paid
7853,57853,17/04/2026,UPI,Paid
3466,53466,2025-07-26,Credit Card,Paid
5401,55401,11-08-2024,UPI,Pending
1969,51969,2025-04-16,COD,Paid
7638,57638,21-06-2026,,Pending
6875,56875,04/02/2025,Credit Card,Paid
7889,57889,2025-03-05,UPI,Paid
5067,55067,2025-11-03,upi,Paid
6843,56843,2025-04-02,Debit Card,Paid
3375,53375,14-12-2024,Credit Card,Paid
6846,56846,23/11/2024,COD,paid
6043,56043,2024-05-27,Debit Card,Paid
3289,53289,26/08/2025,Debit Card,Paid
2245,52245,2026-03-31,UPI,Paid
4851,54851,2024-09-19,UPI,Pending
476,50476,31-07-2024,Credit Card,Pending
4329,54329,2024-02-05,COD,Paid
3053,53053,2025-04-19,Credit Card,Paid
6767,56767,04-12-2025,Debit Card,Paid
2673,52673,2025-04-30,UPI,Paid
7514,57514,2025-11-12,UPI,Paid
1050,51050,06/07/2025,COD,Failed
2825,52825,24-04-2024,upi,Paid
4928,54928,2026-07-22,Credit Card,Paid
2583,52583,2026-02-06,UPI,Paid
3498,53498,22/04/2025,COD,Paid
6147,56147,03/05/2024,Credit Card,Failed
5519,55519,09/05/2025,Credit Card,Paid
1748,51748,06-04-2024,Net Banking,Paid
7098,57098,05/11/2024,UPI,paid
4640,54640,2025-03-22,UPI,Failed
4443,54443,29-10-2024,UPI,Pending
3659,53659,03/08/2024,COD,Paid
7357,57357,2024-03-30,net banking,Paid
263,50263,2025-04-29,Credit Card,Paid
5338,55338,2026-05-22,Credit Card,Paid
1740,51740,14-12-2025,Debit Card,Paid
5852,55852,2024-12-13,UPI,Paid
4050,54050,2025-10-16,Debit Card,Paid
3002,53002,2026-04-03,Upi,Paid
5659,55659,20-04-2026,Net Banking,paid
1762,51762,2024-03-31,COD,Paid
5516,55516,01/07/2025,Debit Card,Paid
2014,52014,2025-03-27,Debit Card,Paid
3730,53730,16/02/2024,UPI,Paid
7095,57095,2026-04-07,Debit Card,Paid
7249,57249,15/07/2026,Credit Card,PAID
2926,52926,2025-09-30,Upi,Paid
1103,51103,01/08/2025,Debit Card,Paid
1628,51628,13-03-2024,COD,Paid
2287,52287,01-10-2024,UPI,Paid
2300,52300,06-06-2024,Net Banking,Paid
7476,57476,2026-04-19,UPI,Failed
110,50110,2025-11-19,COD,Paid
3142,53142,24/07/2025,UPI,Pending
6375,56375,04/07/2024,UPI,Paid
5795,55795,2024-05-20,UPI,Refunded
7464,57464,16-10-2024,UPI,Paid
1763,51763,2025-11-20,Upi,Paid
4773,54773,18-08-2025,Upi,Paid
3787,53787,24-04-2025,Net Banking,Paid
2859,52859,30/09/2024,Credit Card,Paid
5269,55269,2025-01-03,Debit Card,Paid
7349,57349,28-07-2024,UPI,Failed
7331,57331,2024-04-21,UPI,paid
7719,57719,19-02-2025,Debit Card,Pending
4510,54510,25-03-2026,UPI,Paid
5542,55542,20-03-2026,UPI,Refunded
144,50144,2026-06-12,UPI,Refunded
4554,54554,2024-04-18,Debit Card,Paid
5763,55763,2024-06-01,UPI,Paid
4930,54930,21/04/2024,Credit Card,Paid
849,50849,11-05-2025,Debit Card,Paid
1389,51389,2025-03-05,UPI,Refunded
3503,53503,2025-07-13,COD,Paid
5289,55289,2025-05-14,Debit Card,Paid
4035,54035,2025-09-15,Credit Card,Paid
4470,54470,16/02/2026,UPI,Paid
4657,54657,18-02-2024,Credit Card,Paid
5920,55920,08-09-2025,COD,Paid
4754,54754,05/07/2024,Debit Card,Paid
6905,56905,29/03/2025,Debit Card,PAID
1420,51420,21-08-2025,COD,Paid
5630,55630,05/08/2026,UPI,Refunded
4969,54969,2025-04-29,Credit Card,Refunded
3827,53827,21/01/2025,Credit Card,Paid
7487,57487,06-07-2025,Credit Card,Paid
4452,54452,04-01-2024,Net Banking,Paid
2887,52887,24-07-2025,Debit Card,Pending
2584,52584,11-02-2025,Upi,Paid
172,50172,18/11/2025,UPI,Paid
2051,52051,2025-03-24,UPI,Paid
3367,53367,2026-01-12,,Paid
5021,55021,27-03-2024,COD,Paid
7521,57521,28/03/2026,UPI,Refunded
684,50684,17-07-2026,Net Banking,Paid
2827,52827,2024-12-11,Credit Card,Pending
2366,52366,2024-04-26,Credit Card,Paid
6856,56856,2024-11-09,Credit Card,Paid
2857,52857,08/06/2025,Credit Card,Refunded
3015,53015,25-02-2025,Debit Card,Paid
6505,56505,2025-01-21,UPI,Paid
6610,56610,03/03/2025,COD,Refunded
1225,51225,21-08-2026,UPI,paid
3758,53758,2026-04-24,UPI,Paid
7623,57623,28-01-2025,UPI,Paid
6742,56742,,Credit Card,Paid
642,50642,17-03-2025,Cod,Paid
5634,55634,2024-12-08,Debit Card,Paid
4494,54494,2026-03-28,Net Banking,Paid
1053,51053,2025-06-13,,
4693,54693,2024-12-26,COD,Paid
4581,54581,2024-09-03,Credit Card,PAID
5841,55841,2025-12-05,UPI,Paid
1508,51508,09-07-2026,UPI,Paid
5861,55861,2026-05-03,Net Banking,Paid
803,50803,17/11/2024,UPI,Paid
3464,53464,22-07-2025,Credit Card,Paid
547,50547,07/06/2025,cod,Pending
3905,53905,07-01-2025,Credit Card,Paid
139,50139,2024-06-28,Net Banking,Failed
3025,53025,16/02/2024,UPI,Paid
1326,51326,11/04/2024,UPI,Paid
1966,51966,2026-03-24,Debit Card,Paid
7272,57272,28/06/2024,Debit Card,Paid
3529,53529,22-08-2025,Credit Card,Paid
1362,51362,2025-05-04,Credit Card,Paid
5575,55575,06/10/2024,Debit Card,Paid
7265,57265,2024-06-05,UPI,Paid
570,50570,06-11-2024,UPI,Paid
2816,52816,2024-11-12,upi,Paid
157,50157,2025-09-12,Credit Card,Paid
1561,51561,03-04-2026,UPI,PENDING
6941,56941,2025-10-22,UPI,Failed
1059,51059,16-04-2026,Debit Card,Paid
5576,55576,2025-05-26,Upi,Paid
3656,53656,2025-02-28,,Paid
5911,55911,2025-08-13,UPI,Refunded
4011,54011,2024-05-20,upi,Paid
2775,52775,07/05/2026,UPI,Paid
2469,52469,03/02/2024,UPI,PAID
6673,56673,2025-01-08,Upi,Failed
406,50406,2026-07-10,Credit Card,Paid
6426,56426,24/03/2024,COD,Paid
3050,53050,2025-08-24,Debit Card,Paid
6738,56738,20-09-2025,Debit Card,Paid
2585,52585,2025-08-29,UPI,Paid
5522,55522,01-02-2024,Debit Card,Refunded
117,50117,01/05/2024,UPI,Paid
7952,57952,22-12-2025,Debit Card,Paid
7957,57957,28/10/2025,Debit Card,Pending
7646,57646,2024-06-21,UPI,Paid
7722,57722,28-09-2025,UPI,Paid
7071,57071,21-11-2024,Credit Card,Paid
5221,55221,2025-11-16,Debit Card,Paid
2519,52519,2024-09-24,UPI,Refunded
4571,54571,14-07-2025,CREDIT CARD,Paid
2638,52638,2024-02-09,UPI,Paid
1392,51392,2025-01-24,UPI,Paid
3992,53992,2024-07-08,UPI,PAID
5684,55684,17/01/2026,COD,Paid
7394,57394,17/03/2024,COD,Refunded
726,50726,2025-01-13,UPI,
2179,52179,30-04-2025,COD,Pending
4427,54427,2025-12-29,UPI,Paid
3504,53504,2024-03-23,COD,Paid
2621,52621,2026-03-02,Credit Card,Paid
4448,54448,20-05-2025,Net Banking,PAID
5233,55233,2026-08-31,Credit Card,Paid
249,50249,29/12/2025,Credit Card,Paid
7819,57819,04-06-2024,UPI,Paid
7629,57629,2024-06-05,COD,Paid
3526,53526,2026-06-01,Debit Card,Paid
6650,56650,22/11/2024,Net Banking,Paid
5665,55665,05/08/2026,DEBIT CARD,Pending
871,50871,03/03/2024,UPI,Paid
1436,51436,2024-09-06,UPI,Failed
795,50795,2026-04-10,UPI,Paid
6688,56688,11-11-2024,UPI,Paid
1786,51786,09-01-2026,UPI,Paid
3306,53306,2025-06-13,UPI,Paid
4295,54295,20/03/2026,UPI,Paid
5880,55880,29/03/2024,,Paid
7626,57626,2026-06-03,COD,Pending
1498,51498,2025-12-28,UPI,Paid
4968,54968,19/11/2024,Net Banking,Failed
7322,57322,29/11/2025,Debit Card,Paid
5938,55938,2026-03-26,COD,Pending
2848,52848,20-05-2026,UPI,Paid
6446,56446,11/03/2024,UPI,Paid
3761,53761,2026-08-17,Credit Card,Paid
2416,52416,30-07-2026,COD,Paid
3382,53382,22-04-2024,Credit Card,Paid
6445,56445,2025-11-05,Credit Card,
3683,53683,2026-04-13,Debit Card,Paid
3128,53128,2025-07-05,COD,Paid
3096,53096,18-10-2025,UPI,Paid
289,50289,07-02-2026,Debit Card,Paid
3334,53334,2024-04-15,Debit Card,Refunded
4277,54277,2024-08-31,UPI,Paid
1811,51811,05/10/2024,UPI,Paid
3082,53082,2026-08-20,UPI,Paid
4405,54405,2025-09-05,Credit Card,Paid
953,50953,03-10-2025,Debit Card,Paid
3677,53677,15/06/2024,UPI,Failed
5877,55877,19-02-2024,UPI,Paid
6440,56440,23/01/2026,Debit Card,Paid
857,50857,2025-04-07,UPI,Paid
701,50701,26/01/2025,Credit Card,Refunded
3711,53711,,Net Banking,Paid
7724,57724,26-09-2025,,Paid
1062,51062,2026-08-26,DEBIT CARD,Paid
5155,55155,2024-12-29,Debit Card,Paid
7451,57451,16/12/2025,Credit Card,Paid
4185,54185,2025-12-14,UPI,PAID
2313,52313,01/03/2025,COD,
7244,57244,24/07/2026,CREDIT CARD,Refunded
7327,57327,17-07-2024,UPI,Paid
2255,52255,06/12/2024,UPI,Failed
7848,57848,09/09/2025,Cod,Paid
1496,51496,15-07-2024,credit card,Paid
5755,55755,16/09/2024,Credit Card,
2865,52865,28/03/2026,UPI,Paid
3444,53444,28/12/2025,Credit Card,Pending
3477,53477,2024-10-02,,Paid
2809,52809,15-06-2025,UPI,Paid
4536,54536,21-03-2025,CREDIT CARD,Refunded
4829,54829,11/11/2024,Credit Card,Paid
3279,53279,2024-01-27,UPI,Refunded
6138,56138,20-08-2026,Credit Card,
5122,55122,20-07-2025,Debit Card,Paid
2554,52554,21/09/2024,Credit Card,Refunded
7930,57930,,Debit Card,paid
2958,52958,2025-05-28,Net Banking,Paid
1386,51386,2025-02-15,COD,paid
106,50106,2025-12-03,UPI,Paid
3922,53922,11/01/2026,cod,paid
5035,55035,2025-08-30,Credit Card,Paid
2302,52302,07/05/2024,UPI,Paid
6942,56942,25-05-2024,UPI,Paid
7777,57777,24/05/2025,Debit Card,Paid
4917,54917,03-08-2024,debit card,Paid
1010,51010,24-08-2025,Debit Card,Paid
2542,52542,2024-05-07,Debit Card,
3352,53352,01/02/2026,UPI,Paid
3022,53022,2024-09-28,COD,Paid
6763,56763,,upi,paid
1190,51190,26-05-2025,Debit Card,Paid
3489,53489,18/02/2026,Credit Card,Pending
745,50745,22/12/2025,UPI,Pending
3443,53443,30/12/2025,Credit Card,paid
4660,54660,2024-07-05,credit card,Paid
5532,55532,2025-11-19,Credit Card,Paid
5077,55077,06/08/2026,cod,Pending
3654,53654,2025-11-25,Credit Card,Refunded
6908,56908,11/10/2024,Net Banking,Paid
2578,52578,2024-08-17,UPI,Pending
7213,57213,17-02-2024,Credit Card,Paid
4834,54834,26-01-2026,UPI,Refunded
4564,54564,2026-07-26,Net Banking,Failed
2511,52511,2026-03-29,UPI,Refunded
247,50247,2024-05-26,UPI,Paid
1403,51403,2026-06-18,UPI,paid
2742,52742,2025-09-19,Net Banking,Paid
7802,57802,22-06-2025,UPI,Paid
6177,56177,2026-01-20,Credit Card,paid
7689,57689,2025-03-01,COD,Paid
4252,54252,2025-01-14,Debit Card,Paid
7731,57731,,Debit Card,Paid
6795,56795,19/05/2024,credit card,Failed
1827,51827,11/02/2025,UPI,Paid
4204,54204,04/10/2024,UPI,Paid
6020,56020,2025-03-23,UPI,Paid
2540,52540,2026-07-06,Net Banking,Paid
2570,52570,2026-04-11,Net Banking,Paid
6741,56741,27/09/2024,Debit Card,paid
843,50843,2026-05-17,Net Banking,Paid
3141,53141,2024-07-17,COD,Failed
4198,54198,21/07/2026,Net Banking,Paid
350,50350,2024-04-09,UPI,Paid
3949,53949,31/08/2024,upi,Paid
728,50728,09/01/2025,Debit Card,Paid
6464,56464,2026-06-29,Debit Card,Failed
127,50127,,Debit Card,paid
607,50607,30/05/2025,Debit Card,Paid
765,50765,2024-09-26,UPI,paid
2407,52407,2024-05-12,UPI,Paid
4267,54267,19-06-2026,Credit Card,paid
7632,57632,17/11/2025,Credit Card,Paid
7369,57369,2024-06-17,Debit Card,Paid
3108,53108,15/09/2025,Debit Card,Paid
5243,55243,24/03/2025,UPI,Paid
6969,56969,2025-03-03,UPI,Failed
6685,56685,21/03/2025,UPI,Refunded
5286,55286,2026-08-15,Credit Card,Paid
225,50225,2026-05-19,Debit Card,Paid
3262,53262,14/12/2025,COD,Failed
7123,57123,23-08-2025,credit card,Paid
159,50159,2026-08-09,Debit Card,Failed
6848,56848,28-03-2026,CREDIT CARD,Paid
4946,54946,28/08/2025,Upi,Paid
93,50093,21/08/2024,Net Banking,Pending
4923,54923,2024-04-09,UPI,paid
1888,51888,2026-08-20,Debit Card,Paid
593,50593,23/08/2025,CREDIT CARD,Pending
4560,54560,2026-07-28,Debit Card,Paid
3776,53776,13-03-2026,Upi,Paid
2575,52575,13/07/2025,Upi,Paid
2110,52110,15-11-2025,Credit Card,Paid
5805,55805,18/06/2026,COD,Pending
5523,55523,26/04/2026,COD,Paid
6967,56967,13-08-2024,Credit Card,Failed
673,50673,03/07/2026,UPI,Paid
2072,52072,21/08/2024,Credit Card,PAID
1588,51588,2025-12-19,UPI,Failed
2250,52250,22-09-2025,COD,Paid
5922,55922,2025-01-07,UPI,Paid
2861,52861,08/01/2024,Credit Card,Paid
3135,53135,07-07-2025,NET BANKING,Paid
2703,52703,25-05-2024,Debit Card,
7166,57166,15-01-2025,COD,Paid
4847,54847,2024-03-27,UPI,Paid
1906,51906,2024-07-17,UPI,Paid
2611,52611,23/01/2026,Credit Card,Refunded
6383,56383,05-01-2025,Credit Card,Paid
3208,53208,2024-07-24,UPI,Pending
6418,56418,2026-06-20,UPI,Failed
7128,57128,13-03-2026,cod,Paid
3531,53531,2026-05-01,Credit Card,Paid
1736,51736,2026-04-07,Net Banking,Failed
5113,55113,30/10/2024,Debit Card,Pending
1303,51303,03/08/2025,UPI,Paid
5421,55421,2026-03-31,UPI,Paid
7876,57876,2024-01-21,COD,Paid
1691,51691,23-09-2025,Credit Card,Paid
5431,55431,22/07/2024,UPI,Pending
4102,54102,07-02-2026,Debit Card,Paid
4146,54146,02-07-2026,UPI,Paid
2654,52654,27/09/2025,Credit Card,Paid
2093,52093,2025-07-09,Credit Card,Failed
4413,54413,2025-11-17,UPI,Failed
2722,52722,25/08/2026,UPI,Paid
6791,56791,2025-09-11,cod,Paid
2686,52686,2025-08-14,UPI,Paid
4678,54678,2025-01-01,UPI,Paid
1249,51249,19/10/2024,UPI,Paid
1176,51176,2025-02-15,UPI,Paid
4016,54016,28/03/2024,,
3353,53353,2026-02-16,UPI,Paid
6143,56143,2026-07-23,UPI,Paid
4038,54038,21-05-2025,COD,Paid
3954,53954,10-03-2024,UPI,Paid
6096,56096,05-01-2025,UPI,Paid
933,50933,09/05/2025,UPI,Paid
7899,57899,03-09-2024,cod,Paid
422,50422,24-02-2024,UPI,Refunded
5814,55814,25/05/2025,UPI,Paid
6002,56002,2026-06-27,UPI,Paid
449,50449,2025-04-11,UPI,Failed
487,50487,2025-05-04,CREDIT CARD,Failed
154,50154,2025-10-14,Credit Card,Paid
1338,51338,10-07-2025,UPI,Paid
950,50950,19/08/2026,UPI,Paid
2214,52214,22-10-2025,UPI,Paid
7101,57101,24-04-2026,,Paid
3944,53944,2025-06-19,Net Banking,Paid
4022,54022,2026-07-29,COD,Refunded
5837,55837,15/09/2024,COD,Paid
4683,54683,2025-06-03,Debit Card,paid
5346,55346,2025-07-01,UPI,Paid
1581,51581,2025-06-30,Credit Card,
492,50492,2025-06-28,Credit Card,Paid
374,50374,30-11-2024,COD,Paid
7310,57310,14-04-2026,UPI,Paid
7839,57839,26-07-2025,UPI,Paid
2257,52257,2025-01-10,Debit Card,Paid
74,50074,02/04/2024,UPI,Paid
4087,54087,2025-07-27,UPI,Paid
3174,53174,2024-08-22,Credit Card,Paid
5164,55164,2026-02-26,Credit Card,Paid
2614,52614,10/05/2025,Credit Card,Paid
4052,54052,02/10/2025,UPI,Paid
7749,57749,2025-07-17,Credit Card,Paid
6303,56303,2026-05-13,Net Banking,Paid
5025,55025,15-08-2025,Net Banking,Paid
6335,56335,2024-04-12,Credit Card,paid
7104,57104,09/04/2024,UPI,Paid
3727,53727,2025-12-23,COD,Paid
2596,52596,09-11-2024,Credit Card,Paid
1151,51151,14/01/2025,Credit Card,Paid
7854,57854,2025-10-16,UPI,Failed
4282,54282,04-01-2025,UPI,Paid
5613,55613,30-12-2025,UPI,Refunded
5940,55940,24/03/2026,UPI,PAID
3980,53980,30/07/2024,UPI,Paid
4044,54044,04/09/2024,upi,Paid
4437,54437,28/08/2025,UPI,Paid
4109,54109,08-01-2026,Debit Card,Paid
6718,56718,05/05/2024,Credit Card,Paid
5193,55193,24-08-2026,COD,Paid
3435,53435,2025-07-15,Credit Card,Paid
2201,52201,2024-01-23,Upi,Paid
3661,53661,24-06-2025,Net Banking,PENDING
2607,52607,2024-11-25,credit card,PAID
2745,52745,29/10/2025,Credit Card,Paid
4544,54544,22/02/2025,UPI,paid
7205,57205,11/01/2026,UPI,paid
5007,55007,2025-11-23,UPI,Paid
4986,54986,19-02-2026,Upi,Paid
4919,54919,21-01-2026,Net Banking,
1453,51453,2025-12-18,UPI,paid
5235,55235,15-07-2024,Credit Card,pending
2299,52299,16/04/2026,Credit Card,Paid
2231,52231,12/06/2026,Net Banking,Paid
5292,55292,2026-02-17,,Refunded
851,50851,12/04/2025,UPI,Paid
3817,53817,06-06-2024,COD,Paid
2178,52178,2024-06-07,Upi,Paid
3915,53915,2025-01-31,Debit Card,Paid
606,50606,14/03/2024,,Paid
3623,53623,2026-02-23,UPI,Pending
3427,53427,14/06/2026,Credit Card,Paid
3625,53625,2025-07-04,UPI,Paid
4627,54627,15/08/2026,UPI,Paid
7781,57781,12-11-2024,Credit Card,Paid
2932,52932,06-05-2026,Debit Card,Paid
670,50670,2025-08-16,COD,Paid
7370,57370,06/09/2025,UPI,Paid
6652,56652,12-01-2025,,Refunded
6949,56949,2026-03-12,COD,Paid
5957,55957,15-06-2026,Credit Card,Failed
2627,52627,03/10/2024,UPI,Paid
3608,53608,12/12/2025,COD,Paid
2439,52439,03-01-2025,Debit Card,Paid
4878,54878,10-10-2024,Net Banking,Paid
7766,57766,2025-07-03,Credit Card,PAID
5339,55339,2026-04-09,UPI,Paid
415,50415,25/06/2025,Credit Card,Paid
5756,55756,2026-01-06,COD,Paid
1617,51617,,UPI,Paid
6680,56680,,Debit Card,Paid
2044,52044,14-10-2024,upi,Paid
7828,57828,2025-08-31,net banking,Paid
7266,57266,29/09/2025,Debit Card,Paid
1619,51619,11/06/2025,UPI,Paid
6009,56009,2025-03-15,Net Banking,Paid
4673,54673,27-01-2024,Cod,Paid
6221,56221,2025-03-02,UPI,Paid
781,50781,11/08/2025,UPI,Paid
2747,52747,2025-11-18,UPI,Refunded
7563,57563,02/08/2026,Credit Card,Paid
5030,55030,26-09-2025,UPI,Paid
6753,56753,20-09-2024,net banking,Pending
5167,55167,17-06-2025,Credit Card,Paid
212,50212,12/04/2025,,Paid
3919,53919,04-04-2026,UPI,REFUNDED
4514,54514,24/06/2026,Credit Card,Paid
5293,55293,2024-11-05,Credit Card,Paid
1280,51280,01-08-2025,,Paid
4135,54135,08/10/2025,Upi,Paid
246,50246,16-05-2024,UPI,Paid
2415,52415,2024-10-23,Credit Card,paid
388,50388,07-05-2026,Debit Card,PAID
5085,55085,2024-02-05,Debit Card,refunded
3292,53292,28/07/2026,Credit Card,Paid
7489,57489,06/04/2024,Debit Card,Paid
4774,54774,,UPI,Paid
2981,52981,2024-12-07,Net Banking,Failed
3038,53038,2025-04-12,UPI,Paid
5118,55118,2025-10-24,UPI,Failed
2718,52718,10/09/2025,Net Banking,Paid
2057,52057,2025-06-25,UPI,Pending
6168,56168,05-08-2026,COD,Paid
6937,56937,2026-06-07,UPI,PAID
360,50360,15-06-2024,COD,Paid
6759,56759,20-02-2024,Debit Card,Paid
3793,53793,09/11/2025,UPI,Pending
7615,57615,24-07-2025,Credit Card,Paid
1621,51621,01/09/2024,Debit Card,Paid
7662,57662,2025-03-05,Credit Card,Paid
805,50805,2024-05-02,COD,Pending
6756,56756,26-03-2024,UPI,Paid
2353,52353,2025-07-15,UPI,paid
5660,55660,29-03-2026,Net Banking,Paid
4460,54460,26/03/2024,Debit Card,Paid
3824,53824,13/09/2024,Credit Card,
4160,54160,03/09/2024,UPI,Paid
7669,57669,09/04/2026,Credit Card,Paid
5098,55098,2025-03-13,Debit Card,Paid
6642,56642,18-02-2026,Credit Card,Refunded
6588,56588,30/07/2025,Net Banking,Failed
6313,56313,2026-06-08,Debit Card,Paid
103,50103,14-04-2025,Cod,Paid
859,50859,06/08/2026,Net Banking,Pending
4846,54846,2025-06-17,cod,Paid
1108,51108,2024-04-06,Debit Card,Paid
1009,51009,29/09/2024,Credit Card,Failed
873,50873,12/09/2024,UPI,Pending
2960,52960,2024-12-18,UPI,Paid
366,50366,2026-04-08,UPI,Pending
7169,57169,2024-12-03,Debit Card,Paid
2447,52447,2024-09-02,COD,Pending
7581,57581,2025-04-29,UPI,Paid
2161,52161,22-12-2024,Credit Card,Paid
6419,56419,2025-07-13,UPI,Paid
3030,53030,2024-07-20,UPI,Paid
5218,55218,19/12/2025,,Paid
6611,56611,2024-12-29,UPI,Failed
7229,57229,2026-01-18,UPI,PAID
6881,56881,11/03/2024,Credit Card,Paid
747,50747,2024-06-16,,Failed
5290,55290,2024-12-27,UPI,Paid
7475,57475,27-01-2024,Credit Card,Refunded
1643,51643,,Credit Card,Failed
3537,53537,2026-03-05,Credit Card,Paid
930,50930,02/07/2026,Net Banking,PAID
621,50621,2026-02-09,Credit Card,Paid
3717,53717,2024-08-28,UPI,Paid
7502,57502,13-06-2026,cod,Paid
3384,53384,11-11-2025,Debit Card,Failed
3689,53689,26/02/2025,Credit Card,Refunded
7813,57813,2026-06-12,UPI,failed
7444,57444,2024-12-05,UPI,Paid
5610,55610,29/06/2025,Upi,Paid
3341,53341,08-04-2025,Credit Card,Paid
2344,52344,2025-01-05,UPI,Paid
1253,51253,2026-06-18,upi,Failed
4004,54004,10/12/2024,Debit Card,
1357,51357,,upi,Paid
4095,54095,2026-07-29,Debit Card,PAID
5015,55015,13/08/2026,Credit Card,Pending
2432,52432,2025-05-25,Credit Card,Paid
7666,57666,04/02/2026,Credit Card,Refunded
1781,51781,2024-04-25,UPI,paid
3407,53407,2024-02-21,Net Banking,Paid
7954,57954,2024-12-31,COD,
1383,51383,2024-01-23,Credit Card,Paid
7928,57928,2024-09-25,UPI,PAID
5965,55965,2026-04-10,UPI,Refunded
5584,55584,31/01/2026,Debit Card,Paid
4424,54424,2024-04-30,Debit Card,Refunded
6225,56225,22/03/2026,UPI,Paid
7943,57943,12-07-2026,UPI,Paid
2516,52516,15/01/2025,UPI,Paid
356,50356,11-03-2026,UPI,Failed
4575,54575,2025-12-27,Credit Card,PENDING
4161,54161,06/02/2025,UPI,Paid
5571,55571,31/08/2026,UPI,Paid
4534,54534,2024-11-09,COD,Refunded
6416,56416,2025-03-16,COD,paid
5816,55816,2024-01-17,Upi,Pending
2844,52844,16/04/2025,Debit Card,Paid
6339,56339,2024-02-01,upi,Refunded
5023,55023,17/10/2025,UPI,Failed
5796,55796,29/10/2024,UPI,Refunded
934,50934,2025-02-12,UPI,Paid
3966,53966,08-02-2025,Debit Card,Paid
7347,57347,2024-09-08,Credit Card,Paid
4671,54671,,Net Banking,Refunded
6886,56886,2025-01-27,Net Banking,Pending
1210,51210,2025-02-25,Credit Card,Paid
3620,53620,30/04/2026,UPI,Paid
6200,56200,2025-03-09,,Paid
751,50751,2024-01-16,Net Banking,Paid
4808,54808,2025-12-17,CREDIT CARD,Paid
1329,51329,10-07-2024,upi,Paid
7878,57878,2025-01-27,UPI,Paid
7720,57720,2026-05-19,UPI,Failed
55,50055,12/02/2025,COD,Refunded
2369,52369,01/03/2024,upi,Paid
2530,52530,2026-03-19,UPI,Paid
6914,56914,21/10/2025,COD,Paid
1649,51649,03/04/2025,Credit Card,Paid
3419,53419,05/02/2026,Debit Card,PENDING
5210,55210,2024-01-20,UPI,Paid
3920,53920,24-08-2025,upi,Paid
5026,55026,13/04/2025,Credit Card,Paid
641,50641,2024-03-27,UPI,Paid
2386,52386,2025-11-01,UPI,Paid
6982,56982,20-12-2025,COD,Paid
1240,51240,06-03-2026,UPI,Paid
6509,56509,2024-05-14,Upi,Paid
5897,55897,23/03/2026,COD,Refunded
7002,57002,18-08-2025,Debit Card,Paid
1047,51047,07/05/2025,UPI,Paid
1840,51840,2026-08-24,UPI,Refunded
6021,56021,13/01/2025,Net Banking,Paid
5966,55966,2024-08-23,Credit Card,Paid
4242,54242,07/06/2026,COD,Paid
1427,51427,30/08/2026,Net Banking,Paid
67,50067,16-04-2024,UPI,Paid
2594,52594,2024-09-13,UPI,Paid
2048,52048,17-02-2026,Credit Card,Paid
4031,54031,22-01-2026,Credit Card,
3779,53779,05-09-2024,UPI,Paid
1871,51871,2025-06-18,UPI,Paid
7304,57304,2025-02-08,UPI,Paid
2479,52479,21/03/2026,upi,Paid
7261,57261,24/05/2025,UPI,Paid
2335,52335,2024-03-12,UPI,Paid
3178,53178,25-05-2026,Credit Card,Paid
361,50361,2025-11-25,COD,Paid
7597,57597,08-12-2025,UPI,Paid
2106,52106,2024-09-14,UPI,Paid
5398,55398,17-05-2026,Debit Card,Paid
2846,52846,2024-02-03,COD,Paid
1162,51162,06/12/2024,UPI,Pending
1658,51658,2024-06-13,Net Banking,Pending
1506,51506,2025-07-18,,Paid
3383,53383,20-07-2025,UPI,refunded
715,50715,07/11/2025,UPI,Paid
1678,51678,2025-03-15,COD,Paid
7613,57613,05/03/2026,UPI,Paid
4810,54810,2024-01-05,Credit Card,Refunded
3078,53078,2026-08-08,Debit Card,Paid
2376,52376,2025-12-01,UPI,Paid
6586,56586,15-08-2024,Credit Card,Paid
7627,57627,07/12/2024,Net Banking,FAILED
1775,51775,01-04-2024,COD,
6600,56600,28/09/2025,Debit Card,Paid
2940,52940,2026-05-17,Credit Card,Paid
4634,54634,06/03/2026,Debit Card,Paid
6173,56173,2024-06-15,upi,Paid
2523,52523,03-02-2026,Credit Card,Paid
5999,55999,2025-01-09,COD,Pending
2236,52236,2024-10-13,cod,Paid
786,50786,30/04/2025,COD,Paid
1186,51186,2026-03-29,UPI,Pending
5984,55984,2024-01-28,UPI,Paid
586,50586,06/11/2024,COD,Paid
6128,56128,04-09-2024,COD,Pending
2390,52390,04-10-2025,UPI,Paid
1772,51772,14/02/2025,Debit Card,Refunded
2220,52220,27-09-2024,Debit Card,Pending
5251,55251,30/04/2024,Debit Card,Pending
5799,55799,12/06/2025,UPI,Paid
6474,56474,2024-09-03,UPI,Paid
1269,51269,2025-02-05,COD,Paid
6266,56266,08/02/2024,Credit Card,Pending
7914,57914,2024-03-15,COD,Paid
6271,56271,27/07/2024,Credit Card,Paid
5172,55172,12-03-2024,Net Banking,Failed
3962,53962,2025-03-07,Credit Card,Refunded
1646,51646,2024-05-18,Credit Card,Paid
7668,57668,17/04/2026,Upi,Paid
369,50369,,Credit Card,
4281,54281,2024-07-13,upi,Paid
5307,55307,2024-04-25,Debit Card,Paid
1730,51730,26-03-2024,UPI,Paid
1780,51780,2026-04-16,DEBIT CARD,Refunded
4605,54605,24/05/2024,Debit Card,Paid
527,50527,06/04/2026,Debit Card,Paid
6694,56694,2026-02-19,UPI,failed
3566,53566,2026-07-07,Debit Card,Refunded
2050,52050,05/11/2024,UPI,Paid
220,50220,18-03-2025,UPI,Paid
1202,51202,2024-07-23,COD,paid
1891,51891,2024-10-18,Credit Card,Failed
6359,56359,11-03-2026,UPI,Refunded
497,50497,2024-12-09,Upi,Paid
2333,52333,19-05-2026,Credit Card,Paid
4520,54520,01/07/2024,Net Banking,Failed
6919,56919,2026-02-10,UPI,Paid
4333,54333,2024-12-12,UPI,Paid
6955,56955,2025-08-18,Credit Card,Refunded
7933,57933,2025-07-02,UPI,Paid
1997,51997,2025-10-06,Credit Card,Paid
3414,53414,20-10-2025,Net Banking,Paid
1095,51095,,UPI,Paid
5808,55808,10-10-2024,net banking,Paid
6284,56284,2025-01-16,cod,paid
5462,55462,2024-04-30,Debit Card,Failed
3521,53521,2026-08-01,Credit Card,PAID
1847,51847,2025-06-28,COD,
1051,51051,2024-06-24,Credit Card,Paid
5724,55724,06-02-2024,UPI,Paid
5547,55547,2024-10-01,UPI,Pending
1160,51160,01/01/2025,Debit Card,Paid
5587,55587,2026-08-10,Credit Card,Refunded
3753,53753,22/11/2024,UPI,Paid
1706,51706,31-07-2024,UPI,Refunded
4439,54439,14/01/2026,UPI,Paid
2016,52016,2025-05-28,UPI,Failed
6619,56619,2025-07-10,UPI,Paid
2640,52640,2024-09-17,Debit Card,Paid
1305,51305,2026-03-15,UPI,Paid
1894,51894,29/12/2024,UPI,Paid
7584,57584,28-12-2025,COD,Failed
6971,56971,25-02-2026,UPI,Paid
3214,53214,2025-06-05,UPI,Paid
812,50812,02/06/2026,Credit Card,Paid
3561,53561,2025-07-27,UPI,Failed
5074,55074,2026-04-10,Debit Card,Paid
5970,55970,09/06/2026,UPI,Refunded
5434,55434,2026-07-02,COD,Paid
4206,54206,24-06-2025,Debit Card,Paid
4566,54566,17-03-2026,UPI,refunded
2004,52004,11-06-2025,COD,Pending
6898,56898,2025-06-14,COD,Paid
5930,55930,19/11/2025,Debit Card,Paid
4756,54756,2025-12-03,Net Banking,Paid
7401,57401,09/07/2025,Credit Card,Paid
923,50923,07-01-2024,Credit Card,Paid
4070,54070,05-07-2024,COD,Paid
6627,56627,28/08/2025,UPI,Paid
6816,56816,14-01-2024,Credit Card,Paid
7791,57791,08/09/2024,COD,Paid
4970,54970,2025-08-06,Debit Card,Paid
1122,51122,2025-11-14,COD,Paid
4908,54908,28/01/2026,Debit Card,Paid
1519,51519,01/08/2024,COD,Paid
5967,55967,2025-08-02,Credit Card,Paid
7296,57296,2024-02-02,Upi,Failed
6810,56810,2025-08-17,Credit Card,Paid
2505,52505,2025-08-04,Credit Card,Paid
6962,56962,2025-07-14,Cod,
2609,52609,01-01-2026,UPI,Paid
6998,56998,19-12-2025,COD,Paid
5468,55468,2025-10-14,Debit Card,Paid
5229,55229,2026-05-01,Debit Card,Paid
4106,54106,2026-07-01,UPI,paid
7132,57132,2025-09-07,UPI,PAID
4117,54117,2026-05-10,UPI,Paid
2301,52301,2024-07-11,UPI,Paid
518,50518,2026-08-04,UPI,Paid
463,50463,,Credit Card,Paid
96,50096,2025-12-17,Cod,Paid
4027,54027,2024-05-21,COD,Paid
1495,51495,16/09/2025,UPI,paid
316,50316,26/07/2024,Credit Card,Paid
6935,56935,2024-05-04,Credit Card,Paid
319,50319,22-08-2025,Credit Card,Pending
7530,57530,04/07/2025,Credit Card,Failed
7607,57607,16/06/2024,Credit Card,Paid
665,50665,2024-04-23,UPI,Paid
1618,51618,14/02/2024,COD,Paid
5842,55842,24/11/2024,Credit Card,Paid
3316,53316,08-02-2026,Credit Card,Paid
4781,54781,03/07/2026,COD,paid
789,50789,2025-08-22,COD,Paid
4115,54115,06/04/2024,UPI,Paid
432,50432,18-04-2026,Credit Card,Paid
41,50041,2025-05-31,Credit Card,refunded
1169,51169,08/12/2024,Credit Card,Paid
7912,57912,20/07/2026,UPI,Paid
658,50658,2025-11-12,COD,Paid
6145,56145,2024-01-17,Debit Card,Paid
7696,57696,2024-02-03,UPI,Failed
7684,57684,2025-04-21,credit card,Paid
3585,53585,2024-10-10,credit card,Paid
2929,52929,25-03-2026,UPI,Refunded
7595,57595,01/02/2026,Credit Card,Paid
3968,53968,2026-04-03,COD,Paid
5087,55087,14/08/2026,Net Banking,
845,50845,2025-11-03,Credit Card,Paid
4550,54550,15/10/2024,Credit Card,Paid
7262,57262,10/01/2025,CREDIT CARD,Refunded
145,50145,07/04/2026,Credit Card,Paid
471,50471,17/11/2024,Credit Card,Refunded
2471,52471,2024-04-22,UPI,Paid
3786,53786,2024-06-21,UPI,Paid
5373,55373,2026-04-08,upi,Paid
7241,57241,18/01/2024,UPI,Paid
6706,56706,2026-06-29,COD,Paid
6888,56888,22-05-2025,Debit Card,PAID
5925,55925,2024-03-14,Credit Card,Refunded
6954,56954,01/02/2026,UPI,Paid
6727,56727,09/11/2025,Credit Card,Pending
1282,51282,2025-06-06,UPI,Failed
984,50984,27/07/2025,UPI,Paid
7203,57203,2024-02-16,Net Banking,Paid
1773,51773,2024-04-07,Credit Card,Paid
4592,54592,2026-07-10,COD,Pending
6388,56388,28/03/2025,UPI,Paid
1975,51975,23/04/2024,Credit Card,Refunded
1904,51904,2026-05-21,UPI,PENDING
3509,53509,2026-04-02,UPI,Refunded
8000,58000,04/06/2026,CREDIT CARD,paid
2130,52130,14-08-2024,UPI,Paid
4078,54078,2025-03-12,COD,Paid
7045,57045,14-03-2025,Debit Card,Paid
2168,52168,07/09/2024,Debit Card,PAID
7583,57583,2025-08-02,UPI,Paid
7411,57411,20-03-2026,UPI,Paid
5791,55791,13/09/2025,Net Banking,Paid
4868,54868,2025-10-29,Credit Card,Paid
1670,51670,2025-06-07,Credit Card,Failed
7001,57001,22/12/2025,Debit Card,Paid
3033,53033,23/02/2026,UPI,Paid
1029,51029,12-01-2026,credit card,Paid
974,50974,2024-05-12,,PAID
6012,56012,24-10-2024,Credit Card,Paid
901,50901,05/09/2025,Upi,Paid
299,50299,2025-12-09,Net Banking,Paid
5963,55963,2026-08-16,Debit Card,Paid
4511,54511,2025-04-16,UPI,Paid
4659,54659,18-06-2026,UPI,Paid
3675,53675,2025-12-18,upi,Failed
1652,51652,2024-02-13,Credit Card,Paid
3630,53630,2025-06-18,Credit Card,Paid
2693,52693,29-01-2026,Credit Card,Paid
4695,54695,2026-01-14,UPI,Paid
4114,54114,16/02/2026,UPI,Paid
167,50167,01/12/2025,Debit Card,Paid
4830,54830,12/07/2026,Credit Card,Pending
4782,54782,13/06/2026,UPI,Failed
151,50151,2026-06-02,Credit Card,Failed
1873,51873,2024-06-19,COD,Paid
4245,54245,2025-08-14,Credit Card,Paid
7275,57275,20-06-2025,UPI,Paid
4181,54181,15/02/2024,UPI,Paid
2049,52049,30/07/2024,Net Banking,Failed
4478,54478,2025-12-04,UPI,Refunded
3170,53170,07-05-2025,COD,Paid
6547,56547,09/10/2025,COD,Pending
2197,52197,2026-01-10,UPI,paid
793,50793,2025-07-13,Debit Card,Failed
6862,56862,2026-01-19,UPI,Paid
6250,56250,28/05/2024,Credit Card,Pending
2311,52311,13-01-2026,COD,Paid
7141,57141,22/07/2025,COD,Paid
7039,57039,18-02-2024,UPI,Paid
4979,54979,21-12-2025,Credit Card,Paid
4787,54787,2025-04-21,Net Banking,Paid
2388,52388,28-07-2025,UPI,paid
6374,56374,2026-04-27,Credit Card,Paid
7966,57966,21-09-2025,Net Banking,Paid
5445,55445,29-06-2025,Credit Card,Paid
2396,52396,19-03-2024,COD,Refunded
5464,55464,21/12/2025,Debit Card,Paid
1659,51659,02-03-2024,cod,Paid
1439,51439,01/09/2024,UPI,Paid
7947,57947,2024-10-31,,Paid
3924,53924,18/09/2024,Debit Card,Paid
5502,55502,17-06-2024,Credit Card,Paid
3884,53884,30/07/2024,UPI,Paid
4862,54862,2026-04-13,UPI,Paid
4371,54371,15-08-2025,credit card,Refunded
2408,52408,25/05/2026,COD,Paid
3569,53569,09/11/2024,Debit Card,Paid
448,50448,2025-09-19,UPI,Paid
1838,51838,2025-04-12,COD,Paid
6840,56840,30/01/2024,Upi,Paid
6927,56927,13/01/2025,Credit Card,Paid
2260,52260,2025-10-30,UPI,Paid
5214,55214,13-03-2024,Debit Card,Pending
4085,54085,26-05-2026,Debit Card,Pending
4626,54626,13-03-2024,COD,Paid
1633,51633,2026-03-19,upi,Paid
926,50926,17/02/2025,Debit Card,Paid
5959,55959,2025-11-02,Credit Card,Paid
3242,53242,2024-04-17,UPI,Paid
4144,54144,27-03-2026,UPI,Paid
5165,55165,14/02/2025,UPI,Paid
2529,52529,2026-05-16,Credit Card,Refunded
1785,51785,2026-03-21,Net Banking,Refunded
4216,54216,14-03-2025,Credit Card,Paid
3693,53693,2024-09-19,Credit Card,Paid
988,50988,05/05/2026,UPI,Failed
272,50272,2024-09-08,Credit Card,Paid
1895,51895,31/05/2024,COD,PAID
58,50058,2026-03-29,Credit Card,Paid
4288,54288,01/05/2026,UPI,Paid
3739,53739,2025-10-14,COD,Paid
3081,53081,2024-11-25,Credit Card,Paid
2226,52226,03/10/2025,,Paid
631,50631,19-03-2026,UPI,Paid
5904,55904,20/09/2025,UPI,Paid
141,50141,,UPI,Pending
6515,56515,14/03/2025,UPI,Paid
3291,53291,25-05-2026,UPI,Paid
550,50550,28/07/2025,UPI,Paid
2083,52083,2025-03-10,COD,Paid
6150,56150,17/02/2024,Debit Card,Refunded
7811,57811,22/08/2025,UPI,Paid
368,50368,2024-02-13,UPI,Paid
5285,55285,2025-04-17,Upi,Paid
5,50005,02/03/2026,Credit Card,Paid
5258,55258,2026-02-20,Debit Card,Paid
3210,53210,13-05-2026,debit card,Failed
7328,57328,2026-02-16,UPI,Refunded
7122,57122,06/11/2025,Net Banking,Paid
294,50294,21-02-2025,UPI,Refunded
5655,55655,28-04-2026,UPI,Paid
1925,51925,2026-03-29,Debit Card,Paid
4429,54429,07/03/2024,Net Banking,Paid
569,50569,01-04-2026,Credit Card,Paid
2370,52370,09-02-2026,Credit Card,Paid
4642,54642,2026-07-27,,Paid
729,50729,19/08/2026,Credit Card,Paid
3726,53726,2024-09-18,UPI,Paid
4806,54806,10/05/2026,UPI,Refunded
3006,53006,20/11/2024,UPI,Paid
4130,54130,2025-08-07,COD,Refunded
4734,54734,11/05/2026,Net Banking,paid
1566,51566,20/07/2026,Credit Card,Paid
2037,52037,2024-06-18,upi,Paid
7218,57218,07/08/2026,UPI,Pending
3314,53314,2026-01-17,UPI,Paid
3554,53554,2025-01-06,Credit Card,Paid
7467,57467,2025-12-01,Credit Card,Paid
1977,51977,2026-05-26,Credit Card,Paid
7931,57931,2025-03-22,UPI,Paid
107,50107,2026-05-10,COD,Paid
4872,54872,2024-04-14,COD,Pending
7945,57945,2024-10-12,Credit Card,Paid
1330,51330,22/02/2024,Debit Card,Paid
7022,57022,18-12-2024,debit card,Paid
2097,52097,01-09-2025,,Paid
7005,57005,22-04-2024,Debit Card,Paid
1170,51170,2024-11-01,UPI,Paid
5136,55136,2025-02-12,UPI,Paid
6458,56458,2024-06-21,Credit Card,Paid
7131,57131,2025-12-07,UPI,Paid
3155,53155,24/01/2024,Debit Card,Paid
2031,52031,12-09-2025,COD,Paid
1227,51227,2024-01-09,UPI,Paid
1504,51504,11-11-2025,UPI,Paid
1636,51636,22/07/2025,Debit Card,Paid
5741,55741,2025-11-22,Debit Card,Paid
5550,55550,2024-04-26,upi,Paid
3425,53425,2024-06-30,Credit Card,Paid
6437,56437,2025-06-01,COD,Paid
2595,52595,2025-02-12,Debit Card,Paid
3970,53970,18-10-2025,Credit Card,Paid
75,50075,16/07/2024,Credit Card,Failed
4001,54001,24-07-2026,Credit Card,Failed
4701,54701,26-01-2025,UPI,Paid
4504,54504,22-10-2024,,Refunded
7556,57556,2024-01-25,Net Banking,Paid
6587,56587,12/04/2026,Credit Card,Failed
1279,51279,16/03/2025,Net Banking,Paid
2427,52427,24-05-2024,UPI,Paid
4433,54433,2024-07-29,UPI,Paid
5420,55420,2024-03-18,COD,Paid
4741,54741,26/06/2024,UPI,Refunded
2022,52022,10/07/2025,Credit Card,Paid
4521,54521,18/01/2025,Credit Card,Paid
968,50968,05/05/2024,Debit Card,Refunded
6625,56625,2025-03-20,Debit Card,Paid
82,50082,09/06/2024,UPI,Paid
1916,51916,22/02/2026,Credit Card,Paid
555,50555,11-01-2026,,Paid
4124,54124,02-03-2024,Credit Card,Paid
999,50999,2024-05-09,Debit Card,Paid
6798,56798,10-04-2024,UPI,Refunded
309,50309,2026-08-15,UPI,Paid
4229,54229,02/04/2024,UPI,Pending
4423,54423,24/04/2024,Net Banking,Paid
2517,52517,11-03-2024,UPI,Paid
7067,57067,2024-07-04,cod,Paid
1289,51289,2024-07-29,COD,Paid
1451,51451,2025-10-05,Debit Card,Refunded
2223,52223,06-03-2026,UPI,Paid
2750,52750,25-09-2025,UPI,PAID
1941,51941,18/05/2026,debit card,Failed
3879,53879,10/03/2025,Debit Card,Paid
3994,53994,24/10/2024,,PAID
6851,56851,2024-11-03,UPI,Paid
4869,54869,28/01/2024,upi,Paid
352,50352,2024-05-21,Credit Card,Paid
2732,52732,2025-10-19,Credit Card,Refunded
3543,53543,19-04-2026,Credit Card,Paid
7038,57038,2024-11-29,credit card,Paid
4122,54122,2024-03-31,COD,Paid
4567,54567,2024-04-23,Net Banking,Pending
7192,57192,07-03-2024,COD,Paid
6471,56471,2025-10-06,Debit Card,Paid
4933,54933,20/04/2026,Credit Card,Failed
7263,57263,2026-01-10,UPI,Refunded
3815,53815,31-07-2025,UPI,Paid
1264,51264,18-04-2025,UPI,Paid
2041,52041,01-07-2025,Cod,Paid
6347,56347,19-03-2024,Credit Card,PENDING
6304,56304,2025-11-16,UPI,Paid
1529,51529,17/02/2024,UPI,Paid
7779,57779,19/07/2024,UPI,Pending
3725,53725,2025-04-26,COD,FAILED
1843,51843,28/03/2024,Credit Card,Paid
4538,54538,2025-07-14,Net Banking,
7193,57193,2024-01-12,Net Banking,Refunded
1954,51954,25/09/2025,COD,Paid
120,50120,21-02-2024,Credit Card,Failed
6414,56414,01/07/2026,UPI,
6887,56887,2025-03-31,Credit Card,Failed
3479,53479,2025-11-11,UPI,Paid
5977,55977,2024-04-20,COD,Paid
7767,57767,2024-02-04,COD,Paid
1813,51813,24-03-2025,Debit Card,Paid
4694,54694,24/06/2025,Debit Card,
3321,53321,03/08/2024,UPI,PAID
286,50286,2025-08-04,Credit Card,Paid
7221,57221,2026-01-22,Debit Card,Paid
2952,52952,2024-10-10,Debit Card,Paid
5688,55688,2025-11-24,UPI,Pending
2403,52403,2026-04-02,Debit Card,Refunded
967,50967,2026-04-02,UPI,Paid
5946,55946,22/03/2025,UPI,Paid
2836,52836,19-04-2024,upi,Paid
1810,51810,11/05/2024,Debit Card,Paid
7185,57185,06-03-2024,UPI,Paid
3346,53346,2026-06-30,Credit Card,Paid
3113,53113,24/04/2025,credit card,Paid
7737,57737,23-06-2026,Credit Card,Paid
5370,55370,19-05-2024,COD,Refunded
260,50260,2024-04-20,Debit Card,Paid
2381,52381,10/07/2026,Debit Card,Refunded
7501,57501,02-06-2025,Net Banking,paid
5860,55860,2026-03-09,Debit Card,Failed
6291,56291,18-04-2025,COD,PAID
7427,57427,2025-01-20,Credit Card,Paid
7041,57041,2025-10-11,Debit Card,Pending
4767,54767,12/10/2024,Credit Card,Paid
888,50888,2025-12-14,Credit Card,Paid
4077,54077,29-10-2024,Credit Card,PAID
3580,53580,27-12-2025,UPI,Paid
1324,51324,26/05/2025,UPI,Paid
549,50549,25/08/2024,Upi,Paid
2165,52165,2026-04-21,COD,Paid
5903,55903,2024-11-20,COD,Paid
2272,52272,2025-04-19,Credit Card,Paid
4187,54187,2025-01-09,Debit Card,Paid
7431,57431,31/05/2025,Debit Card,Paid
1592,51592,2025-01-26,Debit Card,Paid
7578,57578,2024-11-09,Net Banking,Paid
524,50524,23-05-2026,UPI,Paid
311,50311,30/06/2026,UPI,refunded
5356,55356,2024-10-08,COD,Paid
2818,52818,2024-10-13,Credit Card,Pending
6765,56765,12/11/2025,Debit Card,Paid
3840,53840,09-12-2024,Debit Card,Pending
1841,51841,24-01-2025,Debit Card,Pending
376,50376,2026-01-29,UPI,Paid
320,50320,14/12/2024,UPI,Paid
68,50068,15-05-2024,UPI,Paid
7780,57780,21-11-2024,Credit Card,Paid
6273,56273,03/01/2025,UPI,Paid
6906,56906,08/06/2025,Credit Card,Paid
7826,57826,2025-04-25,Credit Card,Paid
4331,54331,2024-05-24,Debit Card,Paid
6332,56332,2026-08-31,Debit Card,Pending
2241,52241,27/07/2025,UPI,Pending
7448,57448,2024-07-11,COD,Paid
620,50620,25/06/2024,Credit Card,Refunded
697,50697,18-04-2025,credit card,Refunded
1819,51819,2025-12-08,UPI,Paid
1043,51043,30/01/2024,UPI,Paid
6506,56506,07/02/2025,COD,Paid
1409,51409,07-08-2025,Credit Card,Paid
4543,54543,15-03-2026,Net Banking,Paid
6712,56712,13-05-2024,COD,Paid
275,50275,09-11-2024,COD,
872,50872,2024-04-27,Debit Card,Paid
1983,51983,16-09-2024,UPI,Paid
1703,51703,2025-07-14,Credit Card,Paid
5631,55631,2025-08-17,UPI,Paid
1421,51421,20-01-2026,UPI,Paid
696,50696,2024-11-18,Debit Card,Paid
5552,55552,2024-03-13,UPI,Pending
3804,53804,,UPI,Paid
4131,54131,2025-07-20,Net Banking,Paid
3764,53764,2024-03-31,Credit Card,paid
6990,56990,25-03-2025,CREDIT CARD,Paid
3910,53910,10-01-2025,Credit Card,Refunded
1104,51104,24/06/2026,UPI,Refunded
4352,54352,29-03-2025,UPI,Pending
295,50295,31/10/2025,UPI,Paid
5732,55732,2025-10-19,Debit Card,Paid
2731,52731,21/03/2025,Credit Card,Failed
7647,57647,2026-07-10,UPI,Paid
4243,54243,2026-06-10,UPI,Paid
7863,57863,03/12/2025,COD,Failed
4332,54332,02-09-2025,UPI,Paid
4620,54620,11/01/2026,Credit Card,Paid
98,50098,04/04/2026,Net Banking,PAID
5945,55945,17/08/2026,DEBIT CARD,Paid
1119,51119,2025-01-13,Credit Card,Paid
2100,52100,09-05-2024,Credit Card,Paid
717,50717,13/03/2024,UPI,Failed
6664,56664,11-03-2024,UPI,Paid
2544,52544,21/04/2024,Debit Card,Paid
2319,52319,2024-05-02,UPI,Paid
2911,52911,2025-12-19,Credit Card,Paid
7042,57042,2025-08-24,Credit Card,
5876,55876,2024-04-04,Credit Card,Paid
2838,52838,2026-01-06,UPI,Paid
4987,54987,2024-09-06,Credit Card,Paid
6411,56411,23/11/2025,UPI,Paid
494,50494,2025-10-24,Upi,Paid
2045,52045,2025-08-20,UPI,Failed
335,50335,24-02-2025,UPI,Paid
1789,51789,27/07/2024,UPI,Paid
3867,53867,10-03-2026,UPI,Paid
4997,54997,07/08/2024,UPI,Paid
2058,52058,15/01/2026,UPI,Refunded
3372,53372,19/06/2026,UPI,Paid
6354,56354,2024-04-14,Debit Card,Paid
3816,53816,2025-02-19,Net Banking,FAILED
5158,55158,20-07-2024,Credit Card,Paid
2013,52013,19/04/2026,Debit Card,Paid
7593,57593,13/10/2024,UPI,Failed
7159,57159,2025-04-20,Credit Card,Paid
6413,56413,2024-07-06,Credit Card,Paid
820,50820,2026-02-23,Debit Card,Paid
2881,52881,04/02/2025,Upi,paid
7895,57895,2026-03-06,Net Banking,Paid
2263,52263,25/04/2024,Credit Card,Paid
6496,56496,2026-07-09,UPI,Paid
3506,53506,27/01/2026,COD,Paid
6750,56750,2024-02-01,UPI,Paid
2599,52599,2025-05-29,Debit Card,Refunded
2478,52478,04/01/2024,COD,Paid
3029,53029,2025-05-01,cod,Refunded
3849,53849,14-06-2025,COD,Paid
3908,53908,27/05/2026,UPI,Refunded
3107,53107,2026-06-25,UPI,Failed
4406,54406,09/07/2024,UPI,Paid
7167,57167,2024-02-11,Debit Card,Paid
885,50885,2026-01-25,UPI,Paid
7898,57898,16-09-2024,debit card,Paid
2569,52569,2024-06-12,Credit Card,Pending
1707,51707,01-06-2026,Credit Card,Failed
5760,55760,25/10/2024,Net Banking,Paid
1754,51754,2026-02-05,UPI,Refunded
3077,53077,23-04-2026,Credit Card,Paid
6281,56281,27/11/2025,Credit Card,Pending
2817,52817,2025-06-05,UPI,Paid
6315,56315,13/10/2024,,PAID
1543,51543,12-11-2025,Net Banking,Paid
5003,55003,27-08-2024,COD,Paid
149,50149,2024-10-25,Net Banking,Pending
7154,57154,2024-09-27,COD,Paid
1901,51901,2025-08-05,Net Banking,Failed
1750,51750,10/12/2025,UPI,Paid
4708,54708,2026-03-26,Credit Card,Pending
2123,52123,2026-03-24,COD,Paid
7923,57923,11/08/2026,UPI,Failed
1537,51537,16/03/2026,Credit Card,Paid
7455,57455,06-03-2026,Upi,Paid
7049,57049,28/05/2024,,PAID
7199,57199,17-05-2025,COD,Paid
6472,56472,2024-06-21,Debit Card,Paid
1610,51610,08/03/2024,Credit Card,Paid
4855,54855,31-07-2025,COD,Refunded
540,50540,2024-10-16,UPI,REFUNDED
7924,57924,08-11-2024,UPI,Paid
5347,55347,12/09/2025,Debit Card,Paid
3297,53297,2025-07-29,COD,Paid
821,50821,08/06/2024,upi,Paid
7140,57140,27-06-2024,Debit Card,Paid
1463,51463,16-07-2024,Net Banking,PAID
959,50959,12/08/2025,credit card,Paid
542,50542,06-05-2025,Debit Card,failed
6245,56245,03-08-2026,Credit Card,Paid
1930,51930,15/12/2024,Credit Card,Paid
5704,55704,21/04/2024,Credit Card,Refunded
7373,57373,2024-05-10,Net Banking,Paid
4546,54546,2025-01-04,UPI,Paid
4926,54926,02/01/2024,Debit Card,Paid
1524,51524,2024-05-13,COD,Failed
2992,52992,04/04/2025,UPI,Paid
1536,51536,26/03/2024,Net Banking,Paid
2109,52109,2025-11-01,Credit Card,Refunded
6943,56943,18/06/2024,Credit Card,Paid
6536,56536,29/07/2024,Net Banking,paid
1672,51672,2024-08-08,UPI,Paid
7695,57695,25/03/2025,UPI,failed
7835,57835,2026-05-20,Net Banking,Paid
1482,51482,2025-04-18,Debit Card,Paid
274,50274,2024-02-09,Net Banking,Failed
199,50199,29/05/2024,Credit Card,Paid
7736,57736,2025-09-14,UPI,Paid
3876,53876,2026-02-02,UPI,Failed
4017,54017,08-07-2025,Credit Card,Paid
6162,56162,2026-01-19,Credit Card,PAID
2394,52394,2026-02-09,Credit Card,Paid
1165,51165,03/10/2024,UPI,Paid
6831,56831,18/04/2024,UPI,Failed
4658,54658,17-04-2025,UPI,Paid
1149,51149,28/04/2026,UPI,Paid
4200,54200,2024-11-03,UPI,Paid
6570,56570,01-01-2025,COD,Paid
2234,52234,2025-10-14,Debit Card,Paid
7499,57499,2026-05-10,Debit Card,Paid
3415,53415,11/03/2026,UPI,Paid
5725,55725,16/07/2025,Credit Card,Failed
4932,54932,2026-07-21,UPI,Paid
6184,56184,19-12-2024,COD,Paid
6739,56739,24-02-2026,Debit Card,Paid
735,50735,17/04/2026,Credit Card,Paid
315,50315,09-09-2025,UPI,Paid
685,50685,2024-04-16,Cod,Pending
4376,54376,14/04/2025,UPI,Paid
6717,56717,2024-07-31,Net Banking,Paid
4619,54619,16/01/2025,Upi,Paid
3670,53670,15/09/2025,Debit Card,Paid
6981,56981,2026-01-04,COD,Paid
4403,54403,04-05-2024,Debit Card,Paid
5553,55553,28-01-2024,Debit Card,Pending
5557,55557,2024-06-30,Credit Card,Paid
5376,55376,09-10-2024,UPI,Paid
3631,53631,16/09/2024,Credit Card,PAID
3331,53331,2024-11-12,UPI,Paid
2177,52177,27-07-2024,Net Banking,Paid
1007,51007,25/06/2025,Credit Card,Refunded
2938,52938,15/08/2025,UPI,Paid
7092,57092,2025-11-05,NET BANKING,Paid
7383,57383,03-10-2025,UPI,paid
7688,57688,11/02/2025,Upi,Paid
1315,51315,07/03/2025,upi,Paid
7417,57417,2026-01-15,UPI,Paid
4188,54188,,Debit Card,Paid
2975,52975,2026-03-13,UPI,Pending
4450,54450,2024-12-05,UPI,Refunded
2939,52939,2026-01-04,UPI,Paid
758,50758,04/01/2024,Credit Card,Paid
1468,51468,24/05/2024,UPI,Paid
7562,57562,02-10-2025,Debit Card,Paid
3805,53805,2024-12-27,UPI,Paid
5681,55681,2025-12-16,Net Banking,PAID
986,50986,15-06-2025,Debit Card,Paid
7337,57337,02/09/2024,UPI,Paid
5918,55918,19-06-2026,UPI,Paid
3001,53001,04-02-2024,Credit Card,Paid
2046,52046,,Net Banking,Refunded
6659,56659,22/09/2024,Debit Card,Paid
7260,57260,2026-02-11,Credit Card,Paid
3691,53691,2026-04-21,Credit Card,Refunded
6121,56121,09/06/2025,Credit Card,Paid
2484,52484,2024-09-01,Credit Card,Paid
2885,52885,02/01/2026,UPI,Refunded
3460,53460,20-12-2025,net banking,Paid
164,50164,2025-06-30,UPI,Paid
7745,57745,2026-04-13,Credit Card,Paid
7609,57609,12/11/2024,Credit Card,Paid
1823,51823,2025-02-09,UPI,Paid
3194,53194,16-06-2024,UPI,FAILED
1129,51129,08/05/2026,UPI,Refunded
1246,51246,20/06/2024,Credit Card,Failed
7714,57714,2024-08-23,Credit Card,Paid
575,50575,2025-08-04,UPI,Pending
1492,51492,12-02-2025,UPI,Paid
7314,57314,2024-04-25,UPI,Paid
5082,55082,2024-09-28,Debit Card,paid
733,50733,24-10-2024,UPI,Paid
956,50956,2026-02-07,Net Banking,Paid
4134,54134,09/08/2026,UPI,Paid
1088,51088,2025-10-06,UPI,Refunded
1967,51967,26-05-2024,UPI,Failed
6866,56866,2024-09-14,Net Banking,paid
5723,55723,19/07/2025,,Paid
7289,57289,27-01-2025,Debit Card,Refunded
7896,57896,27/11/2025,Credit Card,Paid
6748,56748,2024-01-28,,Paid
1846,51846,2024-05-21,Credit Card,Paid
233,50233,13-08-2024,UPI,Paid
4805,54805,08/01/2026,UPI,Paid
5702,55702,21/12/2025,UPI,Paid
6246,56246,28/05/2025,COD,pending
4688,54688,2026-06-29,UPI,Paid
3080,53080,05-04-2026,UPI,Paid
2134,52134,27/01/2026,UPI,Failed
6102,56102,20/12/2025,Upi,Paid
6214,56214,2024-05-05,Credit Card,Paid
1163,51163,07/09/2024,UPI,Refunded
4415,54415,2025-10-02,Credit Card,Pending
6367,56367,08-08-2024,UPI,Paid
22,50022,2025-05-31,UPI,Paid
3298,53298,25-06-2026,Credit Card,REFUNDED
378,50378,2025-08-29,UPI,paid
5314,55314,31-12-2024,upi,Failed
6478,56478,2026-06-08,UPI,Refunded
7127,57127,01-06-2025,COD,paid
4037,54037,2026-06-08,Credit Card,Failed
2221,52221,2024-05-21,UPI,Pending
4247,54247,2025-05-27,COD,Paid
4675,54675,2025-05-23,UPI,PAID
1704,51704,23/06/2024,Credit Card,Paid
5545,55545,29/08/2024,UPI,Failed
2460,52460,2026-03-16,UPI,Paid
7313,57313,13-02-2026,UPI,Paid
5750,55750,2025-09-23,COD,Paid
4079,54079,15/11/2025,Upi,Paid
6034,56034,01-04-2025,Credit Card,Paid
2961,52961,22/07/2024,Credit Card,Paid
5941,55941,2026-02-21,UPI,Paid
2678,52678,10/07/2026,UPI,Paid
5123,55123,20-02-2026,Credit Card,Paid
1751,51751,02-07-2025,UPI,Paid
3547,53547,2025-01-25,Credit Card,Paid
2239,52239,22/07/2025,Credit Card,Paid
4714,54714,2026-03-23,COD,PAID
2906,52906,19/05/2025,UPI,Pending
5378,55378,2024-08-17,UPI,Paid
1929,51929,2026-03-23,COD,Paid
7359,57359,17/08/2025,COD,Paid
5671,55671,2025-02-18,Credit Card,Failed
548,50548,2025-08-11,Debit Card,Pending
2124,52124,2026-08-26,UPI,Paid
1788,51788,23-02-2026,Credit Card,Paid
2151,52151,2025-02-04,UPI,Paid
7916,57916,15-11-2025,Credit Card,Paid
6825,56825,13/05/2026,Credit Card,Paid
5689,55689,28-04-2026,Debit Card,Pending
1041,51041,17-06-2026,UPI,Paid
6516,56516,2026-04-13,Debit Card,Pending
7477,57477,16-08-2025,Net Banking,Paid
228,50228,29/06/2025,COD,Failed
2442,52442,2024-08-11,UPI,Paid
7812,57812,12-10-2024,UPI,Paid
2259,52259,06-10-2025,Credit Card,
2213,52213,2024-08-12,Debit Card,Paid
579,50579,2026-06-15,Credit Card,Paid
4985,54985,27-05-2024,Net Banking,PAID
2323,52323,02-06-2026,UPI,Paid
266,50266,23-06-2026,COD,Paid
6842,56842,2024-09-20,,Paid
3642,53642,2025-03-12,UPI,Pending
6122,56122,10/08/2024,Net Banking,Paid
1912,51912,2024-03-22,UPI,Paid
6656,56656,2026-02-19,UPI,Paid
4410,54410,2024-12-25,Credit Card,PAID
4974,54974,2026-07-07,COD,pending
2279,52279,25-11-2025,Upi,Paid
6562,56562,01-05-2026,UPI,Paid
4764,54764,2025-04-01,COD,Paid
1208,51208,2024-06-07,Net Banking,Paid
1474,51474,2024-09-20,UPI,Paid
5952,55952,03/03/2024,Net Banking,Failed
4010,54010,25-08-2026,Credit Card,Refunded
6732,56732,,UPI,Paid
6181,56181,29-05-2026,Credit Card,Paid
3327,53327,20-02-2025,Credit Card,Paid
4192,54192,2026-07-20,COD,Pending
5596,55596,2025-10-28,UPI,Paid
6115,56115,30/01/2026,UPI,Paid
6640,56640,25/02/2024,Debit Card,Paid
3822,53822,2024-05-02,Debit Card,Paid
4235,54235,25-01-2024,Credit Card,
3195,53195,31/05/2026,credit card,Paid
1870,51870,2025-11-26,UPI,Paid
3699,53699,2026-03-19,COD,Paid
7903,57903,2024-09-25,Debit Card,Paid
2021,52021,23-03-2024,UPI,Paid
7231,57231,24/08/2025,UPI,Paid
2535,52535,29/10/2025,COD,Pending
7223,57223,2024-09-04,UPI,Paid
6551,56551,2024-06-05,Credit Card,Paid
63,50063,01/02/2026,UPI,Paid
3302,53302,13/02/2024,COD,Paid
3769,53769,12/05/2025,upi,Refunded
1073,51073,2024-09-29,UPI,Paid
4354,54354,09-08-2026,,Paid
4780,54780,17/06/2024,UPI,Paid
192,50192,2024-02-27,Net Banking,Paid
5607,55607,2026-05-16,UPI,Paid
1102,51102,08-09-2024,Net Banking,Paid
5620,55620,27/04/2024,UPI,Pending
2393,52393,14-11-2025,UPI,Paid
2657,52657,18/11/2025,Net Banking,paid
6421,56421,07-01-2025,Debit Card,Paid
1081,51081,20-12-2025,UPI,Failed
3087,53087,07-12-2024,UPI,Paid
742,50742,2026-03-17,UPI,Refunded
383,50383,2025-01-07,Debit Card,Pending
7805,57805,04/01/2026,UPI,PAID
1825,51825,2025-11-29,Credit Card,Paid
7027,57027,2024-06-22,UPI,Paid
253,50253,03-09-2024,Credit Card,Pending
3358,53358,2026-05-31,Credit Card,Paid
6598,56598,11/07/2025,Net Banking,Paid
2805,52805,2025-07-05,Debit Card,Paid
4651,54651,11/03/2026,Debit Card,Paid
3952,53952,2026-08-04,Debit Card,Paid
4866,54866,2024-09-09,Credit Card,Refunded
137,50137,2026-05-31,Credit Card,Paid
395,50395,19/08/2024,UPI,Paid
2426,52426,26-02-2025,UPI,Paid
297,50297,2024-10-15,UPI,Paid
2863,52863,23-04-2024,Upi,Paid
1953,51953,01/12/2024,CREDIT CARD,PAID
7589,57589,03/09/2025,Debit Card,Paid
1548,51548,2024-06-14,UPI,paid
3165,53165,2024-09-26,Net Banking,Paid
7958,57958,23/07/2024,upi,Paid
7413,57413,2025-02-20,UPI,Refunded
993,50993,2025-07-04,Net Banking,paid
5539,55539,2025-07-03,UPI,Failed
5896,55896,25-08-2025,Debit Card,Pending
7062,57062,2025-05-15,Debit Card,refunded
5004,55004,2024-09-16,Upi,Paid
7056,57056,19-11-2024,credit card,Paid
3224,53224,08/01/2026,Credit Card,Refunded
2600,52600,2025-07-06,Credit Card,Paid
6174,56174,2026-08-31,UPI,PAID
530,50530,30/11/2025,COD,Refunded
1369,51369,07/03/2025,Debit Card,Failed
3098,53098,22-10-2024,Debit Card,Paid
5117,55117,01-04-2026,Credit Card,Refunded
2140,52140,25/03/2024,Net Banking,Paid
4914,54914,2026-03-29,UPI,Pending
675,50675,2026-08-20,Debit Card,Failed
489,50489,19/04/2026,Upi,Paid
5942,55942,26-02-2025,debit card,Paid
7918,57918,15-11-2024,Net Banking,Paid
1134,51134,2025-05-25,UPI,Paid
870,50870,2025-12-26,UPI,Paid
5569,55569,09/12/2024,UPI,Paid
7391,57391,2024-12-10,UPI,Paid
217,50217,2024-12-01,UPI,Paid
2325,52325,08/10/2025,UPI,Paid
5134,55134,10/01/2026,UPI,Paid
7321,57321,10/02/2024,,Paid
2945,52945,03-03-2024,UPI,Paid
1938,51938,24-03-2024,COD,Paid
6780,56780,06/02/2025,Debit Card,Failed
4598,54598,14/05/2024,UPI,Paid
4479,54479,30/01/2025,UPI,Paid
407,50407,2025-01-18,Credit Card,Paid
3593,53593,06-11-2025,Credit Card,Paid
1146,51146,06/05/2025,UPI,Paid
1215,51215,20/03/2024,UPI,Paid
3540,53540,2025-08-01,Upi,Paid
7184,57184,13/07/2025,upi,Refunded
6996,56996,04-01-2026,UPI,Paid
7084,57084,22-08-2024,UPI,Refunded
5592,55592,12/01/2024,upi,Paid
4356,54356,26/10/2024,Debit Card,Paid
2619,52619,23-07-2026,Debit Card,Refunded
2306,52306,2025-12-18,Credit Card,Paid
5128,55128,2024-03-02,UPI,Paid
5759,55759,2026-07-04,upi,Paid
1211,51211,11-12-2025,Credit Card,Paid
981,50981,26-06-2024,COD,Paid
1629,51629,15-05-2026,Credit Card,Paid
7982,57982,07/03/2024,UPI,Failed
4703,54703,28/02/2026,UPI,Paid
5037,55037,16-02-2026,Credit Card,Paid
6503,56503,03/04/2024,Debit Card,Refunded
3520,53520,15/10/2025,UPI,Paid
4723,54723,27/08/2024,UPI,Paid
4014,54014,15/09/2024,COD,Paid
3955,53955,2026-03-18,Credit Card,Paid
6357,56357,30/01/2024,UPI,Paid
467,50467,2026-01-31,UPI,Pending
423,50423,24/02/2025,UPI,Pending
6613,56613,13/02/2026,Net Banking,Paid
1892,51892,2025-10-07,Credit Card,Paid
4668,54668,08/08/2026,upi,Paid
5384,55384,14/02/2026,UPI,Failed
7299,57299,2025-05-15,Credit Card,Paid
4390,54390,2024-03-22,UPI,Paid
6118,56118,2024-05-02,credit card,Paid
4391,54391,2026-08-31,Credit Card,Paid
2142,52142,06/11/2025,DEBIT CARD,Refunded
7354,57354,09-12-2025,Upi,Paid
4033,54033,24-08-2026,UPI,Paid
4388,54388,2025-05-16,Credit Card,
6602,56602,17/12/2024,Credit Card,Paid
7064,57064,27-04-2024,upi,Paid
3927,53927,30/05/2025,CREDIT CARD,Paid
4819,54819,24-04-2024,Credit Card,Paid
2112,52112,24/03/2024,Credit Card,Paid
6240,56240,23-09-2025,UPI,Refunded
7702,57702,29/07/2025,UPI,Paid
7512,57512,28/01/2025,Debit Card,Paid
832,50832,17/06/2024,UPI,Paid
6868,56868,23-10-2025,Credit Card,Paid
3771,53771,04-11-2025,Debit Card,Pending
1440,51440,29/08/2025,upi,Paid
7252,57252,24/07/2025,Credit Card,Refunded
4530,54530,10/02/2026,UPI,Paid
5011,55011,27/09/2024,Net Banking,Paid
484,50484,21-07-2026,Credit Card,Paid
6620,56620,29/06/2024,COD,Paid
6944,56944,2024-10-12,UPI,Paid
7652,57652,14-06-2024,net banking,Paid
4266,54266,07/09/2025,UPI,Failed
3034,53034,21/07/2026,COD,Failed
674,50674,2025-07-11,UPI,Paid
5782,55782,2024-05-09,Debit Card,FAILED
869,50869,11/06/2024,Debit Card,Paid
4513,54513,2025-07-07,Credit Card,Paid
5189,55189,2025-07-24,UPI,Paid
6877,56877,2024-05-26,Debit Card,Paid
1336,51336,2024-07-04,COD,Paid
4921,54921,2024-10-18,UPI,Paid
3134,53134,27-12-2025,UPI,Paid
3835,53835,2024-12-22,COD,Paid
5928,55928,2026-03-19,Upi,Paid
7712,57712,06/07/2025,Credit Card,Paid
3310,53310,2024-03-19,UPI,Paid
5767,55767,27/04/2026,UPI,Paid
5648,55648,13/07/2025,Debit Card,Paid
5981,55981,16-12-2025,UPI,Paid
1173,51173,20/08/2025,UPI,Paid
945,50945,06/07/2024,Net Banking,Paid
5034,55034,2026-02-09,COD,Refunded
5442,55442,10/10/2025,UPI,Paid
503,50503,26/03/2026,DEBIT CARD,Paid
3599,53599,03/07/2025,UPI,Paid
4785,54785,02/02/2026,Debit Card,Failed
184,50184,26-02-2024,Credit Card,paid
1947,51947,30/12/2025,Credit Card,Paid
3563,53563,2025-03-06,Debit Card,Pending
2804,52804,29-09-2025,Credit Card,Paid
4506,54506,2024-06-24,UPI,Paid
7728,57728,10-04-2025,Debit Card,Paid
7855,57855,2024-11-29,Debit Card,Paid
3731,53731,02/02/2024,Debit Card,Paid
7482,57482,2024-08-08,UPI,Refunded
739,50739,2026-04-04,Credit Card,Paid
6015,56015,2025-12-25,Upi,Paid
4852,54852,30-08-2026,UPI,Refunded
6198,56198,25-05-2024,COD,Refunded
571,50571,21-03-2024,Debit Card,Paid
2375,52375,2024-05-09,COD,Paid
2698,52698,2026-08-10,UPI,Paid
2669,52669,2024-03-22,UPI,Paid
386,50386,27/03/2024,Credit Card,Paid
3467,53467,30/07/2025,,Failed
2327,52327,2025-06-19,Debit Card,Paid
5191,55191,2025-11-30,Debit Card,Paid
5228,55228,2025-08-23,COD,Paid
1802,51802,18/12/2024,net banking,Paid
6731,56731,2025-01-06,UPI,
782,50782,2026-01-19,Debit Card,Paid
4472,54472,2026-05-06,Credit Card,Paid
5389,55389,22-12-2024,Upi,Paid
5573,55573,05-09-2025,Debit Card,Paid
4832,54832,2024-02-15,UPI,Pending
1083,51083,2024-05-26,UPI,Paid
6119,56119,09/07/2024,Net Banking,Refunded
6062,56062,2024-07-06,UPI,Pending
4166,54166,26/08/2025,debit card,Paid
2551,52551,17-04-2024,Credit Card,Paid
7641,57641,2025-05-10,Credit Card,Failed
2895,52895,22/01/2026,Debit Card,Paid
1417,51417,2026-07-28,,Pending
3591,53591,14/01/2025,UPI,Paid
4799,54799,,UPI,Paid
7424,57424,22-03-2024,COD,Paid
7510,57510,28-07-2024,UPI,Paid
4286,54286,20-03-2026,UPI,Paid
3257,53257,31/01/2026,Credit Card,Paid
4432,54432,2026-01-23,Credit Card,Paid
3960,53960,2024-04-23,Net Banking,REFUNDED
5359,55359,06/08/2024,Debit Card,Refunded
2909,52909,2026-02-09,UPI,
6468,56468,2025-10-24,UPI,PAID
5029,55029,2024-02-20,COD,Paid
6155,56155,16-07-2025,UPI,paid
2089,52089,2025-08-14,UPI,Paid
5597,55597,2026-01-19,UPI,PAID
7917,57917,2024-03-10,COD,Paid
6592,56592,16/05/2026,UPI,Paid
5432,55432,2026-03-18,COD,Paid
3900,53900,03/07/2024,Upi,PAID
488,50488,2026-05-26,COD,Paid
6005,56005,2024-07-17,Debit Card,Paid
7734,57734,2026-07-24,Debit Card,Paid
4765,54765,2025-09-19,Credit Card,Paid
5448,55448,2024-06-19,UPI,Paid
1972,51972,2025-08-13,CREDIT CARD,Paid
1400,51400,2026-07-04,UPI,Paid
7505,57505,2024-10-25,Credit Card,Failed
5772,55772,2025-06-18,UPI,paid
2167,52167,19-03-2026,Credit Card,Paid
5078,55078,26-06-2025,COD,Pending
2018,52018,31/08/2026,Net Banking,Paid
1259,51259,2026-02-23,UPI,Paid
4848,54848,07-01-2026,UPI,
6530,56530,30-05-2024,Credit Card,Failed
2842,52842,2025-05-06,Credit Card,Failed
398,50398,30/07/2026,Net Banking,Pending
3743,53743,02/01/2024,Credit Card,Paid
7416,57416,22/10/2024,UPI,Paid
6541,56541,2025-01-04,COD,Paid
1027,51027,01/07/2025,Debit Card,Refunded
3241,53241,2026-05-20,Credit Card,paid
740,50740,11-05-2024,Upi,Pending
6132,56132,2024-10-23,COD,Paid
5036,55036,2025-03-25,credit card,Paid
438,50438,2026-01-21,COD,Paid
7011,57011,20-09-2024,Debit Card,Paid
5425,55425,2024-01-31,debit card,Paid
4953,54953,07-10-2024,UPI,Paid
2617,52617,30/11/2024,COD,Paid
392,50392,2024-08-10,Credit Card,Paid
5386,55386,2024-07-12,UPI,Paid
142,50142,25-07-2026,UPI,Refunded
7995,57995,18/04/2024,credit card,Paid
4576,54576,2026-02-17,Credit Card,Failed
4614,54614,26/04/2026,Net Banking,PAID
1522,51522,,COD,Paid
5253,55253,2024-06-15,,Paid
6022,56022,07-05-2025,Credit Card,Failed
1845,51845,04-05-2026,Debit Card,Paid
2694,52694,2026-08-06,UPI,Paid
4951,54951,16/11/2025,upi,Failed
6436,56436,2026-05-18,Credit Card,Paid
4316,54316,2024-08-20,Credit Card,Paid
584,50584,26-08-2025,COD,Refunded
4597,54597,11/03/2026,Credit Card,Pending
446,50446,01/12/2025,UPI,Paid
6205,56205,24/01/2024,Net Banking,Paid
6486,56486,28-08-2024,Credit Card,Pending
3995,53995,28/06/2025,UPI,paid
7319,57319,23/04/2025,UPI,Paid
2688,52688,2024-01-28,Credit Card,Failed
6489,56489,2026-05-13,Credit Card,Paid
3188,53188,06/02/2026,COD,Pending
7144,57144,2026-08-12,Debit Card,Paid
826,50826,2024-03-20,UPI,Paid
4441,54441,01/03/2026,Debit Card,Paid
1682,51682,15/10/2025,UPI,Paid
189,50189,2024-09-23,,Paid
6032,56032,22/06/2025,credit card,Paid
5081,55081,03/05/2026,COD,Paid
7560,57560,25-03-2024,UPI,Paid
6210,56210,2025-11-28,Credit Card,Refunded
6775,56775,2025-12-08,COD,PAID
53,50053,16/06/2026,Debit Card,Paid
1128,51128,2026-04-06,Credit Card,Paid
7699,57699,09-11-2024,UPI,Paid
221,50221,24-02-2026,UPI,Paid
4863,54863,20/07/2025,Debit Card,Refunded
976,50976,2024-03-02,COD,Paid
3404,53404,15/07/2026,Credit Card,Refunded
5582,55582,09/05/2026,UPI,Paid
3814,53814,13/04/2024,COD,Paid
6004,56004,2024-05-16,COD,Pending
7796,57796,,Credit Card,Paid
4018,54018,2024-02-24,Net Banking,Paid
2406,52406,2026-04-15,UPI,Paid
7921,57921,24-10-2024,UPI,PAID
197,50197,2024-11-07,UPI,paid
4182,54182,17/02/2025,Net Banking,Paid
1594,51594,2024-06-16,Credit Card,Refunded
2238,52238,,UPI,Failed
4207,54207,2025-09-03,UPI,Paid
4835,54835,2026-08-02,UPI,Paid
678,50678,18-06-2025,Credit Card,Paid
7227,57227,07/11/2024,UPI,Pending
1018,51018,04-06-2025,Credit Card,paid
5692,55692,2025-06-27,UPI,Failed
4317,54317,2025-05-25,Debit Card,PAID
5608,55608,12/01/2024,UPI,Paid
4054,54054,2024-02-20,Net Banking,Paid
539,50539,21-04-2024,Credit Card,Paid
6654,56654,06/04/2026,COD,Paid
6832,56832,2026-07-08,Credit Card,Paid
7587,57587,17-07-2025,Debit Card,Failed
1074,51074,03-01-2024,Debit Card,Refunded
2032,52032,2025-11-21,Debit Card,Paid
7446,57446,2025-01-21,UPI,Paid
5027,55027,18/02/2025,UPI,Paid
4666,54666,14-09-2024,Credit Card,PAID
2892,52892,2026-01-12,Net Banking,Paid
190,50190,02/08/2026,Credit Card,Paid
6025,56025,2026-07-30,Credit Card,Paid
307,50307,2025-02-05,Credit Card,Paid
7105,57105,15/10/2024,Credit Card,Paid
525,50525,15-09-2024,cod,Paid
1191,51191,2024-11-17,cod,Paid
4561,54561,2024-08-18,UPI,Refunded
4396,54396,2024-11-27,Net Banking,Paid
7392,57392,2025-11-18,UPI,Paid
7648,57648,2026-08-30,Credit Card,Paid
796,50796,2025-10-04,,Paid
7406,57406,06-11-2024,Debit Card,Paid
3957,53957,2024-01-28,Credit Card,Paid
3299,53299,19/11/2025,upi,Paid
648,50648,30/11/2024,Debit Card,Paid
7759,57759,12/01/2026,Debit Card,Paid
5746,55746,16/01/2025,UPI,Failed
2780,52780,2025-02-07,UPI,Paid
3790,53790,31/05/2025,Credit Card,Paid
3907,53907,2026-08-30,Credit Card,Pending
2194,52194,2025-01-09,Credit Card,Paid
4729,54729,18/03/2024,UPI,paid
7769,57769,30/07/2024,UPI,Paid
4677,54677,2024-01-21,Debit Card,Paid
5178,55178,01/03/2026,UPI,Paid
1274,51274,,COD,Paid
1486,51486,2026-04-21,Debit Card,Paid
5391,55391,2025-02-23,UPI,Paid
132,50132,2026-08-14,COD,Failed
5438,55438,24/08/2026,credit card,Refunded
3938,53938,2025-07-29,UPI,Paid
7801,57801,2026-06-18,Credit Card,Paid
355,50355,14-01-2026,UPI,Paid
4551,54551,21/07/2026,UPI,Paid
4041,54041,21/05/2024,UPI,Paid
7741,57741,27/04/2024,UPI,Failed
152,50152,2026-03-01,UPI,Paid
1660,51660,2024-02-22,UPI,Paid
3720,53720,28/03/2024,UPI,Paid
6736,56736,2024-04-19,credit card,Paid
6232,56232,2025-04-26,Credit Card,Pending
3246,53246,29-05-2026,UPI,Paid
5520,55520,23/11/2024,UPI,Paid
1431,51431,06/10/2025,UPI,Paid
7622,57622,17/05/2025,Credit Card,Paid
1921,51921,2024-03-14,Credit Card,Paid
1879,51879,16-09-2024,NET BANKING,Paid
6608,56608,17-09-2025,UPI,Paid
7880,57880,06-12-2025,Credit Card,Paid
3552,53552,28/12/2025,Debit Card,Refunded
453,50453,20/10/2025,Credit Card,Failed
6409,56409,10/07/2024,Credit Card,Refunded
794,50794,14/01/2024,Upi,Paid
1882,51882,27-08-2024,UPI,Failed
276,50276,29/10/2025,COD,Paid
5230,55230,26-06-2025,UPI,Paid
1768,51768,2025-02-17,Net Banking,Paid
1141,51141,13-03-2026,Credit Card,Paid
603,50603,18/03/2026,UPI,Paid
1256,51256,2024-05-19,UPI,Paid
3102,53102,2025-05-15,Debit Card,Refunded
7992,57992,30-05-2026,credit card,Failed
7243,57243,13/04/2026,Debit Card,Pending
5336,55336,30/04/2024,UPI,Paid
7988,57988,2024-10-26,Debit Card,Paid
3424,53424,01/12/2024,Upi,Paid
4055,54055,2024-12-19,upi,Paid
608,50608,09/03/2025,UPI,Paid
1674,51674,2025-03-28,Credit Card,paid
6137,56137,,Credit Card,Paid
7586,57586,03/04/2024,UPI,Refunded
7569,57569,25-11-2025,UPI,Paid
4807,54807,2026-07-20,DEBIT CARD,Paid
4269,54269,2025-03-19,Credit Card,Paid
7950,57950,2026-03-17,UPI,Refunded
4375,54375,18-01-2026,cod,Paid
4952,54952,11/03/2024,Debit Card,Paid
6047,56047,,COD,PENDING
2040,52040,28-05-2025,UPI,Paid
558,50558,2026-05-09,COD,PAID
2451,52451,31/01/2025,Net Banking,Paid
1037,51037,2025-01-24,UPI,Paid
7077,57077,,UPI,Paid
2677,52677,18/07/2026,Credit Card,Paid
4791,54791,2024-06-27,UPI,Refunded
4763,54763,08/01/2025,UPI,Refunded
6435,56435,05-04-2026,UPI,Paid
4067,54067,2024-12-13,COD,Paid
5703,55703,03/04/2024,UPI,Paid
4836,54836,23/09/2024,Credit Card,Pending
617,50617,17-02-2024,Credit Card,Paid
7572,57572,2024-08-30,UPI,Paid
1489,51489,13/03/2024,Credit Card,refunded
116,50116,2024-06-13,Debit Card,Paid
7479,57479,2025-07-22,Credit Card,Pending
4646,54646,30-03-2025,net banking,Paid
4858,54858,2024-05-07,Upi,Paid
1806,51806,07/04/2026,upi,Paid
4755,54755,23/07/2024,Debit Card,Paid
4692,54692,2025-03-02,UPI,Paid
5474,55474,2024-11-07,UPI,PAID
5323,55323,01/12/2025,Debit Card,Paid
1311,51311,28-08-2025,COD,Paid
4336,54336,2026-08-18,UPI,Paid
5417,55417,2025-09-09,UPI,Paid
880,50880,16/02/2026,Debit Card,Refunded
1849,51849,27-08-2025,UPI,PAID
4899,54899,18/09/2025,Credit Card,Pending
3345,53345,29/08/2026,UPI,Paid
3337,53337,2024-06-25,Debit Card,Paid
134,50134,29/07/2025,UPI,Paid
2840,52840,10/03/2025,Net Banking,Paid
2292,52292,07/05/2024,credit card,Paid
4887,54887,2025-09-25,Credit Card,Paid
6046,56046,2025-04-23,UPI,PAID
2459,52459,22/02/2024,Credit Card,REFUNDED
7442,57442,2024-12-24,UPI,Failed
6711,56711,30/12/2025,Debit Card,Refunded
3032,53032,11/03/2026,Credit Card,Paid
7938,57938,23/05/2026,Debit Card,Paid
187,50187,12/11/2025,Debit Card,Refunded
4367,54367,2025-03-08,Debit Card,Paid
1242,51242,03-11-2024,,Failed
5171,55171,19/09/2025,Credit Card,Paid
4025,54025,05-03-2024,UPI,Pending
2470,52470,29/09/2024,Debit Card,paid
2789,52789,18/04/2024,UPI,Failed
1824,51824,17/03/2025,UPI,Failed
2946,52946,2025-03-17,UPI,Refunded
7139,57139,,upi,Refunded
6502,56502,2025-03-10,UPI,Refunded
2514,52514,2026-02-12,Credit Card,Paid
1268,51268,17/07/2024,Credit Card,Failed
6089,56089,05/05/2024,Debit Card,Paid
6157,56157,20-07-2026,UPI,Pending
1554,51554,27/05/2025,DEBIT CARD,Paid
7346,57346,16-08-2025,Net Banking,Refunded
2837,52837,30-01-2025,COD,Paid
940,50940,19-07-2024,UPI,Paid
2884,52884,2025-10-09,UPI,Pending
6968,56968,25-06-2024,UPI,Paid
1192,51192,26-03-2026,UPI,Paid
7224,57224,18/06/2025,UPI,Failed
5066,55066,30-03-2025,NET BANKING,Paid
4159,54159,04-12-2024,Upi,Paid
7423,57423,15/04/2025,Debit Card,Paid
1250,51250,2025-01-23,Credit Card,Pending
877,50877,21/06/2025,UPI,Paid
1125,51125,2024-09-09,UPI,
1584,51584,2025-09-07,UPI,Paid
1725,51725,26-01-2026,Credit Card,Paid
828,50828,2026-03-30,credit card,Pending
2883,52883,,UPI,Failed
7450,57450,2025-04-05,Credit Card,Pending
2433,52433,17-03-2025,Credit Card,Paid
3899,53899,16/06/2026,Debit Card,paid
4679,54679,2026-01-05,UPI,Paid
529,50529,22-05-2026,UPI,Paid
2463,52463,26-12-2024,UPI,Paid
6393,56393,2025-08-28,Debit Card,Paid
5315,55315,2025-01-26,Credit Card,Refunded
2382,52382,2024-12-16,Credit Card,Pending
6924,56924,2024-05-20,UPI,Paid
1223,51223,05-12-2025,UPI,Paid
3064,53064,05-04-2026,Net Banking,Paid
5381,55381,2026-06-19,UPI,Pending
2228,52228,25-10-2024,Credit Card,Paid
4324,54324,06/01/2025,UPI,Paid
4451,54451,15/03/2024,COD,Paid
174,50174,2026-06-30,UPI,Paid
3986,53986,2026-08-06,Credit Card,Paid
4246,54246,2026-03-21,upi,Refunded
6058,56058,2025-07-22,Debit Card,Failed
4455,54455,10-06-2025,COD,Paid
5208,55208,14/03/2026,Debit Card,Paid
1872,51872,07/09/2024,Net Banking,Pending
4069,54069,2024-01-10,UPI,Paid
227,50227,2024-11-17,,Paid
6501,56501,2024-10-02,Debit Card,Paid
4290,54290,2025-10-30,Credit Card,Paid
3238,53238,04-08-2024,Credit Card,Paid
7831,57831,10/07/2025,UPI,Paid
4920,54920,2026-01-16,UPI,Paid
4684,54684,2024-12-17,UPI,Refunded
5991,55991,2025-09-02,Debit Card,Paid
3323,53323,14/06/2025,,Paid
7374,57374,2024-10-21,Debit Card,
231,50231,29-06-2024,UPI,Refunded
4522,54522,07/04/2024,UPI,Paid
910,50910,2024-07-01,Credit Card,Paid
630,50630,13/02/2025,COD,Paid
693,50693,15/11/2025,UPI,Paid
5184,55184,2024-07-31,DEBIT CARD,Paid
4362,54362,11-01-2025,Credit Card,Paid
5785,55785,26/04/2024,UPI,Paid
6806,56806,2025-06-18,Credit Card,Paid
3228,53228,2025-04-27,Net Banking,paid
6555,56555,08-03-2025,Net Banking,Pending
4208,54208,2026-07-08,UPI,Paid
4002,54002,01-05-2025,upi,Paid
4502,54502,17-12-2025,Upi,pending
7155,57155,2026-02-25,UPI,Paid
1430,51430,2024-02-15,UPI,Paid
6170,56170,2024-05-11,UPI,Paid
1650,51650,21-10-2025,Credit Card,Paid
3417,53417,04-08-2026,Net Banking,Paid
2446,52446,2026-01-07,upi,Paid
259,50259,2026-06-18,UPI,Refunded
4892,54892,2025-01-30,COD,paid
7325,57325,13-02-2025,Credit Card,PAID
3638,53638,2026-06-22,Credit Card,Paid
3590,53590,2025-03-04,UPI,Paid
3987,53987,2024-03-10,Credit Card,Pending
7555,57555,2024-05-26,Net Banking,Paid
6165,56165,26/04/2026,Credit Card,Pending
5271,55271,26/05/2025,Debit Card,Paid
3571,53571,29-07-2024,COD,Paid
2733,52733,2026-06-06,COD,Pending
6295,56295,05/03/2026,UPI,Paid
963,50963,22/11/2025,Debit Card,Paid
188,50188,2025-12-30,UPI,Paid
4028,54028,2025-04-18,UPI,Pending
3862,53862,2025-05-09,UPI,Paid
4112,54112,10-01-2024,UPI,Paid
2395,52395,24-11-2024,UPI,Paid
3911,53911,03-07-2024,,Paid
6643,56643,15/08/2026,upi,paid
5792,55792,30-04-2026,COD,Failed
1100,51100,2024-05-13,upi,Paid
5766,55766,14-11-2025,Credit Card,Paid
6104,56104,26/08/2025,upi,Paid
2192,52192,11/02/2025,Net Banking,Paid
6778,56778,19-03-2024,debit card,Paid
7713,57713,22/03/2025,COD,Paid
7590,57590,23/08/2025,Net Banking,Paid
5319,55319,04/02/2025,UPI,Paid
4769,54769,2024-01-31,UPI,Paid
6646,56646,23-05-2024,COD,Paid
6544,56544,2025-11-04,UPI,PAID
4384,54384,,Credit Card,Paid
977,50977,22-07-2025,credit card,Paid
5810,55810,2025-05-07,UPI,Paid
5444,55444,06-12-2024,COD,REFUNDED
1713,51713,30/09/2025,Net Banking,Failed
7474,57474,27-05-2026,UPI,Refunded
7697,57697,2026-02-01,Debit Card,PAID
677,50677,13-04-2024,UPI,Refunded
2456,52456,05/01/2026,UPI,Failed
1358,51358,2025-04-18,UPI,Failed
706,50706,15-07-2025,Credit Card,Paid
6987,56987,21-10-2025,UPI,Paid
5615,55615,29-12-2024,UPI,Pending
5787,55787,11-12-2024,Net Banking,Paid
5636,55636,2026-07-02,Debit Card,Pending
2565,52565,24-02-2024,Credit Card,Paid
7657,57657,26-05-2025,UPI,Paid
3687,53687,20-02-2026,Credit Card,Paid
7869,57869,02-11-2025,Credit Card,PAID
7291,57291,14-07-2025,UPI,Paid
3663,53663,20/05/2026,Credit Card,Paid
1221,51221,17-02-2025,Debit Card,PAID
4871,54871,2025-01-11,COD,Paid
5554,55554,13-05-2025,Credit Card,Paid
664,50664,2024-08-02,net banking,Pending
2629,52629,19/04/2024,UPI,
1087,51087,02-08-2025,COD,Paid
3124,53124,2025-12-19,Credit Card,Paid
2466,52466,2024-08-26,COD,Paid
2783,52783,21-05-2025,UPI,Paid
1557,51557,2026-01-07,COD,paid
3138,53138,2025-11-09,UPI,Refunded
6048,56048,03-08-2025,COD,Refunded
3890,53890,2026-01-19,UPI,Paid
7978,57978,02-08-2024,UPI,Paid
804,50804,2025-11-06,COD,Paid
4005,54005,19-04-2025,UPI,Paid
3963,53963,11-06-2025,UPI,Paid
7700,57700,30/03/2025,UPI,Paid
6127,56127,22-07-2025,cod,Paid
4226,54226,2026-03-24,Debit Card,Pending
478,50478,06/05/2024,UPI,Paid
4128,54128,20/07/2024,upi,PAID
5910,55910,12/12/2024,Debit Card,failed
163,50163,2024-04-21,COD,Failed
1731,51731,01/12/2024,Net Banking,Paid
7761,57761,03-12-2025,UPI,Paid
7117,57117,2024-09-23,Credit Card,Refunded
1779,51779,2025-08-02,,failed
6215,56215,13-03-2024,UPI,Paid
3579,53579,24/06/2026,Debit Card,Failed
2007,52007,2025-09-25,upi,Paid
2135,52135,20/05/2026,COD,Paid
6705,56705,30-05-2026,UPI,Paid
2074,52074,2026-07-29,UPI,Paid
6457,56457,2024-11-08,Credit Card,Paid
731,50731,2026-01-22,UPI,refunded
5827,55827,04/08/2026,COD,Paid
719,50719,25-04-2025,UPI,Failed
4119,54119,2025-06-23,upi,PENDING
4006,54006,10-07-2024,UPI,paid
3390,53390,2024-01-04,Credit Card,Paid
5873,55873,10/05/2025,Debit Card,Paid
5886,55886,21/10/2025,Debit Card,Paid
2486,52486,2025-05-13,UPI,Paid
4268,54268,2026-06-20,DEBIT CARD,Paid
3454,53454,2025-04-15,Net Banking,Pending
4943,54943,2025-10-09,Credit Card,Paid
7048,57048,11/09/2024,UPI,paid
3480,53480,,UPI,Paid
4584,54584,2026-02-24,Debit Card,Refunded
2424,52424,30-12-2025,Credit Card,PAID
5371,55371,15-03-2025,,Paid
5913,55913,21-04-2024,Credit Card,Pending
4294,54294,2025-07-16,UPI,Refunded
6645,56645,23/01/2025,UPI,Paid
7335,57335,2025-08-18,Debit Card,Paid
6490,56490,07/08/2024,Credit Card,Paid
6793,56793,,UPI,Paid
7085,57085,04/11/2024,Debit Card,Paid
7650,57650,12-05-2025,UPI,Paid
709,50709,2026-02-15,Net Banking,Paid
6465,56465,17-07-2025,UPI,Paid
7280,57280,09-07-2024,Upi,Paid
5190,55190,2024-01-15,Credit Card,Pending
1760,51760,10/05/2024,debit card,paid
3532,53532,2026-05-19,Upi,
5416,55416,2025-11-30,Credit Card,Paid
7773,57773,2024-11-01,Debit Card,Paid
6209,56209,03/11/2024,Debit Card,Paid
5072,55072,08/07/2026,Credit Card,Paid
718,50718,24-08-2026,UPI,Pending
1335,51335,2025-08-23,UPI,Refunded
5157,55157,03-04-2025,UPI,Paid
4977,54977,13/10/2024,Credit Card,Paid
3765,53765,2024-03-20,Upi,Paid
6235,56235,11/05/2025,UPI,Paid
2690,52690,2026-03-30,Debit Card,Failed
7565,57565,2025-12-20,UPI,Paid
2924,52924,04-07-2024,COD,Paid
5277,55277,18/03/2026,credit card,Refunded
966,50966,2026-05-16,UPI,Paid
7949,57949,17-07-2025,UPI,Paid
1378,51378,2025-02-06,UPI,Pending
2680,52680,04-09-2025,Credit Card,Failed
1685,51685,2024-11-13,UPI,Paid
1070,51070,2026-08-22,Credit Card,Paid
3855,53855,2025-03-19,COD,Paid
72,50072,16/06/2024,COD,Pending
3669,53669,2024-12-14,Credit Card,Paid
97,50097,15-03-2024,COD,Paid
3363,53363,28/09/2024,COD,Paid
6839,56839,2026-04-09,UPI,Paid
4838,54838,07-05-2026,Credit Card,Refunded
3169,53169,2024-01-03,Debit Card,Paid
3026,53026,21-11-2025,COD,Paid
4180,54180,2025-09-02,Credit Card,Paid
5564,55564,2024-12-28,Credit Card,PAID
7124,57124,15/01/2026,Upi,Paid
6108,56108,10-04-2025,COD,Paid
3049,53049,13-05-2024,UPI,Paid
5153,55153,27/07/2024,Cod,Refunded
5332,55332,11-05-2025,Credit Card,Paid
1749,51749,08/09/2025,CREDIT CARD,Paid
6902,56902,2025-05-30,Credit Card,Paid
4669,54669,2026-01-02,Debit Card,Paid
5567,55567,06/07/2024,UPI,Paid
7188,57188,2026-01-24,UPI,Paid
4040,54040,2024-08-06,UPI,Failed
7844,57844,15/04/2026,UPI,paid
960,50960,2025-11-29,UPI,Paid
3533,53533,2025-11-06,NET BANKING,Paid
7603,57603,2026-07-20,UPI,Paid
7393,57393,02/07/2026,UPI,Refunded
7616,57616,21/01/2026,Debit Card,paid
7402,57402,30-06-2025,UPI,Failed
2824,52824,19/11/2025,Credit Card,Paid
752,50752,25/05/2025,UPI,Paid
2317,52317,29-05-2025,UPI,Paid
5998,55998,28/05/2026,Credit Card,Pending
5625,55625,2026-07-24,UPI,Paid
2702,52702,2026-06-20,Debit Card,Paid
2915,52915,18-10-2024,UPI,refunded
4608,54608,23/09/2025,Credit Card,Pending
1662,51662,2024-12-26,Credit Card,Paid
1615,51615,24-01-2026,Debit Card,Pending
6140,56140,25-05-2024,Debit Card,Paid
6329,56329,15-06-2026,UPI,Paid
1332,51332,22-05-2024,Debit Card,PAID
6761,56761,2024-11-15,Credit Card,Paid
7538,57538,2025-06-04,UPI,Paid
3807,53807,03-02-2025,UPI,Paid
6871,56871,07-07-2024,Credit Card,Refunded
4743,54743,06/01/2025,Credit Card,Paid
5150,55150,14-07-2025,Credit Card,Paid
7396,57396,21-10-2025,Debit Card,PAID
2756,52756,2025-10-31,UPI,Paid
5934,55934,29-02-2024,UPI,Pending
3100,53100,2024-08-29,UPI,Pending
302,50302,16-08-2024,Credit Card,Paid
6596,56596,2025-12-15,UPI,Paid
7529,57529,2024-10-29,Debit Card,Paid
1161,51161,22/03/2024,Debit Card,Paid
7671,57671,2026-04-29,Credit Card,Refunded
5387,55387,2026-01-22,UPI,Paid
6823,56823,2025-11-02,Net Banking,Paid
2036,52036,07-08-2024,Debit Card,Paid
230,50230,2025-07-28,Credit Card,Paid
7268,57268,2026-08-21,Debit Card,Pending
2080,52080,2025-05-13,Credit Card,Paid
5372,55372,2025-09-29,COD,Paid
1734,51734,12/06/2026,CREDIT CARD,Refunded
2198,52198,09/06/2026,Credit Card,Paid
5299,55299,11-10-2025,UPI,Paid
1291,51291,2025-06-09,Debit Card,Paid
2077,52077,21/10/2025,UPI,Paid
5633,55633,2026-02-24,,Refunded
7181,57181,02/09/2025,COD,Pending
4155,54155,2025-10-08,upi,Paid
5163,55163,20/07/2026,COD,Paid
208,50208,2024-06-15,COD,Paid
1907,51907,2024-09-23,debit card,Refunded
5132,55132,05-07-2026,COD,
1232,51232,16/10/2025,CREDIT CARD,Paid
4145,54145,09-08-2025,Debit Card,Paid
342,50342,13-09-2024,COD,Paid
4175,54175,02/07/2024,UPI,Refunded
2754,52754,2024-03-08,UPI,Paid
3463,53463,,UPI,Paid
2587,52587,22/05/2025,UPI,Failed
420,50420,13/08/2024,COD,Paid
1179,51179,2026-03-29,COD,PAID
5250,55250,09/08/2024,COD,Paid
436,50436,29-08-2024,UPI,Paid
341,50341,2024-03-19,UPI,Pending
7639,57639,2025-03-15,UPI,Paid
2509,52509,2025-07-07,Credit Card,Paid
7932,57932,2025-05-08,UPI,Paid
5368,55368,10-07-2025,CREDIT CARD,Paid
7395,57395,28-06-2024,Debit Card,Failed
4633,54633,2026-03-19,UPI,Paid
7017,57017,2024-06-14,Credit Card,Pending
5949,55949,05/05/2025,COD,Paid
5830,55830,13/03/2024,Debit Card,Pending
1092,51092,02/03/2024,UPI,Paid
5456,55456,17-12-2025,Debit Card,Paid
44,50044,2025-12-29,UPI,Pending
3397,53397,07-07-2025,UPI,Paid
4572,54572,01/11/2024,UPI,Paid
1292,51292,2026-07-23,Net Banking,Paid
7273,57273,21-03-2025,Credit Card,Paid
5452,55452,2024-03-09,UPI,Paid
2286,52286,05-07-2025,UPI,Paid
1499,51499,16-11-2024,UPI,Failed
4190,54190,2025-05-27,UPI,paid
4303,54303,28/03/2024,UPI,Refunded
2137,52137,2025-04-04,Debit Card,Paid
4594,54594,2024-01-30,COD,Pending
442,50442,23/04/2024,UPI,Paid
7338,57338,2024-06-13,COD,Refunded
1540,51540,2024-06-20,COD,Pending
1842,51842,2025-03-26,Credit Card,Paid
4157,54157,14-02-2026,COD,Paid
1559,51559,30/03/2024,upi,Paid
1304,51304,14-07-2025,UPI,Paid
389,50389,2024-01-07,Credit Card,Paid
3401,53401,2024-01-01,UPI,Paid
2104,52104,13/06/2024,COD,Paid
387,50387,24/10/2025,Credit Card,Refunded
7753,57753,25-03-2025,UPI,Paid
2894,52894,2024-11-24,Debit Card,Refunded
1807,51807,2024-05-05,UPI,Failed
4485,54485,05/07/2026,COD,Paid
4500,54500,2026-01-01,CREDIT CARD,Paid
5854,55854,2024-05-05,UPI,Refunded
6607,56607,2025-07-06,Debit Card,Paid
6826,56826,27-08-2026,Credit Card,Paid
6675,56675,23-03-2026,UPI,PAID
4613,54613,24-05-2025,Credit Card,Paid
5515,55515,2025-05-27,UPI,Paid
1406,51406,2025-05-26,Debit Card,Paid
5908,55908,10-03-2026,UPI,PAID
3115,53115,04-12-2025,,Paid
3888,53888,09/08/2024,Credit Card,PENDING
3629,53629,2025-12-02,COD,Paid
477,50477,28/10/2024,Net Banking,Paid
6071,56071,2026-04-25,UPI,Paid
5152,55152,13-10-2024,UPI,Paid
1852,51852,10/07/2025,Debit Card,Paid
4577,54577,25/09/2025,Credit Card,Paid
5543,55543,30/03/2026,upi,Failed
7137,57137,19/08/2025,Debit Card,Paid
3550,53550,19/03/2026,Credit Card,Paid
824,50824,15/10/2025,UPI,pending
4509,54509,,UPI,Paid
1060,51060,2024-02-16,UPI,Paid
3058,53058,2026-04-12,UPI,Refunded
2166,52166,2024-09-27,UPI,Paid
4337,54337,08/10/2025,COD,Pending
4489,54489,15/09/2025,,Paid
2753,52753,31-07-2024,Credit Card,Paid
2098,52098,16/05/2024,Credit Card,paid
3808,53808,2024-08-06,Debit Card,Paid
1456,51456,14-07-2024,COD,Paid
6861,56861,26/11/2025,Debit Card,Paid
4379,54379,2026-01-25,Credit Card,Refunded
5878,55878,,Credit Card,Pending
1284,51284,03-03-2024,UPI,Paid
1979,51979,02-08-2026,Net Banking,Refunded
2121,52121,12/11/2025,Debit Card,Paid
2380,52380,27/03/2025,UPI,Paid
4320,54320,06-01-2025,COD,pending
4676,54676,20/07/2024,UPI,Pending
4325,54325,20-12-2024,COD,Paid
5156,55156,2026-01-10,Credit Card,Paid
7008,57008,2025-12-22,Debit Card,PAID
1791,51791,25/04/2026,Net Banking,Paid
7803,57803,17-02-2025,Debit Card,Paid
7074,57074,09-07-2024,COD,Paid
7102,57102,27-04-2025,Upi,Pending
4454,54454,2025-02-15,COD,
5302,55302,20/11/2024,UPI,Paid
4746,54746,2026-01-02,Credit Card,Refunded
3517,53517,2024-12-25,Credit Card,Paid
2536,52536,03/12/2024,UPI,Failed
7571,57571,2026-05-17,Net Banking,paid
4786,54786,01/04/2024,Credit Card,Pending
7135,57135,24/11/2025,UPI,Failed
4201,54201,2026-01-08,UPI,Failed
3003,53003,15/02/2026,Credit Card,Refunded
7323,57323,04-02-2025,UPI,Paid
5291,55291,2024-07-11,UPI,Paid
5142,55142,30-08-2025,Debit Card,Failed
4603,54603,2025-11-24,UPI,Paid
426,50426,2025-04-10,Credit Card,Failed
6207,56207,2026-04-04,COD,Paid
4411,54411,03-07-2026,Credit Card,Refunded
7518,57518,2024-03-23,Credit Card,
7016,57016,21/02/2024,UPI,Paid
3889,53889,2024-12-07,Debit Card,Paid
310,50310,26/09/2025,COD,Paid
3482,53482,19-09-2024,CREDIT CARD,
7172,57172,2025-04-06,Credit Card,Paid
7793,57793,31-05-2024,upi,Paid
2968,52968,2026-07-08,UPI,Paid
1579,51579,30-06-2024,CREDIT CARD,Paid
6325,56325,04-04-2024,UPI,Failed
1799,51799,27-06-2024,COD,Paid
3666,53666,2025-10-05,Credit Card,Paid
7770,57770,06-04-2025,Credit Card,Paid
6010,56010,2024-11-23,Net Banking,
5182,55182,2024-01-24,Credit Card,Paid
730,50730,2024-06-10,Credit Card,Pending
4706,54706,15/10/2024,UPI,Paid
2404,52404,17/06/2026,UPI,Failed
7389,57389,2025-08-19,UPI,Paid
1387,51387,19-12-2025,upi,Pending
1142,51142,16/04/2026,UPI,Paid
3830,53830,10-05-2025,COD,Paid
257,50257,10/05/2024,UPI,Refunded
863,50863,2024-05-04,upi,Refunded
2462,52462,2026-07-12,Credit Card,Paid
308,50308,17/03/2024,Upi,Paid
2740,52740,11/03/2026,COD,Paid
2978,52978,2025-03-20,Debit Card,Paid
3320,53320,20-08-2024,UPI,Paid
4341,54341,2024-03-14,Credit Card,PAID
778,50778,23/03/2025,COD,Paid
6938,56938,01/04/2026,COD,Paid
7707,57707,2026-06-15,Upi,Paid
6782,56782,2026-01-05,COD,Pending
589,50589,2024-07-03,UPI,Pending
7385,57385,2026-06-30,UPI,Pending
4556,54556,13-06-2026,UPI,Paid
3913,53913,2026-05-16,Debit Card,Paid
1814,51814,2025-04-29,UPI,Paid
2457,52457,2026-04-28,UPI,Paid
5935,55935,02-01-2024,DEBIT CARD,Paid
975,50975,17-04-2026,COD,Paid
5835,55835,16-07-2024,UPI,Paid
6041,56041,27-11-2025,UPI,Paid
5222,55222,29-01-2026,Credit Card,Paid
324,50324,22-05-2025,UPI,Paid
6787,56787,19-04-2026,cod,Paid
7437,57437,2025-03-22,UPI,Paid
4533,54533,2025-05-07,Net Banking,PAID
4094,54094,26/12/2025,Credit Card,PAID
5972,55972,07/08/2024,COD,Paid
1693,51693,2024-08-14,Credit Card,Paid
7171,57171,01/10/2024,Net Banking,Paid
3719,53719,10-12-2024,UPI,Paid
2613,52613,20/07/2026,Credit Card,PENDING
2784,52784,2026-01-11,UPI,Paid
3059,53059,2024-09-23,UPI,
6553,56553,2025-10-19,Credit Card,Paid
5771,55771,2025-09-16,Net Banking,Paid
5354,55354,13-07-2024,cod,Paid
1817,51817,11/04/2026,UPI,Refunded
2028,52028,15/05/2025,COD,Paid
4568,54568,25/09/2024,UPI,Paid
5628,55628,2026-01-25,Net Banking,Paid
3313,53313,10-06-2025,COD,Paid
5578,55578,2025-08-05,COD,Paid
396,50396,17/01/2026,Debit Card,paid
5869,55869,2025-06-23,Credit Card,Pending
2183,52183,2024-03-16,Credit Card,Paid
3322,53322,2025-05-05,UPI,PAID
1072,51072,24-08-2026,Credit Card,Paid
236,50236,2026-02-13,UPI,Failed
5482,55482,2026-02-17,UPI,Paid
6672,56672,2026-01-07,UPI,Paid
3252,53252,2026-02-14,UPI,Paid
2528,52528,15/11/2025,DEBIT CARD,Pending
6216,56216,01/10/2024,Debit Card,Paid
12,50012,2024-02-27,COD,Paid
4980,54980,2024-10-22,Debit Card,Paid
5088,55088,2025-07-07,Net Banking,Paid
1372,51372,19/08/2026,UPI,Refunded
7324,57324,2025-12-21,UPI,Failed
3453,53453,27/05/2026,Debit Card,Paid
5961,55961,2025-02-06,Credit Card,Paid
6616,56616,2024-10-09,UPI,Paid
84,50084,27-07-2024,credit card,Paid
3982,53982,02-04-2026,Net Banking,Refunded
2622,52622,10-05-2025,Debit Card,Pending
3692,53692,23/06/2026,COD,paid
6918,56918,2024-11-23,UPI,Paid
2088,52088,07/05/2026,Credit Card,Paid
990,50990,26-04-2025,UPI,Paid
3110,53110,24/11/2024,Debit Card,Failed
4068,54068,10/07/2026,,Paid
1602,51602,01-04-2025,COD,Failed
6201,56201,03/02/2024,Debit Card,Paid
1044,51044,2025-10-18,UPI,Paid
303,50303,17-07-2024,COD,Failed
447,50447,14-06-2024,Debit Card,Paid
883,50883,2025-07-30,Cod,Paid
1034,51034,20-08-2025,COD,Paid
7248,57248,08-07-2026,UPI,Paid
5836,55836,11/08/2024,Credit Card,Failed
5206,55206,07-02-2025,COD,Paid
2853,52853,21/09/2024,Credit Card,Failed
4545,54545,2025-11-24,Credit Card,Paid
2012,52012,12/01/2026,Debit Card,Paid
1443,51443,05/02/2026,Debit Card,PAID
7152,57152,2024-12-17,Net Banking,Paid
1384,51384,30-05-2026,Debit Card,Paid
27,50027,15-03-2025,UPI,Failed
7197,57197,2025-05-26,,PAID
6835,56835,10-06-2025,Credit Card,Paid
4569,54569,15-06-2025,COD,Pending
2504,52504,2026-08-18,UPI,Paid
7546,57546,18-05-2024,UPI,Paid
1339,51339,07-04-2026,upi,Paid
6512,56512,2025-08-29,COD,Paid
5397,55397,2024-10-07,COD,Paid
6171,56171,2024-10-14,Net Banking,Failed
2606,52606,06-09-2025,Credit Card,Paid
6186,56186,18-02-2026,Debit Card,Paid
1980,51980,2024-07-14,COD,Paid
3852,53852,2026-08-03,Net Banking,Failed
5245,55245,06/07/2025,Debit Card,Paid
1224,51224,2025-11-13,credit card,Failed
4426,54426,2024-08-22,Credit Card,Paid
150,50150,2025-09-23,UPI,Paid
7561,57561,16/11/2025,UPI,Paid
6975,56975,2025-04-20,CREDIT CARD,Paid
3418,53418,22-04-2025,UPI,Paid
6833,56833,2025-08-02,Debit Card,Paid
7024,57024,06-06-2024,UPI,Refunded
7461,57461,2024-10-10,Debit Card,PAID
2387,52387,06/10/2024,UPI,paid
6219,56219,05/05/2026,upi,Paid
5815,55815,26-09-2025,Debit Card,Paid
7239,57239,2024-06-06,net banking,pending
7495,57495,30-10-2025,UPI,Paid
1898,51898,2024-12-18,Debit Card,Paid
3220,53220,27/05/2026,UPI,Paid
4328,54328,09/05/2024,cod,Paid
6985,56985,03/11/2024,UPI,Paid
2494,52494,2025-12-26,Net Banking,Paid
861,50861,2024-01-04,Credit Card,paid
756,50756,10/08/2025,COD,Failed
3267,53267,2025-01-07,UPI,Paid
6251,56251,2024-01-18,UPI,Paid
7788,57788,22-09-2025,UPI,Paid
4984,54984,2024-10-07,UPI,Paid
605,50605,2025-02-08,UPI,Refunded
4141,54141,2025-05-17,Net Banking,Paid
5213,55213,2026-01-23,Net Banking,Paid
5322,55322,2026-06-25,Credit Card,Paid
7610,57610,02-05-2025,Debit Card,Paid
7237,57237,2024-04-11,Debit Card,Paid
3619,53619,13-11-2024,Net Banking,Paid
7384,57384,2025-02-24,Credit Card,Paid
6202,56202,20/04/2026,Credit Card,Paid
850,50850,19/09/2025,Credit Card,Paid
3977,53977,2026-07-07,COD,Paid
5481,55481,2024-04-08,Credit Card,Paid
2423,52423,06/11/2025,Credit Card,Paid
6964,56964,2025-06-05,UPI,PAID
1382,51382,2026-06-24,UPI,Paid
7240,57240,2025-07-14,Credit Card,Paid
6565,56565,13/09/2025,Credit Card,Paid
5544,55544,20-10-2025,UPI,Paid
6820,56820,12/04/2024,Credit Card,Paid
6854,56854,20/02/2025,UPI,Paid
7494,57494,2024-09-26,Credit Card,Paid
1441,51441,2024-12-15,COD,PAID
2359,52359,02/04/2026,Credit Card,Paid
6111,56111,2025-05-15,UPI,Paid
4177,54177,26-01-2024,Debit Card,Failed
161,50161,11-08-2025,Debit Card,Paid
3831,53831,16-07-2024,COD,Failed
332,50332,2025-01-26,Credit Card,Paid
5989,55989,19-03-2025,UPI,Paid
7703,57703,17-05-2025,UPI,paid
6322,56322,2026-04-10,CREDIT CARD,Paid
801,50801,2025-07-04,UPI,Paid
5622,55622,15-07-2025,UPI,Paid
2269,52269,2025-08-19,Upi,Refunded
2336,52336,22/02/2025,UPI,Paid
6988,56988,2025-10-09,Debit Card,Paid
4821,54821,07-05-2024,Net Banking,Pending
2001,52001,04/02/2024,Credit Card,PAID
3380,53380,28-11-2024,UPI,Paid
2152,52152,2026-05-09,COD,Paid
1048,51048,2024-08-27,UPI,Paid
6812,56812,25-04-2025,Upi,Failed
6572,56572,2025-12-25,UPI,Paid
6006,56006,29-07-2025,UPI,Paid
2720,52720,01-09-2025,Credit Card,Paid
6369,56369,24/04/2026,Credit Card,PAID
4351,54351,13-04-2024,UPI,Paid
2413,52413,2024-09-11,UPI,Paid
3335,53335,21/03/2026,UPI,paid
1816,51816,2026-04-06,UPI,Paid
2290,52290,04/04/2025,UPI,Paid
6244,56244,22-06-2025,COD,Paid
3749,53749,2026-03-29,COD,Paid
936,50936,21/01/2025,UPI,Paid
7815,57815,25-12-2024,UPI,Paid
2675,52675,2025-01-05,credit card,Paid
5609,55609,22-03-2024,Debit Card,Paid
7858,57858,28-03-2026,Credit Card,Failed
3354,53354,21-06-2024,Net Banking,Refunded
7202,57202,2024-09-25,Credit Card,Paid
6105,56105,2025-11-11,UPI,Refunded
1960,51960,14/05/2024,UPI,Paid
5789,55789,2025-07-31,UPI,Paid
1942,51942,22/12/2025,Debit Card,Pending
5639,55639,2024-09-22,Credit Card,Paid
6239,56239,2025-06-01,Credit Card,Paid
1848,51848,2024-11-27,Credit Card,Paid
3634,53634,26-01-2025,Upi,Paid
2444,52444,2024-01-20,UPI,Paid
4205,54205,27-06-2026,Debit Card,Paid
6204,56204,2026-05-08,UPI,Paid
1955,51955,2024-06-08,Net Banking,pending
7183,57183,02-03-2024,Debit Card,Paid
3253,53253,2026-06-23,COD,Paid
4593,54593,28-05-2026,UPI,Paid
3902,53902,2026-05-13,UPI,paid
2785,52785,2024-02-22,Credit Card,Failed
3410,53410,2025-01-22,Net Banking,Paid
4417,54417,05/03/2026,CREDIT CARD,Paid
5790,55790,07/04/2025,Cod,Paid
1985,51985,23-06-2024,Debit Card,Paid
3402,53402,05/10/2024,COD,Paid
458,50458,2026-01-21,UPI,Paid
5881,55881,2024-12-31,Upi,Paid
3005,53005,2024-03-07,CREDIT CARD,Paid
6139,56139,2025-10-23,COD,Paid
5685,55685,2026-07-16,Credit Card,Paid
6491,56491,12/02/2026,COD,Paid
6612,56612,31-03-2026,COD,Refunded
5311,55311,2026-05-15,UPI,Paid
5614,55614,17-06-2026,UPI,Paid
5521,55521,12/02/2025,UPI,paid
3658,53658,2025-04-01,credit card,Failed
681,50681,2025-10-07,Credit Card,Paid
4326,54326,08/08/2024,Net Banking,Paid
1434,51434,30-10-2024,COD,Paid
6808,56808,11/06/2025,UPI,Pending
4760,54760,21-08-2026,UPI,Refunded
2483,52483,20/03/2025,CREDIT CARD,Paid
3873,53873,27/04/2025,COD,Paid
3199,53199,12/12/2024,UPI,paid
3159,53159,2025-02-07,Credit Card,Failed
3496,53496,2024-02-28,Credit Card,Paid
1627,51627,2024-01-24,Cod,PAID
138,50138,2024-03-14,Debit Card,Paid
5281,55281,2024-09-23,Debit Card,Pending
6444,56444,19-08-2026,Credit Card,Paid
4445,54445,2024-10-25,COD,Failed
1949,51949,2025-06-04,UPI,Refunded
3120,53120,16/07/2024,Credit Card,Pending
1466,51466,2026-06-06,Credit Card,
1518,51518,2026-05-28,UPI,Paid
424,50424,2025-08-22,COD,Paid
4000,54000,08/07/2025,DEBIT CARD,Paid
57,50057,10-07-2025,Credit Card,Paid
2244,52244,30/10/2025,UPI,Paid
2256,52256,28-07-2026,Credit Card,Refunded
7506,57506,2026-07-15,Credit Card,Paid
971,50971,11-04-2026,Credit Card,Refunded
5105,55105,2025-01-09,Upi,Paid
712,50712,05-02-2026,Debit Card,Paid
5514,55514,02/05/2025,Upi,Paid
1281,51281,2024-02-14,Credit Card,Paid
7942,57942,2025-06-02,Credit Card,Paid
25,50025,2024-07-05,Debit Card,Failed
380,50380,2025-05-22,COD,Paid
800,50800,08-03-2026,COD,Paid
5696,55696,23-08-2025,Debit Card,Paid
4133,54133,27-04-2024,UPI,Failed
2562,52562,10/06/2026,UPI,Refunded
2708,52708,2024-01-05,COD,Paid
1644,51644,14/06/2024,Credit Card,paid
4981,54981,2025-07-25,DEBIT CARD,Paid
3912,53912,2026-02-02,UPI,Paid
209,50209,2024-06-26,DEBIT CARD,Pending
5561,55561,04/02/2025,upi,Refunded
5355,55355,2025-04-27,NET BANKING,Paid
7570,57570,26/07/2025,COD,Pending
2620,52620,2024-06-10,Credit Card,Refunded
3993,53993,03/05/2025,Net Banking,Paid
1374,51374,2024-12-15,Debit Card,Paid
917,50917,22-04-2024,UPI,Paid
23,50023,21/05/2026,UPI,Paid
4319,54319,,Debit Card,Paid
444,50444,06/04/2024,UPI,Paid
5858,55858,21-06-2025,UPI,Paid
753,50753,2024-11-28,Credit Card,Refunded
7080,57080,15-07-2024,UPI,Paid
207,50207,12/02/2026,UPI,Paid
7614,57614,21/09/2024,UPI,Paid
3240,53240,2024-02-24,Debit Card,Pending
1885,51885,2025-02-25,UPI,Paid
3007,53007,21-08-2026,UPI,Paid
6623,56623,10-10-2025,COD,PAID
7371,57371,18/03/2026,COD,Paid
4151,54151,2026-01-09,COD,Paid
1718,51718,13-11-2024,Credit Card,Paid
293,50293,10/02/2026,Credit Card,paid
7621,57621,31/07/2025,Debit Card,Paid
47,50047,04-06-2025,Credit Card,Paid
1461,51461,30/05/2025,UPI,Paid
121,50121,12-08-2026,UPI,Paid
4374,54374,03/08/2026,Net Banking,Paid
3268,53268,13-02-2025,UPI,Failed
3014,53014,19/06/2025,NET BANKING,Paid
1715,51715,2025-04-28,Credit Card,Paid
6716,56716,2026-02-11,CREDIT CARD,Paid
7254,57254,2024-04-20,Net Banking,paid
326,50326,2025-10-24,Credit Card,Paid
3140,53140,29/01/2025,Debit Card,Failed
4738,54738,2025-11-09,UPI,Paid
4224,54224,2025-02-18,Upi,Paid
5870,55870,2026-01-04,COD,Paid
680,50680,07-05-2024,COD,Pending
7061,57061,2026-04-16,UPI,Refunded
2920,52920,2026-01-23,Debit Card,Paid
6466,56466,2024-05-09,COD,Paid
7850,57850,2024-12-30,Credit Card,Paid
6113,56113,2025-08-08,Debit Card,Paid
3386,53386,2024-10-25,UPI,Paid
5392,55392,12-02-2026,upi,Paid
7398,57398,15/03/2026,Debit Card,Failed
2623,52623,2024-01-22,UPI,Pending
704,50704,2024-12-20,cod,Paid
6476,56476,2025-05-26,Net Banking,Paid
7906,57906,2024-07-18,Debit Card,Paid
848,50848,04/03/2025,COD,Paid
3069,53069,08-04-2025,CREDIT CARD,Paid
5856,55856,2024-04-02,Credit Card,Paid
2297,52297,2026-01-16,Debit Card,Paid
4082,54082,12-02-2026,,Paid
2127,52127,03/02/2024,Debit Card,Paid
6720,56720,15-10-2025,Upi,PAID
7089,57089,2026-03-19,UPI,Paid
7959,57959,07/03/2026,UPI,Paid
4523,54523,2025-07-20,,Paid
7937,57937,2026-04-05,COD,Refunded
2603,52603,2025-02-17,UPI,Paid
1927,51927,2026-07-24,UPI,Paid
1155,51155,15/12/2024,Debit Card,Refunded
6624,56624,2025-04-23,COD,Paid
983,50983,2024-04-30,Credit Card,Paid
1574,51574,03-03-2026,UPI,Paid
4816,54816,19-09-2024,UPI,Paid
1226,51226,23-03-2026,UPI,Paid
2398,52398,08/07/2026,UPI,Paid
3870,53870,2024-04-18,UPI,Paid
4334,54334,2025-11-04,Credit Card,Paid
7860,57860,2025-02-19,Debit Card,pending
1272,51272,25-04-2024,UPI,Paid
5249,55249,08-05-2026,UPI,Paid
1245,51245,2026-08-27,debit card,Paid
2869,52869,26/07/2026,Credit Card,paid
1136,51136,07/06/2024,Debit Card,Paid
1686,51686,27-06-2024,COD,Paid
3273,53273,18-06-2024,Credit Card,Paid
377,50377,14-11-2024,Debit Card,Paid
737,50737,16-09-2024,Debit Card,
393,50393,2025-12-14,Debit Card,Paid
5458,55458,2025-09-10,UPI,Paid
173,50173,2026-07-06,COD,Paid
3172,53172,16/06/2024,UPI,Pending
2741,52741,23/10/2024,UPI,Paid
2724,52724,2026-08-13,Credit Card,Pending
7820,57820,2026-01-17,UPI,paid
5439,55439,07/10/2025,UPI,Paid
7230,57230,2024-03-01,COD,Paid
5280,55280,17-04-2025,upi,Paid
595,50595,2026-05-08,UPI,Refunded
5667,55667,2026-06-30,Credit Card,PAID
1893,51893,2026-07-02,UPI,Paid
7548,57548,2024-05-31,UPI,Paid
5080,55080,10-09-2025,Cod,Failed
3926,53926,2024-02-08,Debit Card,Paid
5154,55154,2026-05-21,Credit Card,Paid
4724,54724,07-07-2025,UPI,Paid
7851,57851,16-06-2025,Debit Card,Failed
3754,53754,2025-09-09,debit card,Paid
7112,57112,2026-06-06,COD,Paid
1770,51770,2024-10-02,Credit Card,Paid
2866,52866,13/03/2024,Net Banking,Paid
6382,56382,2025-09-07,UPI,Paid
1154,51154,2025-08-05,Credit Card,Pending
2921,52921,2025-12-08,UPI,Pending
6915,56915,2025-10-01,UPI,Paid
1065,51065,2025-11-16,Credit Card,Paid
6452,56452,11/03/2026,DEBIT CARD,Paid
6575,56575,2025-04-01,UPI,Failed
732,50732,17/11/2024,UPI,Paid
5018,55018,2025-07-25,UPI,Failed
1981,51981,30-03-2024,UPI,Pending
1057,51057,2025-04-05,UPI,Refunded
4466,54466,30/01/2026,UPI,Paid
3887,53887,2025-01-19,UPI,Paid
5978,55978,10-12-2025,COD,Paid
3713,53713,2025-03-25,Credit Card,paid
1739,51739,02/01/2026,UPI,Pending
2210,52210,30/04/2026,,Paid
4110,54110,10-09-2025,Net Banking,Paid
2726,52726,21/02/2026,UPI,Paid
7076,57076,2026-05-23,Debit Card,Paid
4456,54456,21/03/2024,UPI,Pending
1078,51078,2024-03-01,Debit Card,Paid
856,50856,2024-04-10,UPI,PENDING
6350,56350,19/05/2024,Debit Card,Paid
7515,57515,27/08/2024,UPI,Paid
5691,55691,2025-02-01,UPI,Paid
6552,56552,25-01-2024,UPI,Failed
1591,51591,2024-12-12,UPI,Paid
3163,53163,04-01-2025,Credit Card,Pending
3295,53295,06/07/2026,UPI,Refunded
3104,53104,12/06/2024,UPI,Paid
4824,54824,05/10/2024,Net Banking,Paid
7312,57312,2025-11-04,Credit Card,Paid
7575,57575,10-06-2026,Cod,Paid
6745,56745,24-04-2025,Credit Card,PAID
4784,54784,18/06/2026,debit card,Paid
7245,57245,15-05-2024,UPI,Paid
3056,53056,19/07/2024,Credit Card,Paid
1005,51005,26/02/2024,COD,Paid
1544,51544,2025-04-18,Net Banking,Paid
6743,56743,2025-03-30,UPI,Refunded
7286,57286,2024-04-04,COD,Paid
6038,56038,2025-08-01,UPI,Failed
559,50559,16/10/2024,Credit Card,Paid
4654,54654,2024-12-03,Credit Card,Paid
6947,56947,01/02/2024,Net Banking,paid
5890,55890,2026-04-25,Credit Card,Paid
3378,53378,05/04/2024,COD,Refunded
1494,51494,2026-03-11,Debit Card,paid
4236,54236,09-06-2024,Credit Card,paid
4285,54285,2026-02-17,upi,Paid
2769,52769,08-04-2026,Credit Card,Paid
4802,54802,15/03/2024,Debit Card,Paid
3513,53513,12/07/2026,Credit Card,Pending
7602,57602,2026-04-16,Debit Card,paid
890,50890,07/02/2024,UPI,PAID
54,50054,2024-03-11,Net Banking,Paid
7798,57798,26/06/2024,UPI,Paid
6493,56493,2024-12-22,Credit Card,Paid
5424,55424,09-10-2024,cod,Paid
938,50938,22/02/2026,Net Banking,Paid
7215,57215,2024-11-18,net banking,Paid
1404,51404,22/01/2025,COD,Failed
3176,53176,20/03/2024,COD,Paid
5344,55344,19-08-2026,upi,Paid
1505,51505,20/05/2024,UPI,Paid
298,50298,2024-10-15,UPI,Paid
6994,56994,20-09-2024,UPI,Paid
1124,51124,08/09/2025,COD,Paid
759,50759,2026-01-24,Debit Card,Paid
5484,55484,07-07-2026,Credit Card,Paid
6277,56277,28-06-2026,COD,Paid
2450,52450,15-02-2024,UPI,Paid
955,50955,2025-05-21,Debit Card,Paid
5695,55695,05/11/2024,upi,Paid
6957,56957,04/06/2024,Debit Card,Paid
1765,51765,2024-02-28,UPI,Failed
4803,54803,21/12/2024,Debit Card,paid
1863,51863,2026-04-02,NET BANKING,Paid
370,50370,2024-01-04,COD,Paid
1657,51657,2025-03-17,UPI,Failed
6103,56103,02/06/2025,Debit Card,Paid
4345,54345,13/04/2026,CREDIT CARD,Paid
998,50998,21/05/2025,UPI,Paid
661,50661,16-06-2024,UPI,
4637,54637,2024-12-17,Debit Card,Paid
3201,53201,17/04/2025,UPI,Paid
3770,53770,20-04-2025,UPI,Paid
1377,51377,2024-02-14,COD,PAID
4353,54353,2026-05-05,COD,paid
2182,52182,14-08-2025,UPI,Paid
1541,51541,2024-01-21,UPI,Paid
7118,57118,31/07/2025,Credit Card,Paid
2116,52116,10-08-2025,CREDIT CARD,Refunded
5780,55780,15/04/2025,UPI,Paid
7725,57725,2024-06-16,UPI,Pending
6353,56353,2024-10-04,Credit Card,Paid
3416,53416,2025-02-02,Debit Card,Paid
4726,54726,2024-01-19,Net Banking,PAID
6398,56398,2026-05-01,UPI,Paid
5743,55743,24/04/2026,Debit Card,Paid
2751,52751,16/10/2024,UPI,Paid
6531,56531,19-02-2026,UPI,Refunded
4820,54820,31/03/2025,UPI,Paid
775,50775,2026-08-14,UPI,Paid
283,50283,,UPI,PAID
3237,53237,2025-03-27,UPI,Paid
1133,51133,2024-05-05,Credit Card,Paid
4702,54702,2024-08-16,UPI,Paid
2440,52440,14/07/2024,Credit Card,Paid
4532,54532,23-02-2024,COD,Refunded
1837,51837,11-08-2024,Debit Card,PAID
4573,54573,29/03/2026,CREDIT CARD,paid
2499,52499,02/12/2025,UPI,Paid
1776,51776,24/09/2025,UPI,Paid
6686,56686,23-05-2026,COD,Paid
4730,54730,20-01-2024,,
1238,51238,20-09-2024,Net Banking,Paid
1039,51039,2026-01-28,Debit Card,Paid
1880,51880,02-12-2024,UPI,Paid
2988,52988,,UPI,Refunded
4849,54849,2026-07-29,UPI,Pending
876,50876,2025-05-15,Credit Card,Paid
5440,55440,2024-04-27,Credit Card,Paid
7670,57670,11/08/2025,UPI,Paid
1577,51577,04-11-2025,Net Banking,Paid
7403,57403,14-03-2026,Debit Card,Paid
3981,53981,18/05/2026,Credit Card,paid
475,50475,04/08/2026,UPI,Paid
7536,57536,08-11-2025,Net Banking,Paid
6112,56112,14/03/2025,UPI,Pending
169,50169,02-07-2024,COD,Paid
2900,52900,05-03-2026,UPI,Paid
5254,55254,29-04-2026,UPI,Failed
2712,52712,2024-05-15,Credit Card,Refunded
6224,56224,21/05/2025,Debit Card,
4950,54950,19/02/2026,COD,Pending
4648,54648,2026-05-22,Debit Card,Paid
5914,55914,2025-10-28,UPI,Paid
4604,54604,12-07-2025,Credit Card,Paid
5146,55146,24-08-2025,Credit Card,Failed
1721,51721,09/03/2026,UPI,Paid
1510,51510,2025-11-13,UPI,Pending
2841,52841,2025-02-09,COD,Paid
7976,57976,30-06-2025,COD,Failed
3185,53185,27-03-2025,Debit Card,Paid
2888,52888,2025-04-22,UPI,Paid
4747,54747,19/07/2025,COD,paid
3457,53457,04-04-2025,Credit Card,
4373,54373,07/08/2024,Credit Card,Paid
7840,57840,2025-12-10,Credit Card,
1114,51114,2024-05-13,Credit Card,Pending
6734,56734,14/02/2024,UPI,Paid
434,50434,2024-04-04,UPI,Paid
1771,51771,2024-05-31,Debit Card,Failed
5343,55343,22-03-2024,Credit Card,Paid
7804,57804,09-08-2026,UPI,Pending
6528,56528,05/01/2025,Net Banking,Paid
4195,54195,10/08/2026,UPI,Paid
5982,55982,2024-01-06,Debit Card,Paid
895,50895,2026-04-28,UPI,Paid
2778,52778,05/02/2025,Debit Card,Paid
5868,55868,13-07-2025,Debit Card,Refunded
2291,52291,2026-05-07,UPI,Paid
7998,57998,21-03-2026,Debit Card,Pending
5581,55581,25/05/2024,Debit Card,Paid
4289,54289,06/10/2024,UPI,Paid
1290,51290,2026-06-30,UPI,Refunded
5605,55605,2024-01-23,UPI,Pending
7078,57078,20-10-2025,UPI,Paid
4992,54992,06/09/2024,Debit Card,Paid
1988,51988,18/06/2025,COD,Paid
441,50441,2025-09-27,UPI,Paid
3139,53139,19/05/2024,Credit Card,paid
7129,57129,23-07-2026,Credit Card,Pending
3039,53039,07/06/2025,UPI,Paid
5820,55820,10/08/2026,UPI,Paid
7636,57636,10/10/2024,Credit Card,paid
2346,52346,03/01/2026,UPI,Failed
32,50032,20-08-2026,,Paid
3355,53355,07/04/2026,,Paid
5203,55203,2024-02-11,Credit Card,Refunded
2409,52409,17/01/2024,COD,Pending
7300,57300,2024-08-31,Credit Card,Pending
3843,53843,23-12-2024,Credit Card,Refunded
1698,51698,2025-12-07,COD,
7207,57207,22/03/2026,Net Banking,Paid
5560,55560,2026-03-19,Net Banking,Paid
946,50946,2025-03-24,Cod,Paid
1792,51792,19-04-2024,COD,Paid
2328,52328,2025-06-29,UPI,Paid
17,50017,21-12-2024,UPI,Paid
3983,53983,2025-08-16,Debit Card,Paid
602,50602,2026-08-07,UPI,Paid
798,50798,06-05-2026,COD,Paid
123,50123,25/12/2025,Credit Card,Paid
5227,55227,2024-10-25,Debit Card,Failed
7705,57705,2024-04-10,Credit Card,Paid
5563,55563,2024-11-02,UPI,Paid
5834,55834,2024-10-25,Credit Card,Paid
2247,52247,08/08/2025,Credit Card,Paid
6269,56269,16-02-2024,UPI,Paid
5076,55076,2024-09-11,Credit Card,Paid
4370,54370,26/02/2026,Debit Card,Refunded
1302,51302,14-05-2026,Net Banking,Paid
1197,51197,2025-07-05,Credit Card,Paid
4171,54171,27/08/2026,Debit Card,Paid
2942,52942,2024-01-25,UPI,Paid
6522,56522,09-06-2025,UPI,Refunded
4731,54731,01/02/2026,Debit Card,Paid
1606,51606,2025-09-13,Credit Card,Paid
7591,57591,2025-09-22,UPI,Paid
4108,54108,29-08-2024,COD,Paid
4422,54422,04-05-2024,Debit Card,Paid
6270,56270,27-07-2025,UPI,Paid
5944,55944,28/10/2025,Debit Card,Paid
3143,53143,,Net Banking,Paid
3785,53785,13/10/2024,Credit Card,Pending
893,50893,18/04/2026,UPI,Paid
727,50727,2025-02-03,Credit Card,Paid
5518,55518,04/08/2025,COD,Paid
1999,51999,14/02/2025,UPI,Failed
7681,57681,2024-05-13,Credit Card,Paid
3149,53149,08/12/2024,COD,Paid
1585,51585,2025-04-23,COD,Paid
5768,55768,30/10/2024,Debit Card,Refunded
1158,51158,2025-07-12,cod,Refunded
7264,57264,2024-08-30,Debit Card,Paid
7208,57208,2026-06-24,UPI,Paid
5510,55510,24/02/2025,UPI,Pending
7332,57332,2024-10-17,Debit Card,Paid
6518,56518,2026-03-16,UPI,Pending
5115,55115,10/06/2024,Credit Card,paid
2948,52948,08-07-2025,Debit Card,PAID
2384,52384,2024-01-21,DEBIT CARD,Paid
147,50147,07/10/2025,Net Banking,Pending
5457,55457,11/10/2025,UPI,Paid
6107,56107,17-07-2024,Debit Card,Paid
2796,52796,03/07/2024,Net Banking,Paid
7925,57925,2024-09-23,credit card,Paid
853,50853,2025-03-17,UPI,Paid
645,50645,2024-04-15,UPI,Refunded
2684,52684,24-07-2025,Credit Card,Refunded
6910,56910,2024-12-11,COD,PAID
3275,53275,14-05-2026,CREDIT CARD,Paid
2552,52552,09/06/2024,Credit Card,Paid
3046,53046,31/08/2025,UPI,Paid
4732,54732,06-09-2025,UPI,Paid
3592,53592,19-01-2026,Upi,pending
7808,57808,2025-09-15,Credit Card,Paid
852,50852,17/08/2024,UPI,Paid
1924,51924,10/11/2025,COD,Paid
5872,55872,2024-01-09,Credit Card,Paid
3455,53455,06-10-2024,Debit Card,Paid
4314,54314,31-12-2024,Credit Card,Paid
6977,56977,01-06-2024,COD,Paid
2761,52761,30-03-2025,COD,
3684,53684,2024-09-23,COD,Paid
128,50128,29-07-2026,UPI,Paid
2970,52970,2026-07-02,,Paid
2795,52795,25/11/2024,Debit Card,Failed
3392,53392,22-02-2025,COD,Refunded
1805,51805,2026-04-08,Credit Card,Paid
1913,51913,2024-08-26,UPI,Paid
4176,54176,26/05/2025,UPI,Paid
5846,55846,2025-04-04,Credit Card,Paid
79,50079,05/04/2024,Net Banking,Paid
3759,53759,26/12/2025,COD,Paid
2839,52839,10/04/2025,UPI,Paid
4023,54023,21-01-2024,UPI,Paid
556,50556,2025-08-18,Credit Card,Paid
5642,55642,2026-02-05,Net Banking,Paid
3806,53806,2026-02-10,Net Banking,Paid
5272,55272,19/12/2024,UPI,Paid
7566,57566,2024-01-25,Credit Card,PAID
1717,51717,12-07-2025,Net Banking,Paid
3882,53882,14-11-2025,Debit Card,paid
7090,57090,11-11-2025,Debit Card,Pending
1590,51590,2025-06-15,UPI,Pending
104,50104,09-06-2024,Credit Card,Paid
56,50056,30/08/2024,UPI,Pending
6948,56948,2024-02-06,UPI,Failed
3833,53833,2025-04-17,,paid
6300,56300,26/03/2025,Debit Card,paid
1570,51570,2025-07-13,UPI,PENDING
776,50776,2024-10-03,COD,Paid
490,50490,09-06-2026,Debit Card,Failed
1148,51148,04-11-2025,Credit Card,Paid
115,50115,04-04-2024,UPI,Paid
1367,51367,04/01/2026,Debit Card,PAID
7825,57825,2026-04-17,COD,Paid
635,50635,2025-06-05,Debit Card,Pending
3933,53933,25/08/2026,Credit Card,Refunded
7868,57868,06-01-2024,UPI,Paid
574,50574,2024-03-27,Debit Card,
410,50410,2025-09-03,UPI,Paid
1252,51252,25/10/2024,Net Banking,Paid
7892,57892,13/01/2025,UPI,Paid
2019,52019,2025-07-17,COD,Paid
459,50459,06/01/2024,UPI,Paid
6723,56723,29-04-2024,Debit Card,Paid
2225,52225,16/05/2024,Net Banking,Paid
99,50099,2024-02-26,Net Banking,Paid
1458,51458,2024-08-14,UPI,Paid
5012,55012,2024-05-07,Credit Card,Paid
5441,55441,2025-02-28,,Paid
7755,57755,05-08-2025,Upi,Pending
3797,53797,07-07-2026,DEBIT CARD,Paid
7547,57547,2024-08-23,UPI,
695,50695,10-01-2025,UPI,Paid
1919,51919,01-07-2025,Credit Card,Paid
6317,56317,29/07/2024,Net Banking,Refunded
3426,53426,2024-01-05,UPI,Paid
7484,57484,2025-12-17,Debit Card,Paid
1620,51620,2025-10-16,COD,Paid
1996,51996,2024-10-26,Credit Card,Paid
7294,57294,02/05/2025,UPI,Paid
6546,56546,18-08-2025,Credit Card,Paid
2953,52953,2024-03-24,UPI,Paid
4931,54931,30/06/2025,Debit Card,Paid
2052,52052,12-07-2026,,Paid
6454,56454,09-08-2024,Upi,Paid
6197,56197,10-04-2026,UPI,Paid
7891,57891,22/04/2026,Credit Card,Pending
3458,53458,06/03/2025,Credit Card,Refunded
510,50510,09/01/2024,,Paid
6997,56997,2025-03-11,COD,Paid
7640,57640,30-04-2024,UPI,Paid
1989,51989,05-12-2025,UPI,Paid
296,50296,2026-04-12,Net Banking,Paid
1790,51790,19/01/2025,Credit Card,Paid
5512,55512,03/09/2025,UPI,Paid
2377,52377,05/04/2025,UPI,paid
3103,53103,2025-12-02,COD,Pending
6193,56193,15/03/2025,Debit Card,Pending
124,50124,2024-08-28,UPI,Refunded
3270,53270,06-03-2024,UPI,Failed
6571,56571,27/01/2026,UPI,Pending
3308,53308,04-01-2026,COD,Pending
4270,54270,18-07-2025,COD,Paid
7605,57605,19-03-2026,UPI,Paid
6076,56076,08/07/2026,CREDIT CARD,Paid
2266,52266,15/09/2025,Debit Card,Pending
5148,55148,2025-09-24,UPI,paid
129,50129,03/09/2025,COD,Paid
232,50232,24/01/2026,UPI,Paid
52,50052,2024-09-24,Credit Card,Paid
5209,55209,25-07-2024,UPI,Paid
87,50087,2025-06-24,UPI,Failed
89,50089,29/11/2024,Credit Card,Paid
4307,54307,05/04/2026,Debit Card,Paid
4140,54140,2025-10-15,Debit Card,Paid
5632,55632,2024-05-14,UPI,paid
267,50267,2024-04-15,Credit Card,Paid
5674,55674,2024-01-06,Credit Card,Paid
3950,53950,2026-06-19,UPI,PAID
5488,55488,29/06/2024,COD,Paid
7970,57970,2024-05-05,COD,Paid
723,50723,23/02/2025,Debit Card,Paid
5313,55313,2024-01-06,Credit Card,Paid
3083,53083,06-02-2026,UPI,paid
7214,57214,2024-07-22,Debit Card,Paid
6785,56785,18/09/2025,Debit Card,Paid
3200,53200,07-06-2024,Credit Card,Paid
48,50048,06/09/2025,UPI,Paid
1396,51396,21-05-2026,COD,Paid
362,50362,2026-03-01,Net Banking,Paid
3361,53361,2025-06-14,Debit Card,Paid
5219,55219,2025-08-16,UPI,Paid
2320,52320,2024-06-15,UPI,Paid
2224,52224,12-04-2026,Credit Card,Paid
7631,57631,05/09/2025,,Paid
1212,51212,24/09/2025,Debit Card,Paid
4815,54815,2025-03-30,upi,Paid
7290,57290,2025-04-28,UPI,Paid
2024,52024,11-05-2026,Debit Card,Paid
1111,51111,2024-07-01,UPI,Paid
3235,53235,20/02/2024,COD,Refunded
4844,54844,22/04/2025,Credit Card,Pending
198,50198,2024-05-03,UPI,Pending
2973,52973,2024-07-23,Net Banking,Paid
4903,54903,30-01-2024,COD,Paid
1673,51673,2024-06-05,UPI,Paid
1214,51214,2024-11-09,cod,Paid
5170,55170,2024-01-13,Credit Card,Paid
7677,57677,10/03/2024,UPI,Paid
3150,53150,03/11/2025,Debit Card,Paid
7644,57644,12/08/2026,Net Banking,Paid
6724,56724,09-10-2025,Debit Card,Paid
952,50952,11/05/2026,Credit Card,Paid
7823,57823,14/04/2024,UPI,Refunded
3035,53035,23/06/2025,upi,Pending
6323,56323,2025-11-19,Credit Card,Refunded
2919,52919,2024-09-29,credit card,Refunded
1011,51011,06/01/2024,UPI,paid
2581,52581,27-11-2025,UPI,Paid
2248,52248,2026-05-22,UPI,PAID
3278,53278,02-01-2025,Debit Card,Paid
4287,54287,2025-09-23,Credit Card,Paid
5715,55715,2026-07-08,UPI,Paid
6543,56543,2024-06-04,Net Banking,Paid
7306,57306,2024-09-29,UPI,Pending
6310,56310,18-04-2024,,Paid
1068,51068,13/03/2026,UPI,Failed
1514,51514,02/07/2026,Credit Card,Paid
7023,57023,2024-10-24,Credit Card,Paid
2833,52833,2024-02-18,Debit Card,
2914,52914,2024-10-13,Net Banking,Paid
211,50211,2025-02-22,COD,Paid
6931,56931,2025-11-13,Credit Card,Paid
6524,56524,2025-10-17,Credit Card,Pending
2776,52776,09-08-2024,UPI,Paid
4139,54139,19-11-2025,Debit Card,Paid
6441,56441,2025-12-09,UPI,Paid
2577,52577,2026-02-15,Debit Card,Paid
4305,54305,2026-06-07,UPI,Paid
5306,55306,2024-02-14,upi,Pending
454,50454,2025-02-17,UPI,Paid
1433,51433,29-03-2026,Net Banking,Refunded
2667,52667,16-12-2025,UPI,Paid
3089,53089,10/04/2025,net banking,Paid
2826,52826,08-02-2024,Net Banking,Failed
6747,56747,03/06/2026,Credit Card,Paid
7282,57282,02/02/2024,Debit Card,Paid
4975,54975,2025-05-16,Net Banking,Paid
2035,52035,10-10-2025,COD,Paid
3772,53772,2025-04-19,UPI,Pending
6343,56343,29-10-2025,Credit Card,Paid
1700,51700,2024-03-26,Credit Card,Paid
279,50279,06/04/2026,Debit Card,Paid
2532,52532,2026-04-06,Credit Card,Pending
6296,56296,29/12/2024,COD,Paid
2264,52264,2024-04-06,Net Banking,failed
2332,52332,2024-12-30,Credit Card,Paid
6726,56726,03/07/2024,UPI,Paid
4074,54074,14/08/2024,Net Banking,Refunded
2144,52144,2026-03-06,COD,Paid
2285,52285,06/02/2024,UPI,Pending
6834,56834,17-04-2026,Credit Card,Paid
6316,56316,20/03/2024,Debit Card,pending
4718,54718,2024-11-15,UPI,Paid
1699,51699,18/08/2024,UPI,Paid
3227,53227,17/08/2026,Credit Card,Paid
4493,54493,2026-01-09,UPI,Paid
5014,55014,21/09/2025,COD,Paid
5778,55778,2024-07-16,COD,PAID
2042,52042,13-10-2025,Debit Card,Paid
1096,51096,2026-02-19,UPI,Pending
5427,55427,2024-08-05,Credit Card,Paid
4941,54941,2024-02-24,Net Banking,Paid
4609,54609,2026-05-05,Credit Card,Paid
609,50609,31/10/2025,Credit Card,Refunded
5466,55466,2025-04-27,UPI,Paid
399,50399,2026-06-21,UPI,Paid
7096,57096,27-04-2024,COD,Paid
7326,57326,2024-07-12,credit card,Paid
4686,54686,29/03/2024,Debit Card,Paid
3037,53037,06-02-2024,UPI,Paid
4749,54749,2024-06-24,UPI,Paid
3917,53917,01-01-2025,Credit Card,Paid
495,50495,19-12-2025,Credit Card,Paid
353,50353,2026-02-17,Debit Card,Paid
7036,57036,2025-12-02,UPI,Paid
568,50568,22/01/2024,UPI,Paid
1064,51064,26/08/2025,Credit Card,Paid
3105,53105,2024-10-02,Upi,Paid
1944,51944,,UPI,Pending
4722,54722,2025-02-09,COD,Paid
1668,51668,2024-11-08,Credit Card,Paid
6537,56537,02/11/2025,Net Banking,Paid
3370,53370,2025-08-16,COD,Paid
5471,55471,12-01-2026,Debit Card,Paid
5716,55716,25/01/2024,UPI,Paid
7014,57014,14-05-2024,Credit Card,Paid
1769,51769,2026-03-31,Net Banking,
330,50330,17/11/2024,Credit Card,Paid
703,50703,25/06/2025,UPI,Paid
4635,54635,2025-09-28,Credit Card,Paid
6386,56386,2025-01-09,Debit Card,pending
1175,51175,08-02-2026,COD,Paid
2748,52748,28/02/2024,Net Banking,Paid
1689,51689,2025-04-14,Credit Card,Paid
3202,53202,05/04/2026,UPI,Refunded
5958,55958,29-12-2024,Credit Card,Failed
1937,51937,12/09/2025,UPI,Paid
7865,57865,,,Paid
94,50094,2024-12-02,COD,Paid
5566,55566,27/03/2026,DEBIT CARD,Paid
3546,53546,16/03/2026,Cod,Paid
7817,57817,15/02/2024,UPI,Pending
5094,55094,17-06-2025,UPI,Paid
6230,56230,22/06/2026,Credit Card,Paid
3495,53495,08-04-2026,UPI,Paid
4359,54359,2025-12-12,COD,Paid
7191,57191,30-08-2025,Debit Card,Paid
2807,52807,2024-06-29,UPI,Paid
2725,52725,2024-07-13,UPI,Paid
6632,56632,31-10-2025,UPI,Paid
7535,57535,2026-02-03,UPI,Refunded
1752,51752,10/11/2024,UPI,Paid
836,50836,2024-02-02,Credit Card,Paid
4225,54225,2024-01-12,COD,Paid
2548,52548,2025-10-10,UPI,Paid
722,50722,2024-07-07,UPI,Refunded
1254,51254,2025-02-25,Credit Card,Paid
908,50908,23/07/2026,UPI,Pending
6781,56781,2025-09-04,Credit Card,Paid
1410,51410,25/11/2024,Debit Card,Paid
5580,55580,22/12/2025,Debit Card,
874,50874,03/08/2024,UPI,Pending
3269,53269,03/01/2025,COD,Paid
6702,56702,2025-11-04,,paid
5181,55181,2025-09-24,credit card,Paid
6376,56376,24/01/2025,COD,Paid
1774,51774,22-07-2026,NET BANKING,Failed
2944,52944,22/02/2024,Credit Card,Paid
3086,53086,2025-10-25,credit card,Paid
4944,54944,16/09/2024,Credit Card,Paid
2254,52254,2026-03-30,UPI,Paid
268,50268,2024-12-13,UPI,Paid
4778,54778,22-12-2024,Debit Card,Paid
3377,53377,22/07/2024,Credit Card,Paid
4020,54020,04-12-2024,Debit Card,Refunded
754,50754,18/09/2025,Debit Card,Paid
4291,54291,14/01/2026,UPI,Paid
7234,57234,05-06-2025,Debit Card,Pending
1038,51038,19-08-2025,upi,Paid
7754,57754,2025-08-23,UPI,PAID
3114,53114,27/04/2025,Net Banking,PAID
5396,55396,29/02/2024,Credit Card,Paid
6604,56604,24-10-2024,Debit Card,Paid
3618,53618,12-02-2025,UPI,Paid
3232,53232,2024-04-24,UPI,Paid
5923,55923,2025-11-09,UPI,Refunded
5351,55351,2024-03-16,Credit Card,Paid
2993,52993,19/03/2024,UPI,Pending
6749,56749,2026-08-30,Credit Card,Paid
6995,56995,2026-08-11,UPI,Paid
4624,54624,16/03/2025,UPI,Paid
501,50501,2026-05-26,Net Banking,Paid
4263,54263,2025-11-24,credit card,Paid
421,50421,13-08-2024,COD,Paid
452,50452,11/06/2024,Credit Card,Paid
5310,55310,19/01/2024,Debit Card,Paid
4850,54850,20/03/2024,UPI,Pending
2625,52625,24-09-2025,Debit Card,Paid
7247,57247,2024-08-04,UPI,Pending
5084,55084,16/10/2025,Debit Card,Refunded
4942,54942,2025-03-17,UPI,PAID
7421,57421,24/12/2025,UPI,Paid
6054,56054,29/01/2026,COD,Pending
838,50838,16-03-2025,UPI,Paid
552,50552,04-05-2024,UPI,PAID
6900,56900,21-03-2026,Net Banking,Paid
5278,55278,14/12/2024,UPI,Paid
7175,57175,2024-01-26,UPI,Paid
5056,55056,2025-10-29,COD,Paid
1631,51631,2026-03-08,Upi,Paid
1623,51623,21/01/2026,Net Banking,Paid
4607,54607,08-07-2024,UPI,Paid
7457,57457,02/02/2026,Credit Card,Paid
5809,55809,2024-10-12,UPI,Paid
3359,53359,03-06-2026,Debit Card,Paid
1408,51408,18-05-2024,UPI,Pending
5143,55143,05/03/2024,UPI,
3368,53368,07-03-2026,Credit Card,Paid
2389,52389,2025-03-25,UPI,Paid
1241,51241,27-05-2024,Credit Card,FAILED
3624,53624,25-10-2025,COD,Paid
2508,52508,2024-11-03,UPI,Paid
7834,57834,2026-04-11,Credit Card,Paid
4193,54193,2025-01-09,Credit Card,Paid
7472,57472,2026-03-06,UPI,Paid
2539,52539,18-05-2025,UPI,Paid
346,50346,17-01-2024,UPI,Paid
6249,56249,2026-04-06,Net Banking,Paid
4989,54989,01/04/2024,COD,Paid
4428,54428,28/02/2026,Net Banking,pending
4745,54745,,UPI,Paid
6257,56257,2025-04-14,DEBIT CARD,Failed
14,50014,2024-06-13,UPI,Paid
7068,57068,20/08/2025,COD,paid
1899,51899,19-07-2025,Debit Card,Paid
2094,52094,27/06/2025,UPI,Paid
3875,53875,2026-06-09,Credit Card,Pending
3347,53347,2024-08-04,UPI,Paid
6755,56755,06/07/2024,Debit Card,Paid
3635,53635,2025-11-07,COD,paid
1568,51568,2025-07-26,COD,Failed
4355,54355,10/05/2025,upi,Paid
1213,51213,21-05-2024,Debit Card,Paid
6922,56922,2025-10-26,Debit Card,Paid
3173,53173,2025-10-05,COD,Paid
3177,53177,2025-04-21,Net Banking,Paid
1928,51928,20/07/2025,Net Banking,Paid
1869,51869,2026-03-13,UPI,
219,50219,2025-03-30,UPI,Paid
3389,53389,2025-12-08,Credit Card,Paid
4113,54113,2024-04-03,COD,Refunded
6857,56857,03/08/2024,UPI,Paid
3254,53254,2025-02-18,UPI,Paid
6635,56635,2025-03-13,Debit Card,Paid
7701,57701,2025-03-16,Credit Card,Paid
1344,51344,01/02/2025,Credit Card,Paid
2418,52418,2025-11-21,UPI,PAID
7276,57276,19/04/2024,Credit Card,Paid
2351,52351,20/03/2026,UPI,Paid
2118,52118,2024-08-14,COD,Refunded
4153,54153,09-06-2026,,Paid
4306,54306,2024-06-06,UPI,Paid
3826,53826,17/12/2025,Debit Card,
5540,55540,23/10/2025,UPI,Paid
6095,56095,2024-09-16,Upi,Paid
4876,54876,2026-01-25,Debit Card,Paid
3721,53721,20/04/2024,Upi,Paid
2212,52212,13/06/2024,Net Banking,paid
3017,53017,2024-08-20,upi,Paid
7236,57236,06/06/2024,Debit Card,Refunded
7342,57342,18-06-2026,UPI,Pending
3117,53117,2025-12-22,Debit Card,Paid
4300,54300,29-08-2024,Debit Card,Paid
1910,51910,2025-04-12,DEBIT CARD,Paid
2835,52835,2025-09-18,UPI,Refunded
7508,57508,12-03-2026,COD,Paid
6567,56567,19-09-2024,UPI,Paid
4461,54461,2026-02-25,Credit Card,Paid
5405,55405,12/07/2025,Credit Card,Pending
2270,52270,06-01-2024,Net Banking,Paid
2773,52773,2025-03-15,,Paid
2082,52082,2025-04-04,UPI,Paid
1465,51465,10/11/2025,UPI,Paid
1821,51821,2024-10-27,Credit Card,Paid
1933,51933,08-01-2024,Net Banking,Paid
6853,56853,2024-06-01,Credit Card,Paid
5737,55737,07-09-2024,UPI,Paid
2806,52806,09-07-2024,UPI,
2788,52788,2024-04-20,Credit Card,Paid
1883,51883,24-09-2025,Credit Card,Pending
4580,54580,2024-02-04,UPI,REFUNDED
6080,56080,2025-08-27,,Paid
2808,52808,01/02/2025,Credit Card,Failed
6599,56599,22-04-2025,upi,Paid
2556,52556,2026-02-20,UPI,Paid
3978,53978,18-05-2024,Net Banking,Paid
4066,54066,17/11/2025,UPI,Paid
1346,51346,10/01/2026,Debit Card,Paid
2766,52766,2024-10-24,COD,Paid
2618,52618,2024-08-18,UPI,Refunded
200,50200,18-10-2025,Debit Card,Paid
4719,54719,16/09/2024,UPI,Paid
2633,52633,22-03-2024,UPI,Pending
4531,54531,07-02-2024,UPI,Paid
634,50634,2024-11-08,Cod,PAID
6897,56897,03/12/2024,Net Banking,Paid
3616,53616,2026-02-01,Debit Card,Paid
1490,51490,2024-11-26,debit card,Failed
6699,56699,2024-08-29,COD,Paid
4237,54237,12-11-2025,UPI,Paid
2316,52316,01-06-2026,,paid
7990,57990,2025-02-14,COD,Paid
5706,55706,2024-07-02,Credit Card,paid
3362,53362,2024-07-09,credit card,PAID
6992,56992,27/04/2026,UPI,
3067,53067,01-02-2025,UPI,Paid
2602,52602,08-01-2026,Credit Card,refunded
5429,55429,31/08/2025,UPI,Failed
766,50766,15/02/2024,COD,Paid
7407,57407,28/06/2024,UPI,Paid
2448,52448,2024-04-28,,Paid
7498,57498,20-05-2026,UPI,Paid
1016,51016,2025-12-01,COD,Refunded
1153,51153,18-01-2026,UPI,Refunded
5828,55828,2025-09-15,UPI,Paid
4972,54972,19/05/2024,Net Banking,Paid
7206,57206,2026-07-02,UPI,paid
4725,54725,01-03-2025,Debit Card,Paid
911,50911,2026-07-27,UPI,Paid
4697,54697,2025-03-13,credit card,Paid
7822,57822,23-04-2025,UPI,Paid
4685,54685,2025-11-09,UPI,Paid
3305,53305,08-12-2025,UPI,refunded
7656,57656,14-04-2024,credit card,Paid
5465,55465,01-03-2025,COD,
2461,52461,27/05/2025,Credit Card,Refunded
4889,54889,31/12/2024,cod,Paid
4990,54990,2026-06-19,UPI,Paid
1435,51435,2024-03-24,COD,Paid
7516,57516,26/08/2026,Credit Card,Paid
4759,54759,2024-09-03,UPI,Failed
2150,52150,2025-10-08,UPI,Paid
4408,54408,2024-07-23,Upi,Paid
5536,55536,29-06-2024,UPI,Paid
1470,51470,31/01/2025,Net Banking,
537,50537,2026-04-29,UPI,Paid
5137,55137,14/01/2026,COD,Refunded
6784,56784,2026-02-11,Net Banking,Pending
7019,57019,16/07/2025,upi,Pending
1099,51099,17-05-2025,CREDIT CARD,Paid
1887,51887,19/10/2024,cod,Paid
4382,54382,19-07-2024,UPI,Paid
5234,55234,10/11/2024,UPI,Paid
6298,56298,12-02-2026,UPI,Paid
3836,53836,12/07/2024,Net Banking,refunded
5263,55263,24/05/2026,UPI,Paid
4901,54901,07/01/2024,Debit Card,Paid
5866,55866,13/07/2026,Debit Card,Refunded
2566,52566,2024-04-13,Debit Card,Paid
3958,53958,07/08/2025,UPI,Refunded
770,50770,31-10-2025,Debit Card,Refunded
4775,54775,05-08-2024,DEBIT CARD,Paid
1049,51049,29-01-2026,UPI,Paid
1426,51426,05/04/2026,UPI,Paid
7537,57537,28/04/2024,NET BANKING,Pending
6896,56896,2024-09-02,Net Banking,paid
6514,56514,29-04-2026,UPI,Paid
1796,51796,24-11-2025,UPI,Refunded
2354,52354,2024-01-23,UPI,Paid
4698,54698,20-08-2026,Debit Card,Paid
5114,55114,2025-01-14,Net Banking,paid
1677,51677,2026-08-16,Debit Card,Paid
1625,51625,21/02/2025,UPI,Paid
626,50626,2025-06-07,UPI,Paid
3168,53168,2024-03-19,Net Banking,Refunded
6545,56545,2025-09-16,Debit Card,Paid
5824,55824,2024-08-31,Credit Card,Paid
5055,55055,2024-10-25,Net Banking,Paid
1587,51587,16-04-2024,Net Banking,Paid
1258,51258,16-02-2025,COD,Paid
5753,55753,,Credit Card,Paid
160,50160,09/07/2026,UPI,Paid
2400,52400,16-03-2024,Debit Card,Paid
7999,57999,2024-01-03,COD,Pending
9,50009,24-08-2026,COD,Failed
3066,53066,02-08-2026,Debit Card,Paid
7288,57288,2025-01-23,Net Banking,Paid
3603,53603,30/05/2024,Net Banking,Paid
390,50390,2024-06-26,Net Banking,Paid
5902,55902,2024-07-05,Credit Card,Paid
5882,55882,2025-03-05,Debit Card,Pending
6443,56443,2026-06-30,UPI,Paid
1599,51599,2025-11-05,UPI,Paid
6658,56658,2024-06-26,Credit Card,Paid
2572,52572,11/08/2025,UPI,paid
7653,57653,26-07-2026,Debit Card,Pending
3180,53180,11-01-2026,UPI,Paid
238,50238,2025-12-12,COD,Paid
4983,54983,29/11/2024,Credit Card,Paid
6294,56294,01/02/2026,UPI,Paid
3230,53230,22-03-2026,Credit Card,Paid
1345,51345,18-03-2025,Credit Card,
5162,55162,07/01/2026,Credit Card,PAID
21,50021,23-04-2026,UPI,Paid
5333,55333,27-04-2025,UPI,Paid
7052,57052,31-07-2024,Credit Card,Pending
6783,56783,2025-11-11,upi,Refunded
1990,51990,2025-04-13,,Paid
7564,57564,2025-05-08,COD,Paid
2217,52217,10/08/2024,Credit Card,Paid
6626,56626,2024-01-08,Net Banking,PAID
5527,55527,17/07/2025,COD,Paid
2651,52651,10-01-2026,COD,
928,50928,2026-05-28,UPI,Paid
1222,51222,07-07-2026,Credit Card,Paid
4476,54476,04/09/2024,UPI,
6056,56056,2026-07-20,Net Banking,Paid
2647,52647,2024-05-13,UPI,Paid
5712,55712,,UPI,Paid
2947,52947,2025-02-01,UPI,Refunded
3627,53627,09/12/2024,UPI,Paid
4339,54339,22-06-2025,Credit Card,PAID
2902,52902,04/10/2024,Debit Card,Refunded
3189,53189,10/08/2025,UPI,Paid
73,50073,2025-04-12,Credit Card,Pending
2918,52918,2025-01-01,Credit Card,Failed
3157,53157,2024-10-03,Debit Card,Paid
4404,54404,30/08/2026,Credit Card,Paid
3243,53243,11/04/2024,Credit Card,Pending
6154,56154,12-04-2026,UPI,Paid
3276,53276,20-03-2024,UPI,Paid
623,50623,2026-06-25,Net Banking,Refunded
3340,53340,2024-10-09,UPI,Paid
1312,51312,2025-10-13,Debit Card,Paid
1185,51185,2024-03-30,UPI,Paid
4483,54483,2024-10-06,UPI,paid
1277,51277,2024-12-25,Credit Card,Paid
430,50430,2024-08-17,UPI,Paid
1196,51196,2024-03-08,UPI,Refunded
3445,53445,22/06/2026,Debit Card,PAID
5473,55473,24/10/2025,UPI,Paid
6336,56336,2024-06-23,Credit Card,Paid
1671,51671,21-08-2026,UPI,Paid
5538,55538,2026-03-26,Credit Card,Paid
6297,56297,11-04-2024,COD,Paid
7974,57974,21-02-2026,Credit Card,Refunded
7630,57630,07-06-2025,cod,Pending
7033,57033,13/10/2024,UPI,Refunded
7066,57066,2026-01-10,UPI,Paid
365,50365,2024-07-09,UPI,Refunded
7862,57862,15/04/2024,Net Banking,Paid
5840,55840,2025-08-26,COD,Refunded
5104,55104,07-10-2024,Credit Card,FAILED
1285,51285,2024-01-25,UPI,Paid
545,50545,2026-04-23,Credit Card,Refunded
4796,54796,10-09-2025,,Paid
466,50466,13/08/2025,COD,Paid
2781,52781,06/12/2024,UPI,PAID
6340,56340,2024-08-28,UPI,Paid
7232,57232,10-08-2026,UPI,Failed
2908,52908,2025-01-19,Credit Card,Paid
5813,55813,,COD,Paid
6082,56082,2026-05-16,Credit Card,Paid
5342,55342,2025-03-15,COD,Pending
5506,55506,04/05/2024,UPI,Paid
4480,54480,2025-01-31,UPI,Failed
4912,54912,2024-06-01,UPI,Paid
4811,54811,24/08/2026,Credit Card,Paid
6059,56059,2024-06-19,Debit Card,Paid
7069,57069,24/02/2026,UPI,Paid
2175,52175,25/09/2024,credit card,Paid
1637,51637,2025-10-21,Credit Card,Paid
994,50994,2024-10-18,Debit Card,Paid
774,50774,2024-08-10,UPI,Refunded
5629,55629,24-06-2026,UPI,Paid
2610,52610,05/08/2026,Credit Card,Paid
5475,55475,29-08-2025,CREDIT CARD,Paid
660,50660,2026-07-11,Upi,Paid
4911,54911,2025-04-09,COD,Paid
5994,55994,02-11-2024,Credit Card,Paid
3886,53886,18/03/2025,UPI,PAID
5095,55095,09-02-2026,UPI,Paid
6772,56772,2024-07-21,Net Banking,Pending
4024,54024,2026-03-08,Credit Card,
2102,52102,2026-02-17,Debit Card,Refunded
4240,54240,12-04-2026,Credit Card,Paid
3510,53510,16/03/2026,UPI,Paid
6206,56206,2026-01-21,COD,Paid
5829,55829,2025-08-09,UPI,Paid
1325,51325,25-11-2024,COD,Pending
5635,55635,29/05/2026,UPI,Refunded
7542,57542,2024-09-21,UPI,Paid
2991,52991,2026-04-25,credit card,paid
3778,53778,22/06/2025,UPI,Paid
1388,51388,08-05-2026,Debit Card,Paid
2062,52062,20/05/2025,UPI,Failed
472,50472,10/05/2025,Debit Card,Refunded
1487,51487,2025-04-08,Debit Card,Failed
1503,51503,17-02-2026,Debit Card,Paid
7301,57301,22/06/2025,UPI,Paid
4173,54173,2024-03-09,UPI,Paid
4462,54462,2025-02-21,COD,Paid
2567,52567,04-12-2025,Debit Card,Refunded
2350,52350,04-01-2026,Debit Card,Refunded
1991,51991,2024-12-15,UPI,Refunded
6692,56692,2026-04-27,Debit Card,Paid
391,50391,2025-03-31,Debit Card,Paid
1661,51661,13/10/2025,net banking,Paid
6432,56432,21-04-2024,UPI,Paid
4471,54471,10/04/2026,UPI,Paid
668,50668,08/04/2024,CREDIT CARD,Paid
811,50811,11-09-2024,UPI,Paid
2721,52721,2024-05-03,UPI,Paid
4705,54705,05-01-2024,,Refunded
2076,52076,2026-03-17,UPI,Paid
3371,53371,2026-03-11,Credit Card,Paid
5337,55337,03-12-2024,Debit Card,Paid
2717,52717,2024-04-30,Credit Card,Paid
1782,51782,02/05/2026,Credit Card,Paid
7539,57539,2024-03-04,UPI,Paid
7362,57362,21/06/2024,Credit Card,Paid
4278,54278,2026-06-23,Debit Card,Paid
7503,57503,2026-08-27,COD,Paid
682,50682,30/08/2026,Credit Card,Paid
3820,53820,10/11/2025,UPI,
7983,57983,18/04/2024,Credit Card,Paid
6027,56027,25/04/2025,Debit Card,Failed
1687,51687,12-01-2024,Debit Card,Paid
3452,53452,2026-06-30,Credit Card,Paid
7633,57633,2024-05-18,UPI,Paid
3766,53766,07/08/2025,UPI,paid
6175,56175,2026-05-13,UPI,paid
5212,55212,2024-02-14,Net Banking,Paid
6771,56771,11/05/2026,Debit Card,
3469,53469,2024-08-08,UPI,Paid
5895,55895,09/09/2025,UPI,Paid
2068,52068,28/11/2024,COD,paid
1586,51586,01/04/2025,COD,Paid
891,50891,2026-07-30,Credit Card,Failed
5885,55885,2026-03-02,UPI,Paid
771,50771,25-02-2024,Net Banking,Refunded
2378,52378,2025-03-24,Net Banking,Paid
3583,53583,24/05/2026,net banking,Refunded
2870,52870,22/10/2024,COD,Paid
5784,55784,2025-10-03,UPI,Paid
3468,53468,22-11-2024,UPI,Paid
3020,53020,2025-09-05,Net Banking,Paid
195,50195,2026-01-17,COD,Failed
5781,55781,2025-12-16,Credit Card,Paid
1926,51926,02-05-2026,UPI,Failed
2513,52513,2026-02-02,Credit Card,Paid
7984,57984,29/03/2025,UPI,Paid
3589,53589,2025-10-27,UPI,Refunded
4348,54348,08/01/2026,Net Banking,Paid
4663,54663,2025-04-25,UPI,Paid
1419,51419,2025-05-24,UPI,Paid
1106,51106,2026-07-20,COD,Paid
1867,51867,19-10-2025,UPI,Paid
5988,55988,12-07-2024,UPI,Paid
3411,53411,11-06-2026,Debit Card,Paid
4842,54842,2024-08-22,COD,Paid
5453,55453,26/10/2025,COD,Paid
4655,54655,30/07/2026,UPI,Paid
629,50629,2024-09-25,Debit Card,Pending
2956,52956,09-11-2024,Debit Card,Paid
4894,54894,05-03-2025,Credit Card,PAID
6356,56356,29/09/2024,Credit Card,Paid
5530,55530,26/04/2026,UPI,Paid
7233,57233,12-11-2025,UPI,Failed
1032,51032,07-03-2024,COD,Paid
7968,57968,2026-06-07,Debit Card,Paid
1832,51832,2024-09-09,UPI,Paid
4019,54019,2025-07-25,upi,Paid
7919,57919,2024-04-19,Debit Card,Paid
347,50347,17/02/2024,Debit Card,Paid
2341,52341,26-03-2024,Credit Card,Paid
3068,53068,13-01-2026,UPI,Refunded
6361,56361,28/02/2025,Debit Card,pending
1013,51013,24/02/2025,UPI,Paid
6817,56817,29-07-2024,Debit Card,Failed
1560,51560,08-01-2024,Debit Card,Paid
2330,52330,2026-03-26,Credit Card,Paid
3231,53231,2024-11-30,UPI,Paid
1833,51833,,UPI,Paid
7149,57149,21/03/2025,Credit Card,Paid
6480,56480,24-07-2025,UPI,Paid
3423,53423,08/01/2025,COD,Paid
496,50496,26/01/2026,COD,Paid
5500,55500,2024-01-25,UPI,failed
1109,51109,07/04/2026,Debit Card,Refunded
1380,51380,27-12-2024,UPI,PAID
5195,55195,2025-01-03,UPI,Paid
3011,53011,29-07-2024,COD,Paid
2489,52489,19/01/2026,Credit Card,Paid
6963,56963,27-09-2025,UPI,Paid
716,50716,2025-10-31,UPI,Paid
6092,56092,13-07-2026,COD,paid
1914,51914,2025-05-30,Credit Card,Paid
7315,57315,06/12/2025,upi,Paid
5663,55663,08/05/2026,UPI,Paid
6381,56381,2024-08-31,Debit Card,Paid
7748,57748,09-01-2025,Debit Card,Failed
3973,53973,31-01-2026,UPI,Paid
7867,57867,03-05-2024,UPI,Paid
7756,57756,2025-09-04,UPI,Paid
3381,53381,2025-01-26,UPI,Paid
7480,57480,2025-05-13,UPI,Paid
413,50413,2025-05-06,debit card,Paid
242,50242,21/06/2024,Credit Card,Paid
687,50687,2026-08-27,UPI,Paid
7348,57348,2025-11-06,Credit Card,
3578,53578,,UPI,Pending
7520,57520,2025-09-18,Net Banking,Paid
563,50563,,Debit Card,Paid
7013,57013,08/02/2024,Net Banking,Paid
792,50792,,upi,Paid
6172,56172,2025-03-24,Debit Card,Paid
1110,51110,2026-06-23,UPI,Paid
5971,55971,2024-11-03,UPI,Paid
1042,51042,25-02-2024,Cod,paid
6024,56024,2025-02-09,Net Banking,Paid
5267,55267,06-05-2024,UPI,Paid
153,50153,23/12/2025,Credit Card,Paid
2030,52030,2025-07-08,Credit Card,Paid
5623,55623,25/02/2026,Debit Card,Paid
3514,53514,2025-10-13,Debit Card,Failed
3116,53116,29/06/2026,Debit Card,Refunded
6657,56657,2024-09-23,COD,Refunded
2218,52218,26-11-2025,COD,Paid
3901,53901,2025-06-01,UPI,Paid
3844,53844,2026-04-03,Net Banking,Paid
109,50109,28/01/2024,UPI,Paid
1150,51150,14-03-2026,,Paid
1428,51428,16/12/2025,UPI,Paid
3226,53226,30/12/2024,Net Banking,Paid
3356,53356,21/11/2025,CREDIT CARD,Paid
7063,57063,15/06/2024,UPI,Paid
6422,56422,21-05-2025,Debit Card,Paid
3750,53750,2026-06-17,UPI,Paid
6307,56307,2024-09-29,Credit Card,Paid
394,50394,2025-03-06,UPI,Paid
176,50176,14-08-2025,Upi,Paid
6940,56940,26/07/2024,credit card,Paid
4524,54524,2025-10-10,credit card,Paid
460,50460,08/01/2025,Upi,Paid
7783,57783,28/04/2025,UPI,Paid
2337,52337,22-04-2025,UPI,Paid
2190,52190,27-02-2025,Debit Card,Paid
6961,56961,2024-09-01,Credit Card,Paid
6800,56800,21/08/2026,Credit Card,Paid
4512,54512,22-04-2024,Credit Card,Paid
6883,56883,18-01-2024,Debit Card,Paid
5335,55335,18/02/2026,Credit Card,Pending
1881,51881,2024-12-16,UPI,Paid
802,50802,30-06-2025,,Paid
6283,56283,25/04/2026,Net Banking,Refunded
5640,55640,2025-08-16,UPI,Paid
5197,55197,,Credit Card,Paid
6371,56371,22-11-2025,credit card,PAID
3061,53061,23/03/2026,UPI,Paid
2660,52660,2026-07-21,UPI,Paid
7186,57186,24/01/2025,Upi,Paid
5979,55979,29/01/2026,Debit Card,Pending
3063,53063,2026-03-18,UPI,Paid
6242,56242,2025-09-03,Credit Card,Paid
4191,54191,22-05-2025,UPI,paid
2368,52368,2026-01-31,Debit Card,paid
3819,53819,2026-05-03,UPI,Pending
1957,51957,25/04/2024,COD,PAID
2437,52437,2024-11-03,COD,PAID
2113,52113,23-11-2025,Credit Card,Paid
7440,57440,28-04-2026,Net Banking,Paid
183,50183,2026-03-05,UPI,Paid
3923,53923,29/03/2025,Net Banking,Failed
7687,57687,02-03-2024,UPI,Paid
1229,51229,2025-05-23,Credit Card,Paid
896,50896,19/05/2026,UPI,Paid
1917,51917,18/08/2025,Debit Card,Refunded
7366,57366,2024-12-12,debit card,Pending
3385,53385,2024-04-19,upi,Paid
4230,54230,2024-06-12,Credit Card,Paid
7994,57994,2024-05-06,UPI,Failed
6085,56085,2024-08-13,Credit Card,Paid
3698,53698,2024-10-20,Credit Card,Paid
3339,53339,27/10/2025,,Paid
6417,56417,23-03-2025,Debit Card,Paid
7989,57989,2026-04-27,UPI,Paid
2714,52714,14/05/2025,UPI,Paid
3598,53598,2024-07-22,UPI,Paid
3093,53093,2025-07-14,UPI,Refunded
4048,54048,27/08/2025,Debit Card,Paid
4088,54088,2026-06-10,UPI,Paid
900,50900,21/02/2026,Debit Card,Paid
523,50523,2025-08-05,UPI,Paid
3118,53118,10/07/2026,UPI,Paid
652,50652,2025-07-31,Credit Card,Paid
6226,56226,21/10/2025,UPI,Paid
215,50215,20/03/2026,Credit Card,Refunded
7157,57157,2025-04-18,,Refunded
1908,51908,05/11/2024,UPI,Paid
2966,52966,2024-12-13,Credit Card,Paid
4045,54045,2025-04-20,Credit Card,Paid
2216,52216,2024-02-11,cod,Pending
2475,52475,2025-07-03,COD,failed
7222,57222,27-04-2025,UPI,Paid
4132,54132,13/07/2025,UPI,Refunded
6073,56073,2026-04-29,COD,Paid
6885,56885,2024-01-06,UPI,Paid
7528,57528,30/07/2024,Upi,Paid
4301,54301,25/04/2026,UPI,Refunded
5798,55798,29/06/2025,upi,Paid
1414,51414,16-03-2026,COD,Refunded
2941,52941,2026-02-10,Upi,PAID
2759,52759,2024-05-05,Debit Card,Paid
3351,53351,2025-10-07,UPI,Paid
3891,53891,13-05-2024,COD,Paid
2295,52295,12/12/2024,UPI,Paid
5974,55974,08/06/2024,UPI,Paid
5185,55185,2024-02-16,COD,Paid
26,50026,2024-04-12,COD,paid
2672,52672,2025-03-29,Credit Card,Paid
5404,55404,2024-10-27,COD,Paid
3493,53493,2025-08-30,Credit Card,paid
3984,53984,02/05/2024,Credit Card,Paid
5334,55334,26/04/2026,Credit Card,Paid
2615,52615,2024-12-26,Net Banking,Paid
7897,57897,09-09-2025,Net Banking,Paid
3775,53775,2026-01-14,Net Banking,Paid
3365,53365,29/01/2026,Debit Card,Paid
1424,51424,08/04/2026,UPI,Paid
6542,56542,2025-08-16,Debit Card,PAID
3751,53751,2024-08-05,COD,Paid
7351,57351,20-02-2024,Net Banking,Paid
4519,54519,31/01/2026,UPI,Paid
2034,52034,01-05-2026,Credit Card,Paid
6591,56591,2025-08-02,Net Banking,
7336,57336,01/12/2024,Debit Card,Paid
633,50633,2025-04-08,UPI,REFUNDED
218,50218,2025-11-09,Credit Card,Paid
7634,57634,27/10/2024,Net Banking,Refunded
7577,57577,2025-07-26,Net Banking,Paid
5169,55169,27/09/2025,Net Banking,Pending
5739,55739,25-11-2025,Debit Card,Pending
6860,56860,2025-12-27,UPI,Paid
5708,55708,23-09-2025,Credit Card,Failed
1558,51558,2024-04-18,Net Banking,
3918,53918,2025-11-28,UPI,Paid
823,50823,2025-06-20,UPI,Paid
6014,56014,2024-06-18,DEBIT CARD,Paid
5849,55849,2025-11-02,UPI,PAID
4993,54993,07/04/2025,Credit Card,Paid
1632,51632,23/11/2025,Upi,FAILED
3544,53544,30/03/2026,Debit Card,Failed
3628,53628,20/06/2026,COD,Refunded
2060,52060,30/07/2025,Net Banking,Paid
815,50815,01-01-2026,Credit Card,Paid
6462,56462,29/07/2024,upi,Paid
1308,51308,,UPI,Paid
4716,54716,13/06/2024,debit card,Paid
5367,55367,2024-04-22,UPI,Pending
7195,57195,11-02-2024,UPI,Paid
973,50973,22-05-2026,Debit Card,Paid
3582,53582,21/03/2025,Debit Card,Pending
10,50010,2026-05-11,COD,Paid
5109,55109,,Credit Card,Paid
7885,57885,26/08/2026,Debit Card,Paid
3318,53318,12-11-2025,UPI,Paid
4003,54003,2024-04-15,Debit Card,Pending
473,50473,04/07/2025,Debit Card,Paid
1460,51460,06-02-2024,Credit Card,Paid
7453,57453,2024-01-31,UPI,Paid
7363,57363,18-10-2024,UPI,Failed
954,50954,08/04/2025,Credit Card,Paid
6563,56563,2026-02-07,UPI,Paid
1294,51294,2024-12-01,Debit Card,Paid
3429,53429,2026-02-20,Credit Card,PAID
3512,53512,01/01/2026,UPI,Paid
1174,51174,2024-02-09,UPI,Paid
3300,53300,10/06/2025,COD,Failed
3940,53940,11/01/2026,Debit Card,Paid
3217,53217,2026-01-15,Debit Card,Paid
2453,52453,2025-08-11,UPI,Paid
5447,55447,2025-02-03,UPI,Paid
3196,53196,12/05/2025,UPI,Paid
5803,55803,2024-02-13,Credit Card,Paid
7946,57946,12/05/2024,Debit Card,Paid
323,50323,2025-10-08,upi,Paid
81,50081,2025-07-11,CREDIT CARD,Refunded
1188,51188,14/08/2024,Credit Card,
516,50516,05-02-2024,NET BANKING,Pending
6362,56362,2024-07-30,UPI,Paid
4073,54073,19-01-2026,UPI,Failed
686,50686,29-12-2025,Credit Card,Paid
6768,56768,13/06/2024,UPI,Paid
3842,53842,25-08-2026,,Failed
7330,57330,2024-05-30,Credit Card,Paid
7920,57920,02-05-2024,UPI,Pending
671,50671,24/03/2026,Upi,Paid
7478,57478,07/08/2024,COD,Paid
6397,56397,2024-02-10,Credit Card,Paid
991,50991,28-02-2026,Net Banking,Pending
6822,56822,04-01-2026,COD,Pending
2847,52847,2025-11-11,Credit Card,Paid
2521,52521,30-05-2025,UPI,Paid
1520,51520,2026-08-06,UPI,Paid
3130,53130,24-06-2025,Credit Card,Paid
1639,51639,06-07-2026,UPI,Refunded
7884,57884,2024-11-23,COD,Paid
5246,55246,15/11/2025,UPI,Paid
2706,52706,2024-02-08,Credit Card,Paid
4425,54425,07/06/2026,Debit Card,Failed
4482,54482,27-10-2025,Debit Card,Failed
6929,56929,2024-01-07,Debit Card,Paid
130,50130,2025-01-19,Cod,Paid
517,50517,10/06/2025,UPI,Failed
1958,51958,,,
5276,55276,30-03-2026,UPI,paid
6334,56334,05-06-2026,,Paid
4967,54967,18-03-2026,Debit Card,PAID
2685,52685,2026-02-20,UPI,Paid
7951,57951,30-11-2024,UPI,paid
6517,56517,08/01/2024,Debit Card,Pending
5287,55287,2026-04-01,credit card,Paid
4013,54013,2025-12-17,Credit Card,Paid
5110,55110,2025-05-09,Net Banking,Paid
7608,57608,28/03/2026,DEBIT CARD,Paid
3280,53280,20/11/2024,UPI,Paid
196,50196,2024-01-08,Net Banking,Paid
1801,51801,30-05-2026,COD,paid
2340,52340,2026-08-16,upi,Refunded
7460,57460,2025-07-23,UPI,Paid
1984,51984,01/06/2024,Net Banking,paid
4792,54792,2026-06-08,Net Banking,Paid
6380,56380,2024-10-17,UPI,Paid
4644,54644,2026-08-14,Credit Card,Failed
6847,56847,22/03/2026,UPI,Paid
328,50328,14-09-2024,COD,Paid
3018,53018,2024-01-18,UPI,Paid
1598,51598,28/03/2025,COD,Paid
3042,53042,01/06/2026,UPI,Refunded
6890,56890,10/02/2024,UPI,Paid
3073,53073,2025-05-05,COD,Paid
7552,57552,15-12-2024,UPI,Refunded
1300,51300,26/04/2026,Net Banking,PAID
6081,56081,09-02-2026,Net Banking,Paid
2916,52916,05/03/2026,UPI,Paid
5875,55875,2024-04-08,UPI,Paid
2027,52027,07/03/2024,UPI,PAID
1959,51959,2024-10-21,COD,Paid
2158,52158,30-09-2024,UPI,Refunded
7740,57740,25/01/2025,Credit Card,Paid
521,50521,15/10/2025,Debit Card,Paid
6714,56714,16-05-2026,COD,Refunded
7153,57153,15/04/2024,Net Banking,Failed
5194,55194,2024-05-15,Credit Card,PENDING
3673,53673,2024-06-19,UPI,Paid
3748,53748,2026-02-11,UPI,
3023,53023,2025-04-01,COD,Paid
1131,51131,29-09-2024,Debit Card,Refunded
5710,55710,2025-06-26,UPI,Paid
5831,55831,2026-02-08,Credit Card,Failed
3695,53695,2025-04-08,UPI,Paid
5430,55430,26/03/2025,Credit Card,PAID
881,50881,04/01/2024,UPI,Paid
6907,56907,2026-03-12,Net Banking,Paid
6368,56368,2025-07-02,Net Banking,Paid
7775,57775,24/01/2024,Debit Card,Paid
5324,55324,25-11-2024,credit card,Refunded
5047,55047,2024-01-08,UPI,Paid
7960,57960,2025-05-13,Credit Card,Paid
6792,56792,2025-11-11,,Paid
7466,57466,2026-08-13,Credit Card,paid
3605,53605,15/11/2024,cod,Paid
1798,51798,2025-09-20,Net Banking,Paid
5199,55199,04/06/2024,Net Banking,Paid
136,50136,10-04-2026,UPI,Paid
35,50035,2025-03-26,UPI,Paid
3996,53996,29-05-2025,UPI,Paid
913,50913,2025-11-26,Credit Card,Paid
2727,52727,21-07-2024,Credit Card,Paid
5107,55107,2025-11-09,Debit Card,Refunded
2901,52901,23/09/2025,UPI,Paid
6639,56639,2024-12-10,Credit Card,Paid
7693,57693,05-11-2025,UPI,Refunded
351,50351,22-12-2025,UPI,Paid
3936,53936,28-09-2025,UPI,Paid
2355,52355,2026-01-31,,Paid
6084,56084,24-04-2025,credit card,Paid
6301,56301,21/07/2026,Debit Card,PAID
6595,56595,19/07/2024,Debit Card,Paid
830,50830,2026-01-09,UPI,Refunded
6049,56049,2026-07-08,UPI,Paid
5247,55247,,UPI,Paid
5734,55734,2026-07-29,Credit Card,Refunded
2067,52067,2025-12-13,COD,paid
2820,52820,2024-08-30,Upi,Paid
7601,57601,2025-02-18,UPI,Paid
2550,52550,2024-07-28,Net Banking,Refunded
3700,53700,01/05/2026,UPI,Paid
7550,57550,17-12-2025,COD,Pending
5678,55678,04-03-2025,UPI,Paid
5801,55801,09/10/2024,Net Banking,Paid
4617,54617,2025-12-29,COD,
349,50349,10/03/2024,UPI,Refunded
5788,55788,12/02/2024,UPI,Paid
3284,53284,14/03/2025,Net Banking,Paid
3317,53317,08-04-2024,UPI,Paid
2277,52277,25/03/2024,UPI,Refunded
7433,57433,,UPI,Pending
4881,54881,06-04-2025,UPI,Paid
7827,57827,01-03-2025,UPI,Paid
4227,54227,2024-11-15,UPI,Refunded
2904,52904,2026-04-21,credit card,Paid
1909,51909,12-04-2026,UPI,Paid
3408,53408,2026-06-25,UPI,Refunded
2934,52934,,UPI,Paid
6671,56671,29/05/2025,UPI,Paid
4009,54009,24-04-2024,Credit Card,Paid
1831,51831,2026-07-29,Credit Card,Paid
6818,56818,2026-05-30,Debit Card,Paid
2081,52081,2026-02-10,Credit Card,Refunded
2314,52314,2025-09-19,UPI,Pending
6392,56392,2026-03-05,COD,Paid
3930,53930,11/05/2024,Credit Card,Paid
1932,51932,08/02/2025,COD,Paid
2768,52768,23-06-2026,UPI,Paid
133,50133,2024-11-15,Debit Card,Paid
6191,56191,2025-06-17,UPI,Pending
5793,55793,01/07/2026,Debit Card,Paid
6372,56372,2026-07-14,UPI,Failed
1248,51248,02/05/2025,UPI,Paid
7037,57037,02/03/2026,UPI,Failed
4486,54486,06/05/2024,Net Banking,Failed
2054,52054,2026-01-29,UPI,Pending
937,50937,2025-10-05,upi,Paid
1681,51681,2026-04-08,UPI,Failed
3671,53671,08-08-2025,UPI,Failed
2801,52801,07/07/2026,UPI,Paid
3342,53342,2025-09-30,UPI,Paid
5175,55175,2026-07-06,Credit Card,Refunded
3877,53877,16-01-2025,Debit Card,Paid
1530,51530,2025-01-22,UPI,
6958,56958,2026-04-28,UPI,Paid
7458,57458,31/12/2024,Upi,Refunded
4630,54630,2026-06-10,UPI,Paid
1884,51884,2024-05-04,CREDIT CARD,Paid
1595,51595,2025-01-11,Credit Card,Refunded
5675,55675,25-09-2025,Net Banking,refunded
4178,54178,17/09/2024,Debit Card,Paid
7375,57375,2024-01-11,UPI,Paid
2533,52533,2024-01-26,DEBIT CARD,paid
2310,52310,04-05-2025,UPI,Pending
5894,55894,2025-01-17,UPI,Paid
5295,55295,2026-04-08,UPI,Paid
6638,56638,2025-01-18,DEBIT CARD,Paid
305,50305,19/10/2025,Net Banking,Refunded
7559,57559,2025-07-26,UPI,Failed
5929,55929,2025-04-23,UPI,Failed
1714,51714,02/12/2024,COD,
3880,53880,21/02/2026,upi,Pending
108,50108,2026-08-16,COD,Refunded
839,50839,17/12/2025,Net Banking,
7894,57894,2026-07-15,UPI,Paid
1512,51512,03-02-2026,Credit Card,
4453,54453,2025-11-29,,Paid
1684,51684,29/06/2026,Debit Card,Paid
2588,52588,22-09-2024,Debit Card,Paid
1471,51471,2024-03-03,UPI,PAID
4549,54549,02/03/2026,UPI,Paid
5040,55040,2026-03-16,Debit Card,Failed
6106,56106,2026-01-29,UPI,Refunded
4879,54879,2025-06-05,UPI,Paid
3248,53248,26/08/2024,UPI,Paid
4707,54707,2024-09-01,Credit Card,Paid
3213,53213,09-05-2026,Debit Card,Paid
7676,57676,2024-04-15,credit card,Paid
663,50663,2025-12-19,Net Banking,Paid
3688,53688,14-08-2025,UPI,Paid
179,50179,2024-04-03,Credit Card,Paid
5408,55408,06-03-2026,Debit Card,PAID
7524,57524,22/01/2025,COD,Paid
7010,57010,31/03/2024,UPI,Pending
4496,54496,09-03-2025,Debit Card,Paid
4971,54971,17-08-2026,Credit Card,Paid
2858,52858,2025-11-13,UPI,Paid
7485,57485,2026-06-27,UPI,Paid
2819,52819,2025-08-14,UPI,Paid
6385,56385,25/12/2025,UPI,Paid
3607,53607,2025-04-18,Credit Card,Pending
30,50030,2025-08-27,UPI,Paid
6819,56819,26/07/2025,UPI,Pending
5460,55460,11/12/2025,COD,Paid
6373,56373,25/02/2026,Debit Card,Paid
7814,57814,20/08/2026,UPI,Paid
4096,54096,16/02/2024,Credit Card,Paid
3733,53733,2026-08-01,upi,Paid
5202,55202,,COD,PAID
1945,51945,23-11-2024,Net Banking,Paid
5950,55950,2024-04-10,Debit Card,Paid
6344,56344,22-04-2026,UPI,Refunded
7178,57178,2025-03-10,Debit Card,Paid
2965,52965,02/06/2025,UPI,Paid
4728,54728,2025-12-09,Debit Card,Paid
5487,55487,03/01/2024,Debit Card,PAID
3301,53301,08-06-2026,Credit Card,Refunded
5548,55548,28/09/2024,Credit Card,paid
3718,53718,2025-11-11,upi,Paid
598,50598,2025-08-24,UPI,Paid
6180,56180,06/11/2025,UPI,Paid
1696,51696,21/08/2024,Debit Card,Paid
6396,56396,13-03-2024,UPI,Refunded
1733,51733,29-09-2024,Debit Card,Paid
1314,51314,2025-04-26,UPI,Paid
7904,57904,2026-06-02,UPI,Paid
1145,51145,2026-05-17,UPI,Paid
46,50046,2025-07-28,Credit Card,Paid
6075,56075,2026-02-18,Credit Card,Paid
5108,55108,30/05/2024,UPI,FAILED
6550,56550,04-05-2024,CREDIT CARD,Paid
4335,54335,2024-12-29,Credit Card,PAID
2397,52397,05/05/2025,UPI,Paid
4818,54818,,UPI,Paid
19,50019,2024-08-08,Credit Card,Paid
699,50699,28/11/2025,UPI,Failed
6272,56272,22/08/2026,Net Banking,Paid
1144,51144,12/06/2024,Credit Card,Paid
6730,56730,2024-08-22,Net Banking,Paid
942,50942,01/09/2024,Net Banking,Paid
6930,56930,2024-07-10,Credit Card,paid
7087,57087,02/09/2024,Credit Card,Failed
1257,51257,2025-06-07,UPI,Paid
3271,53271,28/01/2024,Debit Card,Paid
7762,57762,2024-03-18,Upi,Paid
4358,54358,09/07/2025,Credit Card,Paid
71,50071,28/10/2024,UPI,PAID
6821,56821,22-02-2024,UPI,Paid
948,50948,29/03/2024,upi,Refunded
3111,53111,2026-01-04,UPI,Paid
6428,56428,06/01/2025,UPI,Refunded
3144,53144,2025-07-23,Credit Card,Paid
7758,57758,2024-12-24,COD,Refunded
1097,51097,15/03/2025,UPI,Paid
4469,54469,2024-05-08,UPI,Paid
2003,52003,2025-07-23,UPI,Refunded
397,50397,24/06/2026,Credit Card,Paid
4142,54142,2026-04-30,Credit Card,Paid
3971,53971,05/04/2024,COD,Pending
5672,55672,18/11/2025,UPI,REFUNDED
4350,54350,2025-11-30,Credit Card,Paid
1654,51654,09-11-2024,Net Banking,Paid
4043,54043,2024-06-20,UPI,Paid
2574,52574,2024-01-20,UPI,Refunded
2765,52765,03/01/2025,UPI,Paid
1946,51946,2024-10-03,Upi,Refunded
186,50186,2025-12-01,UPI,Paid
3991,53991,19/06/2026,Debit Card,Paid
2982,52982,2025-07-16,COD,Paid
1982,51982,2024-03-17,Credit Card,Paid
7927,57927,12-08-2024,UPI,paid
4622,54622,31-07-2024,upi,Paid
3551,53551,14-07-2026,Credit Card,Paid
3394,53394,04-07-2025,COD,Refunded
7368,57368,2026-06-15,COD,Paid
4063,54063,15-06-2025,Credit Card,Failed
3052,53052,2025-01-19,UPI,Paid
7786,57786,30-11-2024,Credit Card,Paid
5884,55884,2026-02-02,Credit Card,Paid
1365,51365,23/05/2026,UPI,Paid
3218,53218,04/08/2025,UPI,Paid
6811,56811,2025-05-02,Net Banking,Paid
6560,56560,2025-10-02,Net Banking,Paid
1970,51970,2024-08-21,COD,Paid
1896,51896,2026-03-21,upi,Paid
3433,53433,07-05-2026,COD,Failed
3860,53860,16/10/2024,upi,
4665,54665,2025-04-27,Credit Card,Failed
3539,53539,30-01-2025,Debit Card,Paid
2628,52628,13-12-2024,COD,Paid
5612,55612,2026-07-26,UPI,Paid
3645,53645,08-10-2025,Debit Card,Paid
7715,57715,15/05/2026,UPI,Pending
3491,53491,29-02-2024,Debit Card,Pending
1061,51061,,Debit Card,Paid
572,50572,16/04/2025,UPI,Paid
1862,51862,11/02/2026,Debit Card,PAID
5340,55340,2026-07-25,UPI,Paid
6040,56040,06-08-2026,UPI,Paid
102,50102,24/01/2025,COD,Paid
2821,52821,05/05/2025,UPI,Paid
7429,57429,10/10/2025,Credit Card,PAID
4998,54998,04/08/2024,UPI,Paid
4172,54172,05-06-2026,UPI,PAID
5817,55817,18-01-2025,COD,PAID
619,50619,16-01-2026,Debit Card,Pending
7686,57686,2024-01-15,UPI,Paid
6952,56952,2025-08-09,net banking,Paid
5602,55602,2026-07-08,COD,Paid
485,50485,01/06/2026,COD,
2860,52860,06/05/2024,upi,Failed
6110,56110,2024-05-22,COD,Paid
4434,54434,2026-08-17,UPI,Paid
3233,53233,2025-03-05,UPI,Paid
7807,57807,08/05/2024,UPI,Paid
2206,52206,2025-05-16,UPI,Paid
6072,56072,2024-12-12,Debit Card,Pending
7031,57031,2024-11-22,UPI,Paid
285,50285,28/01/2026,UPI,Paid
4636,54636,18/04/2024,COD,Failed
1655,51655,2024-08-14,,Paid
5626,55626,14-08-2025,Net Banking,Paid
2095,52095,06/02/2026,UPI,Paid
1525,51525,2025-02-19,UPI,PAID
6926,56926,,UPI,Paid
1204,51204,2024-07-19,Credit Card,Paid
3643,53643,2025-01-04,Debit Card,Paid
416,50416,24/07/2026,UPI,Pending
358,50358,26-04-2025,UPI,Failed
7054,57054,2024-03-01,Credit Card,Paid
5407,55407,2025-08-19,UPI,Paid
2441,52441,2024-01-31,Credit Card,Paid
1616,51616,13-07-2024,Credit Card,Paid
2822,52822,2025-03-29,Credit Card,Paid
3874,53874,2025-12-07,Debit Card,Paid
2108,52108,2025-10-20,Credit Card,FAILED
6290,56290,2025-07-19,COD,Paid
6966,56966,20/06/2026,UPI,Paid
7073,57073,16/03/2024,Credit Card,
6101,56101,30/05/2024,Debit Card,Paid
7729,57729,2025-01-02,Net Banking,Pending
1761,51761,11/05/2026,,Paid
644,50644,03-07-2024,COD,Failed
1206,51206,20/03/2025,Credit Card,
6229,56229,04-04-2025,COD,Refunded
4897,54897,01-07-2026,UPI,refunded
5806,55806,22/11/2025,COD,Paid
6594,56594,2025-03-16,Net Banking,REFUNDED
6802,56802,,UPI,Paid
2527,52527,09/01/2026,UPI,Refunded
7800,57800,11/08/2024,Credit Card,Paid
6213,56213,14-03-2025,Net Banking,Refunded
1886,51886,2025-01-29,Credit Card,PAID
3274,53274,2025-01-22,UPI,Paid
6665,56665,2025-05-12,Credit Card,Paid
1200,51200,2025-12-09,UPI,Paid
5477,55477,,UPI,Paid
3906,53906,2024-05-17,UPI,Paid
7007,57007,2024-08-26,UPI,Paid
2006,52006,25/05/2025,Cod,Paid
3223,53223,25-12-2025,COD,Paid
2803,52803,2024-01-25,COD,
6321,56321,25/01/2025,DEBIT CARD,Paid
4484,54484,2026-06-26,,PAID
4761,54761,04/07/2025,UPI,Paid
7576,57576,25/12/2025,Credit Card,Paid
7620,57620,05/01/2024,Net Banking,Paid
1783,51783,26-08-2024,net banking,Paid
5683,55683,2024-09-20,Net Banking,Paid
504,50504,30-03-2026,upi,Paid
6804,56804,14/02/2025,Debit Card,Pending
364,50364,03-08-2024,Credit Card,Pending
6129,56129,2025-12-30,DEBIT CARD,Failed
6790,56790,2025-07-09,credit card,Paid
5744,55744,2026-04-13,UPI,Paid
1390,51390,18/02/2025,UPI,Paid
2555,52555,05/11/2024,Net Banking,Paid
6621,56621,2025-01-10,Debit Card,Paid
6758,56758,27/08/2026,UPI,Refunded
5266,55266,05/09/2025,UPI,Paid
2897,52897,20/08/2024,UPI,Pending
7680,57680,12-04-2025,COD,Paid
6597,56597,2025-08-05,Credit Card,Pending
1864,51864,2024-06-13,UPI,Paid
11,50011,16/03/2026,UPI,REFUNDED
6583,56583,26/10/2025,UPI,Pending
6185,56185,2025-03-30,UPI,Failed
5231,55231,14-01-2024,UPI,Paid
949,50949,09/12/2024,Credit Card,Paid
5832,55832,2024-09-14,UPI,Pending
7235,57235,2025-08-09,UPI,Paid
5843,55843,2024-03-23,UPI,Paid
2974,52974,2025-03-07,COD,paid
3219,53219,17-07-2026,Credit Card,Refunded
1812,51812,2024-01-23,Cod,Paid
903,50903,02-01-2026,Net Banking,Paid
2278,52278,2026-04-09,UPI,Paid
3811,53811,28/01/2026,UPI,Paid
3573,53573,11/05/2026,UPI,Paid
806,50806,15/04/2025,Credit Card,paid
5495,55495,2026-08-28,COD,Paid
5498,55498,10-05-2024,upi,Paid
2719,52719,13/01/2025,UPI,Paid
5046,55046,01-02-2024,Credit Card,Paid
2015,52015,31/03/2026,upi,Refunded
5083,55083,22-05-2024,UPI,Paid
5589,55589,29-12-2024,Net Banking,Paid
743,50743,2026-01-06,UPI,Paid
3690,53690,01/11/2025,COD,Paid
6777,56777,05-09-2024,UPI,Paid
85,50085,11/01/2025,Debit Card,Paid
2496,52496,2024-07-03,Credit Card,Refunded
1413,51413,2025-08-12,UPI,Paid
6109,56109,2025-06-17,UPI,Paid
4197,54197,04/02/2025,Credit Card,Paid
1690,51690,10-08-2024,UPI,Paid
6889,56889,19/01/2025,Net Banking,Paid
6805,56805,2026-02-10,Net Banking,Paid
6879,56879,23-08-2024,Debit Card,Paid
7611,57611,2025-02-18,UPI,Pending
1118,51118,05-08-2025,,Paid
4194,54194,2024-03-07,Credit Card,Paid
3070,53070,17/07/2026,Credit Card,Paid
6581,56581,12/12/2025,UPI,Paid
7944,57944,2025-09-19,UPI,Refunded
4103,54103,2026-02-15,UPI,Paid
5061,55061,28-12-2024,Credit Card,Paid
1719,51719,23-05-2025,UPI,Paid
4321,54321,05/12/2024,Credit Card,Refunded
604,50604,27-07-2024,UPI,Paid
1132,51132,2026-04-10,credit card,Paid
6561,56561,2024-07-17,UPI,Paid
2174,52174,04/07/2024,Net Banking,Refunded
3190,53190,08-06-2024,CREDIT CARD,Paid
7343,57343,04-08-2025,Net Banking,Paid
2814,52814,2026-08-22,credit card,Paid
5818,55818,07/08/2025,UPI,Paid
4211,54211,07-05-2026,Upi,Paid
3197,53197,15/11/2025,Debit Card,
6933,56933,06/12/2025,,Paid
2339,52339,2025-09-03,Debit Card,pending
4369,54369,09/01/2025,Credit Card,Paid
3655,53655,2025-12-16,UPI,Paid
6737,56737,06-12-2025,COD,Refunded
7189,57189,2025-06-23,UPI,Failed
6389,56389,2025-07-04,UPI,Paid
4143,54143,10-12-2025,Debit Card,PAID
1507,51507,2024-06-30,UPI,Pending
979,50979,02-04-2024,cod,Paid
105,50105,20/08/2024,Credit Card,Paid
3724,53724,28-01-2025,UPI,Paid
763,50763,10/03/2024,upi,failed
6404,56404,10-03-2025,Credit Card,Paid
3441,53441,25/02/2025,Net Banking,Paid
807,50807,14-08-2026,Credit Card,Paid
4893,54893,07/08/2024,Credit Card,Paid
1266,51266,03-08-2026,UPI,Paid
7551,57551,,COD,Paid
1233,51233,2024-11-03,Debit Card,Refunded
3473,53473,07/08/2025,Net Banking,paid
4008,54008,02-08-2026,UPI,Paid
4902,54902,2025-06-24,UPI,Pending
1333,51333,29/03/2026,DEBIT CARD,Paid
4120,54120,2026-07-02,Debit Card,Paid
6328,56328,20/06/2026,UPI,Paid
6259,56259,17-03-2025,UPI,Paid
965,50965,2024-11-30,UPI,Paid
1356,51356,30-06-2025,UPI,Paid
4681,54681,2025-04-22,Credit Card,Paid
7996,57996,2025-01-03,UPI,Paid
2987,52987,15/05/2024,UPI,Paid
3126,53126,21-03-2026,,Paid
6189,56189,27/04/2024,UPI,Paid
5099,55099,09-06-2024,COD,Paid
2455,52455,10/01/2024,Net Banking,Paid
4127,54127,2024-11-09,UPI,Paid
7509,57509,12-03-2024,upi,PAID
2525,52525,2025-07-07,COD,Paid
271,50271,22/07/2026,upi,Failed
5960,55960,09/02/2024,Credit Card,Paid
1666,51666,20-06-2025,Credit Card,Paid
336,50336,06-06-2026,UPI,Paid
6,50006,2026-07-23,COD,Paid
4165,54165,10/07/2024,UPI,Paid
3542,53542,04-12-2025,COD,Paid
6667,56667,10-04-2026,Debit Card,Paid
6891,56891,2026-05-28,Net Banking,Refunded
6540,56540,22/07/2024,UPI,Paid
5697,55697,22-05-2025,COD,Paid
5000,55000,2024-12-12,COD,Refunded
1135,51135,2025-12-01,Credit Card,Paid
6052,56052,2026-05-02,UPI,PAID
6275,56275,31/03/2025,COD,Paid
587,50587,16/11/2024,UPI,Paid
7738,57738,14-07-2024,UPI,Paid
1237,51237,26/10/2024,Credit Card,paid
483,50483,2024-04-08,COD,Paid
3101,53101,05/04/2026,UPI,Refunded
7316,57316,19/02/2024,UPI,Paid
6648,56648,2026-07-02,UPI,Paid
1808,51808,06/02/2026,Credit Card,Failed
2571,52571,29/08/2024,Credit Card,Pending
591,50591,19/05/2025,Credit Card,Paid
6539,56539,29-08-2025,Debit Card,Refunded
1978,51978,2025-11-25,Credit Card,Paid
2010,52010,2025-03-28,UPI,Paid
6690,56690,12/10/2025,UPI,Paid
7081,57081,19/04/2026,Debit Card,Failed
5717,55717,23-04-2025,upi,Paid
4982,54982,2024-11-01,Debit Card,Paid
2411,52411,2026-08-09,COD,Paid
6391,56391,06-05-2025,UPI,Pending
61,50061,2025-07-23,CREDIT CARD,Paid
6166,56166,2025-06-28,COD,Refunded
4064,54064,11-05-2025,credit card,Paid
7028,57028,2025-01-14,UPI,Paid
924,50924,2025-10-24,Debit Card,Paid
6149,56149,2026-07-07,UPI,pending
6074,56074,2024-06-09,,PAID
5844,55844,2024-08-27,COD,Paid
4459,54459,23/12/2024,UPI,Failed
3946,53946,2025-07-23,UPI,Paid
4826,54826,16/07/2026,UPI,Paid
3462,53462,21-10-2024,UPI,Paid
2383,52383,13/09/2024,UPI,Failed
1107,51107,03/07/2025,Credit Card,Paid
3587,53587,2024-11-11,Debit Card,Paid
1418,51418,2025-09-25,CREDIT CARD,Paid
3312,53312,06-02-2025,UPI,Paid
6634,56634,2026-01-22,CREDIT CARD,Paid
1918,51918,12/03/2025,Credit Card,Pending
5606,55606,2026-06-21,CREDIT CARD,paid
3391,53391,2024-10-07,UPI,Paid
6370,56370,08/06/2025,UPI,Refunded
1342,51342,26-04-2024,UPI,Paid
6379,56379,04-03-2025,Credit Card,Paid
1056,51056,24-08-2025,Debit Card,Paid
7776,57776,2026-04-09,UPI,Paid
493,50493,27/01/2025,Credit Card,Pending
2156,52156,2025-09-20,UPI,Pending
1716,51716,24/09/2025,COD,Paid
5992,55992,2024-07-11,COD,Paid
3112,53112,2025-09-18,UPI,Paid
6786,56786,03/02/2026,Upi,Paid
4118,54118,2025-03-24,UPI,Refunded
1951,51951,2024-07-08,Credit Card,Paid
6789,56789,07/03/2024,Credit Card,Refunded
4909,54909,02-07-2026,Debit Card,Refunded
155,50155,07/12/2025,UPI,Paid
5207,55207,05-05-2024,UPI,Paid
7212,57212,2025-08-22,Credit Card,Paid
6358,56358,2025-03-03,UPI,Paid
1313,51313,21/06/2024,Debit Card,Paid
6708,56708,04/07/2025,UPI,Refunded
6709,56709,2024-03-28,COD,Paid
7911,57911,07/11/2024,UPI,Paid
4915,54915,02-06-2024,Debit Card,Pending
6499,56499,27/02/2026,net banking,Refunded
6053,56053,05-06-2024,UPI,paid
5838,55838,09/06/2026,UPI,Paid
3796,53796,03/04/2025,Upi,Paid
7093,57093,2025-05-29,Net Banking,Failed
7329,57329,01/07/2026,UPI,Paid
3904,53904,2025-03-02,COD,Paid
6925,56925,11-01-2025,UPI,Failed
6254,56254,13/06/2026,Upi,
2770,52770,2024-05-31,COD,Paid
213,50213,19/04/2024,Credit Card,Paid
2205,52205,06/09/2025,Debit Card,Pending
7709,57709,2024-04-29,COD,Paid
7174,57174,2025-11-27,UPI,Paid
6342,56342,20/04/2026,UPI,Paid
7905,57905,15/01/2026,COD,Paid
2922,52922,07-06-2025,Upi,Paid
6008,56008,14-02-2024,Debit Card,Refunded
5826,55826,2025-04-18,COD,Paid
312,50312,2024-02-23,Credit Card,Paid
4583,54583,26/08/2024,Net Banking,Paid
7661,57661,2025-06-17,Credit Card,PENDING
7969,57969,02/02/2025,COD,Paid
4,50004,21-05-2025,COD,Paid
5698,55698,13/05/2025,Net Banking,Paid
5549,55549,12/08/2026,UPI,Failed
972,50972,2024-05-14,UPI,Refunded
580,50580,03/04/2026,COD,REFUNDED
3773,53773,12-10-2024,Debit Card,Paid
40,50040,,UPI,Pending
3812,53812,2026-04-28,Credit Card,Paid
3133,53133,2024-09-24,Credit Card,Refunded
4563,54563,2025-06-19,Credit Card,Refunded
3396,53396,2025-10-16,Debit Card,Paid
651,50651,20/10/2024,Credit Card,Paid
1702,51702,15/01/2026,Net Banking,Paid
450,50450,29-10-2025,Upi,Paid
3136,53136,09/01/2025,UPI,
6018,56018,02/12/2025,Debit Card,Paid
2668,52668,14-02-2025,UPI,Paid
2849,52849,12/06/2024,COD,Paid
2867,52867,2026-06-26,UPI,Failed
2008,52008,21/03/2026,credit card,Failed
7525,57525,16/01/2024,Credit Card,Refunded
5022,55022,22-04-2025,Debit Card,Refunded
6809,56809,,Credit Card,paid
2188,52188,06/06/2025,Debit Card,Paid
6629,56629,2026-07-06,UPI,Paid
6028,56028,2024-03-03,UPI,Paid
2262,52262,20/12/2025,UPI,Paid
5149,55149,2026-03-12,COD,Paid
2794,52794,09-04-2024,,PAID
1858,51858,2024-12-11,Debit Card,Paid
5604,55604,18/07/2025,UPI,Paid
3106,53106,2025-01-25,Credit Card,Paid
3076,53076,2024-05-15,Net Banking,paid
4302,54302,,Debit Card,Paid
3791,53791,2024-06-09,UPI,Paid
7283,57283,16/02/2025,Credit Card,Failed
3348,53348,19/06/2024,Debit Card,Failed
2274,52274,03/09/2024,Debit Card,Paid
2691,52691,11-10-2024,Credit Card,Paid
3780,53780,23/05/2024,UPI,paid
2468,52468,2024-05-16,CREDIT CARD,Paid
3549,53549,2026-01-24,UPI,Paid
5009,55009,27/01/2024,Credit Card,Paid
3095,53095,2024-03-14,Debit Card,Paid
6735,56735,11/04/2025,Debit Card,Paid
5135,55135,10/02/2024,UPI,Pending
6030,56030,23/01/2025,COD,Paid
4492,54492,09-04-2025,Net Banking,paid
5138,55138,2024-05-08,UPI,Paid
1582,51582,2025-08-13,Net Banking,Paid
4795,54795,14-07-2024,Debit Card,Paid
6904,56904,2026-08-31,Credit Card,Paid
4147,54147,31/10/2025,,Paid
1080,51080,27-08-2026,UPI,Paid
741,50741,25-01-2026,Net Banking,Paid
1331,51331,04/05/2026,UPI,Paid
5252,55252,2026-03-06,Net Banking,paid
1437,51437,2026-01-28,UPI,Paid
2490,52490,2024-11-28,UPI,Paid
4612,54612,2025-07-16,UPI,Paid
3376,53376,09-11-2024,COD,Paid
6983,56983,03-10-2024,UPI,Failed
6683,56683,16/09/2024,UPI,Pending
1262,51262,07/08/2024,UPI,Paid
5528,55528,2025-09-25,COD,Paid
2160,52160,15/11/2024,Credit Card,Failed
5364,55364,21-02-2025,Debit Card,Paid
1416,51416,05/01/2024,Credit Card,Failed
5850,55850,2024-12-05,Credit Card,Paid
7334,57334,17/03/2025,Credit Card,Paid
5304,55304,2025-11-07,Debit Card,Failed
2362,52362,21-05-2024,UPI,Paid
7664,57664,2025-12-01,UPI,Paid
4179,54179,2026-07-01,UPI,Paid
6529,56529,2024-02-25,Debit Card,Paid
3205,53205,20-05-2024,UPI,Refunded
7532,57532,2025-10-06,UPI,paid
5187,55187,15/03/2025,Credit Card,Paid
614,50614,12-02-2024,upi,paid
1515,51515,05-08-2024,COD,paid
2905,52905,16-03-2025,Credit Card,Paid
1695,51695,2026-04-05,Credit Card,paid
4338,54338,2025-02-07,Net Banking,paid
2090,52090,2024-06-26,COD,Paid
6579,56579,15-07-2026,UPI,Paid
7592,57592,12/07/2025,COD,Paid
1720,51720,28-11-2024,COD,Paid
165,50165,06-04-2026,Net Banking,Refunded
5740,55740,26/10/2025,credit card,Failed
3665,53665,2026-05-30,debit card,Paid
5223,55223,18/04/2026,UPI,PAID
5176,55176,17/11/2025,Net Banking,Paid
4845,54845,07/11/2025,upi,Paid
962,50962,2025-01-15,UPI,PAID
2730,52730,05-11-2025,UPI,Refunded
932,50932,2026-04-03,Credit Card,Paid
616,50616,22/09/2025,Debit Card,PAID
1239,51239,2026-05-03,COD,Paid
3516,53516,01/12/2024,Debit Card,Paid
5394,55394,03/02/2025,UPI,paid
7612,57612,2024-03-06,COD,Paid
6649,56649,28-10-2024,Net Banking,Paid
4616,54616,2024-04-22,UPI,Paid
3909,53909,25/07/2024,Credit Card,Paid
5490,55490,28-02-2024,UPI,Paid
6023,56023,21-08-2026,Credit Card,Paid
7463,57463,22-03-2025,Net Banking,Paid
5220,55220,2024-05-23,Debit Card,Paid
4272,54272,2024-08-18,cod,Paid
844,50844,18-10-2024,Credit Card,PENDING
3476,53476,30/05/2026,COD,Failed
31,50031,11-01-2024,UPI,Pending
7739,57739,2025-09-25,COD,Paid
6487,56487,2025-01-10,COD,Paid
6660,56660,19-03-2026,COD,paid
3434,53434,08/09/2025,Credit Card,Paid
2005,52005,20-01-2026,Debit Card,Paid
6434,56434,2026-07-30,COD,Refunded
2977,52977,05-05-2024,Debit Card,Paid
1228,51228,12-09-2024,UPI,Paid
3555,53555,2026-05-14,COD,Paid
6483,56483,2025-05-23,UPI,Paid
1497,51497,2025-01-03,Net Banking,Paid
16,50016,05/07/2025,upi,Paid
122,50122,23-06-2025,COD,Paid
4966,54966,2025-04-24,Credit Card,Paid
882,50882,17/11/2025,Debit Card,Paid
4737,54737,2026-06-30,COD,Paid
5879,55879,20/01/2025,UPI,Paid
6152,56152,06/02/2024,UPI,Paid
6447,56447,10/01/2026,Net Banking,Paid
624,50624,2026-04-29,COD,paid
4757,54757,02/05/2024,UPI,Paid
2597,52597,2025-01-10,credit card,Paid
3947,53947,2026-03-12,COD,Refunded
842,50842,18/12/2025,UPI,paid
6146,56146,20/07/2024,UPI,Failed
2242,52242,,Debit Card,Refunded
3567,53567,08-09-2024,cod,Paid
6007,56007,03-03-2025,CREDIT CARD,Paid
6097,56097,2024-12-19,credit card,Paid
1247,51247,2026-02-09,COD,Paid
6682,56682,16/09/2024,UPI,Paid
3777,53777,31/07/2025,Debit Card,Paid
3530,53530,11-07-2025,UPI,PAID
250,50250,2024-01-05,COD,PAID
2379,52379,2024-11-21,Credit Card,Paid
1130,51130,16-01-2025,credit card,Paid
2713,52713,30-01-2025,DEBIT CARD,Paid
2430,52430,06/06/2024,Debit Card,Paid
4167,54167,07/11/2025,COD,PAID
1457,51457,16-09-2025,Net Banking,Paid
5010,55010,15/11/2025,Credit Card,
538,50538,22-02-2026,UPI,Failed
7040,57040,,UPI,Refunded
6754,56754,26/01/2026,Debit Card,Paid
4900,54900,13/01/2025,Upi,Refunded
2059,52059,2024-02-25,COD,Paid
1478,51478,07-10-2024,UPI,Failed
5662,55662,28/05/2024,,Paid
6884,56884,20-12-2025,UPI,PAID
6158,56158,2025-04-23,UPI,Failed
4091,54091,01/02/2025,UPI,Paid
4861,54861,15/01/2026,Credit Card,Refunded
6710,56710,15/03/2024,UPI,Paid
1219,51219,2024-11-08,Debit Card,Refunded
1897,51897,2024-06-07,UPI,Paid
3572,53572,20/02/2024,UPI,Paid
783,50783,2026-03-23,UPI,Paid
2170,52170,09/08/2025,Upi,Paid
3696,53696,09-08-2025,UPI,PAID
3369,53369,24/12/2025,UPI,Paid
7573,57573,2024-03-12,Net Banking,Paid
6234,56234,2024-11-30,UPI,Paid
2971,52971,2026-06-08,Credit Card,
4875,54875,09/01/2026,UPI,Paid
5493,55493,2024-04-01,Debit Card,Paid
5188,55188,30/03/2026,UPI,Paid
4104,54104,28-12-2025,Credit Card,Paid
2997,52997,2025-01-30,Net Banking,Paid
2760,52760,21-09-2024,Cod,Paid
2792,52792,2024-02-27,UPI,Paid
1385,51385,2024-02-19,Credit Card,Failed
7492,57492,11-10-2025,UPI,
5013,55013,04/10/2024,UPI,Failed
6156,56156,2024-07-04,COD,Paid
4940,54940,2026-06-14,UPI,Paid
7682,57682,05/12/2024,UPI,Paid
2850,52850,31/08/2026,UPI,Paid
512,50512,2026-01-06,Credit Card,Paid
7717,57717,04/11/2025,COD,Paid
3043,53043,19-05-2025,UPI,Paid
694,50694,05-08-2025,Credit Card,Paid
1183,51183,2026-08-12,UPI,Failed
597,50597,2024-10-06,UPI,Paid
6194,56194,08/01/2025,Credit Card,Paid
5140,55140,10/07/2024,UPI,Paid
588,50588,2025-03-25,Credit Card,Paid
372,50372,17-07-2026,COD,Paid
7452,57452,2025-01-04,Debit Card,Paid
6766,56766,04-04-2024,debit card,Paid
2959,52959,2025-03-17,Credit Card,Failed
7030,57030,23-02-2025,UPI,Paid
1723,51723,2026-03-13,UPI,Paid
2964,52964,2026-08-13,Upi,Failed
546,50546,2024-12-11,Net Banking,Paid
6874,56874,2025-10-21,COD,PAID
7400,57400,2026-08-28,UPI,Paid
4310,54310,2025-05-15,COD,
6681,56681,2026-08-27,Net Banking,Paid
4365,54365,21/07/2024,Net Banking,Failed
6533,56533,2025-01-01,Debit Card,Refunded
4582,54582,21/04/2026,UPI,Paid
4107,54107,2024-05-31,Credit Card,Pending
532,50532,27-08-2025,UPI,Paid
2910,52910,2025-08-12,UPI,Refunded
6148,56148,27/07/2024,UPI,Paid
43,50043,2024-08-23,COD,Paid
2643,52643,16-08-2024,Credit Card,Paid
2893,52893,28-03-2026,Debit Card,Paid
5479,55479,23/11/2025,UPI,Paid
4947,54947,24-09-2024,UPI,Paid
3187,53187,2025-06-14,COD,Paid
3783,53783,2024-09-04,COD,Paid
6068,56068,2026-02-28,UPI,FAILED
6762,56762,2025-09-09,UPI,Paid
5362,55362,06-09-2024,UPI,PAID
7972,57972,2025-08-01,Debit Card,Paid
679,50679,2026-02-22,Credit Card,Paid
3374,53374,2025-02-15,Credit Card,Paid
6363,56363,12/12/2024,UPI,Paid
1405,51405,21/03/2026,COD,Paid
5127,55127,23-07-2024,Credit Card,Paid
2171,52171,2024-11-27,Debit Card,Paid
4170,54170,25/05/2026,Credit Card,Failed
5888,55888,05/10/2025,Credit Card,Paid
6746,56746,2025-10-23,Net Banking,Pending
7975,57975,,Debit Card,Paid
2191,52191,06/05/2025,UPI,PAID
7428,57428,13/08/2025,Net Banking,Paid
3864,53864,2025-11-25,UPI,Paid
2293,52293,2024-08-22,Credit Card,Paid
707,50707,18/05/2025,Credit Card,Paid
7543,57543,28/06/2025,Credit Card,Pending
7926,57926,2026-03-15,UPI,Paid
6911,56911,27/07/2025,UPI,Paid
2373,52373,01/12/2025,CREDIT CARD,Paid
4717,54717,13/09/2025,Debit Card,FAILED
7029,57029,29-04-2025,Credit Card,
1874,51874,2024-01-17,UPI,paid
5039,55039,27-07-2025,UPI,Paid
7497,57497,10/04/2026,UPI,Paid
3834,53834,20-08-2025,Net Banking,paid
4280,54280,2026-01-28,debit card,Paid
1004,51004,10/04/2024,Net Banking,Pending
5804,55804,2024-09-13,UPI,Pending
3085,53085,16/04/2026,UPI,Refunded
914,50914,2024-03-26,Debit Card,Paid
2289,52289,2026-08-20,Net Banking,Failed
1244,51244,2024-12-16,Credit Card,Pending
2304,52304,09/02/2025,Credit Card,Paid
7787,57787,04/08/2025,upi,Paid
6064,56064,2024-02-27,UPI,Paid
7733,57733,24/07/2024,Debit Card,Paid
3934,53934,2024-12-13,UPI,Paid
1922,51922,23-04-2024,Credit Card,
3738,53738,2024-12-15,Credit Card,Failed
5125,55125,2024-06-23,Debit Card,Failed
6429,56429,18-01-2026,UPI,Failed
3145,53145,12/09/2024,UPI,PAID
2671,52671,07/02/2026,Net Banking,Pending
3794,53794,2024-01-07,debit card,Paid
6408,56408,2025-08-28,UPI,Paid
1236,51236,2025-05-10,Upi,Paid
1952,51952,2024-03-12,COD,Paid
943,50943,20/02/2024,UPI,PENDING
1379,51379,14-03-2025,UPI,Paid
7568,57568,2026-06-18,UPI,Paid
3167,53167,19/06/2025,Debit Card,Paid
7210,57210,01/10/2024,Credit Card,
5089,55089,2026-02-02,UPI,Paid
4392,54392,2024-11-07,Debit Card,Refunded
4574,54574,17-03-2026,Debit Card,Paid
4853,54853,08/06/2026,Credit Card,Paid
3497,53497,31-08-2026,Credit Card,Refunded
2955,52955,08/06/2025,UPI,Pending
1189,51189,11/04/2026,Debit Card,Paid
553,50553,2026-01-01,UPI,Paid
7859,57859,23/04/2024,Net Banking,Paid
3672,53672,2024-05-25,UPI,Paid
2312,52312,2026-05-26,UPI,
1217,51217,2025-06-13,UPI,Paid
3574,53574,2026-02-12,DEBIT CARD,Pending
4222,54222,13-11-2025,UPI,Paid
7742,57742,2025-12-23,UPI,Paid
4610,54610,2026-07-15,Debit Card,Paid
6036,56036,2025-06-04,Debit Card,Paid
2755,52755,11-05-2026,Credit Card,
3722,53722,2024-12-12,COD,paid
3703,53703,28/12/2025,UPI,Paid
705,50705,16/08/2026,UPI,Paid
1964,51964,2025-04-01,DEBIT CARD,Paid
528,50528,2024-03-24,Credit Card,Paid
7541,57541,2024-07-18,credit card,Paid
5616,55616,12/11/2024,UPI,Paid
7253,57253,2024-09-08,Debit Card,Paid
5892,55892,12/07/2024,Net Banking,Paid
2564,52564,07-04-2024,Credit Card,Paid
3636,53636,2026-08-28,UPI,Paid
7201,57201,2026-07-14,COD,PAID
6248,56248,2024-10-19,COD,paid
3975,53975,25-11-2024,Credit Card,Refunded
4600,54600,17/01/2026,Credit Card,Paid
300,50300,,Credit Card,Paid
4318,54318,2025-09-25,Credit Card,Paid
1432,51432,2024-04-08,Debit Card,Paid
6870,56870,2025-08-11,UPI,Refunded
4541,54541,18-06-2024,COD,Paid
1296,51296,18/06/2025,Credit Card,Paid
4275,54275,2024-05-28,UPI,Pending
4309,54309,30-08-2024,upi,Paid
6302,56302,18-07-2024,UPI,Refunded
7196,57196,19-04-2026,UPI,Paid
4588,54588,2024-08-18,UPI,Paid
2931,52931,2025-01-01,Net Banking,Paid
2512,52512,20/12/2025,UPI,Paid
6513,56513,2026-03-02,COD,Paid
64,50064,2025-10-26,UPI,Paid
3932,53932,26-07-2026,Credit Card,Refunded
4149,54149,23/02/2026,COD,Paid
2729,52729,2025-03-25,Credit Card,Paid
4248,54248,30/09/2024,Debit Card,Paid
4525,54525,30/06/2026,UPI,Paid
7711,57711,16-04-2026,UPI,PAID
6459,56459,2024-01-31,UPI,Paid
2419,52419,05-01-2024,UPI,Paid
6554,56554,2026-01-03,COD,Refunded
4690,54690,2024-07-23,UPI,Paid
1803,51803,23-11-2025,Debit Card,PAID
5236,55236,23/04/2024,upi,Pending
5499,55499,07-08-2025,Credit Card,Failed
4758,54758,16-12-2024,Credit Card,Paid
5661,55661,2025-01-26,Net Banking,Paid
3234,53234,2026-03-24,CREDIT CARD,Paid
3494,53494,2026-02-23,Credit Card,Paid
3941,53941,14-08-2026,Net Banking,Paid
7086,57086,,UPI,Paid
1815,51815,20/08/2025,UPI,Paid
6258,56258,2026-02-11,upi,Paid
329,50329,2026-02-15,UPI,Refunded
3329,53329,17-02-2025,UPI,paid
2507,52507,2025-07-27,UPI,PAID
6677,56677,2025-02-01,COD,Paid
7948,57948,07/06/2025,UPI,Refunded
2235,52235,14/02/2026,COD,Paid
2230,52230,2025-11-29,Debit Card,Paid
6090,56090,2024-02-09,debit card,PENDING
1567,51567,26-04-2025,Credit Card,Paid
6211,56211,2024-02-07,UPI,Refunded
1177,51177,2024-05-05,Credit Card,Refunded
7936,57936,2026-02-13,COD,Refunded
88,50088,2025-03-14,UPI,Paid
4936,54936,2025-04-18,COD,Paid
4720,54720,05/04/2024,Debit Card,Paid
5565,55565,,Credit Card,Failed
3528,53528,04-05-2026,Upi,Paid
6293,56293,18/04/2026,UPI,Paid
6449,56449,27/11/2024,Credit Card,Pending
226,50226,16/08/2025,Debit Card,Paid
4558,54558,2026-04-07,Credit Card,Paid
1604,51604,2026-05-12,COD,paid
5111,55111,18-04-2026,Credit Card,Paid
531,50531,2025-12-19,Debit Card,PAID
3538,53538,2025-07-02,COD,Refunded
2716,52716,10-07-2025,Credit Card,Paid
3395,53395,09/12/2024,net banking,Pending
3158,53158,2024-08-04,UPI,Paid
6494,56494,2026-07-24,Upi,failed
3893,53893,05-11-2025,Credit Card,Paid
7044,57044,28-10-2024,UPI,Paid
3850,53850,05/11/2025,Credit Card,Paid
6895,56895,2024-04-05,Net Banking,Paid
3595,53595,2025-03-17,Debit Card,paid
5993,55993,17-09-2025,,Refunded
5303,55303,26/06/2025,UPI,Refunded
3747,53747,07/07/2025,COD,Paid
519,50519,24-05-2026,UPI,Pending
7267,57267,2026-06-09,Debit Card,Paid
2541,52541,2026-06-22,UPI,Failed
1564,51564,21-12-2024,UPI,Failed
3048,53048,18-03-2024,COD,Paid
4400,54400,2025-12-15,Credit Card,Paid
1340,51340,30/06/2026,UPI,Paid
3440,53440,09/01/2025,UPI,Paid
1156,51156,2025-08-15,Credit Card,pending
1260,51260,12/03/2025,Debit Card,Failed
2923,52923,14/01/2025,Cod,Refunded
1360,51360,2025-05-21,Credit Card,Paid
3600,53600,2024-02-17,Net Banking,Paid
5822,55822,2024-05-05,COD,Paid
4399,54399,16-01-2025,UPI,Paid
1234,51234,2026-04-27,Debit Card,Refunded
5906,55906,,Debit Card,Paid
5112,55112,05-05-2026,UPI,Paid
2185,52185,2025-05-26,UPI,Refunded
1255,51255,05/07/2026,Net Banking,Paid
1381,51381,18-08-2026,UPI,Paid
1800,51800,01-09-2026,UPI,Refunded
5382,55382,18/10/2024,Credit Card,Paid
5909,55909,2024-10-20,Net Banking,Paid
1231,51231,19-02-2024,UPI,Paid
985,50985,17-07-2025,,Paid
2154,52154,2025-02-04,credit card,Paid
2282,52282,2024-03-27,Net Banking,Paid
7345,57345,24/09/2025,UPI,Paid
2342,52342,29-12-2024,COD,Paid
6231,56231,26-07-2026,UPI,Paid
6029,56029,2024-10-20,UPI,Paid
1450,51450,2026-05-19,Credit Card,Paid
2452,52452,2026-04-02,Credit Card,Paid
4446,54446,16/04/2024,Credit Card,Paid
7873,57873,28-12-2024,Credit Card,Paid
2356,52356,05-07-2026,COD,Paid
6676,56676,2025-07-01,UPI,Refunded
5617,55617,02-08-2025,upi,PAID
4744,54744,2024-01-29,UPI,Paid
4340,54340,2025-01-29,UPI,Paid
7763,57763,08/12/2024,COD,Paid
6752,56752,20/08/2024,COD,Paid
5570,55570,27-02-2024,Credit Card,Paid
265,50265,2025-03-05,UPI,Paid
7660,57660,2024-10-08,Credit Card,Paid
1563,51563,03-10-2024,Debit Card,Paid
2367,52367,22/02/2024,Net Banking,Paid
7708,57708,2026-08-10,UPI,Paid
7209,57209,2025-12-22,UPI,Paid
746,50746,2025-06-04,UPI,Refunded
5358,55358,03-07-2024,Debit Card,Paid
809,50809,2026-08-06,COD,Pending
3997,53997,2025-03-20,UPI,Paid
3060,53060,2026-07-04,UPI,Paid
6163,56163,2024-05-29,UPI,Paid
1243,51243,2025-06-19,Debit Card,Paid
7637,57637,09/03/2026,UPI,Paid
4814,54814,19-06-2026,Net Banking,
6196,56196,27-03-2025,,Paid
1502,51502,2026-05-28,UPI,Paid
131,50131,22-06-2025,cod,Paid
5735,55735,2024-06-14,UPI,Paid
3557,53557,01-01-2026,Credit Card,Paid
6378,56378,12-12-2025,UPI,Paid
1936,51936,17-03-2024,UPI,Paid
1425,51425,04/07/2026,COD,Paid
1307,51307,06-06-2026,UPI,Pending
3795,53795,06-01-2026,Credit Card,PAID
4212,54212,02/07/2025,UPI,Paid
1201,51201,2026-06-04,credit card,Refunded
4527,54527,2026-01-06,UPI,Paid
3522,53522,2025-01-08,Credit Card,paid
2593,52593,08/12/2025,Credit Card,Paid
1181,51181,19/04/2025,COD,Pending
5051,55051,25-12-2025,Debit Card,Paid
6188,56188,29/05/2026,UPI,Paid
2472,52472,2024-10-22,Debit Card,Paid
3740,53740,12/08/2024,UPI,Paid
6779,56779,2025-10-19,COD,PAID
894,50894,2024-09-05,Debit Card,Paid
5851,55851,24-05-2026,Debit Card,Pending
6134,56134,27-08-2024,Credit Card,Paid
5305,55305,2024-02-15,UPI,Paid
280,50280,01/12/2024,DEBIT CARD,Paid
5535,55535,2025-11-23,COD,Refunded
5764,55764,2026-01-19,Debit Card,Paid
338,50338,12/02/2024,upi,
4565,54565,24-07-2026,COD,Paid
7130,57130,2025-11-21,Credit Card,paid
2699,52699,2025-09-07,UPI,Paid
5975,55975,2025-10-02,net banking,Paid
787,50787,2024-01-29,UPI,Paid
405,50405,06-02-2024,Net Banking,Paid
2111,52111,2024-05-17,Debit Card,Paid
3309,53309,2024-06-10,COD,
1283,51283,03-12-2025,UPI,PAID
2559,52559,2024-11-24,UPI,Paid
1235,51235,27-06-2024,Debit Card,PAID
1476,51476,03-10-2024,UPI,Paid
5996,55996,19/11/2024,Debit Card,Paid
170,50170,2025-09-04,COD,Paid
2438,52438,2024-09-15,UPI,paid
4618,54618,04-04-2025,UPI,Paid
7679,57679,11/06/2025,,Paid
5428,55428,10-04-2024,UPI,Pending
3461,53461,2024-06-18,COD,Failed
7598,57598,27-04-2026,Debit Card,Paid
1551,51551,28/04/2024,UPI,Paid
7379,57379,2026-08-25,UPI,Paid
2202,52202,26/02/2026,,Refunded
2752,52752,2025-02-20,UPI,Paid
769,50769,08-06-2025,UPI,
7965,57965,05-07-2026,COD,Paid
5915,55915,28/09/2025,Upi,Paid
3803,53803,30-05-2024,COD,paid
969,50969,17-08-2026,Debit Card,Paid
4062,54062,19-06-2026,upi,Paid
5329,55329,05-01-2025,UPI,Paid
42,50042,13/05/2024,Debit Card,Paid
2568,52568,2025-02-09,Net Banking,Paid
3054,53054,03/01/2025,UPI,Paid
4101,54101,01/08/2024,upi,Refunded
3338,53338,2025-01-10,Net Banking,Paid
7594,57594,2024-06-10,UPI,Paid
7659,57659,03/02/2025,UPI,Paid
7624,57624,17/01/2026,UPI,Paid
3652,53652,2024-02-16,Debit Card,Paid
5279,55279,07-05-2026,upi,Failed
6936,56936,02/05/2026,Upi,Paid
5379,55379,,UPI,Paid
3326,53326,18-12-2025,Debit Card,Paid
691,50691,2025-07-07,Credit Card,Paid
2164,52164,29/04/2025,Credit Card,Paid
5270,55270,02/02/2026,upi,Paid
6614,56614,2026-04-18,UPI,Paid
7211,57211,2025-05-18,upi,Paid
7980,57980,2025-06-20,DEBIT CARD,Paid
1022,51022,2025-12-31,upi,Paid
7277,57277,03-04-2026,CREDIT CARD,Paid
435,50435,2026-08-26,UPI,Refunded
3967,53967,2024-12-21,Credit Card,Failed
2358,52358,2026-07-08,COD,Paid
2491,52491,2025-11-07,UPI,Paid
3823,53823,01-03-2026,Debit Card,Refunded
6733,56733,29-02-2024,UPI,Paid
2764,52764,2025-11-12,Net Banking,Paid
5652,55652,17-09-2024,Net Banking,Paid
6934,56934,2024-08-21,Credit Card,Paid
1127,51127,2026-01-09,COD,Failed
6179,56179,2026-08-06,Debit Card,refunded
1488,51488,28/12/2025,CREDIT CARD,Pending
409,50409,10/02/2026,COD,PENDING
3660,53660,,Debit Card,Refunded
3596,53596,03/08/2024,COD,Paid
2864,52864,,DEBIT CARD,Paid
6460,56460,13/03/2025,COD,Paid
3896,53896,23-09-2025,COD,Paid
7138,57138,2024-05-28,Net Banking,Paid
4890,54890,2024-01-02,Credit Card,Paid
1935,51935,2025-11-12,Debit Card,Paid
6855,56855,2024-07-11,Net Banking,Failed
3420,53420,2025-10-19,UPI,Paid
6237,56237,31/05/2026,credit card,Refunded
1596,51596,,Upi,Paid
7977,57977,13-12-2024,Debit Card,Paid
1321,51321,2024-01-25,UPI,Paid
5352,55352,13-01-2024,Net Banking,Pending
1902,51902,2025-02-18,UPI,Paid
4721,54721,25-01-2025,COD,Refunded
6617,56617,2025-11-23,UPI,Pending
3206,53206,2024-07-02,UPI,Failed
2240,52240,27-10-2025,Net Banking,Refunded
7251,57251,2024-02-27,UPI,Paid
7043,57043,2024-05-24,UPI,PAID
5006,55006,2024-10-01,Credit Card,PAID
3859,53859,21-03-2024,Credit Card,Paid
1614,51614,2025-06-14,UPI,Paid
7716,57716,13-02-2026,UPI,Paid
1968,51968,2024-12-22,UPI,Failed
6689,56689,17-09-2025,Net Banking,PAID
2258,52258,2026-06-12,Credit Card,Paid
5449,55449,2024-06-01,UPI,Paid
3216,53216,31/07/2024,COD,Paid
3045,53045,2025-02-22,cod,PAID
445,50445,29-05-2025,UPI,Pending
7935,57935,06-03-2025,Debit Card,Paid
3861,53861,13/05/2024,UPI,Paid
5463,55463,13/02/2024,UPI,paid
7588,57588,30/09/2024,COD,Paid
7100,57100,10/03/2025,UPI,Pending
5215,55215,27-06-2024,UPI,Paid
2043,52043,2025-05-26,COD,Paid
2546,52546,2025-11-10,UPI,Paid
2169,52169,31/12/2025,COD,Paid
371,50371,13/04/2026,UPI,
4790,54790,23/11/2025,Debit Card,Pending
2802,52802,12/08/2026,upi,paid
1757,51757,29-09-2025,UPI,Refunded
4436,54436,2024-03-01,UPI,Paid
2891,52891,19/05/2024,Net Banking,Paid
3928,53928,26/12/2024,COD,PAID
4602,54602,2024-12-14,COD,Pending
2126,52126,31-05-2026,Net Banking,Paid
2831,52831,19-08-2024,Credit Card,Paid
970,50970,05/07/2026,,Refunded
7309,57309,2026-06-16,UPI,Paid
2898,52898,22/02/2026,Credit Card,PAID
1171,51171,2024-06-10,COD,Failed
4691,54691,2026-05-11,Credit Card,Paid
592,50592,01-07-2024,UPI,Paid
2665,52665,29/05/2024,UPI,Paid
6669,56669,,COD,Paid
1755,51755,30-05-2026,credit card,Paid
1012,51012,09/04/2026,UPI,Failed
2700,52700,31-08-2026,Credit Card,Paid
2963,52963,2026-05-14,debit card,Paid
1084,51084,07/07/2024,Credit Card,Paid
4870,54870,25-05-2026,UPI,Paid
3492,53492,09-03-2026,UPI,Paid
3856,53856,2025-11-13,Debit Card,Refunded
499,50499,18/09/2024,credit card,Failed
2267,52267,2025-09-08,UPI,Pending
2655,52655,29/12/2024,COD,Paid
2823,52823,2025-09-17,UPI,Paid
5845,55845,2026-02-21,Debit Card,Paid
118,50118,16/09/2025,UPI,Paid
578,50578,2024-07-23,UPI,Paid
4495,54495,10/12/2024,Credit Card,refunded
4589,54589,21/12/2024,Credit Card,Paid
3203,53203,2025-05-05,UPI,Paid
6492,56492,,UPI,paid
4768,54768,17-06-2026,Net Banking,Paid
5786,55786,13-07-2026,Net Banking,Paid
7242,57242,18-01-2026,Net Banking,paid
810,50810,2024-08-31,UPI,Paid
1180,51180,2024-10-27,Credit Card,Paid
4777,54777,04-04-2025,UPI,Paid
5900,55900,2025-08-14,UPI,Paid
6852,56852,15/08/2024,Debit Card,Refunded
6407,56407,,UPI,Failed
2815,52815,04/04/2026,COD,Paid
3439,53439,14/04/2025,Credit Card,Paid
6601,56601,2025-01-08,upi,Paid
6633,56633,02/10/2025,Credit Card,Refunded
3999,53999,2025-07-08,Debit Card,Paid
3474,53474,2026-03-03,Credit Card,Paid
4713,54713,21-05-2024,Net Banking,Paid
4322,54322,2026-06-08,UPI,Paid
1547,51547,05-03-2024,Credit Card,Paid
565,50565,30/11/2024,Net Banking,Paid
767,50767,24/02/2026,credit card,paid
3508,53508,06/11/2025,,Paid
2079,52079,14-03-2024,Credit Card,PAID
3705,53705,15-07-2024,COD,Paid
7142,57142,01/10/2025,UPI,Paid
7355,57355,2024-02-06,UPI,Refunded
4330,54330,03-06-2025,UPI,Paid
1275,51275,2025-01-20,UPI,Refunded
7150,57150,04-05-2026,Debit Card,Paid
919,50919,18-01-2026,UPI,Paid
5599,55599,09-07-2025,UPI,Paid
2009,52009,2026-05-02,UPI,Paid
3897,53897,20-12-2025,UPI,Paid
18,50018,21-04-2026,Credit Card,Paid
2053,52053,2024-03-31,Net Banking,Paid
899,50899,2025-05-31,UPI,Refunded
4794,54794,25/08/2024,Credit Card,Paid
915,50915,09/03/2026,UPI,Paid
6807,56807,2024-09-16,Debit Card,Paid
1412,51412,2025-11-05,Credit Card,Refunded
6217,56217,13-04-2024,UPI,Refunded
5002,55002,10/02/2025,Credit Card,Pending
4837,54837,18/09/2025,Net Banking,Failed
5976,55976,03-09-2025,Credit Card,Paid
2429,52429,27/07/2025,UPI,paid
4885,54885,2025-01-25,Debit Card,Paid
3010,53010,02-02-2024,CREDIT CARD,Paid
6124,56124,16/01/2024,Net Banking,Paid
909,50909,2026-04-16,Debit Card,Paid
4431,54431,2025-05-31,COD,failed
2139,52139,15-03-2025,Credit Card,Paid
1199,51199,12/05/2024,UPI,Paid
5264,55264,11/03/2024,COD,Paid
2738,52738,23-09-2024,UPI,Paid
4797,54797,2026-07-20,Upi,Paid
6160,56160,12/03/2024,UPI,Paid
3215,53215,2026-01-10,CREDIT CARD,Paid
95,50095,19-03-2025,Credit Card,Paid
7091,57091,2025-03-26,UPI,Paid
3710,53710,2026-03-01,COD,Paid
5956,55956,2025-08-06,UPI,Paid
5719,55719,2025-12-22,Debit Card,Failed
5574,55574,05-03-2024,Credit Card,Paid
2275,52275,2025-01-07,UPI,Paid
1539,51539,2024-04-01,UPI,Paid
5297,55297,28/08/2026,COD,Pending
2321,52321,17/01/2025,UPI,PENDING
1094,51094,07/11/2024,COD,Pending
3047,53047,17-07-2026,UPI,Paid
5638,55638,19/06/2025,Credit Card,Paid
457,50457,15-03-2026,COD,Failed
119,50119,26-04-2026,UPI,Paid
829,50829,07/02/2026,Debit Card,Paid
1035,51035,2025-12-04,Credit Card,Paid
4089,54089,2025-02-15,UPI,Pending
1533,51533,2025-01-29,Credit Card,Paid
3475,53475,2024-03-01,Net Banking,Paid
7785,57785,2025-07-31,COD,Paid
2616,52616,2024-05-19,COD,PAID
1019,51019,2025-04-30,credit card,Paid
2986,52986,,UPI,Paid
235,50235,19/11/2025,UPI,Paid
6318,56318,2025-02-27,COD,Paid
2563,52563,,COD,PENDING
4464,54464,06/12/2025,Credit Card,Paid
481,50481,2025-01-29,Debit Card,Paid
1940,51940,13-10-2025,Credit Card,Paid
5776,55776,26-03-2026,Debit Card,Paid
4895,54895,09-01-2025,Debit Card,Paid
1583,51583,28/12/2025,Net Banking,Paid
4596,54596,10/01/2024,Credit Card,Pending
6223,56223,14/02/2025,UPI,Paid
878,50878,2024-10-11,Credit Card,Paid
3511,53511,2024-02-04,Debit Card,Refunded
1642,51642,2025-03-13,COD,Paid
773,50773,27/05/2026,UPI,Paid
5413,55413,11-08-2025,UPI,PENDING
3409,53409,2026-04-17,UPI,paid
3403,53403,26/05/2024,UPI,Paid
5713,55713,13/11/2024,Credit Card,Pending
2679,52679,16-08-2024,Credit Card,paid
1343,51343,21/06/2026,Debit Card,Paid
325,50325,08-02-2026,UPI,Paid
1093,51093,15/02/2024,UPI,Paid
7790,57790,2024-01-26,Credit Card,Paid
5173,55173,2024-05-03,UPI,Paid
3895,53895,2025-08-24,Credit Card,Paid
4015,54015,2025-07-06,UPI,Paid
4753,54753,12/05/2025,DEBIT CARD,Paid
1850,51850,04-01-2026,Debit Card,Paid
4884,54884,14/10/2024,Debit Card,Pending
1875,51875,31/05/2024,Debit Card,Paid
1767,51767,16/05/2024,Net Banking,Paid
6668,56668,2024-07-10,UPI,Paid
277,50277,17-11-2024,Credit Card,paid
357,50357,2026-05-24,COD,Paid
7445,57445,28-05-2026,Credit Card,Paid
3709,53709,27/09/2025,Credit Card,Paid
2782,52782,2025-12-07,UPI,Refunded
7380,57380,29-03-2024,UPI,Refunded
4223,54223,2025-02-05,UPI,Paid
3160,53160,14-06-2024,Debit Card,Paid
3581,53581,2024-03-25,Credit Card,Failed
7909,57909,27-10-2024,upi,Paid
640,50640,20-01-2026,UPI,Paid
60,50060,2024-12-19,UPI,Paid
3131,53131,25-02-2026,Credit Card,Paid
6279,56279,2026-02-16,Debit Card,Paid
7567,57567,20/06/2024,debit card,Refunded
1501,51501,24/02/2024,UPI,Failed
5412,55412,08/02/2025,CREDIT CARD,Paid
5478,55478,22-01-2025,UPI,Paid
1363,51363,2024-08-09,Net Banking,Pending
4771,54771,2025-02-07,upi,failed
6770,56770,25-05-2025,Debit Card,refunded
5646,55646,2025-12-14,UPI,Paid
6405,56405,2026-04-25,Debit Card,Refunded
2209,52209,08/04/2025,Debit Card,Failed
3948,53948,20/06/2026,Credit Card,Paid
7710,57710,2024-12-08,UPI,Paid
3099,53099,14/07/2024,UPI,Refunded
2251,52251,05/07/2024,Debit Card,Paid
5496,55496,01/04/2024,debit card,PAID
3784,53784,27-08-2024,Net Banking,Paid
6909,56909,29/06/2026,Debit Card,Refunded
5480,55480,20/04/2024,UPI,Failed
474,50474,2024-10-02,Credit Card,Paid
3541,53541,27/03/2024,UPI,Paid
1203,51203,04-02-2026,COD,PAID
2352,52352,2025-03-15,UPI,Paid
4075,54075,29-06-2026,Debit Card,Paid
5239,55239,31-05-2025,Credit Card,Paid
5119,55119,06/02/2024,UPI,Paid
6285,56285,2025-04-04,UPI,Paid
867,50867,18/07/2025,COD,Paid
7125,57125,10-04-2026,Debit Card,Paid
2261,52261,28/07/2024,UPI,Pending
1373,51373,20-04-2025,Net Banking,Paid
7372,57372,01/05/2025,UPI,Paid
1853,51853,14/05/2025,Credit Card,Paid
239,50239,07-10-2025,UPI,Failed
6438,56438,02-03-2024,UPI,Paid
6442,56442,2025-02-02,Debit Card,Paid
6989,56989,18/01/2025,Debit Card,Paid
7420,57420,05-10-2024,UPI,Paid
1348,51348,27/06/2024,UPI,Paid
7418,57418,2024-06-12,Credit Card,Paid
3767,53767,2024-10-31,UPI,Paid
5058,55058,18-01-2026,UPI,Paid
814,50814,2024-08-02,Upi,Paid
922,50922,,credit card,Paid
5899,55899,2025-03-05,Debit Card,Paid
2467,52467,2026-07-05,credit card,Paid
5283,55283,2024-10-10,Credit Card,Paid
2071,52071,2024-09-21,UPI,Refunded
2549,52549,01-11-2025,,Failed
659,50659,12/03/2024,UPI,Paid
5534,55534,16/11/2025,Credit Card,Paid
5159,55159,04-12-2025,UPI,Paid
847,50847,2025-05-14,UPI,Paid
1001,51001,17-03-2026,Net Banking,Paid
5939,55939,2024-09-08,Credit Card,Paid
7303,57303,01/07/2026,Credit Card,Paid
6519,56519,02/05/2026,COD,Paid
2933,52933,14-05-2026,COD,Paid
2495,52495,25/06/2026,UPI,Paid
4202,54202,2025-06-26,Credit Card,Paid
6850,56850,19/02/2025,Credit Card,paid
3653,53653,2026-02-15,credit card,Refunded
3871,53871,14/06/2024,UPI,Refunded
6423,56423,2025-10-08,UPI,Refunded
5451,55451,24/03/2025,Credit Card,Paid
2659,52659,21/12/2025,UPI,
3470,53470,2026-02-22,,Paid
1067,51067,15-01-2026,Debit Card,Paid
3524,53524,05/10/2025,Debit Card,Paid
7376,57376,2025-02-20,Credit Card,Paid
443,50443,04/02/2024,UPI,Paid
3212,53212,24/01/2026,CREDIT CARD,Paid
2872,52872,2025-12-28,Debit Card,Paid
2391,52391,2025-08-08,,Paid
7430,57430,25/05/2024,Upi,Paid
6415,56415,2025-12-27,UPI,Paid
2159,52159,15/06/2025,Debit Card,Paid
4864,54864,23/06/2025,Credit Card,Paid
4906,54906,20/11/2024,Credit Card,Paid
5927,55927,2024-07-15,COD,Paid
2520,52520,2026-01-07,UPI,Pending
1464,51464,20/06/2025,Debit Card,Paid
4072,54072,2025-11-11,Credit Card,Pending
4393,54393,05/08/2024,UPI,Paid
760,50760,05/03/2026,Credit Card,Paid
3626,53626,11/06/2025,Upi,Failed
4481,54481,14-05-2024,UPI,Paid
2812,52812,27/01/2026,UPI,Paid
6183,56183,2024-12-22,Upi,Paid
6120,56120,2024-10-14,Debit Card,Paid
433,50433,2026-03-19,UPI,Paid
4344,54344,18-11-2025,UPI,Paid
2476,52476,08-02-2026,UPI,Paid
3715,53715,2024-10-14,UPI,Failed
50,50050,2024-08-25,UPI,Refunded
6400,56400,29/04/2025,CREDIT CARD,Paid
3597,53597,2024-05-18,Debit Card,Paid
1328,51328,2025-04-16,,Paid
5747,55747,2024-02-16,Net Banking,Paid
2105,52105,15/04/2024,UPI,Paid
2689,52689,12/05/2025,UPI,Pending
4995,54995,2026-07-21,COD,Paid
2200,52200,30-06-2025,COD,Paid
194,50194,2025-01-14,Credit Card,Paid
65,50065,13-12-2024,Net Banking,Paid
5749,55749,23/06/2024,debit card,Paid
714,50714,2026-01-02,Credit Card,Paid
76,50076,11/09/2024,UPI,Pending
4385,54385,22/11/2025,UPI,Paid
1889,51889,25/06/2025,Credit Card,Refunded
6135,56135,05/01/2024,Credit Card,Paid
2298,52298,15-04-2024,UPI,Pending
2227,52227,16/04/2024,Net Banking,Paid
4798,54798,22/01/2025,Debit Card,Paid
2193,52193,12-05-2026,COD,Refunded
7940,57940,14-06-2026,UPI,Pending
1956,51956,14-04-2025,UPI,PAID
987,50987,2024-11-05,Credit Card,Paid
2011,52011,14/03/2026,Debit Card,refunded
879,50879,2024-05-29,UPI,Paid
5985,55985,2025-04-16,CREDIT CARD,Paid
425,50425,12/07/2026,UPI,Paid
3788,53788,10/05/2026,Credit Card,Paid
7113,57113,17-01-2026,UPI,Paid
7168,57168,25-03-2026,UPI,paid
669,50669,2026-06-29,UPI,Failed
1008,51008,30/06/2026,Credit Card,Paid
7934,57934,10-07-2025,UPI,Paid
505,50505,2026-02-27,upi,Paid
577,50577,19-04-2024,COD,Failed
7774,57774,08/10/2024,UPI,Refunded
3641,53641,18/11/2024,Debit Card,Paid
7554,57554,2025-05-22,COD,Paid
2642,52642,02/08/2025,Credit Card,Paid
2119,52119,29/07/2024,Debit Card,Paid
6130,56130,18-07-2025,Credit Card,REFUNDED
2903,52903,02/05/2026,Debit Card,Paid
1207,51207,12-10-2025,Net Banking,Paid
5217,55217,21/04/2025,Upi,refunded
6117,56117,2024-09-23,credit card,Paid
4346,54346,26-05-2026,UPI,Paid
5526,55526,21/04/2024,Debit Card,Paid
264,50264,01-03-2025,COD,Paid
4727,54727,01-02-2025,UPI,Paid
7768,57768,2025-03-24,UPI,Paid
4873,54873,2025-09-24,Credit Card,
5093,55093,2024-04-24,COD,Paid
7488,57488,02-03-2026,Debit Card,Pending
5415,55415,2025-10-09,Credit Card,Paid
4956,54956,2026-05-12,UPI,Paid
4661,54661,2025-09-24,UPI,Paid
3079,53079,2025-10-16,UPI,FAILED
562,50562,28/04/2025,Credit Card,Paid
5168,55168,28-01-2025,Debit Card,Refunded
20,50020,17-04-2026,COD,Paid
2743,52743,2025-11-20,UPI,Paid
480,50480,2026-04-12,UPI,Paid
5224,55224,07/08/2024,Upi,Paid
5160,55160,2024-03-03,COD,Paid
4770,54770,24-09-2025,COD,Paid
2372,52372,15/01/2024,cod,Paid
6167,56167,28/09/2024,Credit Card,Paid
5044,55044,2024-05-08,Debit Card,Paid
4904,54904,2024-06-27,Debit Card,Paid
5144,55144,30-01-2024,UPI,Paid
2856,52856,12/10/2024,UPI,Pending
4880,54880,07/12/2025,COD,Pending
5823,55823,18/07/2024,UPI,Paid
7760,57760,2025-10-23,UPI,Paid
7727,57727,2025-04-19,Net Banking,paid
1098,51098,2026-07-05,Credit Card,Paid
1766,51766,20-10-2025,COD,Paid
1484,51484,15/02/2026,UPI,Paid
656,50656,11-06-2025,debit card,Paid
4503,54503,2025-11-19,Upi,Paid
1931,51931,2024-04-14,Net Banking,Paid
256,50256,24-11-2025,Net Banking,Paid
4271,54271,2024-06-24,Credit Card,Paid
4595,54595,2025-12-22,UPI,Failed
6469,56469,11/01/2024,UPI,Failed
4840,54840,29-05-2026,COD,Paid
6035,56035,17/12/2025,UPI,Paid
4363,54363,27/02/2024,COD,Paid
4090,54090,2026-05-12,UPI,Paid
1407,51407,26-06-2025,UPI,Paid
2125,52125,06-07-2025,UPI,Paid
916,50916,24/04/2026,UPI,Failed
3821,53821,22-09-2025,Debit Card,Paid
4435,54435,06-12-2024,UPI,Paid
6666,56666,08/08/2025,UPI,Failed
1634,51634,28-04-2024,Net Banking,Paid
245,50245,2025-04-28,Debit Card,PAID
7544,57544,2024-10-16,UPI,Paid
3610,53610,22-08-2025,UPI,Refunded
653,50653,01/03/2026,COD,Paid
6894,56894,28/02/2024,COD,Paid
2443,52443,2025-05-11,UPI,PAID
4032,54032,09/08/2024,credit card,Paid
3198,53198,20-07-2024,COD,Paid
5586,55586,2024-07-18,UPI,Paid
5284,55284,20/11/2025,Credit Card,Failed
6582,56582,20-06-2026,Credit Card,Paid
7557,57557,13/02/2024,COD,Paid
3405,53405,31/01/2024,Debit Card,Paid
3336,53336,2025-01-18,Upi,Paid
4273,54273,2025-01-20,UPI,Paid
6939,56939,2025-04-14,UPI,Paid
1353,51353,17-07-2026,CREDIT CARD,Paid
2636,52636,07-04-2024,Credit Card,PAID
5742,55742,2026-01-23,UPI,Paid
3505,53505,2024-03-05,UPI,Paid
5658,55658,2024-10-23,UPI,Failed
2399,52399,29/11/2024,,Paid
2612,52612,2026-03-28,UPI,PAID
4843,54843,24-01-2026,Debit Card,Paid
692,50692,29-05-2024,Credit Card,Pending
6060,56060,07-09-2025,Debit Card,Paid
1017,51017,04-07-2026,upi,Paid
4383,54383,2025-01-02,UPI,PENDING
135,50135,14/11/2024,Credit Card,Pending
6729,56729,13-11-2025,UPI,Failed
4591,54591,25/10/2024,UPI,Paid
5309,55309,2024-11-21,UPI,Pending
5917,55917,29/07/2024,UPI,Failed
3400,53400,09/08/2026,UPI,Paid
837,50837,21/02/2025,UPI,Paid
2851,52851,2026-07-06,,Paid
4381,54381,2026-04-15,Debit Card,paid
6136,56136,26-04-2024,Credit Card,Paid
5406,55406,26-03-2024,UPI,Refunded
252,50252,14-02-2024,net banking,refunded
5833,55833,06/03/2025,UPI,Paid
4491,54491,2026-07-19,Credit Card,Paid
3437,53437,2026-05-18,Credit Card,refunded
4184,54184,,Net Banking,PAID
3387,53387,06-01-2024,Debit Card,Paid
255,50255,27/06/2026,Credit Card,Paid
273,50273,2025-02-28,Credit Card,Paid
4961,54961,2025-06-04,UPI,Refunded
1728,51728,2025-08-30,Credit Card,Paid
1626,51626,2024-07-21,Credit Card,Paid
5242,55242,12/03/2024,UPI,Paid
6319,56319,23-01-2025,UPI,PAID
929,50929,2026-08-18,Credit Card,Paid
4739,54739,2026-01-01,credit card,Paid
4214,54214,2024-11-06,UPI,Paid
1939,51939,2025-09-18,UPI,
7422,57422,2025-12-27,Credit Card,Paid
6377,56377,2025-10-31,UPI,Paid
4395,54395,25/02/2024,Debit Card,paid
2477,52477,2025-12-17,UPI,Refunded
6455,56455,23-12-2024,COD,Paid
5769,55769,2024-07-02,Net Banking,Paid
1995,51995,2024-06-13,Net Banking,Refunded
649,50649,2026-01-09,Credit Card,
4793,54793,27-03-2026,UPI,Paid
6238,56238,2024-01-06,UPI,paid
382,50382,2026-03-21,UPI,Paid
655,50655,2025-06-08,UPI,Paid
2862,52862,12/09/2025,UPI,Paid
7579,57579,2024-04-27,UPI,
6713,56713,2026-02-20,UPI,Paid
526,50526,15-12-2025,Debit Card,Paid
4394,54394,21/10/2024,Net Banking,Refunded
3866,53866,23/12/2025,UPI,Paid
1531,51531,2025-02-15,COD,Paid
3490,53490,2026-03-27,UPI,failed
3649,53649,2024-10-11,Credit Card,Paid
7523,57523,10-09-2025,COD,Paid
1117,51117,17/03/2024,UPI,Paid
237,50237,2025-04-29,Credit Card,PAID
2063,52063,02/05/2024,UPI,Failed
70,50070,28/03/2025,Credit Card,Failed
4136,54136,14/11/2024,Cod,Paid
5052,55052,2025-11-10,Debit Card,Paid
5450,55450,2025-11-30,UPI,Paid
596,50596,29/11/2025,UPI,Refunded
3393,53393,10-07-2024,UPI,Paid
7436,57436,2025-01-01,,Paid
3584,53584,17-05-2025,UPI,Pending
7119,57119,2025-07-18,Credit Card,
1393,51393,15-09-2025,UPI,Paid
5326,55326,2024-09-24,Credit Card,Paid
4647,54647,08/08/2024,UPI,Pending
6182,56182,2026-02-25,Credit Card,Pending
1809,51809,2025-08-15,UPI,pending
4250,54250,2025-09-27,Credit Card,Paid
5070,55070,17-11-2024,Credit Card,Paid
468,50468,04-10-2025,Net Banking,Paid
2880,52880,2025-01-12,UPI,Paid
7281,57281,2025-07-31,UPI,Pending
3929,53929,2024-01-06,UPI,Paid
618,50618,2026-03-20,UPI,
1973,51973,,COD,Failed
4430,54430,10/04/2026,,Paid
2580,52580,14-03-2026,Debit Card,Paid
5654,55654,24-09-2025,Credit Card,Refunded
2998,52998,2024-05-27,Credit Card,Refunded
1667,51667,2025-03-18,Debit Card,Paid
2786,52786,2025-12-01,Credit Card,Paid
3545,53545,06-04-2025,Credit Card,Pending
181,50181,04-10-2024,Debit Card,Refunded
7910,57910,05/06/2025,Net Banking,Pending
544,50544,23/09/2024,UPI,Paid
833,50833,16-07-2025,Credit Card,Pending
7953,57953,2024-01-28,COD,Failed
3285,53285,2025-02-03,Credit Card,Paid
3570,53570,28-08-2025,UPI,Paid
4910,54910,2024-05-03,COD,Paid
7665,57665,,Net Banking,Paid
4298,54298,2026-06-26,Net Banking,Paid
6011,56011,01-04-2026,COD,Pending
4123,54123,23-01-2024,Credit Card,Paid
7483,57483,2024-03-17,UPI,Paid
7549,57549,2024-10-19,Credit Card,Paid
5825,55825,2024-07-05,UPI,paid
4898,54898,27/04/2026,UPI,Paid
2573,52573,2026-03-03,COD,Paid
7177,57177,04/07/2024,Debit Card,Refunded
1669,51669,2026-05-15,,Paid
4601,54601,05-03-2024,UPI,Paid
2746,52746,30-04-2024,upi,Paid
5237,55237,17/06/2026,UPI,Paid
2155,52155,2024-12-05,COD,Paid
2487,52487,2024-10-20,Debit Card,Paid
6280,56280,2024-08-07,UPI,Failed
1267,51267,2024-03-23,UPI,Paid
3162,53162,2026-06-08,Credit Card,Paid
6548,56548,20/04/2025,Credit Card,Paid
171,50171,28/02/2026,NET BANKING,
1844,51844,12/07/2026,UPI,Pending
7843,57843,12/08/2025,Credit Card,Paid
1562,51562,2024-06-07,UPI,paid
5912,55912,23/12/2024,Net Banking,Paid
865,50865,12-04-2024,UPI,Paid
1341,51341,02/04/2025,UPI,Pending
6212,56212,05-11-2024,UPI,PAID
2663,52663,13-05-2026,Credit Card,Paid
6797,56797,24/06/2026,UPI,Paid
2222,52222,14/01/2025,Debit Card,Paid
1712,51712,2024-02-25,UPI,Paid
1473,51473,2026-04-08,Debit Card,Paid
2582,52582,16-03-2025,Credit Card,Paid
5393,55393,2025-12-13,COD,Paid
5166,55166,2024-09-08,UPI,Pending
5624,55624,2025-05-14,UPI,Paid
7806,57806,2026-01-20,UPI,Pending
7929,57929,12-01-2025,UPI,Paid
6288,56288,20/08/2024,Debit Card,Paid
6451,56451,2026-06-02,Net Banking,Paid
1448,51448,2024-12-01,Credit Card,Paid
3736,53736,10/12/2025,UPI,Paid
6450,56450,2025-12-31,credit card,Paid
736,50736,2024-05-19,UPI,Refunded
6031,56031,2024-02-02,Credit Card,Paid
5707,55707,2026-08-13,UPI,Pending
4955,54955,2025-09-28,Net Banking,Paid
3161,53161,08-12-2025,UPI,Paid
7447,57447,2024-07-28,COD,Paid
583,50583,17-09-2024,Debit Card,paid
5042,55042,2024-01-31,Credit Card,Paid
7108,57108,26-07-2025,UPI,Paid
6098,56098,,Credit Card,paid
6788,56788,2024-02-10,COD,Paid
7824,57824,2024-01-06,Debit Card,Paid
7847,57847,2024-05-01,Upi,Paid
180,50180,10/10/2025,Net Banking,Paid
978,50978,2025-04-11,UPI,Paid
1609,51609,2025-10-17,COD,Pending
964,50964,04-05-2026,Credit Card,Refunded
464,50464,06-06-2024,Debit Card,PAID
2683,52683,04/02/2026,Credit Card,Refunded
7468,57468,2025-09-01,credit card,Pending
6274,56274,12-07-2026,Debit Card,Paid
6580,56580,2024-05-30,,Paid
3729,53729,09-01-2026,Debit Card,Pending
6827,56827,29-11-2025,UPI,Paid
7099,57099,2026-06-18,COD,Paid
2649,52649,2024-10-17,UPI,Paid
5201,55201,11-11-2024,Credit Card,Paid
7311,57311,19-08-2025,Net Banking,Failed
3360,53360,22/01/2026,Credit Card,Paid
1172,51172,06-11-2024,Net Banking,Paid
5383,55383,,Net Banking,PAID
6863,56863,03-05-2025,Net Banking,Paid
711,50711,,COD,Paid
1352,51352,08/12/2024,Debit Card,Pending
1318,51318,20/07/2025,Credit Card,Paid
4905,54905,2024-05-08,Credit Card,Paid
2800,52800,2025-04-24,COD,Paid
2711,52711,12-01-2025,Credit Card,Failed
2281,52281,25-07-2025,Credit Card,Paid
69,50069,12/06/2026,UPI,Paid
2026,52026,2026-05-08,Net Banking,Paid
4625,54625,18/06/2026,COD,Paid
5951,55951,2026-06-30,UPI,Refunded
5325,55325,06-12-2025,Debit Card,Paid
3974,53974,2025-04-02,UPI,Paid
5666,55666,04-04-2026,UPI,Paid
1,50001,26/05/2025,Net Banking,Pending
1462,51462,20/03/2025,COD,Paid
1014,51014,2025-03-25,UPI,PAID
91,50091,2024-05-23,Credit Card,Paid
4867,54867,09/01/2026,Credit Card,Paid
1299,51299,30-08-2024,Credit Card,Failed
5558,55558,2025-10-13,COD,Paid
3676,53676,2025-11-09,UPI,Pending
4891,54891,2024-02-28,Credit Card,Paid
4752,54752,10-04-2025,Debit Card,Paid
344,50344,2026-02-22,Net Banking,Paid
1976,51976,2025-06-14,Net Banking,Paid
3953,53953,07-04-2026,Net Banking,Paid
1138,51138,18/07/2024,Credit Card,failed
4440,54440,2026-07-04,Debit Card,Paid
1576,51576,01-07-2025,UPI,Failed
5226,55226,23/03/2026,UPI,Paid
7493,57493,10/07/2026,COD,Refunded
6327,56327,2026-02-03,Upi,Paid
683,50683,2025-09-10,Credit Card,Paid
80,50080,04/07/2026,COD,Paid
7678,57678,17/12/2024,UPI,Paid
7764,57764,2026-01-09,UPI,Paid
7298,57298,2025-10-30,debit card,Paid
4800,54800,16-06-2026,UPI,Paid
7513,57513,29/04/2024,Credit Card,Pending
5807,55807,2026-01-17,UPI,Paid
3945,53945,08/06/2025,,Paid
7295,57295,20-09-2025,Debit Card,Paid
1218,51218,2024-01-21,UPI,Paid
3883,53883,2025-04-06,UPI,Paid
5001,55001,29-11-2025,UPI,Paid
210,50210,2025-08-27,Credit Card,Paid
7694,57694,20-02-2026,UPI,Refunded
1804,51804,06-10-2025,UPI,
6953,56953,31-07-2025,UPI,Refunded
7902,57902,2025-06-20,upi,Paid
2899,52899,04/06/2024,Credit Card,Paid
5905,55905,13-08-2024,Credit Card,Refunded
6932,56932,15-07-2026,upi,Paid
3789,53789,16-01-2025,UPI,Paid
5282,55282,13/11/2024,Debit Card,PAID
1024,51024,2024-07-07,Net Banking,Paid
427,50427,29/01/2025,UPI,Paid
6412,56412,2024-02-10,COD,Paid
6228,56228,29-09-2024,Credit Card,Paid
7673,57673,2025-03-17,UPI,
6535,56535,2025-03-05,Credit Card,Paid
5467,55467,2024-11-11,Net Banking,Refunded
3179,53179,2024-08-01,COD,Paid
4158,54158,2026-03-30,Credit Card,Paid
7107,57107,2024-03-07,Credit Card,Paid
1193,51193,20/10/2024,UPI,PAID
7200,57200,18-08-2025,COD,Failed
5644,55644,24/07/2024,UPI,Paid
2641,52641,,Debit Card,Paid
5443,55443,02/08/2025,UPI,Paid
7059,57059,2024-02-04,UPI,Paid
4945,54945,20-08-2024,Net Banking,Paid
5555,55555,2024-06-25,COD,Paid
2645,52645,16-10-2025,Credit Card,Paid
2434,52434,16-07-2026,UPI,pending
2723,52723,2025-05-29,Net Banking,Pending
1521,51521,16-06-2026,UPI,Refunded
3250,53250,31/08/2025,Net Banking,Paid
90,50090,2024-05-18,UPI,Paid
3166,53166,09-01-2024,UPI,Paid
2473,52473,2026-04-10,UPI,Paid
7871,57871,04-10-2024,UPI,Paid
5595,55595,03/10/2025,Credit Card,Refunded
627,50627,2024-09-04,Credit Card,Paid
6125,56125,2026-07-10,UPI,Paid
6365,56365,18/05/2025,UPI,PAID
5418,55418,12-07-2024,Net Banking,Paid
6497,56497,09/04/2024,COD,Paid
5611,55611,2025-06-15,UPI,Paid
5968,55968,2024-06-21,UPI,Paid
4643,54643,2026-01-28,UPI,Paid
3072,53072,02-01-2024,Credit Card,Paid
1834,51834,2024-08-26,Net Banking,Pending
1724,51724,2024-06-02,UPI,Paid
2464,52464,06-01-2025,Debit Card,Refunded
4056,54056,2025-11-13,UPI,Paid
2092,52092,2024-02-02,UPI,Paid
5409,55409,18/04/2025,,Paid
6341,56341,2025-05-10,Debit Card,Paid
2737,52737,2025-09-21,Credit Card,Refunded
5783,55783,13/05/2024,Credit Card,Paid
4557,54557,2026-07-19,UPI,Paid
7051,57051,2025-11-04,debit card,paid
3799,53799,2024-11-10,UPI,Paid
4199,54199,2025-11-14,COD,Paid
628,50628,13-03-2024,COD,Paid
6019,56019,2025-03-14,credit card,Refunded
1640,51640,19/09/2025,Credit Card,
1015,51015,2025-04-25,Debit Card,Paid
6585,56585,2024-10-07,UPI,Refunded
6087,56087,29-07-2024,Credit Card,paid
4276,54276,16/01/2024,UPI,Paid
5422,55422,05-02-2026,Debit Card,Paid
6776,56776,15/03/2025,Credit Card,Paid
2243,52243,10/11/2025,Net Banking,Paid
4680,54680,,Credit Card,Pending
4323,54323,17/05/2026,credit card,Paid
5048,55048,21/08/2026,UPI,Failed
1611,51611,02-10-2025,UPI,Failed
269,50269,2026-05-24,debit card,Paid
6227,56227,19-06-2026,UPI,Paid
470,50470,27-03-2026,Credit Card,Paid
6829,56829,29/08/2026,Credit Card,Paid
533,50533,27-10-2024,Debit Card,FAILED
3373,53373,20/10/2025,Credit Card,Paid
3728,53728,01/07/2025,Debit Card,Failed
2033,52033,2026-02-06,Debit Card,Paid
6070,56070,2024-04-18,COD,Paid
725,50725,06-04-2025,Upi,Pending
1971,51971,2024-02-20,UPI,Failed
4458,54458,2026-03-25,UPI,Paid
3601,53601,26/02/2024,UPI,Refunded
7352,57352,02/02/2025,UPI,Pending
1854,51854,2026-02-10,UPI,Paid
4547,54547,2026-08-25,Debit Card,Paid
2951,52951,2024-06-06,Net Banking,pending
7003,57003,24-06-2024,Credit Card,PAID
3366,53366,2026-03-28,upi,Paid
3998,53998,08-05-2026,UPI,Paid
724,50724,02-12-2025,UPI,Paid
5031,55031,2025-03-25,UPI,Paid
375,50375,2025-09-07,Net Banking,Paid
6970,56970,2024-07-23,Net Banking,Paid
1298,51298,2025-01-25,UPI,Paid
2813,52813,05/11/2025,UPI,Paid
2579,52579,,UPI,Pending
7126,57126,2025-09-17,Upi,PAID
841,50841,26-10-2024,Debit Card,Refunded
6662,56662,2025-03-25,UPI,Paid
1580,51580,09-05-2024,COD,Paid
4253,54253,28-04-2026,UPI,Paid
755,50755,2025-03-03,UPI,Paid
384,50384,10/04/2024,Credit Card,PAID
1603,51603,2026-01-17,UPI,Paid
6837,56837,2024-04-10,COD,Paid
4938,54938,22-06-2025,COD,Paid
7270,57270,2024-10-15,UPI,Paid
1054,51054,2026-06-21,COD,Paid
4629,54629,2026-02-04,Credit Card,Paid
772,50772,2024-07-30,COD,Paid
2055,52055,2024-07-09,UPI,Paid
5556,55556,2024-01-25,UPI,Paid
7870,57870,2024-06-02,Net Banking,Pending
3041,53041,2025-08-09,UPI,Paid
243,50243,26-08-2026,UPI,Paid
66,50066,2025-04-06,UPI,Paid
6814,56814,01/05/2026,UPI,Paid
2385,52385,17/02/2024,UPI,Refunded
7887,57887,2025-12-10,Debit Card,Paid
7340,57340,2025-09-22,UPI,Pending
912,50912,2025-04-10,Credit Card,Paid
3857,53857,14/05/2024,CREDIT CARD,Paid
3225,53225,,COD,PAID
4297,54297,28/04/2024,UPI,Failed
7845,57845,2024-09-12,Credit Card,Paid
3519,53519,10-04-2026,Credit Card,Pending
6873,56873,2026-07-13,UPI,Paid
5736,55736,2024-08-10,UPI,Paid
1747,51747,2024-04-15,UPI,Refunded
4129,54129,2026-05-27,UPI,Paid
2886,52886,25/01/2026,Credit Card,Paid
7866,57866,2024-12-10,Credit Card,Pending
3588,53588,14-05-2025,UPI,Refunded
3746,53746,2026-06-27,Credit Card,paid
6744,56744,19/06/2024,upi,Pending
6865,56865,2025-03-15,UPI,Paid
3296,53296,30-04-2024,UPI,Paid
288,50288,,Debit Card,Failed
3484,53484,2024-02-24,UPI,Failed
2877,52877,23-03-2024,credit card,Paid
2707,52707,15/06/2024,Debit Card,Paid
1444,51444,26/06/2025,UPI,paid
3204,53204,08-11-2024,UPI,Failed
7504,57504,2025-05-08,Credit Card,Paid
7794,57794,2025-07-07,Credit Card,pending
4138,54138,19/12/2024,net banking,Paid
4548,54548,23-01-2026,Credit Card,Refunded
4042,54042,2026-03-08,UPI,paid
4475,54475,10/09/2024,upi,Paid
3009,53009,2025-03-08,UPI,Paid
287,50287,02-02-2025,Credit Card,Paid
2347,52347,15/02/2025,UPI,Paid
4501,54501,17/02/2025,upi,paid
2907,52907,2025-04-13,upi,Refunded
4907,54907,2025-06-14,Net Banking,Paid
500,50500,2026-06-04,Credit Card,Paid
3576,53576,01/12/2025,Debit Card,Paid
6569,56569,24-06-2026,UPI,Paid
5050,55050,2025-08-16,UPI,Paid
6133,56133,22/11/2024,UPI,Paid
6003,56003,28/08/2026,Credit Card,Paid
6628,56628,28/07/2026,UPI,
6803,56803,2024-10-24,Upi,Paid
3013,53013,2026-06-26,UPI,Paid
7778,57778,2024-04-25,Debit Card,Pending
1159,51159,2025-02-20,CREDIT CARD,Paid
4715,54715,07-11-2025,UPI,Paid
6159,56159,2024-03-11,UPI,Failed
2646,52646,2025-04-26,upi,Paid
638,50638,07/01/2025,UPI,refunded
906,50906,30-10-2024,UPI,Pending
1113,51113,19/07/2024,UPI,
1550,51550,02-08-2026,Credit Card,Paid
5730,55730,16-04-2025,Debit Card,Paid
507,50507,2026-02-26,UPI,Paid
1705,51705,11-05-2026,Debit Card,Paid
612,50612,2024-10-29,Credit Card,Paid
3379,53379,09/11/2025,Debit Card,Paid
6482,56482,2025-10-18,UPI,Paid
1656,51656,05-03-2025,DEBIT CARD,Paid
615,50615,2024-07-09,UPI,Pending
1002,51002,2026-05-15,UPI,Paid
4349,54349,2024-07-20,COD,Paid
2445,52445,2024-06-28,UPI,Paid
385,50385,05/02/2024,UPI,Paid
2187,52187,2026-08-21,Credit Card,Paid
4105,54105,2024-06-09,UPI,Paid
1701,51701,2025-08-22,Credit Card,Paid
2935,52935,21-01-2025,UPI,Pending
1469,51469,2025-08-13,credit card,Failed
5669,55669,07-11-2025,CREDIT CARD,Pending
4590,54590,14/02/2025,UPI,Paid
4825,54825,2025-09-02,UPI,paid
7471,57471,2025-04-30,COD,Paid
4265,54265,04/10/2024,Net Banking,Paid
1454,51454,22-02-2026,Credit Card,PAID
4896,54896,2026-06-19,Debit Card,Paid
1794,51794,2024-06-12,UPI,Paid
5600,55600,2024-06-12,UPI,Refunded
2348,52348,01/09/2025,Credit Card,Paid
7143,57143,07-08-2026,UPI,Paid
1423,51423,2025-09-01,,Paid
3074,53074,26-06-2025,UPI,Paid
6305,56305,24-08-2026,Debit Card,Paid
941,50941,09/07/2026,Net Banking,Paid
813,50813,2026-06-16,Credit Card,Paid
7000,57000,01/01/2025,Credit Card,Paid
1876,51876,23/01/2026,Credit Card,Paid
6094,56094,2025-07-03,COD,paid
6773,56773,2024-12-07,UPI,PAID
6427,56427,15/09/2024,UPI,Paid
1572,51572,05-04-2024,Credit Card,Paid
5065,55065,16-09-2024,COD,Paid
7881,57881,04/05/2024,UPI,Paid
7772,57772,03/07/2026,UPI,Paid
461,50461,2024-12-09,UPI,Paid
6083,56083,2026-05-04,Credit Card,Paid
582,50582,2024-12-06,upi,Failed
2705,52705,2025-06-18,UPI,Paid
4934,54934,2026-06-07,,Paid
3898,53898,2024-03-09,UPI,Paid
2184,52184,2025-09-14,UPI,Paid
4958,54958,16-10-2024,Debit Card,Paid
4994,54994,2026-06-11,UPI,Paid
5705,55705,2026-05-08,Debit Card,Paid
7050,57050,2025-10-16,Net Banking,Paid
345,50345,06/11/2025,credit card,Paid
7182,57182,15-04-2026,Net Banking,Paid
5096,55096,2025-04-28,NET BANKING,Paid
465,50465,2026-08-19,Credit Card,Failed
5124,55124,2026-07-29,COD,Paid
2145,52145,2025-12-21,COD,Paid
6532,56532,,COD,Paid
5469,55469,2024-03-31,Upi,Refunded
780,50780,2025-10-24,Credit Card,Paid
1722,51722,27/06/2024,Credit Card,Paid
875,50875,2026-03-17,Credit Card,PAID
4937,54937,18-06-2026,UPI,
3090,53090,2024-11-26,Net Banking,Failed
3708,53708,20-07-2025,UPI,Paid
5686,55686,19/09/2025,UPI,Failed
7012,57012,2026-03-19,Credit Card,Paid
7527,57527,2026-06-28,upi,Refunded
6326,56326,03-02-2025,UPI,Pending
6026,56026,01-03-2026,UPI,Pending
4241,54241,2025-03-16,UPI,Paid
1069,51069,25/01/2024,UPI,Paid
1310,51310,18/12/2025,UPI,Paid
381,50381,12-06-2024,DEBIT CARD,Paid
419,50419,2025-06-29,UPI,Paid
5621,55621,2025-06-09,NET BANKING,Paid
2692,52692,15-07-2025,Debit Card,Pending
7257,57257,15-04-2025,Credit Card,Paid
1708,51708,14-06-2025,credit card,Paid
3702,53702,28-03-2026,Debit Card,Paid
4163,54163,29/09/2025,Credit Card,Refunded
3956,53956,25/04/2026,UPI,Failed
7842,57842,2025-11-14,Debit Card,Paid
4490,54490,21-02-2025,Net Banking,Failed
5486,55486,2025-07-24,UPI,Paid
367,50367,28/08/2024,Credit Card,
7962,57962,2026-04-03,Debit Card,Failed
4215,54215,2024-07-24,UPI,Paid
1182,51182,29/09/2025,UPI,Paid
3518,53518,12-07-2026,UPI,Refunded
4497,54497,03-08-2026,Credit Card,Paid
7744,57744,2024-04-12,COD,Paid
4711,54711,15/01/2026,UPI,Refunded
5028,55028,01/09/2024,,Paid
887,50887,2024-08-11,Credit Card,Paid
3328,53328,14-07-2025,UPI,Paid
2149,52149,03-07-2024,UPI,Paid
6950,56950,17/07/2024,Credit Card,Paid
5889,55889,01/08/2026,Credit Card,Pending
2681,52681,09/07/2026,UPI,Paid
3488,53488,24-06-2025,cod,Pending
5131,55131,24-07-2026,UPI,Paid
1509,51509,20-02-2026,UPI,Paid
708,50708,11-05-2026,UPI,Paid
2605,52605,14-09-2025,UPI,Paid
3290,53290,11/01/2025,Credit Card,Refunded
2219,52219,2025-01-10,credit card,
7864,57864,2026-06-28,UPI,Paid
3442,53442,2025-09-04,Credit Card,Paid
7083,57083,2024-12-21,UPI,Paid
1230,51230,28-11-2025,Upi,Paid
3265,53265,2024-11-01,COD,Paid
6195,56195,2026-07-18,,Refunded
581,50581,2024-07-04,Credit Card,Paid
6292,56292,09-04-2025,Debit Card,Pending
92,50092,23/03/2026,UPI,Paid
1900,51900,2025-08-19,UPI,Paid
6678,56678,21-06-2026,UPI,Paid
290,50290,2024-09-09,DEBIT CARD,Refunded
5657,55657,2024-02-01,UPI,Paid
2307,52307,2024-08-12,UPI,Refunded
1851,51851,2026-03-31,UPI,Paid
4465,54465,2025-12-03,UPI,Paid
2634,52634,20/05/2026,UPI,Paid
7617,57617,2024-04-24,UPI,Paid
6615,56615,19/04/2026,Cod,Paid
2749,52749,05/01/2025,Net Banking,Failed
2954,52954,2025-01-19,Credit Card,Paid
6799,56799,2024-10-31,Credit Card,Paid
5461,55461,2026-07-11,UPI,Paid
1364,51364,2025-11-10,Credit Card,failed
1994,51994,07-06-2025,Net Banking,Paid
6774,56774,12/02/2025,Credit Card,Paid
4656,54656,2024-05-11,UPI,Paid
4233,54233,08/07/2025,Credit Card,Paid
3925,53925,2025-08-01,Debit Card,Paid
4801,54801,05/05/2026,Credit Card,Paid
1726,51726,2026-04-22,DEBIT CARD,Paid
1297,51297,2024-05-12,,Failed
6366,56366,01-03-2026,Net Banking,Paid
3146,53146,2026-02-12,UPI,Paid
4828,54828,23-07-2026,UPI,Failed
3523,53523,14/05/2025,UPI,Paid
5414,55414,2025-08-29,UPI,Paid
2534,52534,19-03-2024,UPI,pending
6282,56282,26-03-2025,COD,PAID
2474,52474,28-01-2026,UPI,Paid
5802,55802,05/11/2025,UPI,Paid
1839,51839,2026-06-22,Credit Card,paid
6267,56267,2024-03-15,debit card,Paid
7339,57339,29/07/2024,UPI,Paid
918,50918,10/01/2026,UPI,Paid
7250,57250,29-06-2025,UPI,Paid
6801,56801,2024-01-21,UPI,Paid
2180,52180,31/08/2026,UPI,Paid
3119,53119,2025-06-23,Credit Card,Failed
7405,57405,2026-06-15,COD,Paid
2492,52492,03/08/2024,Credit Card,Pending
4126,54126,07/02/2025,UPI,Paid
4973,54973,21/05/2024,Credit Card,paid
148,50148,14/01/2024,Credit Card,Paid
4092,54092,10/11/2025,Debit Card,Paid
1399,51399,2025-06-03,Debit Card,Pending
6606,56606,25/09/2024,Debit Card,Paid
4238,54238,23/05/2026,COD,
1962,51962,09-05-2026,UPI,paid
2099,52099,2024-05-17,UPI,Pending
2122,52122,01/03/2026,NET BANKING,Refunded
5059,55059,2025-10-27,UPI,Refunded
7757,57757,2026-04-07,COD,Paid
1411,51411,08-04-2024,UPI,Paid
2157,52157,23-04-2024,COD,PAID
2412,52412,19/04/2024,Credit Card,Paid
2410,52410,2024-09-30,UPI,Paid
3863,53863,2024-07-20,Credit Card,Pending
4401,54401,2024-11-27,Credit Card,Failed
3577,53577,24-11-2025,UPI,Paid
2309,52309,2024-04-17,UPI,Paid
4957,54957,22-01-2024,UPI,
3448,53448,2024-06-25,upi,Pending
4186,54186,17/05/2025,UPI,Paid
764,50764,31-12-2024,UPI,Failed
100,50100,04-08-2024,Debit Card,Paid
7654,57654,2025-01-11,upi,Paid
1647,51647,24-10-2024,COD,Paid
2874,52874,2025-03-11,credit card,Paid
2912,52912,26/01/2026,UPI,paid
5057,55057,07/07/2024,Credit Card,Paid
7907,57907,2025-04-26,Credit Card,Paid
3664,53664,12-11-2025,upi,Paid
7065,57065,2024-10-20,UPI,Pending
4505,54505,26/04/2026,UPI,Refunded
4387,54387,2024-08-26,Net Banking,Paid
4292,54292,08-07-2024,,Paid
7649,57649,2024-05-18,Net Banking,Paid
6236,56236,2026-05-13,UPI,Paid
3959,53959,,CREDIT CARD,Paid
3868,53868,04/09/2025,UPI,Paid
4473,54473,14/08/2025,COD,Paid
2458,52458,24-09-2025,UPI,Paid
4258,54258,2024-08-30,UPI,Paid
1006,51006,2026-03-31,UPI,Paid
2736,52736,2024-04-19,Credit Card,Paid
5598,55598,08-07-2025,UPI,Paid
3951,53951,18-11-2024,Net Banking,Paid
5403,55403,2025-08-25,Debit Card,Paid
515,50515,26-08-2025,Credit Card,Paid
5593,55593,2025-11-19,credit card,paid
6564,56564,19-02-2024,UPI,Failed
1123,51123,2025-09-01,Net Banking,Paid
5019,55019,25-03-2025,Credit Card,paid
1467,51467,18-04-2026,Debit Card,Failed
7225,57225,2024-07-03,Credit Card,Refunded
3071,53071,2025-03-01,,Paid
455,50455,2024-02-02,COD,Paid
5546,55546,18/08/2024,COD,Paid
1046,51046,05-01-2026,UPI,Paid
6525,56525,2024-10-19,Debit Card,Paid
6308,56308,17/10/2025,Net Banking,Paid
5318,55318,2024-07-27,UPI,Paid
599,50599,25/03/2026,UPI,Paid
7399,57399,25-06-2025,UPI,Paid
4264,54264,2024-12-07,UPI,Refunded
7469,57469,2025-04-24,UPI,Pending
2661,52661,2026-07-14,UPI,Pending
7353,57353,2026-03-25,Credit Card,Paid
6065,56065,10-08-2026,COD,Pending
7470,57470,2024-02-03,UPI,paid
7408,57408,2024-05-10,UPI,Paid
7220,57220,08/07/2024,Credit Card,Pending
520,50520,2026-06-22,COD,Paid
585,50585,02/05/2025,UPI,Paid
4874,54874,30/10/2024,UPI,Paid
7165,57165,01-12-2025,UPI,Paid
4150,54150,25-01-2025,Credit Card,Paid
146,50146,10-02-2024,Credit Card,Paid
7490,57490,13-11-2025,UPI,Paid
4667,54667,12-01-2024,Credit Card,Pending
5241,55241,20/08/2024,UPI,Paid
1446,51446,2024-12-28,Credit Card,paid
2590,52590,27-08-2026,Credit Card,Paid
3499,53499,19/05/2025,Credit Card,Paid
6973,56973,25-05-2026,UPI,Paid
223,50223,2024-03-10,,Paid
554,50554,04/05/2025,UPI,Refunded
632,50632,2024-09-07,UPI,Paid
306,50306,24/04/2025,Credit Card,Paid
1795,51795,12-03-2026,Cod,Paid
4913,54913,2026-07-21,Net Banking,Paid
1793,51793,15-02-2024,UPI,Paid
6330,56330,2025-02-07,COD,Paid
4712,54712,2024-06-03,UPI,paid
6473,56473,2025-01-16,,paid
240,50240,2025-09-01,CREDIT CARD,refunded
2774,52774,2024-10-13,UPI,Pending
7628,57628,27-03-2026,Debit Card,Paid
3164,53164,27-05-2025,,Paid
4389,54389,29/05/2025,DEBIT CARD,Refunded
6348,56348,2025-02-05,UPI,Pending
7580,57580,04/04/2024,UPI,PAID
3979,53979,03-05-2024,UPI,Paid
7435,57435,2025-09-08,cod,Pending
2695,52695,2026-06-17,COD,PAID
7134,57134,2025-06-26,COD,Refunded
2972,52972,26-07-2024,Net Banking,Refunded
3515,53515,2026-03-30,Credit Card,Paid
2526,52526,23-04-2025,Debit Card,Paid
2682,52682,2024-02-21,Debit Card,Paid
7837,57837,20/08/2024,UPI,Paid
6485,56485,09/06/2024,Credit Card,Paid
4210,54210,2025-06-16,Debit Card,Paid
7317,57317,2025-04-17,CREDIT CARD,Paid
2811,52811,21/11/2024,Credit Card,Paid
6858,56858,2024-03-30,Credit Card,Paid
6078,56078,18-02-2024,Credit Card,Paid
5577,55577,15-10-2024,COD,Paid
2181,52181,19/07/2025,COD,Failed
720,50720,10/03/2024,Credit Card,Paid
5257,55257,12/06/2025,UPI,Paid
6974,56974,2025-05-15,COD,Paid
957,50957,2024-12-07,credit card,Refunded
5069,55069,2024-11-17,UPI,PAID
1600,51600,16/12/2025,UPI,Paid
6999,56999,2025-09-22,cod,Paid
6333,56333,25/11/2024,Debit Card,
6241,56241,04-01-2025,Debit Card,REFUNDED
2047,52047,2025-10-03,UPI,Paid
3398,53398,2025-10-04,upi,Paid
3921,53921,14-05-2024,credit card,PAID
4645,54645,2025-05-14,net banking,Paid
2889,52889,27/10/2025,UPI,FAILED
5075,55075,29/12/2024,UPI,Paid
3617,53617,2026-07-17,Net Banking,Paid
6573,56573,15/01/2025,COD,Paid
3704,53704,30-08-2026,Debit Card,Paid
5008,55008,2025-04-06,UPI,Paid
6222,56222,31-03-2025,UPI,Paid
3646,53646,2024-04-16,UPI,Failed
3175,53175,25/01/2026,COD,Paid
2500,52500,2025-03-02,COD,Paid
3760,53760,2024-10-13,Debit Card,Paid
6500,56500,14/11/2024,UPI,Paid
4964,54964,09-05-2026,UPI,Paid
5619,55619,22-08-2026,Net Banking,FAILED
7,50007,2024-10-09,Credit Card,Paid
5395,55395,06/01/2025,UPI,Paid
6475,56475,04-10-2024,UPI,Pending
3388,53388,25/05/2024,Credit Card,Paid
1903,51903,2024-04-15,Credit Card,Paid
7082,57082,08/04/2025,UPI,Paid
5275,55275,2025-03-08,UPI,Paid
7364,57364,24/06/2026,Net Banking,Paid
5476,55476,17-01-2026,UPI,Paid
7690,57690,30/05/2025,COD,Paid
6978,56978,2024-03-09,UPI,Failed
4213,54213,2024-07-15,UPI,Paid
7046,57046,13-08-2024,UPI,Paid
4221,54221,18-02-2025,Debit Card,Refunded
7219,57219,20-04-2025,Debit Card,Failed
6401,56401,21-05-2026,Net Banking,Paid
3865,53865,2026-07-10,UPI,Paid
4116,54116,05-02-2026,UPI,Failed
3559,53559,2024-07-18,UPI,Paid
3885,53885,2024-07-13,UPI,Paid
2598,52598,15-06-2025,UPI,Pending
6880,56880,04/05/2026,Credit Card,Paid
2630,52630,20/05/2024,UPI,Refunded
6704,56704,26/02/2024,Debit Card,Refunded
7015,57015,17/07/2025,Credit Card,Paid
7147,57147,02/02/2024,Debit Card,Paid
6830,56830,2024-08-06,UPI,REFUNDED
214,50214,04/07/2026,UPI,Paid
2882,52882,2024-11-19,Debit Card,refunded
3151,53151,2024-06-02,Net Banking,Paid
4860,54860,2024-03-04,Credit Card,Failed
5455,55455,2026-08-27,Debit Card,Paid
3606,53606,08/01/2026,Debit Card,Paid
2927,52927,13/02/2025,COD,Paid
3282,53282,09-01-2024,Credit Card,Paid
6917,56917,,upi,
177,50177,19-04-2025,UPI,Paid
3712,53712,2024-01-05,UPI,Paid
1513,51513,2024-08-14,Debit Card,PAID
2799,52799,06/04/2024,Debit Card,Paid
2039,52039,12-03-2024,Debit Card,Failed
5559,55559,28/01/2025,UPI,paid
7162,57162,31-07-2026,UPI,paid
1422,51422,2024-11-20,UPI,Paid
4257,54257,03-08-2026,UPI,
2845,52845,27/02/2024,Credit Card,Paid
1376,51376,06/08/2025,UPI,Pending
4121,54121,2025-08-02,Credit Card,Paid
7645,57645,2024-06-04,Credit Card,Paid
49,50049,2025-02-16,Net Banking,Failed
980,50980,04/01/2026,UPI,Paid
4164,54164,2026-01-23,UPI,Paid
4051,54051,,Debit Card,Paid
7658,57658,19-12-2024,UPI,
401,50401,12-08-2026,UPI,Paid
1866,51866,12/12/2024,COD,Paid
5489,55489,07/06/2025,Credit Card,Refunded
3109,53109,2026-06-11,Credit Card,Refunded
5374,55374,21-08-2025,Net Banking,PAID
5317,55317,25-09-2025,upi,Paid
5720,55720,05-09-2024,Credit Card,Paid
4174,54174,2025-11-03,COD,Paid
5345,55345,2024-08-21,Credit Card,Pending
78,50078,2024-08-11,UPI,Paid
1295,51295,08/09/2025,UPI,Paid
1455,51455,01-09-2024,UPI,Refunded
4779,54779,14-08-2024,UPI,Refunded
5761,55761,2026-03-06,UPI,refunded
314,50314,05/06/2025,Credit Card,PAID
5071,55071,2025-11-07,Debit Card,Paid
3432,53432,05/04/2026,DEBIT CARD,Paid
254,50254,2025-11-02,UPI,Paid
5139,55139,2025-06-13,UPI,Paid
7721,57721,25-10-2024,UPI,Paid
3768,53768,22-12-2024,UPI,Paid
1025,51025,2024-09-11,UPI,Paid
7674,57674,06/06/2026,Credit Card,Paid
2141,52141,2025-06-05,credit card,Paid
5238,55238,12-09-2024,UPI,Paid
1878,51878,,Net Banking,Failed
4586,54586,2025-06-01,Credit Card,Paid
1948,51948,13/06/2024,UPI,Paid
784,50784,06/03/2026,UPI,REFUNDED
1764,51764,14-04-2025,COD,Paid
2428,52428,10/05/2026,UPI,Pending
2608,52608,26-11-2024,Debit Card,Paid
5505,55505,2024-01-16,UPI,Paid
1965,51965,2025-06-03,COD,Paid
6972,56972,2024-05-24,UPI,Paid
1278,51278,04/07/2025,UPI,Paid
2211,52211,2026-06-27,Credit Card,PAID
5699,55699,24-08-2024,Upi,Paid
4083,54083,27/09/2024,COD,Paid
7979,57979,11-10-2025,Debit Card,Paid
5446,55446,2024-02-24,credit card,Paid
4488,54488,10-05-2025,Debit Card,Paid
1354,51354,10/02/2025,UPI,Paid
2810,52810,18-09-2024,UPI,Paid
2787,52787,28/03/2024,UPI,Paid
4093,54093,2024-05-31,UPI,Paid
126,50126,09/01/2024,COD,Paid
3525,53525,2025-03-03,UPI,Pending
6796,56796,17-01-2025,UPI,Paid
1251,51251,29-03-2026,UPI,Refunded
2331,52331,30-08-2024,Upi,Paid
363,50363,2025-02-26,COD,pending
831,50831,16-05-2024,Credit Card,Paid
1998,51998,2025-03-28,COD,Paid
7365,57365,31/12/2024,COD,Failed
1777,51777,19/06/2025,COD,Paid
5670,55670,20/11/2024,Credit Card,Pending
1398,51398,2025-06-14,UPI,Failed
2268,52268,12-11-2025,Credit Card,Paid
248,50248,04-07-2026,UPI,Paid
6993,56993,12-11-2025,COD,Paid
1593,51593,2025-11-30,Credit Card,Paid
4562,54562,2024-04-14,Net Banking,Paid
4357,54357,,UPI,Paid
3832,53832,2025-11-12,UPI,Pending
1370,51370,11-05-2026,Credit Card,Paid
1624,51624,2025-11-26,Credit Card,Paid
6255,56255,2026-08-16,UPI,paid
700,50700,22/09/2025,debit card,Paid
3325,53325,06-11-2025,Credit Card,Pending
5174,55174,2024-02-06,debit card,
7746,57746,21-10-2024,NET BANKING,Refunded
1401,51401,2025-04-14,NET BANKING,Paid
431,50431,2025-01-06,UPI,Paid
1030,51030,12/09/2024,UPI,PAID
2710,52710,20-02-2026,DEBIT CARD,Paid
2203,52203,26/04/2025,Credit Card,Paid
3976,53976,2026-03-20,Debit Card,Paid
6504,56504,2024-06-18,Debit Card,Paid
5232,55232,2026-07-11,Credit Card,Failed
3894,53894,2024-09-18,Debit Card,Paid
4099,54099,2025-03-19,Debit Card,Paid
5757,55757,2024-01-23,UPI,Paid
6099,56099,08-02-2026,UPI,Paid
482,50482,2024-10-20,Credit Card,Paid
2138,52138,30-01-2026,COD,Paid
6399,56399,17/10/2025,Debit Card,Paid
5399,55399,15/02/2025,COD,Refunded
3137,53137,26/09/2024,UPI,Paid
2449,52449,16-12-2025,Debit Card,Paid
1555,51555,2024-06-04,Credit Card,Paid
2146,52146,28/01/2026,Debit Card,Paid
7809,57809,13/05/2025,UPI,Refunded
6067,56067,2026-02-27,Credit Card,Paid
7582,57582,2024-09-03,Credit Card,Paid
5494,55494,04/12/2024,UPI,Paid
7146,57146,30/09/2024,upi,Paid
3016,53016,2024-12-23,Debit Card,Paid
5256,55256,2025-05-10,UPI,
5298,55298,12-05-2024,COD,Refunded
3171,53171,16-01-2026,Debit Card,Paid
3,50003,06/09/2025,COD,Paid
2687,52687,29/04/2024,UPI,Paid
7055,57055,2024-10-12,UPI,Paid
2417,52417,08/01/2025,Credit Card,Paid
2195,52195,07/06/2026,COD,Paid
6558,56558,16-06-2025,COD,Paid
4312,54312,2024-11-01,UPI,Paid
6578,56578,24/12/2024,UPI,Paid
4823,54823,2026-08-05,upi,Failed
2547,52547,2024-02-08,COD,Pending
1287,51287,24/01/2024,,Paid
4812,54812,29-06-2025,UPI,Paid
4228,54228,2024-06-12,COD,Paid
6045,56045,28/06/2025,,Paid
6287,56287,2026-02-13,Credit Card,Pending
7771,57771,10-01-2024,COD,paid
7704,57704,2024-12-02,Debit Card,Paid
5086,55086,2025-05-27,COD,Pending
3706,53706,13/05/2026,,Failed
4886,54886,2025-01-08,Credit Card,Paid
5045,55045,11/09/2025,UPI,Paid
7846,57846,20/07/2024,UPI,Paid
6655,56655,12/06/2025,COD,paid
4060,54060,07/04/2024,Credit Card,
261,50261,2025-02-18,COD,Failed
3575,53575,22/08/2026,Credit Card,Paid
1605,51605,26/01/2025,Debit Card,Paid
3716,53716,08/04/2026,UPI,Paid
3685,53685,2025-09-14,Net Banking,Paid
1205,51205,03/01/2024,Debit Card,Paid
3637,53637,07-02-2026,upi,Paid
6980,56980,,COD,Paid
7888,57888,2024-09-18,COD,pending
6976,56976,,credit card,Paid
204,50204,16/04/2026,,Paid
284,50284,01-05-2024,UPI,Paid
2928,52928,2025-08-16,UPI,FAILED
5839,55839,2026-07-01,Credit Card,Paid
7877,57877,2024-11-24,UPI,Paid
6691,56691,23/04/2025,UPI,Paid
1680,51680,27/10/2024,Debit Card,
1683,51683,2026-03-12,UPI,Pending
5676,55676,2024-10-08,COD,Paid
3858,53858,01/07/2026,Net Banking,Refunded
5328,55328,05-05-2025,COD,Paid
5751,55751,16-10-2025,cod,Paid
51,50051,10/03/2026,Credit Card,PAID
6679,56679,2025-11-03,COD,Pending
5079,55079,2026-05-09,UPI,Paid
4442,54442,2024-01-13,upi,Failed
690,50690,28/01/2025,UPI,paid
2117,52117,2024-10-19,Credit Card,Paid
4750,54750,03-06-2026,COD,Failed
2189,52189,28/11/2025,UPI,Paid
1120,51120,28-03-2025,Credit Card,Paid
4507,54507,2025-04-27,Debit Card,Paid
4249,54249,2024-02-21,UPI,Paid
6707,56707,2025-11-25,COD,Paid
710,50710,18/05/2025,Credit Card,Paid
1216,51216,2024-10-28,Debit Card,
3565,53565,08-10-2025,UPI,Paid
5116,55116,2024-12-29,UPI,Failed
4535,54535,2024-09-04,Net Banking,Paid
1890,51890,10/06/2024,COD,Paid
1743,51743,2025-02-22,Credit Card,Paid
868,50868,07/04/2024,UPI,paid
5531,55531,19/10/2025,UPI,Paid
564,50564,2024-07-04,UPI,Paid
2990,52990,2024-04-01,Debit Card,Paid
3985,53985,2024-06-30,Credit Card,Paid
3810,53810,02/01/2026,upi,Refunded
5024,55024,2025-01-20,UPI,Paid
3781,53781,23-03-2024,Credit Card,Paid
5641,55641,2025-09-09,UPI,Paid
5848,55848,28-07-2024,NET BANKING,Failed
1735,51735,2025-11-20,UPI,PAID
1676,51676,03/05/2024,Net Banking,Refunded
3156,53156,2024-08-03,Net Banking,Paid
1542,51542,03/05/2026,UPI,Refunded
5032,55032,2026-01-30,Credit Card,PAID
6577,56577,2025-09-27,UPI,Paid
7390,57390,2026-07-05,UPI,Refunded
5504,55504,,UPI,Paid
3319,53319,2024-09-27,UPI,paid
4922,54922,2026-02-05,UPI,Paid
5883,55883,2024-08-20,COD,Paid
7179,57179,07/02/2026,Net Banking,Failed
6289,56289,14-09-2025,net banking,pending
889,50889,2024-10-30,UPI,Paid
6114,56114,2024-12-11,Credit Card,Paid
4978,54978,2025-06-13,Credit Card,Paid
4515,54515,15/05/2026,UPI,Paid
506,50506,25-10-2024,UPI,Paid
2002,52002,16-07-2024,UPI,PAID
1139,51139,2026-02-20,Debit Card,Paid
340,50340,2025-07-06,Net Banking,PAID
7635,57635,2024-04-01,COD,Paid
6836,56836,09-04-2026,COD,Paid
6243,56243,2024-12-30,Credit Card,Paid
834,50834,05-06-2025,Credit Card,Paid
4813,54813,19-09-2025,UPI,Paid
5177,55177,2026-04-19,Net Banking,Pending
2114,52114,2026-02-26,Credit Card,Paid
1359,51359,26/11/2024,debit card,Paid
7465,57465,08/06/2025,Upi,Paid
6984,56984,2024-09-04,credit card,Pending
251,50251,29/11/2025,,Paid
4839,54839,04-10-2025,COD,Paid
7997,57997,2024-12-05,Debit Card,Paid
3288,53288,09/10/2025,UPI,Paid
3186,53186,02/02/2025,Debit Card,Paid
1184,51184,30-12-2025,Debit Card,Paid
7883,57883,2025-12-17,UPI,Paid
5936,55936,12-08-2025,COD,Paid
5953,55953,17/02/2024,UPI,Paid
1745,51745,09/08/2025,UPI,Paid
3075,53075,30/01/2024,UPI,Refunded
2163,52163,2024-07-10,UPI,Paid
6079,56079,18-06-2025,UPI,Refunded
1320,51320,22-08-2026,Debit Card,Failed
3000,53000,2024-04-17,Debit Card,Paid
7344,57344,2024-09-01,Debit Card,Paid
5931,55931,2024-04-13,upi,Paid
4279,54279,2026-04-18,,Paid
982,50982,24/07/2025,UPI,Paid
6484,56484,01/10/2025,UPI,Paid
522,50522,15-07-2024,DEBIT CARD,Paid
3193,53193,2024-06-13,Net Banking,Paid
7259,57259,15-03-2026,UPI,Pending
1085,51085,01-06-2026,Debit Card,PAID
1164,51164,19-08-2024,Debit Card,Paid
6077,56077,,Credit Card,Failed
2709,52709,2024-06-04,Credit Card,PAID
2172,52172,2026-01-19,Debit Card,Pending
498,50498,20-01-2024,cod,Paid
1855,51855,25/11/2024,COD,Failed
2498,52498,2026-06-06,UPI,Paid
3471,53471,14/06/2025,Net Banking,Failed
5537,55537,2024-04-21,COD,Paid
1350,51350,01/10/2025,COD,
4988,54988,2026-05-27,Credit Card,Refunded
5483,55483,12/04/2024,Net Banking,Paid
3686,53686,2024-05-01,UPI,Paid
1709,51709,05-06-2024,UPI,Paid
7103,57103,06/04/2025,NET BANKING,PAID
7120,57120,2024-03-18,UPI,Paid
835,50835,06-01-2025,COD,Paid
721,50721,2024-06-06,UPI,Paid
698,50698,29-08-2026,UPI,Pending
7025,57025,09/07/2025,Credit Card,
3446,53446,30/06/2026,Debit Card,Refunded
3969,53969,2026-03-15,UPI,Paid
6253,56253,14/10/2024,Credit Card,Paid
5947,55947,2026-05-27,UPI,Paid
4421,54421,2025-08-03,cod,Pending
4689,54689,10-03-2026,UPI,Refunded
4672,54672,2026-03-09,Credit Card,Paid
3191,53191,2026-07-27,UPI,Pending
646,50646,2024-11-30,Credit Card,Paid
7441,57441,2024-01-21,UPI,Pending
3008,53008,02-03-2024,UPI,Failed
2020,52020,,UPI,Paid
5969,55969,01/09/2024,credit card,Paid
2271,52271,22-02-2024,upi,Paid
1028,51028,2024-03-10,UPI,paid
7293,57293,27/08/2024,Debit Card,Paid
951,50951,2025-10-02,DEBIT CARD,Paid
5120,55120,24/02/2025,UPI,REFUNDED
1830,51830,11/01/2025,UPI,
5924,55924,2024-07-06,UPI,Failed
3872,53872,07-01-2026,COD,Paid
5794,55794,14/08/2025,Debit Card,Pending
2073,52073,02/10/2024,UPI,Paid
5073,55073,14/12/2025,UPI,Failed
5821,55821,2024-01-15,Credit Card,Paid
5183,55183,2024-10-24,UPI,
7574,57574,13/02/2025,Credit Card,Paid
6700,56700,18/02/2026,UPI,Refunded
2318,52318,2025-11-01,Debit Card,PENDING
5649,55649,21/07/2025,UPI,Refunded
6116,56116,20/11/2024,Net Banking,Pending
1923,51923,27-01-2024,UPI,Paid
1077,51077,26/09/2024,Credit Card,Pending
6263,56263,2025-03-18,Credit Card,Paid
4058,54058,2026-03-04,COD,
2480,52480,24-05-2024,UPI,Paid
2136,52136,2024-06-17,UPI,Paid
5400,55400,27-05-2026,,Refunded
5964,55964,28-09-2025,Credit Card,failed
6403,56403,2024-05-01,UPI,Paid
5997,55997,2025-03-15,Debit Card,Paid
7829,57829,10/04/2024,Debit Card,Paid
4623,54623,23-07-2025,cod,Paid
7456,57456,22-07-2025,upi,Paid
1391,51391,2024-12-02,COD,Paid
2493,52493,2025-08-09,UPI,Pending
1286,51286,16-02-2024,UPI,Paid
5369,55369,2026-03-12,Credit Card,Paid
4664,54664,18-07-2025,Credit Card,Paid
462,50462,24/09/2025,UPI,Paid
3674,53674,2025-07-07,UPI,Paid
301,50301,2024-01-11,Credit Card,Paid
7170,57170,05/08/2025,DEBIT CARD,Paid
5041,55041,21-04-2025,Debit Card,Paid
5916,55916,2026-06-26,UPI,Paid
1526,51526,2024-01-21,UPI,
3942,53942,30-03-2025,Debit Card,Paid
7305,57305,2025-03-04,UPI,Paid
4061,54061,07/01/2024,Credit Card,Paid
2064,52064,28-02-2024,COD,Paid
5627,55627,2026-04-12,Net Banking,Paid
4260,54260,02-09-2024,COD,Paid
5054,55054,14/06/2026,UPI,Pending
854,50854,10-11-2025,UPI,Paid
2284,52284,04-12-2024,Credit Card,PAID
292,50292,03-11-2024,,Paid
3459,53459,05/07/2026,UPI,Paid
3481,53481,2025-01-21,UPI,Paid
1220,51220,04/04/2025,UPI,Paid
2771,52771,2026-06-22,Credit Card,Failed
1101,51101,08-04-2024,UPI,Paid
3745,53745,08-07-2025,Credit Card,Paid
1058,51058,30-08-2025,UPI,Paid
1641,51641,14-11-2025,Debit Card,Paid
2360,52360,15/06/2024,Debit Card,Paid
808,50808,06/01/2025,UPI,Pending
3436,53436,2026-01-07,UPI,Paid
5327,55327,09-04-2026,,Refunded
4398,54398,20/02/2024,CREDIT CARD,Paid
1859,51859,12/10/2025,UPI,Paid
5273,55273,2026-05-03,Debit Card,Refunded
6920,56920,08-09-2024,COD,Paid
3502,53502,20/12/2025,Debit Card,Failed
551,50551,21/05/2024,upi,Paid
5435,55435,2024-12-24,Net Banking,Paid
3286,53286,2025-02-19,COD,Paid
7735,57735,2024-09-29,Cod,Refunded
1493,51493,2025-07-15,UPI,Paid
6066,56066,19-06-2025,UPI,Paid
2793,52793,2025-09-06,Debit Card,Paid
4137,54137,10/07/2024,UPI,Refunded
1091,51091,2025-12-01,UPI,Paid
3869,53869,23/06/2024,UPI,Paid
182,50182,11-01-2025,Net Banking,Paid
4255,54255,,COD,PAID
339,50339,2025-01-28,UPI,Refunded
3931,53931,05-06-2024,UPI,Pending
7533,57533,22-06-2024,Credit Card,Paid
5454,55454,16/11/2025,Debit Card,Paid
3818,53818,2024-09-08,COD,Paid
7913,57913,2026-04-30,Credit Card,Failed
4587,54587,2024-02-16,UPI,Paid
4251,54251,2025-05-18,UPI,Paid
6410,56410,2024-04-17,UPI,Paid
2436,52436,17/07/2024,Net Banking,Pending
886,50886,2026-04-04,DEBIT CARD,Paid
2421,52421,2024-09-01,UPI,Paid
2538,52538,2024-01-02,Net Banking,Paid
6431,56431,09/07/2025,COD,Paid
3611,53611,2025-07-02,UPI,Refunded
1835,51835,2024-10-13,UPI,Paid
4579,54579,2025-02-09,Net Banking,Paid
1079,51079,19/04/2025,Net Banking,Failed
4748,54748,2026-02-10,COD,PAID
5053,55053,2025-06-16,UPI,Paid
6320,56320,2024-05-31,Upi,Paid
2537,52537,10/03/2024,UPI,Paid
1442,51442,12-02-2024,Net Banking,Paid
4299,54299,2026-05-23,COD,Paid
2392,52392,15/03/2026,UPI,Paid
7750,57750,2025-01-07,UPI,Pending
1828,51828,2024-01-04,UPI,PAID
1664,51664,2024-03-23,COD,Pending
5694,55694,2025-02-23,cod,Refunded
3148,53148,11/05/2024,COD,Paid
403,50403,2025-01-10,Debit Card,Paid
3744,53744,08/03/2026,COD,
7360,57360,2025-06-22,Credit Card,Paid
7190,57190,04-01-2024,Upi,Paid
6527,56527,24-10-2025,,PAID
3258,53258,2026-04-03,UPI,Paid
5962,55962,2026-04-27,Credit Card,Paid
5728,55728,12/07/2024,Credit Card,Failed
5943,55943,03-11-2025,COD,Pending
417,50417,2026-01-09,UPI,Paid
2855,52855,23-07-2025,UPI,Paid
2361,52361,13-11-2025,UPI,Paid
1071,51071,2026-03-13,UPI,Paid
2772,52772,2024-09-04,UPI,Failed
7973,57973,30-08-2025,UPI,Paid
1209,51209,06-07-2026,Credit Card,Paid
4615,54615,23-02-2024,UPI,Paid
6674,56674,2025-03-05,COD,pending
5921,55921,2025-06-24,Credit Card,Paid
3847,53847,2024-07-21,COD,Paid
1452,51452,05-04-2026,UPI,Failed
6760,56760,16/06/2026,UPI,Paid
6631,56631,2025-06-19,Credit Card,Paid
5693,55693,2026-06-19,Credit Card,Failed
4736,54736,15/04/2024,UPI,Paid
359,50359,2025-05-16,Net Banking,paid
34,50034,2026-07-08,Debit Card,Paid
304,50304,08-10-2024,Net Banking,Paid
1195,51195,28/01/2024,net banking,Pending
2930,52930,2026-04-03,UPI,Paid
777,50777,27/02/2026,COD,Paid
4578,54578,15/02/2025,upi,Paid
6928,56928,31/01/2024,upi,Paid
6178,56178,03-04-2024,upi,Pending
469,50469,2026-07-05,UPI,Paid
1143,51143,2024-08-18,Upi,
4517,54517,09/03/2026,Credit Card,Refunded
827,50827,29/07/2025,UPI,paid
7893,57893,2025-01-02,Upi,Paid
3892,53892,2026-01-25,Credit Card,Paid
5301,55301,2026-07-04,Credit Card,Paid
3632,53632,2026-07-23,Credit Card,paid
667,50667,2025-03-02,Credit Card,
6477,56477,2025-07-09,debit card,Paid
6252,56252,2025-09-06,Upi,Pending
6063,56063,2026-01-24,UPI,paid
7718,57718,2026-05-29,COD,failed
2543,52543,17-01-2026,UPI,Paid
224,50224,,Debit Card,Paid
3714,53714,2024-02-24,Upi,Paid
5240,55240,2026-03-22,UPI,refunded
5700,55700,2025-10-17,Net Banking,Paid
59,50059,2025-12-17,Credit Card,
2744,52744,26/09/2025,Debit Card,paid
7908,57908,18-08-2026,Credit Card,PAID
7964,57964,2025-09-06,Debit Card,Paid
5060,55060,03/12/2025,Upi,Paid
3667,53667,2025-09-26,Credit Card,PAID
3431,53431,28-11-2024,UPI,Pending
825,50825,2024-09-09,Net Banking,Paid
414,50414,2024-10-14,UPI,Failed
791,50791,2025-03-26,Credit Card,PAID
7110,57110,2026-08-15,UPI,Paid
1829,51829,11/04/2025,UPI,Paid
2481,52481,21-10-2025,UPI,Paid
3450,53450,07/02/2024,UPI,PAID
6696,56696,07-04-2025,Credit Card,Paid
4477,54477,2025-01-24,UPI,Paid
1753,51753,04-06-2026,UPI,Paid
6055,56055,27-04-2025,UPI,Paid
5068,55068,2026-04-22,debit card,Paid
3247,53247,13/06/2026,Debit Card,Failed
4882,54882,19/11/2025,UPI,Paid
2303,52303,2025-01-04,Debit Card,Paid
1675,51675,2025-12-27,Net Banking,Paid
4026,54026,02-07-2026,CREDIT CARD,Paid
2943,52943,13/10/2025,UPI,Paid
6312,56312,2024-05-08,Credit Card,Pending
4632,54632,31/10/2024,COD,Paid
193,50193,30/03/2024,Credit Card,Paid
4699,54699,29/01/2025,Debit Card,paid
4097,54097,14/02/2024,Net Banking,Paid
3988,53988,06-08-2026,,Paid
3422,53422,2024-01-24,UPI,Paid
5261,55261,23/06/2025,Credit Card,Refunded
5773,55773,2026-02-01,,Paid
1877,51877,18/11/2025,UPI,Paid
7217,57217,2024-06-26,Debit Card,Pending
6769,56769,11-09-2024,COD,Paid
5260,55260,2024-11-20,UPI,PAID
7020,57020,27/12/2025,COD,Paid
291,50291,2024-04-11,UPI,Paid
636,50636,2025-01-23,,Paid
5375,55375,30/07/2024,Debit Card,Paid
2635,52635,2024-05-29,Cod,Pending
1915,51915,08/11/2025,Credit Card,Paid
788,50788,23-12-2025,UPI,Paid
5262,55262,2024-11-08,UPI,Paid
3756,53756,15/06/2024,Credit Card,Failed
4929,54929,2024-08-09,UPI,Refunded
5859,55859,2026-07-07,Net Banking,PAID
2503,52503,21/04/2025,UPI,Paid
920,50920,2024-01-20,UPI,Paid
4449,54449,2026-05-29,UPI,Paid
6131,56131,2025-11-13,net banking,Paid
6001,56001,15/01/2025,Credit Card,Paid
7021,57021,2024-05-19,Credit Card,Paid
560,50560,2024-12-30,cod,Failed
5990,55990,14/05/2024,Credit Card,Paid
7675,57675,26/09/2025,Debit Card,
1491,51491,03-02-2025,Credit Card,Paid
2871,52871,2024-10-23,COD,Paid
1152,51152,06-08-2024,UPI,PAID
3853,53853,2025-03-23,Credit Card,Paid
5330,55330,2025-02-07,COD,Refunded
4540,54540,2026-06-20,credit card,Pending
4162,54162,10/05/2026,Debit Card,refunded
6849,56849,17-09-2025,Credit Card,Pending
1974,51974,2024-06-24,Credit Card,Pending
6424,56424,2025-04-06,UPI,Pending
2091,52091,2024-10-28,Net Banking,Failed
3251,53251,2026-04-21,Debit Card,Paid
2576,52576,05-03-2026,Debit Card,Paid
6394,56394,2024-04-14,UPI,Paid
5687,55687,,Debit Card,Pending
5980,55980,2026-07-27,Credit Card,PAID
5729,55729,12/11/2025,UPI,Failed
7600,57600,2025-06-20,Credit Card,failed
2878,52878,2024-01-24,UPI,Pending
166,50166,17/07/2026,UPI,Paid
3293,53293,2024-05-13,UPI,Paid
1784,51784,,Net Banking,Paid
2107,52107,15-05-2025,Net Banking,Paid
2652,52652,22/05/2026,COD,PAID
3364,53364,2024-08-21,UPI,Paid
4053,54053,01-03-2025,UPI,Paid
4034,54034,18/10/2025,Upi,Pending
175,50175,2025-12-11,UPI,Paid
4628,54628,2025-10-26,UPI,Paid
7459,57459,10/07/2024,COD,Paid
4772,54772,2025-04-01,COD,Pending
3782,53782,17/01/2025,Debit Card,Paid
6740,56740,2026-05-25,UPI,Failed
3207,53207,16/03/2026,Debit Card,Pending
4742,54742,19-07-2026,UPI,Pending
7256,57256,22/07/2025,Credit Card,PAID
1375,51375,2024-03-21,Credit Card,PENDING
4474,54474,2024-04-05,UPI,Paid
2666,52666,2026-05-11,UPI,Paid
7882,57882,05/09/2025,UPI,PAID
3943,53943,23-12-2024,Debit Card,Pending
2502,52502,2024-07-13,UPI,Pending
3209,53209,2025-02-23,UPI,Refunded
3961,53961,2025-03-19,Debit Card,Paid
5365,55365,2026-08-31,COD,Paid
862,50862,30/03/2024,UPI,Paid
2207,52207,22-05-2025,Credit Card,Paid
6126,56126,07-02-2025,UPI,Paid
6033,56033,08-04-2024,Debit Card,Paid
7651,57651,2025-06-29,Net Banking,Paid
7377,57377,2024-02-23,UPI,Paid
2023,52023,02-07-2026,COD,Paid
1187,51187,22-02-2026,Credit Card,Failed
3564,53564,26-09-2024,UPI,Paid
2204,52204,2026-06-24,Credit Card,Pending
4183,54183,2025-03-18,COD,Paid
7816,57816,2025-05-28,Credit Card,Paid
6630,56630,27/12/2024,Net Banking,Pending
6100,56100,2024-05-24,Credit Card,Refunded
6661,56661,2024-12-22,Credit Card,Paid
4822,54822,2025-06-17,COD,Paid
3650,53650,31-12-2025,UPI,Pending
5948,55948,2026-07-11,COD,Paid
4809,54809,03-06-2026,Upi,Paid
5738,55738,,Debit Card,failed
3024,53024,15-04-2024,UPI,Paid
2324,52324,15/02/2024,Credit Card,Paid
5097,55097,2024-09-07,Net Banking,Paid
7307,57307,,Credit Card,Paid
1545,51545,06/03/2026,UPI,Pending
6593,56593,2025-03-21,UPI,FAILED
321,50321,23/04/2024,UPI,Paid
2162,52162,2024-11-16,COD,Paid
6864,56864,2024-08-30,UPI,Refunded
6286,56286,22/07/2025,Credit Card,Paid
5192,55192,08-12-2024,UPI,
1645,51645,2024-07-19,Net Banking,Paid
4939,54939,2024-09-09,UPI,PAID
2273,52273,09/11/2024,UPI,PAID
7830,57830,26/11/2025,UPI,Paid
205,50205,12/03/2025,COD,Refunded
4949,54949,2024-08-27,UPI,Paid
6719,56719,17/11/2025,credit card,Pending
1727,51727,13/03/2025,Credit Card,PAID
573,50573,19-01-2024,COD,Paid
7397,57397,10/10/2025,UPI,Paid
2545,52545,2025-11-01,UPI,Refunded
3845,53845,18/04/2025,Credit Card,Paid
931,50931,08/07/2026,Credit Card,paid
2345,52345,2026-08-28,Cod,Failed
884,50884,27-02-2025,COD,Paid
5508,55508,13-02-2025,Debit Card,Paid
3742,53742,04/05/2026,Net Banking,Pending
3586,53586,28/05/2025,COD,Refunded
1511,51511,29-01-2025,UPI,Refunded
5126,55126,23/04/2024,Credit Card,Paid
6088,56088,2025-08-13,,Paid
244,50244,11/09/2024,Debit Card,Paid
2085,52085,2025-12-25,UPI,REFUNDED
7367,57367,19/04/2026,UPI,Paid
3621,53621,13/09/2024,UPI,Failed
6351,56351,2024-03-28,UPI,Refunded
3613,53613,29/10/2025,UPI,Paid
2518,52518,02/07/2026,Debit Card,Paid
2075,52075,29/05/2025,Credit Card,PAID
1021,51021,06-09-2025,Credit Card,Failed
28,50028,20/07/2025,UPI,Paid
4959,54959,2025-06-04,Credit Card,Paid
514,50514,2025-07-14,Debit Card,Paid
4046,54046,2026-04-03,UPI,Paid
2425,52425,2026-02-15,Debit Card,Paid
2829,52829,2025-03-13,UPI,Paid
7922,57922,08-10-2025,Credit Card,Paid
4457,54457,2026-08-04,UPI,Pending
2779,52779,2024-06-27,UPI,Failed
4468,54468,27/10/2025,UPI,Paid
1613,51613,2024-07-29,COD,Paid
625,50625,2025-02-24,UPI,Paid
229,50229,2025-02-26,UPI,Paid
2875,52875,26/03/2026,UPI,Paid
6123,56123,23/08/2026,,Paid
5701,55701,2025-07-20,UPI,Paid
897,50897,12/01/2026,UPI,Paid
7810,57810,2026-08-18,UPI,Paid
4674,54674,23-01-2026,Debit Card,Failed
3027,53027,20/10/2024,Credit Card,Paid
2364,52364,2024-08-10,Credit Card,Paid
5765,55765,29-09-2025,Credit Card,Paid
3272,53272,2026-07-01,NET BANKING,failed
4516,54516,2025-12-30,UPI,Paid
3851,53851,2026-06-02,UPI,Paid
6402,56402,2026-07-19,UPI,PAID
1395,51395,18-10-2025,Net Banking,
13,50013,18/07/2024,Credit Card,Paid
6757,56757,2024-01-18,Credit Card,Paid
1818,51818,07/12/2025,Net Banking,Paid
7743,57743,13/09/2024,Credit Card,Paid
4751,54751,21/10/2024,COD,Paid
5727,55727,2025-07-26,Debit Card,Paid
3287,53287,07-06-2026,UPI,Paid
5618,55618,23-11-2025,COD,Paid
5198,55198,04-11-2024,Credit Card,Paid
2128,52128,09/10/2024,Credit Card,Paid
7318,57318,13-10-2025,COD,Paid
4412,54412,2024-09-12,credit card,Paid
491,50491,2025-04-18,COD,paid
4416,54416,20-04-2025,,Paid
757,50757,26-11-2024,Debit Card,Paid
6448,56448,05/05/2026,credit card,Paid
6000,56000,2026-03-11,Credit Card,PAID
2510,52510,2026-08-21,COD,Paid
4304,54304,2025-04-15,COD,Paid
2984,52984,24/05/2025,UPI,Paid
790,50790,2026-04-08,UPI,Failed
7526,57526,2025-01-07,UPI,PAID
3084,53084,27/06/2024,upi,Paid
3449,53449,18/05/2025,COD,Paid
2950,52950,06/12/2024,Credit Card,Paid
1000,51000,09-01-2024,COD,Paid
2305,52305,01-05-2025,upi,Paid
4962,54962,23-05-2025,Debit Card,Paid
4360,54360,22/11/2025,Debit Card,Paid
7797,57797,2025-05-30,UPI,Paid
6141,56141,2026-06-28,UPI,Paid
3500,53500,2026-04-15,Credit Card,Paid
1911,51911,17-05-2026,net banking,Paid
140,50140,2024-04-11,UPI,Failed
4924,54924,2026-05-11,COD,Paid
5758,55758,07/11/2025,UPI,
7691,57691,2024-09-28,UPI,Paid
2070,52070,14-03-2025,Debit Card,Paid
178,50178,05-02-2024,Debit Card,Paid
2980,52980,25-03-2026,COD,paid
513,50513,2025-06-01,Credit Card,Paid
3829,53829,2025-03-12,CREDIT CARD,Refunded
7151,57151,2025-02-27,UPI,Paid
2830,52830,2024-11-10,Debit Card,Paid
1836,51836,23-03-2026,COD,Paid
1368,51368,25/07/2024,Net Banking,Paid
5485,55485,12-01-2025,Credit Card,failed
113,50113,2025-02-09,UPI,Paid
7006,57006,01-01-2025,Debit Card,Paid
7799,57799,21/07/2025,Credit Card,Paid
2086,52086,2025-11-06,debit card,Paid
5321,55321,2026-04-14,Net Banking,Paid
511,50511,19-12-2025,Debit Card,Paid
143,50143,2026-06-06,upi,Paid
2308,52308,23/10/2024,Credit Card,Paid
5360,55360,2024-09-09,Debit Card,Paid
508,50508,13-03-2026,UPI,Paid
7047,57047,12/09/2025,UPI,Failed
2056,52056,29/05/2026,Debit Card,PAID
1651,51651,2025-09-07,UPI,Paid
6355,56355,08-05-2025,UPI,Paid
6845,56845,2025-07-16,UPI,Refunded
6912,56912,2025-05-27,Net Banking,Paid
860,50860,2026-02-04,UPI,
3878,53878,14/12/2025,COD,Paid
7026,57026,2026-03-04,Credit Card,Paid
6262,56262,2025-11-27,UPI,FAILED
8,50008,2025-10-03,UPI,Pending
2252,52252,14/08/2024,Credit Card,Paid
5579,55579,2025-02-02,COD,Paid
6693,56693,2024-01-16,Credit Card,Paid
1402,51402,07/07/2024,UPI,Refunded
4059,54059,2025-02-01,COD,Pending
185,50185,2026-04-10,UPI,Paid
3694,53694,2024-10-22,UPI,Paid
5005,55005,03-04-2026,Debit Card,paid
3964,53964,11-07-2026,Credit Card,Paid
3903,53903,2026-05-01,Credit Card,Pending
3838,53838,19/09/2024,Credit Card,Paid
818,50818,27-09-2025,Debit Card,Paid
3558,53558,23-04-2024,UPI,Paid
7473,57473,06/07/2025,UPI,Refunded
4965,54965,2024-07-07,UPI,Paid
313,50313,2025-08-24,UPI,Paid
5871,55871,2025-07-07,COD,Failed
6584,56584,03-02-2026,Credit Card,Paid
3324,53324,2026-03-17,Net Banking,Paid
4372,54372,23-07-2026,UPI,Paid
4259,54259,2024-08-20,Credit Card,Paid
1756,51756,2024-07-21,Credit Card,Paid
6684,56684,01-01-2025,Credit Card,Paid
162,50162,2025-10-25,Credit Card,Paid
5426,55426,17-01-2025,COD,Paid
234,50234,25/04/2024,Debit Card,Paid
5525,55525,10/01/2026,Debit Card,Paid
3809,53809,13-08-2026,UPI,Refunded
6044,56044,2024-08-31,Debit Card,Paid
3701,53701,2026-05-27,Credit Card,Paid
4296,54296,16/06/2025,Debit Card,Paid
1319,51319,20-08-2026,UPI,paid
5651,55651,28/07/2024,net banking,Paid
2501,52501,23-05-2024,Net Banking,Paid
262,50262,2026-05-31,UPI,Paid
6901,56901,15-02-2025,,Paid
1147,51147,2024-06-08,Debit Card,Paid
1090,51090,2025-12-05,UPI,Refunded
4414,54414,2025-09-25,Debit Card,Paid
1950,51950,29/04/2025,COD,Refunded
1648,51648,25/03/2024,Upi,
6203,56203,14/04/2026,Credit Card,Paid
191,50191,02-08-2025,Credit Card,Pending
2558,52558,15-03-2025,UPI,Paid
6050,56050,05/04/2025,credit card,Paid
7961,57961,07-10-2024,Credit Card,Paid
411,50411,24-07-2024,COD,Paid
1920,51920,06-09-2025,Debit Card,Paid
7255,57255,11-04-2025,UPI,Pending
4343,54343,2025-12-29,UPI,Failed
4274,54274,24-06-2026,UPI,Paid
6384,56384,29/08/2025,Upi,Paid
1445,51445,25/01/2025,UPI,Paid
1688,51688,2025-06-06,COD,Paid
5204,55204,2024-11-09,UPI,Paid
5874,55874,2025-08-01,Debit Card,Pending
3548,53548,30-12-2025,Credit Card,Paid
373,50373,2025-04-01,Credit Card,Paid
1992,51992,2026-07-05,UPI,Paid
6153,56153,2024-05-13,credit card,Paid
1026,51026,09-07-2025,UPI,Paid
114,50114,27-05-2024,Net Banking,Paid
3486,53486,26/06/2026,Debit Card,Paid
1787,51787,,Debit Card,Paid
7915,57915,15-12-2025,UPI,Paid
643,50643,09/06/2026,UPI,Paid
6495,56495,10-03-2026,Cod,Paid
5529,55529,2024-04-12,credit card,Pending
5653,55653,17/07/2025,Credit Card,Paid
6951,56951,28-07-2025,UPI,Paid
7404,57404,2024-08-17,UPI,Paid
3259,53259,2025-04-04,Credit Card,PAID
2828,52828,03-12-2025,UPI,Paid
4649,54649,2025-03-25,COD,Paid
1270,51270,01-02-2024,UPI,Paid
3249,53249,2024-03-04,Credit Card,Paid
4877,54877,2024-10-07,Credit Card,PAID
5517,55517,2026-08-23,cod,Paid
6268,56268,2026-02-12,UPI,Paid
6061,56061,02-01-2024,UPI,Paid
6979,56979,2024-10-31,UPI,Paid
6093,56093,2025-11-27,Credit Card,Paid
7060,57060,2025-12-06,UPI,Paid
2131,52131,15-03-2026,UPI,Paid
3707,53707,29/08/2025,UPI,Refunded
3399,53399,2026-05-13,UPI,Paid
3841,53841,21/03/2024,UPI,PAID
4927,54927,05-05-2024,Debit Card,Paid
2237,52237,,Debit Card,REFUNDED
4283,54283,26-07-2026,UPI,PAID
2374,52374,29/04/2026,UPI,Paid
7115,57115,2026-07-08,DEBIT CARD,Paid
3147,53147,11-03-2024,COD,Failed
3094,53094,31/05/2025,Credit Card,Paid
3965,53965,2026-02-15,Debit Card,PAID
3406,53406,10-11-2024,Credit Card,Pending
5987,55987,2026-05-31,Debit Card,Refunded
6559,56559,11/11/2025,UPI,Paid
216,50216,17/05/2024,UPI,Paid
1638,51638,2025-03-12,UPI,Paid
4783,54783,02-07-2025,COD,Paid
3413,53413,2024-09-11,Debit Card,Paid
748,50748,2024-03-23,COD,Refunded
892,50892,2024-07-21,UPI,Paid
3536,53536,13-08-2026,UPI,Paid
7279,57279,17-04-2026,Debit Card,Failed
7511,57511,2024-06-13,Debit Card,Paid
1597,51597,2024-02-26,COD,Paid
4125,54125,15/03/2026,Credit Card,
5779,55779,27/03/2024,Credit Card,Paid
3229,53229,2025-06-01,UPI,Refunded
6647,56647,2024-01-04,UPI,Paid
3332,53332,2024-10-10,UPI,Paid
2069,52069,2024-04-27,Credit Card,Failed
379,50379,2024-11-13,COD,Paid
4831,54831,19-11-2024,UPI,Paid
2656,52656,16-04-2026,net banking,
5800,55800,24/01/2025,UPI,Paid
3757,53757,08/10/2024,Credit Card,Paid
3614,53614,28-03-2025,Debit Card,Paid
4444,54444,18/04/2026,UPI,Paid
2604,52604,2024-02-16,UPI,Paid
4854,54854,2025-03-03,Debit Card,Paid
7901,57901,2026-04-15,Debit Card,Paid
5718,55718,28-03-2024,Credit Card,Paid
7507,57507,10-07-2024,UPI,Paid
3343,53343,2025-08-05,Net Banking,Paid
7792,57792,01-12-2025,UPI,Paid
7836,57836,31-08-2026,Cod,Paid
354,50354,2025-06-17,UPI,Paid
1366,51366,08/02/2025,COD,Paid
4156,54156,08-02-2026,Net Banking,Failed
1429,51429,24-01-2024,Debit Card,Paid
4366,54366,2024-06-29,Debit Card,Paid
4234,54234,2024-12-28,Credit Card,Failed
1746,51746,25-04-2026,UPI,Paid
2524,52524,23-03-2026,UPI,Paid
3679,53679,25/09/2025,UPI,Paid
6903,56903,06-05-2024,Net Banking,Paid
1479,51479,04-11-2024,upi,Paid
3239,53239,,UPI,Refunded
6265,56265,,Credit Card,Paid
7852,57852,14-06-2024,Credit Card,Paid
334,50334,2024-10-25,debit card,refunded
7496,57496,2025-03-21,Credit Card,Paid
2868,52868,03-08-2026,UPI,pending
1316,51316,11-01-2025,Credit Card,Paid
1534,51534,19/04/2024,Credit Card,Paid
6824,56824,03-05-2025,UPI,Paid
997,50997,2024-09-22,COD,Paid
6576,56576,23/04/2025,COD,Paid
6844,56844,11/07/2025,UPI,Refunded
1694,51694,2025-11-03,COD,Paid
5390,55390,2024-04-16,Credit Card,Paid
5509,55509,26-07-2024,UPI,Paid
3604,53604,11-04-2026,Debit Card,Paid
2790,52790,2025-12-23,UPI,Paid
7274,57274,08-12-2024,COD,Paid
5133,55133,25/05/2025,upi,FAILED
2704,52704,2025-04-04,UPI,Paid
1361,51361,2025-03-21,UPI,Paid
1934,51934,01/03/2025,Debit Card,Paid
5357,55357,2024-05-16,Credit Card,Paid
688,50688,16-12-2025,UPI,Failed
3609,53609,25/11/2025,UPI,Paid
7410,57410,31-08-2026,Net Banking,Paid
3527,53527,17-10-2024,Debit Card,Paid
2133,52133,2025-11-02,Debit Card,Paid
1045,51045,2025-05-21,UPI,Paid
1166,51166,20-02-2026,Credit Card,Paid
1082,51082,30-05-2026,Credit Card,Paid
4386,54386,05/05/2025,UPI,Failed
7287,57287,2025-08-09,upi,Paid
428,50428,08-09-2025,UPI,Paid
4308,54308,,UPI,Paid
2265,52265,03-02-2024,COD,Pending
5423,55423,2024-11-23,UPI,PAID
1472,51472,27-11-2024,,Paid
3062,53062,2024-09-14,Credit Card,Paid
2101,52101,22-01-2026,UPI,Paid
6144,56144,26/08/2025,Credit Card,Paid
1137,51137,17/02/2024,UPI,Paid
4239,54239,18/10/2025,UPI,Paid
7176,57176,2026-02-14,UPI,Paid
4029,54029,2026-07-29,UPI,Paid
2349,52349,2024-06-25,Debit Card,Paid
2084,52084,2025-02-20,Cod,Paid
7226,57226,2026-04-03,UPI,Paid
6439,56439,13-02-2026,Credit Card,Paid
2962,52962,2025-03-21,Cod,Paid
4080,54080,2026-01-29,Net Banking,Paid
2,50002,2026-03-22,Net Banking,Paid
7278,57278,2025-11-19,UPI,Paid
7121,57121,28-08-2025,UPI,Paid
1020,51020,05/04/2024,Net Banking,Pending
3501,53501,14-03-2024,UPI,Paid
4859,54859,2025-05-24,Upi,Paid
7426,57426,2026-06-17,debit card,Paid
6142,56142,10/12/2025,Credit Card,Refunded
6701,56701,31-08-2024,UPI,paid
4621,54621,2025-05-11,Credit Card,Pending
3065,53065,2024-12-03,Credit Card,Pending
7747,57747,05/05/2025,Credit Card,PAID
2650,52650,06/12/2024,Net Banking,
7751,57751,22-05-2026,Debit Card,Refunded
7517,57517,22-07-2026,UPI,Paid
713,50713,2026-04-25,Credit Card,Paid
7161,57161,2025-10-15,COD,Paid
3236,53236,22-03-2024,Debit Card,paid
3451,53451,10/03/2026,UPI,Refunded
7057,57057,06-05-2025,Credit Card,Paid
1485,51485,2024-03-29,UPI,
1860,51860,19-05-2026,Net Banking,PAID
927,50927,12-09-2024,Credit Card,Paid
6815,56815,2024-03-29,Debit Card,Paid
456,50456,2025-02-19,UPI,Paid
7075,57075,2025-05-02,Credit Card,Paid
451,50451,15/06/2026,upi,Refunded
4999,54999,21/07/2026,Debit Card,Paid
6605,56605,2025-11-15,Credit Card,Paid
3307,53307,2026-01-12,UPI,Paid
7432,57432,01-09-2026,UPI,paid
1040,51040,12-11-2024,UPI,pending
5933,55933,03/08/2024,net banking,Paid
3456,53456,2025-11-16,Debit Card,Pending
5361,55361,16-04-2025,UPI,Paid
4467,54467,2024-11-04,Debit Card,Paid
5100,55100,2024-09-04,upi,Paid
2925,52925,2025-05-19,Credit Card,Paid
7692,57692,2025-03-19,Debit Card,Paid
5955,55955,06-11-2024,UPI,Paid
3121,53121,29-04-2026,Credit Card,Paid
3644,53644,19/03/2024,Credit Card,Paid
6695,56695,2025-01-11,Debit Card,Paid
6876,56876,2025-05-12,UPI,Paid
2637,52637,11-07-2025,UPI,Paid
4203,54203,06-02-2025,cod,Paid
3304,53304,19/07/2025,Credit Card,Paid
3465,53465,31/12/2024,Debit Card,refunded
7350,57350,27-08-2026,COD,Paid
2497,52497,26-07-2024,Net Banking,Pending
1738,51738,23-01-2025,COD,Pending
1517,51517,19-09-2025,Credit Card,Refunded
6338,56338,13/12/2025,Debit Card,Paid
1538,51538,2024-04-10,UPI,Paid
7412,57412,2024-07-15,UPI,Paid
168,50168,02/03/2025,COD,Paid
278,50278,24-04-2024,UPI,Pending
7585,57585,22/02/2024,UPI,refunded
1355,51355,2025-11-14,Net Banking,Paid
6390,56390,23/02/2026,Credit Card,Refunded
7604,57604,2025-10-06,Net Banking,Paid
2357,52357,2024-09-22,UPI,Paid
2066,52066,2026-04-19,UPI,Paid
898,50898,2026-03-19,COD,Refunded
4347,54347,,Net Banking,Paid
1347,51347,10-07-2024,UPI,Pending
5216,55216,03/02/2024,Credit Card,PAID
1271,51271,2024-04-22,,Failed
6387,56387,20-04-2024,COD,Pending
5585,55585,24/07/2025,UPI,Paid
2129,52129,11-02-2026,,Paid
7596,57596,2026-02-08,UPI,paid
270,50270,20-04-2024,Debit Card,Refunded
3344,53344,12-08-2024,Upi,Paid
5855,55855,13/04/2025,COD,Refunded
6057,56057,2024-03-30,UPI,Failed
7158,57158,14-11-2024,UPI,Paid
5954,55954,2026-02-17,upi,paid
1523,51523,22/03/2024,Credit Card,Paid
2664,52664,10-04-2026,cod,Paid
5259,55259,26/07/2025,UPI,pending
3153,53153,2025-10-30,UPI,paid
5341,55341,2026-05-26,UPI,Paid
7297,57297,2025-01-10,Net Banking,Paid
939,50939,2026-08-05,UPI,Paid
6828,56828,26-07-2025,upi,Paid
4378,54378,2024-09-17,Credit Card,Paid
7004,57004,2024-12-13,Credit Card,Paid
6507,56507,03-02-2024,UPI,Failed
7941,57941,2026-07-17,Debit Card,paid
6488,56488,2025-04-28,Credit Card,Paid
6841,56841,30/11/2025,UPI,Paid
7018,57018,14/08/2026,UPI,Paid
6051,56051,28/07/2024,Credit Card,Paid
4209,54209,2024-12-27,Debit Card,Paid
7443,57443,2026-06-21,Debit Card,Paid
6698,56698,2024-11-15,UPI,PAID
6728,56728,27/02/2024,UPI,Paid
5377,55377,2025-08-11,CREDIT CARD,Paid
7163,57163,2026-02-26,Debit Card,Paid
650,50650,15-09-2025,Credit Card,PAID
6867,56867,19/07/2026,UPI,Paid
281,50281,,credit card,Paid
797,50797,2025-10-04,Credit Card,Pending
3122,53122,2025-11-15,UPI,Failed
6510,56510,13-04-2025,Cod,Paid
3412,53412,24-06-2026,UPI,Paid
7963,57963,2026-04-25,UPI,Paid
7386,57386,2024-04-29,Credit Card,Failed
5986,55986,2024-05-26,DEBIT CARD,Paid
1569,51569,16/08/2024,,Failed
7333,57333,06-09-2025,UPI,Paid
5433,55433,2024-12-29,Debit Card,Refunded
7519,57519,2026-03-28,Credit Card,Refunded
7655,57655,13/06/2026,UPI,Paid
4827,54827,10-03-2024,Debit Card,Paid
6331,56331,2025-06-04,COD,Paid
4021,54021,2025-01-02,Debit Card,Paid
601,50601,09/02/2026,Credit Card,Failed
2949,52949,01/07/2024,UPI,Paid
2763,52763,01/08/2024,UPI,
7832,57832,2026-06-07,upi,Paid
1447,51447,23-06-2025,Debit Card,Paid
6169,56169,30-05-2026,Credit Card,Refunded
77,50077,16-01-2026,COD,Paid
402,50402,2026-08-02,COD,Paid
4996,54996,20-04-2025,Credit Card,Paid
6697,56697,08-01-2025,UPI,Failed
5402,55402,20/05/2024,Credit Card,PAID
6324,56324,25/08/2025,Credit Card,Paid
5679,55679,14/03/2024,upi,Paid
7106,57106,2025-04-07,COD,Paid
2405,52405,2025-01-10,UPI,Refunded
6764,56764,26/10/2025,UPI,Pending
7981,57981,2024-09-15,credit card,Paid
479,50479,2025-01-31,Debit Card,Failed
3615,53615,2024-07-15,UPI,Paid
590,50590,14-09-2025,Upi,Paid
2843,52843,13/08/2024,Net Banking,Paid
7833,57833,05/06/2024,Debit Card,Paid
4865,54865,2024-10-17,UPI,PAID
944,50944,14/09/2024,Credit Card,
7246,57246,2025-11-18,Debit Card,Failed
7861,57861,2026-04-03,UPI,PAID
4262,54262,29/03/2026,Net Banking,Paid
1993,51993,27-04-2024,Credit Card,Paid
5601,55601,2026-06-14,UPI,Paid
3762,53762,29/03/2025,Credit Card,paid
2401,52401,17/06/2026,net banking,Paid
4380,54380,2024-01-27,UPI,Paid
112,50112,2025-06-21,COD,Refunded
4148,54148,28/10/2024,Debit Card,Paid
2639,52639,2024-01-17,Debit Card,Paid
1575,51575,2025-12-28,UPI,Paid
4407,54407,2025-01-29,UPI,Paid
1729,51729,06/07/2025,Debit Card,Failed
541,50541,2024-10-08,UPI,Paid
6016,56016,2025-01-19,Credit Card,paid
5709,55709,30-06-2026,UPI,Paid
2631,52631,12-01-2026,Credit Card,Pending
6991,56991,2025-10-08,UPI,Paid
1528,51528,2024-11-25,Debit Card,Paid
3939,53939,02-02-2025,Debit Card,Failed
5020,55020,2026-03-01,UPI,Paid
6641,56641,22-07-2024,,Pending
5062,55062,23-12-2024,COD,Paid
3040,53040,2025-07-09,Net Banking,PAID
5853,55853,06/11/2025,UPI,Paid
2120,52120,26-01-2024,Credit Card,Paid
907,50907,12-02-2024,UPI,Paid
3678,53678,03/10/2025,UPI,Paid
45,50045,21-04-2024,Credit Card,Paid
33,50033,11/04/2025,UPI,Paid
7097,57097,2024-03-03,UPI,Failed
4670,54670,14-05-2026,UPI,Refunded
6644,56644,2024-05-01,COD,PAID
3648,53648,2026-05-29,COD,Paid
322,50322,2024-07-15,CREDIT CARD,Paid
1449,51449,11-01-2026,UPI,Failed
1679,51679,2025-08-31,UPI,Paid
3152,53152,29/01/2024,Upi,Paid
2371,52371,13-04-2026,Net Banking,Paid
437,50437,2026-06-08,UPI,Paid
4641,54641,2026-05-03,Debit Card,Paid
7643,57643,2024-08-07,Credit Card,REFUNDED
4030,54030,20-10-2024,net banking,Paid
5288,55288,21/06/2025,Debit Card,Paid
6161,56161,2024-01-03,UPI,Paid
7886,57886,21-08-2024,COD,Pending
4036,54036,05/12/2024,Credit Card,Refunded
1309,51309,26-08-2026,Credit Card,Paid
6306,56306,02-01-2025,Net Banking,Paid
1157,51157,2026-04-07,upi,Paid
5650,55650,2025-12-04,UPI,Pending
2422,52422,25/08/2025,UPI,Paid
817,50817,21/02/2024,UPI,Paid
7872,57872,30/11/2024,Credit Card,Paid
4364,54364,2024-01-25,UPI,Paid
4402,54402,2024-05-13,UPI,
2414,52414,18-09-2024,Net Banking,PAID
1744,51744,25/07/2026,Net Banking,Paid
6456,56456,2024-08-30,UPI,Paid
6869,56869,2026-02-08,Debit Card,Paid
785,50785,2025-12-16,UPI,Paid
2996,52996,2026-08-16,UPI,Paid
440,50440,09/03/2025,Credit Card,PAID
4254,54254,23/12/2024,debit card,Paid
536,50536,2025-10-28,Credit Card,Paid
6521,56521,12-11-2024,Credit Card,paid
4284,54284,2025-09-09,COD,Refunded
2147,52147,19/03/2025,Debit Card,Paid
5797,55797,2025-07-17,Credit Card,Paid
1741,51741,2026-03-17,UPI,Paid
1003,51003,28-01-2024,Credit Card,Pending
486,50486,2024-12-05,Debit Card,Refunded
935,50935,02/01/2024,Net Banking,Paid
3854,53854,2025-12-21,Debit Card,Paid
7356,57356,11/05/2026,UPI,Pending
2739,52739,06/07/2024,COD,Paid
6946,56946,2024-03-10,NET BANKING,Paid
4377,54377,14/10/2025,,Paid
6299,56299,2024-12-05,UPI,Failed
1031,51031,2025-03-17,net banking,Paid
2420,52420,2024-05-31,COD,Paid
38,50038,09-08-2025,UPI,Paid
5033,55033,01-10-2025,UPI,Paid
6433,56433,04/04/2025,UPI,Failed
5745,55745,13-07-2025,Credit Card,Pending
6899,56899,11/03/2026,Credit Card,paid
4700,54700,30-11-2025,Credit Card,Refunded
3697,53697,21/04/2026,UPI,Paid
6498,56498,13-01-2025,UPI,Refunded
4599,54599,28-07-2024,COD,Paid
2644,52644,2026-08-31,COD,Paid
5331,55331,20-07-2025,Net Banking,Paid
2777,52777,2024-10-03,,Failed
7726,57726,2026-07-17,UPI,Paid
1459,51459,2026-03-05,Credit Card,Pending
3647,53647,29/01/2025,UPI,Paid
4065,54065,10/02/2024,Credit Card,Paid
7187,57187,2026-06-30,UPI,Paid
7625,57625,2026-03-23,Net Banking,Failed
3657,53657,03-09-2025,debit card,Paid
4935,54935,2025-07-02,UPI,Paid
1986,51986,2025-01-16,UPI,Paid
5568,55568,22-02-2024,Debit Card,Paid
343,50343,2024-05-24,UPI,Paid
1052,51052,2025-02-01,UPI,Paid
5186,55186,14/04/2026,Credit Card,paid
689,50689,2024-12-08,Debit Card,Paid
3828,53828,15/03/2024,Credit Card,PAID
4704,54704,20-04-2024,Credit Card,Pending
5645,55645,27/05/2026,UPI,Paid
2363,52363,30-03-2025,Credit Card,Pending
799,50799,23/10/2024,COD,Paid
6337,56337,2024-02-19,Debit Card,PAID
5533,55533,20-01-2026,COD,Paid
7558,57558,2024-10-19,upi,Paid
750,50750,2025-04-22,UPI,Paid
